{"credit":"Made with Blockbench","texture_size":[128,128],"textures":{"1":"elitecreatures:ginger_bread_gear/gingerbread_animation01","2":"elitecreatures:ginger_bread_gear/gingerbread_texture1","3":"elitecreatures:ginger_bread_gear/gingerbread_texture2"},"elements":[{"from":[4.25,14.5,7.25],"to":[9.25,19.5,9.25],"rotation":{"angle":45,"axis":"z","origin":[7.3,18.5,8.7]},"faces":{"north":{"uv":[5.5,0.75,6.75,2],"texture":"#2"},"east":{"uv":[0.5,5.75,1.25,7],"texture":"#2"},"south":{"uv":[3.25,5,4.5,6.25],"texture":"#2"},"west":{"uv":[1.25,5.75,2,7],"texture":"#2"},"up":{"uv":[2.75,7,2,5.75],"rotation":90,"texture":"#2"},"down":{"uv":[6.75,2,6,3.25],"rotation":270,"texture":"#2"}}},{"from":[4.25,6,-0.75],"to":[9.25,11,1.25],"rotation":{"angle":45,"axis":"z","origin":[7.3,10,8.7]},"faces":{"north":{"uv":[5.5,0.75,6.75,2],"texture":"#2"},"east":{"uv":[0.5,5.75,1.25,7],"texture":"#2"},"south":{"uv":[3.25,5,4.5,6.25],"texture":"#2"},"west":{"uv":[1.25,5.75,2,7],"texture":"#2"},"up":{"uv":[2.75,7,2,5.75],"rotation":90,"texture":"#2"},"down":{"uv":[6.75,2,6,3.25],"rotation":270,"texture":"#2"}}},{"from":[4.25,6,14.5],"to":[9.25,11,16.5],"rotation":{"angle":45,"axis":"z","origin":[7.3,10,23.7]},"faces":{"north":{"uv":[5.5,0.75,6.75,2],"texture":"#2"},"east":{"uv":[0.5,5.75,1.25,7],"texture":"#2"},"south":{"uv":[3.25,5,4.5,6.25],"texture":"#2"},"west":{"uv":[1.25,5.75,2,7],"texture":"#2"},"up":{"uv":[2.75,7,2,5.75],"rotation":90,"texture":"#2"},"down":{"uv":[6.75,2,6,3.25],"rotation":270,"texture":"#2"}}},{"from":[4.475,13.5,7.525],"to":[11.475,20.5,9.025],"rotation":{"angle":45,"axis":"z","origin":[7.975,17.20711,8]},"faces":{"north":{"uv":[10.625,0,12.375,1.75],"texture":"#2"},"east":{"uv":[12.375,0,12.75,1.75],"texture":"#2"},"south":{"uv":[10.625,0,12.375,1.75],"texture":"#2"},"west":{"uv":[12.375,0,12.75,1.75],"texture":"#2"},"up":{"uv":[12.75,1.75,12.375,0],"rotation":90,"texture":"#2"},"down":{"uv":[12.75,0,12.375,1.75],"rotation":270,"texture":"#2"}}},{"from":[-6.13604,10.6079,2.31881],"to":[-2.13604,12.1079,3.81881],"rotation":{"angle":-22.5,"axis":"z","origin":[-4.63604,12.3579,3.06881]},"faces":{"north":{"uv":[7.25,2.25,8.25,2.625],"texture":"#2"},"east":{"uv":[8.25,3,8.625,3.375],"texture":"#2"},"south":{"uv":[3,7,4,7.375],"texture":"#2"},"west":{"uv":[8.25,3.5,8.625,3.875],"texture":"#2"},"up":{"uv":[6.375,8,6,7],"rotation":90,"texture":"#2"},"down":{"uv":[7.625,2.75,7.25,3.75],"rotation":270,"texture":"#2"}}},{"from":[-8.13604,10.6079,3.06881],"to":[-6.13604,12.1079,3.06881],"rotation":{"angle":-22.5,"axis":"z","origin":[-4.63604,12.3579,3.06881]},"faces":{"north":{"uv":[7.75,3.5,8.25,3.875],"texture":"#2"},"east":{"uv":[0,0,0,0.375],"texture":"#2"},"south":{"uv":[7.75,3,8.25,3.375],"texture":"#2"},"west":{"uv":[0,0,0,0.375],"texture":"#2"},"up":{"uv":[0,0.5,0,0],"rotation":90,"texture":"#2"},"down":{"uv":[0,0,0,0.5],"rotation":270,"texture":"#2"}}},{"from":[-0.5,12.5,2.5],"to":[2.5,14.5,5.5],"rotation":{"angle":0,"axis":"y","origin":[1,13.5,4]},"faces":{"north":{"uv":[6.75,2.25,7.25,3],"rotation":90,"texture":"#2"},"east":{"uv":[2,7,1.5,7.75],"rotation":270,"texture":"#2"},"south":{"uv":[0.5,7,1,7.75],"rotation":270,"texture":"#2"},"west":{"uv":[1.5,7.75,1,7],"rotation":270,"texture":"#2"},"up":{"uv":[6,5.5,6.75,6.25],"rotation":270,"texture":"#2"},"down":{"uv":[3.25,6.25,4,7],"rotation":270,"texture":"#2"}}},{"from":[13.5,12.5,2.5],"to":[16.5,14.5,5.5],"rotation":{"angle":0,"axis":"y","origin":[15,13.5,4]},"faces":{"north":{"uv":[6.75,2.25,7.25,3],"rotation":90,"texture":"#2"},"east":{"uv":[2,7,1.5,7.75],"rotation":270,"texture":"#2"},"south":{"uv":[0.5,7,1,7.75],"rotation":270,"texture":"#2"},"west":{"uv":[1.5,7.75,1,7],"rotation":270,"texture":"#2"},"up":{"uv":[6,5.5,6.75,6.25],"rotation":270,"texture":"#2"},"down":{"uv":[3.25,6.25,4,7],"rotation":270,"texture":"#2"}}},{"from":[13.5,12.5,10.5],"to":[16.5,14.5,13.5],"rotation":{"angle":0,"axis":"y","origin":[15,13.5,12]},"faces":{"north":{"uv":[6.75,2.25,7.25,3],"rotation":90,"texture":"#2"},"east":{"uv":[2,7,1.5,7.75],"rotation":270,"texture":"#2"},"south":{"uv":[0.5,7,1,7.75],"rotation":270,"texture":"#2"},"west":{"uv":[1.5,7.75,1,7],"rotation":270,"texture":"#2"},"up":{"uv":[6,5.5,6.75,6.25],"rotation":270,"texture":"#2"},"down":{"uv":[3.25,6.25,4,7],"rotation":270,"texture":"#2"}}},{"from":[-0.5,12.5,10.5],"to":[2.5,14.5,13.5],"rotation":{"angle":0,"axis":"y","origin":[1,13.5,12]},"faces":{"north":{"uv":[6.75,2.25,7.25,3],"rotation":90,"texture":"#2"},"east":{"uv":[2,7,1.5,7.75],"rotation":270,"texture":"#2"},"south":{"uv":[0.5,7,1,7.75],"rotation":270,"texture":"#2"},"west":{"uv":[1.5,7.75,1,7],"rotation":270,"texture":"#2"},"up":{"uv":[6,5.5,6.75,6.25],"rotation":270,"texture":"#2"},"down":{"uv":[3.25,6.25,4,7],"rotation":270,"texture":"#2"}}},{"from":[-3,11.5,7.5],"to":[5,13.5,8.5],"rotation":{"angle":22.5,"axis":"z","origin":[1,12.5,8]},"faces":{"north":{"uv":[5,4.25,5.5,6.25],"rotation":270,"texture":"#2"},"east":{"uv":[6.75,7.5,6.5,7],"rotation":180,"texture":"#2"},"south":{"uv":[0,9.25,0.5,11.25],"rotation":90,"texture":"#2"},"west":{"uv":[6.75,7.5,6.5,8],"texture":"#2"},"up":{"uv":[4.75,9.25,5,11.25],"rotation":90,"texture":"#2"},"down":{"uv":[4.5,9.25,4.75,11.25],"rotation":90,"texture":"#2"}}},{"from":[11,11.5,7.5],"to":[19,13.5,8.5],"rotation":{"angle":-22.5,"axis":"z","origin":[15,12.5,8]},"faces":{"north":{"uv":[5,6.25,5.5,4.25],"rotation":270,"texture":"#2"},"east":{"uv":[6.5,7.5,6.75,8],"texture":"#2"},"south":{"uv":[0,11.25,0.5,9.25],"rotation":90,"texture":"#2"},"west":{"uv":[6.5,7.5,6.75,7],"rotation":180,"texture":"#2"},"up":{"uv":[4.75,11.25,5,9.25],"rotation":90,"texture":"#2"},"down":{"uv":[4.5,11.25,4.75,9.25],"rotation":90,"texture":"#2"}}},{"from":[-6.875,6.2,3.025],"to":[-2.875,12.2,3.025],"rotation":{"angle":0,"axis":"y","origin":[21.625,8.8,6.025]},"faces":{"north":{"uv":[0,0,8,12],"texture":"#1"},"east":{"uv":[0,0,0,1.5],"texture":"#1"},"south":{"uv":[8,0,0,12],"texture":"#1"},"west":{"uv":[0,0,0,1.5],"texture":"#1"},"up":{"uv":[0,1,0,0],"rotation":90,"texture":"#1"},"down":{"uv":[0,0,0,1],"rotation":270,"texture":"#1"}}},{"from":[12.825,6.67483,15.95654],"to":[14.175,8.17483,17.45654],"rotation":{"angle":0,"axis":"y","origin":[13.5,8.96515,17.01514]},"faces":{"north":{"uv":[8.25,2.25,8.625,2.625],"rotation":180,"texture":"#2"},"east":{"uv":[1.375,8.25,1,8.625],"rotation":270,"texture":"#2"},"south":{"uv":[1.5,8.625,1.875,8.25],"texture":"#2"},"west":{"uv":[8.125,8,7.75,8.375],"rotation":90,"texture":"#2"},"up":{"uv":[6.875,8,6.5,8.375],"rotation":180,"texture":"#2"},"down":{"uv":[8.625,0,8.25,0.375],"texture":"#2"}}},{"from":[12.8,7.02599,15.71088],"to":[14.2,8.52599,17.21088],"rotation":{"angle":-45,"axis":"x","origin":[13.5,8.96515,17.01514]},"faces":{"north":{"uv":[6,8,6.375,8.375],"rotation":180,"texture":"#2"},"east":{"uv":[3.375,8,3,8.375],"rotation":270,"texture":"#2"},"south":{"uv":[3.5,8.375,3.875,8],"texture":"#2"},"west":{"uv":[2.375,8,2,8.375],"rotation":90,"texture":"#2"},"up":{"uv":[8.375,1.75,8,2.125],"rotation":180,"texture":"#2"},"down":{"uv":[2.875,8,2.5,8.375],"texture":"#2"}}},{"from":[12.775,7.74723,17.0393],"to":[14.225,9.24723,18.5393],"rotation":{"angle":0,"axis":"y","origin":[13.5,8.96515,17.01514]},"faces":{"north":{"uv":[8,1.25,8.375,1.625],"rotation":180,"texture":"#2"},"east":{"uv":[8.125,7.5,7.75,7.875],"rotation":270,"texture":"#2"},"south":{"uv":[8,1.125,8.375,0.75],"texture":"#2"},"west":{"uv":[8.125,7,7.75,7.375],"rotation":90,"texture":"#2"},"up":{"uv":[8.125,6.5,7.75,6.875],"rotation":180,"texture":"#2"},"down":{"uv":[7.625,7.75,7.25,8.125],"texture":"#2"}}},{"from":[12.75,8.10173,16.8069],"to":[14.25,13.10173,18.3069],"rotation":{"angle":-45,"axis":"x","origin":[13.5,8.96515,17.01514]},"faces":{"north":{"uv":[5,6.25,5.375,7.5],"rotation":180,"texture":"#2"},"east":{"uv":[8,0.75,6.75,1.125],"rotation":270,"texture":"#2"},"south":{"uv":[4,7.5,4.375,6.25],"texture":"#2"},"west":{"uv":[7.75,5,6.5,5.375],"rotation":90,"texture":"#2"},"up":{"uv":[8.125,5.5,7.75,5.875],"rotation":180,"texture":"#2"},"down":{"uv":[8.125,6,7.75,6.375],"texture":"#2"}}},{"from":[1.75,8.10173,16.8069],"to":[3.25,13.10173,18.3069],"rotation":{"angle":-45,"axis":"x","origin":[2.5,8.96515,17.01514]},"faces":{"north":{"uv":[5,6.25,5.375,7.5],"rotation":180,"texture":"#2"},"east":{"uv":[8,0.75,6.75,1.125],"rotation":270,"texture":"#2"},"south":{"uv":[4,7.5,4.375,6.25],"texture":"#2"},"west":{"uv":[7.75,5,6.5,5.375],"rotation":90,"texture":"#2"},"up":{"uv":[8.125,5.5,7.75,5.875],"rotation":180,"texture":"#2"},"down":{"uv":[8.125,6,7.75,6.375],"texture":"#2"}}},{"from":[1.775,7.74723,17.0393],"to":[3.225,9.24723,18.5393],"rotation":{"angle":0,"axis":"y","origin":[2.5,8.96515,17.01514]},"faces":{"north":{"uv":[8,1.25,8.375,1.625],"rotation":180,"texture":"#2"},"east":{"uv":[8.125,7.5,7.75,7.875],"rotation":270,"texture":"#2"},"south":{"uv":[8,1.125,8.375,0.75],"texture":"#2"},"west":{"uv":[8.125,7,7.75,7.375],"rotation":90,"texture":"#2"},"up":{"uv":[8.125,6.5,7.75,6.875],"rotation":180,"texture":"#2"},"down":{"uv":[7.625,7.75,7.25,8.125],"texture":"#2"}}},{"from":[1.825,6.67483,15.95654],"to":[3.175,8.17483,17.45654],"rotation":{"angle":0,"axis":"y","origin":[2.5,8.96515,17.01514]},"faces":{"north":{"uv":[8.25,2.25,8.625,2.625],"rotation":180,"texture":"#2"},"east":{"uv":[1.375,8.25,1,8.625],"rotation":270,"texture":"#2"},"south":{"uv":[1.5,8.625,1.875,8.25],"texture":"#2"},"west":{"uv":[8.125,8,7.75,8.375],"rotation":90,"texture":"#2"},"up":{"uv":[6.875,8,6.5,8.375],"rotation":180,"texture":"#2"},"down":{"uv":[8.625,0,8.25,0.375],"texture":"#2"}}},{"from":[1.8,7.02599,15.71088],"to":[3.2,8.52599,17.21088],"rotation":{"angle":-45,"axis":"x","origin":[2.5,8.96515,17.01514]},"faces":{"north":{"uv":[6,8,6.375,8.375],"rotation":180,"texture":"#2"},"east":{"uv":[3.375,8,3,8.375],"rotation":270,"texture":"#2"},"south":{"uv":[3.5,8.375,3.875,8],"texture":"#2"},"west":{"uv":[2.375,8,2,8.375],"rotation":90,"texture":"#2"},"up":{"uv":[8.375,1.75,8,2.125],"rotation":180,"texture":"#2"},"down":{"uv":[2.875,8,2.5,8.375],"texture":"#2"}}},{"from":[0.56084,13.66089,11.31514],"to":[2.06084,15.16089,12.71514],"rotation":{"angle":-45,"axis":"z","origin":[2.5,14.96515,12.01514]},"faces":{"north":{"uv":[2.375,8,2,8.375],"texture":"#2"},"east":{"uv":[8.375,1.75,8,2.125],"texture":"#2"},"south":{"uv":[3.375,8,3,8.375],"texture":"#2"},"west":{"uv":[2.875,8,2.5,8.375],"texture":"#2"},"up":{"uv":[3.5,8.375,3.875,8],"rotation":90,"texture":"#2"},"down":{"uv":[6,8,6.375,8.375],"rotation":270,"texture":"#2"}}},{"from":[0.20968,13.90655,11.34014],"to":[1.70968,15.40655,12.69014],"rotation":{"angle":0,"axis":"y","origin":[2.5,14.96515,12.01514]},"faces":{"north":{"uv":[8.125,8,7.75,8.375],"texture":"#2"},"east":{"uv":[6.875,8,6.5,8.375],"texture":"#2"},"south":{"uv":[1.375,8.25,1,8.625],"texture":"#2"},"west":{"uv":[8.625,0,8.25,0.375],"texture":"#2"},"up":{"uv":[1.5,8.625,1.875,8.25],"rotation":90,"texture":"#2"},"down":{"uv":[8.25,2.25,8.625,2.625],"rotation":270,"texture":"#2"}}},{"from":[1.28208,14.9893,11.29014],"to":[2.78208,16.4893,12.74014],"rotation":{"angle":0,"axis":"y","origin":[2.5,14.96515,12.01514]},"faces":{"north":{"uv":[8.125,7,7.75,7.375],"texture":"#2"},"east":{"uv":[8.125,6.5,7.75,6.875],"texture":"#2"},"south":{"uv":[8.125,7.5,7.75,7.875],"texture":"#2"},"west":{"uv":[7.625,7.75,7.25,8.125],"texture":"#2"},"up":{"uv":[8,1.125,8.375,0.75],"rotation":90,"texture":"#2"},"down":{"uv":[8,1.25,8.375,1.625],"rotation":270,"texture":"#2"}}},{"from":[1.63658,14.7569,11.26514],"to":[6.63658,16.2569,12.76514],"rotation":{"angle":-45,"axis":"z","origin":[2.5,14.96515,12.01514]},"faces":{"north":{"uv":[7.75,5,6.5,5.375],"texture":"#2"},"east":{"uv":[8.125,5.5,7.75,5.875],"texture":"#2"},"south":{"uv":[8,0.75,6.75,1.125],"texture":"#2"},"west":{"uv":[8.125,6,7.75,6.375],"texture":"#2"},"up":{"uv":[4,7.5,4.375,6.25],"rotation":90,"texture":"#2"},"down":{"uv":[5,6.25,5.375,7.5],"rotation":270,"texture":"#2"}}},{"from":[14.29032,13.90655,11.34014],"to":[15.79032,15.40655,12.69014],"rotation":{"angle":0,"axis":"y","origin":[13.5,14.96515,12.01514]},"faces":{"north":{"uv":[7.75,8,8.125,8.375],"texture":"#2"},"east":{"uv":[8.25,0,8.625,0.375],"texture":"#2"},"south":{"uv":[1,8.25,1.375,8.625],"texture":"#2"},"west":{"uv":[6.5,8,6.875,8.375],"texture":"#2"},"up":{"uv":[1.5,8.25,1.875,8.625],"rotation":90,"texture":"#2"},"down":{"uv":[8.25,2.625,8.625,2.25],"rotation":270,"texture":"#2"}}},{"from":[13.93916,13.66089,11.31514],"to":[15.43916,15.16089,12.71514],"rotation":{"angle":45,"axis":"z","origin":[13.5,14.96515,12.01514]},"faces":{"north":{"uv":[2,8,2.375,8.375],"texture":"#2"},"east":{"uv":[2.5,8,2.875,8.375],"texture":"#2"},"south":{"uv":[3,8,3.375,8.375],"texture":"#2"},"west":{"uv":[8,1.75,8.375,2.125],"texture":"#2"},"up":{"uv":[3.5,8,3.875,8.375],"rotation":90,"texture":"#2"},"down":{"uv":[6,8.375,6.375,8],"rotation":270,"texture":"#2"}}},{"from":[13.21792,14.9893,11.29014],"to":[14.71792,16.4893,12.74014],"rotation":{"angle":0,"axis":"y","origin":[13.5,14.96515,12.01514]},"faces":{"north":{"uv":[7.75,7,8.125,7.375],"texture":"#2"},"east":{"uv":[7.25,7.75,7.625,8.125],"texture":"#2"},"south":{"uv":[7.75,7.5,8.125,7.875],"texture":"#2"},"west":{"uv":[7.75,6.5,8.125,6.875],"texture":"#2"},"up":{"uv":[8,0.75,8.375,1.125],"rotation":90,"texture":"#2"},"down":{"uv":[8,1.625,8.375,1.25],"rotation":270,"texture":"#2"}}},{"from":[9.36342,14.7569,11.26514],"to":[14.36342,16.2569,12.76514],"rotation":{"angle":45,"axis":"z","origin":[13.5,14.96515,12.01514]},"faces":{"north":{"uv":[6.5,5,7.75,5.375],"texture":"#2"},"east":{"uv":[7.75,6,8.125,6.375],"texture":"#2"},"south":{"uv":[6.75,0.75,8,1.125],"texture":"#2"},"west":{"uv":[7.75,5.5,8.125,5.875],"texture":"#2"},"up":{"uv":[4,6.25,4.375,7.5],"rotation":90,"texture":"#2"},"down":{"uv":[5,7.5,5.375,6.25],"rotation":270,"texture":"#2"}}},{"from":[14.29032,13.90655,3.30986],"to":[15.79032,15.40655,4.65986],"rotation":{"angle":0,"axis":"y","origin":[13.5,14.96515,3.98486]},"faces":{"north":{"uv":[1.375,8.25,1,8.625],"texture":"#2"},"east":{"uv":[8.625,0,8.25,0.375],"texture":"#2"},"south":{"uv":[8.125,8,7.75,8.375],"texture":"#2"},"west":{"uv":[6.875,8,6.5,8.375],"texture":"#2"},"up":{"uv":[1.875,8.25,1.5,8.625],"rotation":90,"texture":"#2"},"down":{"uv":[8.625,2.625,8.25,2.25],"rotation":270,"texture":"#2"}}},{"from":[13.93916,13.66089,3.28486],"to":[15.43916,15.16089,4.68486],"rotation":{"angle":45,"axis":"z","origin":[13.5,14.96515,3.98486]},"faces":{"north":{"uv":[3.375,8,3,8.375],"texture":"#2"},"east":{"uv":[2.875,8,2.5,8.375],"texture":"#2"},"south":{"uv":[2.375,8,2,8.375],"texture":"#2"},"west":{"uv":[8.375,1.75,8,2.125],"texture":"#2"},"up":{"uv":[3.875,8,3.5,8.375],"rotation":90,"texture":"#2"},"down":{"uv":[6.375,8.375,6,8],"rotation":270,"texture":"#2"}}},{"from":[13.21792,14.9893,3.25986],"to":[14.71792,16.4893,4.70986],"rotation":{"angle":0,"axis":"y","origin":[13.5,14.96515,3.98486]},"faces":{"north":{"uv":[8.125,7.5,7.75,7.875],"texture":"#2"},"east":{"uv":[7.625,7.75,7.25,8.125],"texture":"#2"},"south":{"uv":[8.125,7,7.75,7.375],"texture":"#2"},"west":{"uv":[8.125,6.5,7.75,6.875],"texture":"#2"},"up":{"uv":[8.375,0.75,8,1.125],"rotation":90,"texture":"#2"},"down":{"uv":[8.375,1.625,8,1.25],"rotation":270,"texture":"#2"}}},{"from":[9.36342,14.7569,3.23486],"to":[14.36342,16.2569,4.73486],"rotation":{"angle":45,"axis":"z","origin":[13.5,14.96515,3.98486]},"faces":{"north":{"uv":[8,0.75,6.75,1.125],"texture":"#2"},"east":{"uv":[8.125,6,7.75,6.375],"texture":"#2"},"south":{"uv":[7.75,5,6.5,5.375],"texture":"#2"},"west":{"uv":[8.125,5.5,7.75,5.875],"texture":"#2"},"up":{"uv":[4.375,6.25,4,7.5],"rotation":90,"texture":"#2"},"down":{"uv":[5.375,7.5,5,6.25],"rotation":270,"texture":"#2"}}},{"from":[0.20968,13.90655,3.30986],"to":[1.70968,15.40655,4.65986],"rotation":{"angle":0,"axis":"y","origin":[2.5,14.96515,3.98486]},"faces":{"north":{"uv":[1,8.25,1.375,8.625],"texture":"#2"},"east":{"uv":[6.5,8,6.875,8.375],"texture":"#2"},"south":{"uv":[7.75,8,8.125,8.375],"texture":"#2"},"west":{"uv":[8.25,0,8.625,0.375],"texture":"#2"},"up":{"uv":[1.875,8.625,1.5,8.25],"rotation":90,"texture":"#2"},"down":{"uv":[8.625,2.25,8.25,2.625],"rotation":270,"texture":"#2"}}},{"from":[0.56084,13.66089,3.28486],"to":[2.06084,15.16089,4.68486],"rotation":{"angle":-45,"axis":"z","origin":[2.5,14.96515,3.98486]},"faces":{"north":{"uv":[3,8,3.375,8.375],"texture":"#2"},"east":{"uv":[8,1.75,8.375,2.125],"texture":"#2"},"south":{"uv":[2,8,2.375,8.375],"texture":"#2"},"west":{"uv":[2.5,8,2.875,8.375],"texture":"#2"},"up":{"uv":[3.875,8.375,3.5,8],"rotation":90,"texture":"#2"},"down":{"uv":[6.375,8,6,8.375],"rotation":270,"texture":"#2"}}},{"from":[1.28208,14.9893,3.25986],"to":[2.78208,16.4893,4.70986],"rotation":{"angle":0,"axis":"y","origin":[2.5,14.96515,3.98486]},"faces":{"north":{"uv":[7.75,7.5,8.125,7.875],"texture":"#2"},"east":{"uv":[7.75,6.5,8.125,6.875],"texture":"#2"},"south":{"uv":[7.75,7,8.125,7.375],"texture":"#2"},"west":{"uv":[7.25,7.75,7.625,8.125],"texture":"#2"},"up":{"uv":[8.375,1.125,8,0.75],"rotation":90,"texture":"#2"},"down":{"uv":[8.375,1.25,8,1.625],"rotation":270,"texture":"#2"}}},{"from":[1.63658,14.7569,3.23486],"to":[6.63658,16.2569,4.73486],"rotation":{"angle":-45,"axis":"z","origin":[2.5,14.96515,3.98486]},"faces":{"north":{"uv":[6.75,0.75,8,1.125],"texture":"#2"},"east":{"uv":[7.75,5.5,8.125,5.875],"texture":"#2"},"south":{"uv":[6.5,5,7.75,5.375],"texture":"#2"},"west":{"uv":[7.75,6,8.125,6.375],"texture":"#2"},"up":{"uv":[4.375,7.5,4,6.25],"rotation":90,"texture":"#2"},"down":{"uv":[5.375,6.25,5,7.5],"rotation":270,"texture":"#2"}}},{"from":[-8.13604,10.6079,12.93119],"to":[-6.13604,12.1079,12.93119],"rotation":{"angle":-22.5,"axis":"z","origin":[-4.63604,12.3579,12.93119]},"faces":{"north":{"uv":[8.25,3,7.75,3.375],"texture":"#2"},"east":{"uv":[0,0,0,0.375],"texture":"#2"},"south":{"uv":[8.25,3.5,7.75,3.875],"texture":"#2"},"west":{"uv":[0,0,0,0.375],"texture":"#2"},"up":{"uv":[0,0.5,0,0],"rotation":90,"texture":"#2"},"down":{"uv":[0,0,0,0.5],"rotation":270,"texture":"#2"}}},{"from":[-6.13604,10.6079,12.18119],"to":[-2.13604,12.1079,13.68119],"rotation":{"angle":-22.5,"axis":"z","origin":[-4.63604,12.3579,12.93119]},"faces":{"north":{"uv":[4,7,3,7.375],"texture":"#2"},"east":{"uv":[8.625,3,8.25,3.375],"texture":"#2"},"south":{"uv":[8.25,2.25,7.25,2.625],"texture":"#2"},"west":{"uv":[8.625,3.5,8.25,3.875],"texture":"#2"},"up":{"uv":[6,8,6.375,7],"rotation":90,"texture":"#2"},"down":{"uv":[7.25,2.75,7.625,3.75],"rotation":270,"texture":"#2"}}},{"from":[-6.875,6.2,12.975],"to":[-2.875,12.2,12.975],"rotation":{"angle":0,"axis":"y","origin":[21.625,8.8,9.975]},"faces":{"north":{"uv":[0,0,8,12],"texture":"#1"},"east":{"uv":[0,0,0,1.5],"texture":"#1"},"south":{"uv":[8,0,0,12],"texture":"#1"},"west":{"uv":[0,0,0,1.5],"texture":"#1"},"up":{"uv":[0,1,0,0],"rotation":90,"texture":"#1"},"down":{"uv":[0,0,0,1],"rotation":270,"texture":"#1"}}},{"from":[22.13604,10.6079,12.93119],"to":[24.13604,12.1079,12.93119],"rotation":{"angle":22.5,"axis":"z","origin":[20.63604,12.3579,12.93119]},"faces":{"north":{"uv":[7.75,3,8.25,3.375],"texture":"#2"},"east":{"uv":[0,0,0,0.375],"texture":"#2"},"south":{"uv":[7.75,3.5,8.25,3.875],"texture":"#2"},"west":{"uv":[0,0,0,0.375],"texture":"#2"},"up":{"uv":[0,0,0,0.5],"rotation":90,"texture":"#2"},"down":{"uv":[0,0.5,0,0],"rotation":270,"texture":"#2"}}},{"from":[18.13604,10.6079,12.18119],"to":[22.13604,12.1079,13.68119],"rotation":{"angle":22.5,"axis":"z","origin":[20.63604,12.3579,12.93119]},"faces":{"north":{"uv":[3,7,4,7.375],"texture":"#2"},"east":{"uv":[8.25,3.5,8.625,3.875],"texture":"#2"},"south":{"uv":[7.25,2.25,8.25,2.625],"texture":"#2"},"west":{"uv":[8.25,3,8.625,3.375],"texture":"#2"},"up":{"uv":[6,7,6.375,8],"rotation":90,"texture":"#2"},"down":{"uv":[7.25,3.75,7.625,2.75],"rotation":270,"texture":"#2"}}},{"from":[18.875,6.2,12.975],"to":[22.875,12.2,12.975],"rotation":{"angle":0,"axis":"y","origin":[-5.625,8.8,9.975]},"faces":{"north":{"uv":[8,0,0,12],"texture":"#1"},"east":{"uv":[0,0,0,1.5],"texture":"#1"},"south":{"uv":[0,0,8,12],"texture":"#1"},"west":{"uv":[0,0,0,1.5],"texture":"#1"},"up":{"uv":[0,0,0,1],"rotation":90,"texture":"#1"},"down":{"uv":[0,1,0,0],"rotation":270,"texture":"#1"}}},{"from":[18.13604,10.6079,2.31881],"to":[22.13604,12.1079,3.81881],"rotation":{"angle":22.5,"axis":"z","origin":[20.63604,12.3579,3.06881]},"faces":{"north":{"uv":[8.25,2.25,7.25,2.625],"texture":"#2"},"east":{"uv":[8.625,3.5,8.25,3.875],"texture":"#2"},"south":{"uv":[4,7,3,7.375],"texture":"#2"},"west":{"uv":[8.625,3,8.25,3.375],"texture":"#2"},"up":{"uv":[6.375,7,6,8],"rotation":90,"texture":"#2"},"down":{"uv":[7.625,3.75,7.25,2.75],"rotation":270,"texture":"#2"}}},{"from":[18.875,6.2,3.025],"to":[22.875,12.2,3.025],"rotation":{"angle":0,"axis":"y","origin":[-5.625,8.8,6.025]},"faces":{"north":{"uv":[8,0,0,12],"texture":"#1"},"east":{"uv":[0,0,0,1.5],"texture":"#1"},"south":{"uv":[0,0,8,12],"texture":"#1"},"west":{"uv":[0,0,0,1.5],"texture":"#1"},"up":{"uv":[0,0,0,1],"rotation":90,"texture":"#1"},"down":{"uv":[0,1,0,0],"rotation":270,"texture":"#1"}}},{"from":[22.13604,10.6079,3.06881],"to":[24.13604,12.1079,3.06881],"rotation":{"angle":22.5,"axis":"z","origin":[20.63604,12.3579,3.06881]},"faces":{"north":{"uv":[8.25,3.5,7.75,3.875],"texture":"#2"},"east":{"uv":[0,0,0,0.375],"texture":"#2"},"south":{"uv":[8.25,3,7.75,3.375],"texture":"#2"},"west":{"uv":[0,0,0,0.375],"texture":"#2"},"up":{"uv":[0,0,0,0.5],"rotation":90,"texture":"#2"},"down":{"uv":[0,0.5,0,0],"rotation":270,"texture":"#2"}}},{"from":[8.5,12.5,7.25],"to":[12.5,14.5,9.2],"rotation":{"angle":45,"axis":"z","origin":[10.5,13.5,8.2]},"faces":{"north":{"uv":[10.625,0,9.625,0.5],"texture":"#2"},"east":{"uv":[10.625,0.5,10.125,1],"texture":"#2"},"south":{"uv":[9.625,0,10.625,0.5],"texture":"#2"},"west":{"uv":[10.125,0.5,9.625,1],"texture":"#2"},"up":{"uv":[8.625,1,9.125,0],"rotation":90,"texture":"#2"},"down":{"uv":[9.125,1,9.625,0],"rotation":270,"texture":"#2"}}},{"from":[3.5,12.5,7.25],"to":[7.5,14.5,9.2],"rotation":{"angle":-45,"axis":"z","origin":[5.5,13.5,8.2]},"faces":{"north":{"uv":[9.625,0,10.625,0.5],"texture":"#2"},"east":{"uv":[9.625,0.5,10.125,1],"texture":"#2"},"south":{"uv":[10.625,0,9.625,0.5],"texture":"#2"},"west":{"uv":[10.125,0.5,10.625,1],"texture":"#2"},"up":{"uv":[8.625,0,9.125,1],"rotation":90,"texture":"#2"},"down":{"uv":[9.125,0,9.625,1],"rotation":270,"texture":"#2"}}},{"from":[4,9.5,-0.5],"to":[5.5,13.5,0],"rotation":{"angle":45,"axis":"z","origin":[4.75,11.5,-0.5]},"faces":{"north":{"uv":[9.875,5.625,10.875,5.25],"rotation":90,"texture":"#2"},"east":{"uv":[10.3625,3.875,10,4.875],"texture":"#2"},"south":{"uv":[10.875,5.625,9.875,5.25],"rotation":270,"texture":"#2"},"west":{"uv":[10.7375,3.875,10.375,4.875],"rotation":180,"texture":"#2"},"up":{"uv":[10.375,5.25,10.7375,4.875],"rotation":270,"texture":"#2"},"down":{"uv":[10,5.25,10.3625,4.875],"rotation":270,"texture":"#2"}}},{"from":[10.5,9.5,-0.5],"to":[12,13.5,0],"rotation":{"angle":-45,"axis":"z","origin":[11.25,11.5,-0.5]},"faces":{"north":{"uv":[9.875,5.25,10.875,5.625],"rotation":90,"texture":"#2"},"east":{"uv":[10.375,3.875,10.7375,4.875],"rotation":180,"texture":"#2"},"south":{"uv":[10.875,5.25,9.875,5.625],"rotation":270,"texture":"#2"},"west":{"uv":[10,3.875,10.3625,4.875],"texture":"#2"},"up":{"uv":[10.375,4.875,10.7375,5.25],"rotation":270,"texture":"#2"},"down":{"uv":[10,4.875,10.3625,5.25],"rotation":270,"texture":"#2"}}},{"from":[10.5,3.5,-0.5],"to":[12,7.5,0],"rotation":{"angle":45,"axis":"z","origin":[11.25,5.5,-0.5]},"faces":{"north":{"uv":[10.875,5.25,9.875,5.625],"rotation":90,"texture":"#2"},"east":{"uv":[10.375,4.875,10.7375,3.875],"rotation":180,"texture":"#2"},"south":{"uv":[9.875,5.25,10.875,5.625],"rotation":270,"texture":"#2"},"west":{"uv":[10,4.875,10.3625,3.875],"texture":"#2"},"up":{"uv":[10.3625,4.875,10,5.25],"rotation":270,"texture":"#2"},"down":{"uv":[10.7375,4.875,10.375,5.25],"rotation":270,"texture":"#2"}}},{"from":[4,3.5,-0.5],"to":[5.5,7.5,0],"rotation":{"angle":-45,"axis":"z","origin":[4.75,5.5,-0.5]},"faces":{"north":{"uv":[10.875,5.625,9.875,5.25],"rotation":90,"texture":"#2"},"east":{"uv":[10.3625,4.875,10,3.875],"texture":"#2"},"south":{"uv":[9.875,5.625,10.875,5.25],"rotation":270,"texture":"#2"},"west":{"uv":[10.7375,4.875,10.375,3.875],"rotation":180,"texture":"#2"},"up":{"uv":[10.3625,5.25,10,4.875],"rotation":270,"texture":"#2"},"down":{"uv":[10.7375,5.25,10.375,4.875],"rotation":270,"texture":"#2"}}},{"from":[-3.525,9.5,-1],"to":[-2.525,13.5,0.5],"rotation":{"angle":0,"axis":"y","origin":[-4.1,11.5,0.5]},"faces":{"north":{"uv":[10.3625,3.875,10,4.875],"texture":"#2"},"east":{"uv":[10.875,5.625,9.875,5.25],"rotation":270,"texture":"#2"},"south":{"uv":[10.7375,3.875,10.375,4.875],"rotation":180,"texture":"#2"},"west":{"uv":[9.875,5.625,10.875,5.25],"rotation":90,"texture":"#2"},"up":{"uv":[10.375,5.25,10.7375,4.875],"rotation":180,"texture":"#2"},"down":{"uv":[10,5.25,10.3625,4.875],"texture":"#2"}}},{"from":[-3.5,1.5,-1],"to":[-2.5,9.5,1],"rotation":{"angle":0,"axis":"y","origin":[-3,5.7,16]},"faces":{"north":{"uv":[10.125,5.625,9.875,7.625],"rotation":180,"texture":"#2"},"east":{"uv":[10.375,5.625,10.875,7.625],"rotation":180,"texture":"#2"},"south":{"uv":[10.375,5.625,10.125,7.625],"rotation":180,"texture":"#2"},"west":{"uv":[10.875,5.625,10.375,7.625],"rotation":180,"texture":"#2"},"up":{"uv":[9.875,8.125,10.125,7.625],"texture":"#2"},"down":{"uv":[10.125,8.125,10.375,7.625],"texture":"#2"}}},{"from":[18.525,9.5,-1],"to":[19.525,13.5,0.5],"rotation":{"angle":0,"axis":"y","origin":[20.1,11.5,0.5]},"faces":{"north":{"uv":[10,3.875,10.3625,4.875],"texture":"#2"},"east":{"uv":[9.875,5.25,10.875,5.625],"rotation":90,"texture":"#2"},"south":{"uv":[10.375,3.875,10.7375,4.875],"rotation":180,"texture":"#2"},"west":{"uv":[10.875,5.25,9.875,5.625],"rotation":270,"texture":"#2"},"up":{"uv":[10.7375,5.25,10.375,4.875],"rotation":180,"texture":"#2"},"down":{"uv":[10.3625,5.25,10,4.875],"texture":"#2"}}},{"from":[18.5,1.5,-1],"to":[19.5,9.5,1],"rotation":{"angle":0,"axis":"y","origin":[19,5.7,16]},"faces":{"north":{"uv":[9.875,5.625,10.125,7.625],"rotation":180,"texture":"#2"},"east":{"uv":[10.375,5.625,10.875,7.625],"rotation":180,"texture":"#2"},"south":{"uv":[10.125,5.625,10.375,7.625],"rotation":180,"texture":"#2"},"west":{"uv":[10.875,5.625,10.375,7.625],"rotation":180,"texture":"#2"},"up":{"uv":[10.125,8.125,9.875,7.625],"texture":"#2"},"down":{"uv":[10.375,8.125,10.125,7.625],"texture":"#2"}}},{"from":[18.525,9.5,15.5],"to":[19.525,13.5,17],"rotation":{"angle":0,"axis":"y","origin":[20.1,11.5,15.5]},"faces":{"north":{"uv":[10.7375,3.875,10.375,4.875],"rotation":180,"texture":"#2"},"east":{"uv":[9.875,5.625,10.875,5.25],"rotation":90,"texture":"#2"},"south":{"uv":[10.3625,3.875,10,4.875],"texture":"#2"},"west":{"uv":[10.875,5.625,9.875,5.25],"rotation":270,"texture":"#2"},"up":{"uv":[10.7375,4.875,10.375,5.25],"rotation":180,"texture":"#2"},"down":{"uv":[10.3625,4.875,10,5.25],"texture":"#2"}}},{"from":[18.5,1.5,15],"to":[19.5,9.5,17],"rotation":{"angle":0,"axis":"y","origin":[19,5.7,0]},"faces":{"north":{"uv":[10.375,5.625,10.125,7.625],"rotation":180,"texture":"#2"},"east":{"uv":[10.875,5.625,10.375,7.625],"rotation":180,"texture":"#2"},"south":{"uv":[10.125,5.625,9.875,7.625],"rotation":180,"texture":"#2"},"west":{"uv":[10.375,5.625,10.875,7.625],"rotation":180,"texture":"#2"},"up":{"uv":[10.125,7.625,9.875,8.125],"texture":"#2"},"down":{"uv":[10.375,7.625,10.125,8.125],"texture":"#2"}}},{"from":[-3.525,9.5,15.5],"to":[-2.525,13.5,17],"rotation":{"angle":0,"axis":"y","origin":[-4.1,11.5,15.5]},"faces":{"north":{"uv":[10.375,3.875,10.7375,4.875],"rotation":180,"texture":"#2"},"east":{"uv":[10.875,5.25,9.875,5.625],"rotation":270,"texture":"#2"},"south":{"uv":[10,3.875,10.3625,4.875],"texture":"#2"},"west":{"uv":[9.875,5.25,10.875,5.625],"rotation":90,"texture":"#2"},"up":{"uv":[10.375,4.875,10.7375,5.25],"rotation":180,"texture":"#2"},"down":{"uv":[10,4.875,10.3625,5.25],"texture":"#2"}}},{"from":[-3.5,1.5,15],"to":[-2.5,9.5,17],"rotation":{"angle":0,"axis":"y","origin":[-3,5.7,0]},"faces":{"north":{"uv":[10.125,5.625,10.375,7.625],"rotation":180,"texture":"#2"},"east":{"uv":[10.875,5.625,10.375,7.625],"rotation":180,"texture":"#2"},"south":{"uv":[9.875,5.625,10.125,7.625],"rotation":180,"texture":"#2"},"west":{"uv":[10.375,5.625,10.875,7.625],"rotation":180,"texture":"#2"},"up":{"uv":[9.875,7.625,10.125,8.125],"texture":"#2"},"down":{"uv":[10.125,7.625,10.375,8.125],"texture":"#2"}}},{"from":[-3,2,0],"to":[19,13,16],"faces":{"north":{"uv":[0,3.375,2.75,4.75],"texture":"#3"},"east":{"uv":[7.5,0,5.5,1.375],"texture":"#3"},"south":{"uv":[2.75,2,0,3.375],"texture":"#3"},"west":{"uv":[5.5,0,7.5,1.375],"texture":"#3"},"up":{"uv":[2.75,2,0,0],"texture":"#3"},"down":{"uv":[5.5,2,2.75,4],"texture":"#3"}}},{"from":[6,6,-1],"to":[10,11,0],"rotation":{"angle":0,"axis":"y","origin":[7,6,-2]},"faces":{"north":{"uv":[7.5,0,8,0.625],"texture":"#3"},"east":{"uv":[8.125,0,8,0.625],"texture":"#3"},"west":{"uv":[8,0,8.125,0.625],"texture":"#3"},"up":{"uv":[8,0.75,7.5,0.625],"texture":"#3"},"down":{"uv":[8,0.625,7.5,0.75],"texture":"#3"}}},{"from":[-3,0,0],"to":[19,1,16],"rotation":{"angle":0,"axis":"y","origin":[0,-2,0]},"faces":{"north":{"uv":[5.5,1.375,8.25,1.5],"texture":"#3"},"east":{"uv":[7.5,1.75,5.5,1.875],"texture":"#3"},"south":{"uv":[8.25,1.375,5.5,1.5],"texture":"#3"},"west":{"uv":[5.5,1.75,7.5,1.875],"texture":"#3"},"up":{"uv":[5.5,2,2.75,0],"texture":"#3"},"down":{"uv":[2.75,2,0,4],"texture":"#3"}}},{"from":[-2,1,1],"to":[18,2,15],"rotation":{"angle":0,"axis":"y","origin":[0,-1,0]},"faces":{"north":{"uv":[5.5,1.5,8,1.625],"texture":"#3"},"east":{"uv":[7.25,1.625,5.5,1.75],"texture":"#3"},"south":{"uv":[8,1.5,5.5,1.625],"texture":"#3"},"west":{"uv":[5.5,1.625,7.25,1.75],"texture":"#3"}}}],"gui_light":"front","display":{"thirdperson_righthand":{"rotation":[75,45,0],"translation":[0,2.5,0],"scale":[0.375,0.375,0.375]},"thirdperson_lefthand":{"rotation":[75,45,0],"translation":[0,2.5,0],"scale":[0.375,0.375,0.375]},"firstperson_righthand":{"rotation":[-180,0,-180],"translation":[10.25,-3.25,-13],"scale":[0.4293,0.4293,0.4293]},"firstperson_lefthand":{"rotation":[-180,0,-180],"translation":[10.25,-3.25,-13],"scale":[0.4293,0.4293,0.4293]},"ground":{"translation":[0,2,0],"scale":[0.35352,0.35352,0.35352]},"gui":{"rotation":[30,225,0],"scale":[0.5,0.5,0.5]},"head":{"translation":[0,-30.4,0],"scale":[1.6,1.6,1.6]},"fixed":{"rotation":[-90,180,0],"translation":[0,0,-16],"scale":[2.01,2.01,2.01]}}}