{"credit":"Made with Blockbench","texture_size":[64,64],"textures":{"1":"elitecreatures:ginger_bread_gear/gingerbread_animation01","2":"elitecreatures:ginger_bread_gear/gingerbread_texture1","particle":"elitecreatures:ginger_bread_gear/gingerbread_texture1"},"elements":[{"from":[6.5,6,5],"to":[9.5,11,10],"rotation":{"angle":45,"axis":"x","origin":[7.5,8,8]},"faces":{"north":{"uv":[0.5,5.75,1.25,7],"texture":"#2"},"east":{"uv":[3.25,5,4.5,6.25],"texture":"#2"},"south":{"uv":[1.25,5.75,2,7],"texture":"#2"},"west":{"uv":[5.5,0.75,6.75,2],"texture":"#2"},"up":{"uv":[2.75,7,2,5.75],"texture":"#2"},"down":{"uv":[6.75,2,6,3.25],"texture":"#2"}}},{"from":[7.25,7.8,8.8],"to":[8.75,9.3,12.8],"rotation":{"angle":22.5,"axis":"x","origin":[7.5,8.3,8.7]},"faces":{"north":{"uv":[8.25,3,8.625,3.375],"texture":"#2"},"east":{"uv":[3,7,4,7.375],"texture":"#2"},"south":{"uv":[8.25,3.5,8.625,3.875],"texture":"#2"},"west":{"uv":[7.25,2.25,8.25,2.625],"texture":"#2"},"up":{"uv":[6.375,8,6,7],"texture":"#2"},"down":{"uv":[7.625,2.75,7.25,3.75],"texture":"#2"}}},{"from":[8,7.8,12.8],"to":[8,9.3,14.8],"rotation":{"angle":22.5,"axis":"x","origin":[7.5,8.3,8.7]},"faces":{"north":{"uv":[0,0,0,0.375],"texture":"#2"},"east":{"uv":[7.75,3,8.25,3.375],"texture":"#2"},"south":{"uv":[0,0,0,0.375],"texture":"#2"},"west":{"uv":[7.75,3.5,8.25,3.875],"texture":"#2"},"up":{"uv":[0,0.5,0,0],"texture":"#2"},"down":{"uv":[0,0,0,0.5],"texture":"#2"}}},{"from":[8,18.5,14],"to":[8,20,16],"rotation":{"angle":0,"axis":"y","origin":[7.5,19,9.9]},"faces":{"north":{"uv":[0,0,0,0.375],"texture":"#2"},"east":{"uv":[7.75,3,8.25,3.375],"texture":"#2"},"south":{"uv":[0,0,0,0.375],"texture":"#2"},"west":{"uv":[7.75,3.5,8.25,3.875],"texture":"#2"},"up":{"uv":[0,0.5,0,0],"texture":"#2"},"down":{"uv":[0,0,0,0.5],"texture":"#2"}}},{"from":[7.25,7.8,3.2],"to":[8.75,9.3,7.2],"rotation":{"angle":-22.5,"axis":"x","origin":[7.5,8.3,7.3]},"faces":{"north":{"uv":[5,8.5,5.375,8.875],"texture":"#2"},"east":{"uv":[7.25,4.5,8.25,4.875],"texture":"#2"},"south":{"uv":[6,8.5,6.375,8.875],"texture":"#2"},"west":{"uv":[3,7.5,4,7.875],"texture":"#2"},"up":{"uv":[4.375,8.5,4,7.5],"texture":"#2"},"down":{"uv":[5.375,7.5,5,8.5],"texture":"#2"}}},{"from":[8,7.8,1.2],"to":[8,9.3,3.2],"rotation":{"angle":-22.5,"axis":"x","origin":[7.5,8.3,7.3]},"faces":{"north":{"uv":[0,0,0,0.375],"texture":"#2"},"east":{"uv":[7.75,4,8.25,4.375],"texture":"#2"},"south":{"uv":[0,0,0,0.375],"texture":"#2"},"west":{"uv":[7.75,5,8.25,5.375],"texture":"#2"},"up":{"uv":[0,0.5,0,0],"texture":"#2"},"down":{"uv":[0,0,0,0.5],"texture":"#2"}}},{"from":[7,20,6.5],"to":[9,21,9.5],"rotation":{"angle":0,"axis":"y","origin":[8,5.5,8.5]},"faces":{"north":{"uv":[6.75,3,7.25,3.25],"texture":"#2"},"east":{"uv":[2,7.75,2.75,8],"texture":"#2"},"south":{"uv":[8.5,2,9,2.25],"texture":"#2"},"west":{"uv":[7.75,2.75,8.5,3],"texture":"#2"},"up":{"uv":[2.5,7.75,2,7],"texture":"#2"},"down":{"uv":[3,7,2.5,7.75],"texture":"#2"}}},{"from":[7,3.5,6.5],"to":[9,4.5,9.5],"rotation":{"angle":0,"axis":"y","origin":[8,5.5,8.5]},"faces":{"north":{"uv":[6.75,3,7.25,3.25],"texture":"#2"},"east":{"uv":[2,7.75,2.75,8],"texture":"#2"},"south":{"uv":[8.5,2,9,2.25],"texture":"#2"},"west":{"uv":[7.75,2.75,8.5,3],"texture":"#2"},"up":{"uv":[2.5,7.75,2,7],"texture":"#2"},"down":{"uv":[3,7,2.5,7.75],"texture":"#2"}}},{"from":[7,3.5,6.5],"to":[9,4.5,9.5],"rotation":{"angle":0,"axis":"y","origin":[8,5.5,8.5]},"faces":{"north":{"uv":[6.75,3,7.25,3.25],"texture":"#2"},"east":{"uv":[2,7.75,2.75,8],"texture":"#2"},"south":{"uv":[8.5,2,9,2.25],"texture":"#2"},"west":{"uv":[7.75,2.75,8.5,3],"texture":"#2"},"up":{"uv":[2.5,7.75,2,7],"texture":"#2"},"down":{"uv":[3,7,2.5,7.75],"texture":"#2"}}},{"from":[7,6,5.5],"to":[9,8,10.5],"rotation":{"angle":0,"axis":"y","origin":[8,8,8.5]},"faces":{"north":{"uv":[1,7.75,1.5,8.25],"texture":"#2"},"east":{"uv":[6,3.25,7.25,3.75],"texture":"#2"},"south":{"uv":[1.5,7.75,2,8.25],"texture":"#2"},"west":{"uv":[6,3.75,7.25,4.25],"texture":"#2"},"up":{"uv":[3.25,7,2.75,5.75],"texture":"#2"},"down":{"uv":[6.5,4.25,6,5.5],"texture":"#2"}}},{"from":[7.275,4.5,6.5],"to":[8.725,15.5,9.5],"rotation":{"angle":0,"axis":"y","origin":[8,10,8]},"faces":{"north":{"uv":[5.875,4.75,5.5,2],"rotation":180,"texture":"#2"},"east":{"uv":[0.5,5,3.25,5.75],"rotation":90,"texture":"#2"},"south":{"uv":[5.875,4.75,5.5,7.5],"texture":"#2"},"west":{"uv":[5.5,0,8.25,0.75],"rotation":270,"texture":"#2"},"up":{"uv":[0.5,7.75,0.875,8.5],"texture":"#2"},"down":{"uv":[5.5,7.5,5.875,8.25],"rotation":180,"texture":"#2"}}},{"from":[5.5,15.5,6.5],"to":[10.5,18.5,9.5],"rotation":{"angle":45,"axis":"x","origin":[8.5,17,8]},"faces":{"north":{"uv":[6.75,2.25,7.25,3],"texture":"#2"},"east":{"uv":[6,5.5,6.75,6.25],"texture":"#2"},"south":{"uv":[0.5,7,1,7.75],"texture":"#2"},"west":{"uv":[3.25,6.25,4,7],"texture":"#2"},"up":{"uv":[1.5,7.75,1,7],"texture":"#2"},"down":{"uv":[2,7,1.5,7.75],"texture":"#2"}}},{"from":[7,-14,6.5],"to":[9,-11,9.5],"rotation":{"angle":45,"axis":"x","origin":[8,-12.5,8]},"faces":{"north":{"uv":[6.75,2.25,7.25,3],"texture":"#2"},"east":{"uv":[6,5.5,6.75,6.25],"texture":"#2"},"south":{"uv":[0.5,7,1,7.75],"texture":"#2"},"west":{"uv":[3.25,6.25,4,7],"texture":"#2"},"up":{"uv":[1.5,7.75,1,7],"texture":"#2"},"down":{"uv":[2,7,1.5,7.75],"texture":"#2"}}},{"from":[7.5,-4,7],"to":[8.5,4,9],"rotation":{"angle":0,"axis":"y","origin":[0,4,0]},"faces":{"north":{"uv":[4.5,9.25,4.75,11.25],"texture":"#2"},"east":{"uv":[0,9.25,0.5,11.25],"texture":"#2"},"south":{"uv":[4.75,9.25,5,11.25],"texture":"#2"},"west":{"uv":[5,4.25,5.5,6.25],"texture":"#2"},"up":{"uv":[6.75,7.5,6.5,7],"texture":"#2"},"down":{"uv":[6.75,7.5,6.5,8],"texture":"#2"}}},{"from":[7.5,-12,7],"to":[8.5,-4,9],"rotation":{"angle":0,"axis":"y","origin":[0,5,0]},"faces":{"north":{"uv":[4.5,9.25,4.75,11.25],"texture":"#2"},"east":{"uv":[0,9.25,0.5,11.25],"texture":"#2"},"south":{"uv":[4.75,9.25,5,11.25],"texture":"#2"},"west":{"uv":[5,4.25,5.5,6.25],"texture":"#2"},"up":{"uv":[6.75,7.5,6.5,7],"texture":"#2"},"down":{"uv":[6.75,7.5,6.5,8],"texture":"#2"}}},{"from":[7.25,10.1569,2.65172],"to":[8.75,11.6569,7.65172],"rotation":{"angle":0,"axis":"y","origin":[8,10.36515,3.51514]},"faces":{"north":{"uv":[8.125,6,7.75,6.375],"texture":"#2"},"east":{"uv":[7.75,5,6.5,5.375],"texture":"#2"},"south":{"uv":[8.125,5.5,7.75,5.875],"texture":"#2"},"west":{"uv":[8,0.75,6.75,1.125],"texture":"#2"},"up":{"uv":[4.375,6.25,4,7.5],"texture":"#2"},"down":{"uv":[5.375,7.5,5,6.25],"texture":"#2"}}},{"from":[7.275,9.14723,1.99098],"to":[8.725,10.64723,3.49098],"rotation":{"angle":45,"axis":"x","origin":[8,10.36515,3.51514]},"faces":{"north":{"uv":[8,1.125,8.375,0.75],"texture":"#2"},"east":{"uv":[7.75,7.375,8.125,7],"rotation":270,"texture":"#2"},"south":{"uv":[8,1.25,8.375,1.625],"rotation":180,"texture":"#2"},"west":{"uv":[7.75,7.875,8.125,7.5],"rotation":90,"texture":"#2"},"up":{"uv":[7.75,6.875,8.125,6.5],"rotation":180,"texture":"#2"},"down":{"uv":[7.25,8.125,7.625,7.75],"texture":"#2"}}},{"from":[7.3,9.06089,1.57598],"to":[8.7,10.56089,3.07598],"rotation":{"angle":0,"axis":"y","origin":[8,10.36515,3.51514]},"faces":{"north":{"uv":[2.875,8,2.5,8.375],"texture":"#2"},"east":{"uv":[2.375,8,2,8.375],"texture":"#2"},"south":{"uv":[8.375,1.75,8,2.125],"texture":"#2"},"west":{"uv":[3.375,8,3,8.375],"texture":"#2"},"up":{"uv":[3.875,8,3.5,8.375],"texture":"#2"},"down":{"uv":[6.375,8.375,6,8],"texture":"#2"}}},{"from":[7.325,8.07483,3.07374],"to":[8.675,9.57483,4.57374],"rotation":{"angle":45,"axis":"x","origin":[8,10.36515,3.51514]},"faces":{"north":{"uv":[1.5,8.625,1.875,8.25],"texture":"#2"},"east":{"uv":[7.75,8.375,8.125,8],"rotation":270,"texture":"#2"},"south":{"uv":[8.25,2.25,8.625,2.625],"rotation":180,"texture":"#2"},"west":{"uv":[1,8.625,1.375,8.25],"rotation":90,"texture":"#2"},"up":{"uv":[6.5,8.375,6.875,8],"rotation":180,"texture":"#2"},"down":{"uv":[8.25,0.375,8.625,0],"texture":"#2"}}},{"from":[7.25,10.1569,8.34828],"to":[8.75,11.6569,13.34828],"rotation":{"angle":0,"axis":"y","origin":[8,10.36515,12.48486]},"faces":{"north":{"uv":[4.375,8.5,4,8.875],"texture":"#2"},"east":{"uv":[8,1.25,6.75,1.625],"texture":"#2"},"south":{"uv":[3.875,8.5,3.5,8.875],"texture":"#2"},"west":{"uv":[8,1.75,6.75,2.125],"texture":"#2"},"up":{"uv":[7.125,5.5,6.75,6.75],"texture":"#2"},"down":{"uv":[7.125,8,6.75,6.75],"texture":"#2"}}},{"from":[7.275,10.3893,12.20278],"to":[8.725,11.8893,13.70278],"rotation":{"angle":45,"axis":"x","origin":[8,10.36515,12.48486]},"faces":{"north":{"uv":[8.875,1.5,8.5,1.875],"texture":"#2"},"east":{"uv":[8.875,1,8.5,1.375],"texture":"#2"},"south":{"uv":[8.875,0.5,8.5,0.875],"texture":"#2"},"west":{"uv":[2.375,8.5,2,8.875],"texture":"#2"},"up":{"uv":[2.875,8.5,2.5,8.875],"texture":"#2"},"down":{"uv":[3.375,8.875,3,8.5],"texture":"#2"}}},{"from":[7.3,9.06089,12.92402],"to":[8.7,10.56089,14.42402],"rotation":{"angle":0,"axis":"y","origin":[8,10.36515,12.48486]},"faces":{"north":{"uv":[8.625,7,8.25,7.375],"texture":"#2"},"east":{"uv":[7.375,8.25,7,8.625],"texture":"#2"},"south":{"uv":[8.625,6.5,8.25,6.875],"texture":"#2"},"west":{"uv":[8.625,7.5,8.25,7.875],"texture":"#2"},"up":{"uv":[8.625,8,8.25,8.375],"texture":"#2"},"down":{"uv":[0.875,8.875,0.5,8.5],"texture":"#2"}}},{"from":[7.325,9.30655,13.27518],"to":[8.675,10.80655,14.77518],"rotation":{"angle":45,"axis":"x","origin":[8,10.36515,12.48486]},"faces":{"north":{"uv":[8.625,5,8.25,5.375],"texture":"#2"},"east":{"uv":[8.625,4.5,8.25,4.875],"texture":"#2"},"south":{"uv":[8.625,4,8.25,4.375],"texture":"#2"},"west":{"uv":[5.875,8.25,5.5,8.625],"texture":"#2"},"up":{"uv":[8.625,5.5,8.25,5.875],"texture":"#2"},"down":{"uv":[8.625,6.375,8.25,6],"texture":"#2"}}},{"from":[7.9,3,8.5],"to":[7.9,9,12.5],"rotation":{"angle":0,"axis":"y","origin":[6.875,5,13]},"faces":{"north":{"uv":[0,0,0,1.5],"texture":"#1"},"east":{"uv":[0,0,8,12],"texture":"#1"},"south":{"uv":[0,0,0,1.5],"texture":"#1"},"west":{"uv":[8,0,0,12],"texture":"#1"},"up":{"uv":[0,0,0,1],"texture":"#1"},"down":{"uv":[0,1,0,0],"texture":"#1"}}},{"from":[7.9,3,3.5],"to":[7.9,9,7.5],"rotation":{"angle":0,"axis":"y","origin":[6.875,5,3]},"faces":{"north":{"uv":[0,0,0,1.5],"texture":"#1"},"east":{"uv":[8,0,0,12],"texture":"#1"},"south":{"uv":[0,0,0,1.5],"texture":"#1"},"west":{"uv":[0,0,8,12],"texture":"#1"},"up":{"uv":[0,1,0,0],"texture":"#1"},"down":{"uv":[0,0,0,1],"texture":"#1"}}},{"from":[6.5,12.5,6],"to":[9.5,13.5,10],"rotation":{"angle":0,"axis":"y","origin":[6.5,12.5,7]},"faces":{"north":{"uv":[8.125,9.375,7.375,9.625],"texture":"#2"},"east":{"uv":[7.5,9.625,6.5,9.875],"texture":"#2"},"south":{"uv":[7.375,9.375,8.125,9.625],"texture":"#2"},"west":{"uv":[6.5,9.625,7.5,9.875],"texture":"#2"},"up":{"uv":[7.375,8.375,8.125,9.375],"texture":"#2"},"down":{"uv":[6.625,8.625,7.375,9.625],"texture":"#2"}}},{"from":[6,14,5],"to":[10,20,11],"rotation":{"angle":0,"axis":"y","origin":[7,14,6]},"faces":{"north":{"uv":[9.5,9.875,10.5,11.375],"texture":"#2"},"east":{"uv":[5,10.875,6.5,12.375],"texture":"#2"},"south":{"uv":[8.5,9.875,9.5,11.375],"texture":"#2"},"west":{"uv":[6.5,10.875,5,12.375],"texture":"#2"},"up":{"uv":[7.5,9.875,8.5,11.375],"texture":"#2"},"down":{"uv":[6.5,9.875,7.5,11.375],"texture":"#2"}}},{"from":[6.5,17,11],"to":[9.5,20,14],"rotation":{"angle":0,"axis":"y","origin":[7.5,14,12]},"faces":{"east":{"uv":[8.125,9.125,8.875,9.875],"texture":"#2"},"south":{"uv":[8.125,8.375,8.875,9.125],"texture":"#2"},"west":{"uv":[8.875,9.125,8.125,9.875],"texture":"#2"},"up":{"uv":[8.875,9.125,9.625,9.875],"texture":"#2"},"down":{"uv":[8.875,8.375,9.625,9.125],"texture":"#2"}}},{"from":[6.5,14.5,4.5],"to":[9.5,19.5,5],"rotation":{"angle":0,"axis":"y","origin":[6.5,14.5,5]},"faces":{"east":{"uv":[4.375,10,4.5,11.25],"texture":"#2"},"west":{"uv":[4.375,10,4.5,11.25],"texture":"#2"},"up":{"uv":[3.5,10.125,4.25,10.25],"texture":"#2"},"down":{"uv":[3.5,10,4.25,10.125],"texture":"#2"}}},{"from":[6,14,1.5],"to":[10,20,4.5],"rotation":{"angle":0,"axis":"y","origin":[7,14,-0.5]},"faces":{"north":{"uv":[0.5,10.625,1.5,12.125],"texture":"#2"},"east":{"uv":[2.5,10.375,3.25,11.875],"texture":"#2"},"south":{"uv":[1.5,10.25,2.5,11.75],"texture":"#2"},"west":{"uv":[3.25,10.375,2.5,11.875],"texture":"#2"},"up":{"uv":[0.5,12.125,1.5,12.875],"texture":"#2"},"down":{"uv":[1.5,11.75,2.5,12.5],"texture":"#2"}}},{"from":[7.275,13.4,10.65],"to":[8.725,17.4,12.15],"rotation":{"angle":45,"axis":"x","origin":[8,16,12.25]},"faces":{"north":{"uv":[10.3625,3.875,10,4.875],"texture":"#2"},"east":{"uv":[10.875,5.625,9.875,5.25],"rotation":270,"texture":"#2"},"south":{"uv":[10.7375,3.875,10.375,4.875],"rotation":180,"texture":"#2"},"west":{"uv":[9.875,5.625,10.875,5.25],"rotation":90,"texture":"#2"},"up":{"uv":[10.375,5.25,10.7375,4.875],"rotation":180,"texture":"#2"},"down":{"uv":[10,5.25,10.3625,4.875],"texture":"#2"}}},{"from":[4.5,12.5,7.5],"to":[6.5,13.5,8.5],"rotation":{"angle":-45,"axis":"x","origin":[5.5,13,8]},"faces":{"north":{"uv":[10.875,7.625,10.375,7.875],"texture":"#2"},"east":{"uv":[10.625,7.875,10.875,8.125],"texture":"#2"},"south":{"uv":[10.375,7.875,10.875,7.625],"texture":"#2"},"west":{"uv":[10.375,7.875,10.625,8.125],"texture":"#2"},"up":{"uv":[10.375,7.625,10.875,7.875],"texture":"#2"},"down":{"uv":[10.375,7.625,10.875,7.875],"texture":"#2"}}},{"from":[7.5,12.5,10],"to":[8.5,13.5,12],"rotation":{"angle":-45,"axis":"z","origin":[8,13,11]},"faces":{"north":{"uv":[10.625,7.875,10.875,8.125],"rotation":90,"texture":"#2"},"east":{"uv":[10.375,7.625,10.875,7.875],"texture":"#2"},"south":{"uv":[10.375,7.875,10.625,8.125],"rotation":270,"texture":"#2"},"west":{"uv":[10.375,7.625,10.875,7.875],"rotation":180,"texture":"#2"},"up":{"uv":[10.375,7.875,10.875,7.625],"rotation":270,"texture":"#2"},"down":{"uv":[10.875,7.625,10.375,7.875],"rotation":270,"texture":"#2"}}},{"from":[7.5,12.5,4],"to":[8.5,13.5,6],"rotation":{"angle":-45,"axis":"z","origin":[8,13,5]},"faces":{"north":{"uv":[10.375,8.125,10.625,7.875],"rotation":270,"texture":"#2"},"east":{"uv":[10.875,7.625,10.375,7.875],"texture":"#2"},"south":{"uv":[10.625,8.125,10.875,7.875],"rotation":90,"texture":"#2"},"west":{"uv":[10.875,7.625,10.375,7.875],"rotation":180,"texture":"#2"},"up":{"uv":[10.875,7.875,10.375,7.625],"rotation":270,"texture":"#2"},"down":{"uv":[10.375,7.625,10.875,7.875],"rotation":270,"texture":"#2"}}},{"from":[9.5,12.5,7.5],"to":[11.5,13.5,8.5],"rotation":{"angle":-45,"axis":"x","origin":[10.5,13,8]},"faces":{"north":{"uv":[10.375,7.625,10.875,7.875],"texture":"#2"},"east":{"uv":[10.625,7.875,10.375,8.125],"texture":"#2"},"south":{"uv":[10.875,7.875,10.375,7.625],"texture":"#2"},"west":{"uv":[10.875,7.875,10.625,8.125],"texture":"#2"},"up":{"uv":[10.875,7.625,10.375,7.875],"texture":"#2"},"down":{"uv":[10.875,7.625,10.375,7.875],"texture":"#2"}}},{"from":[5.5,13,-1.5],"to":[10.5,21,1.5],"rotation":{"angle":0,"axis":"y","origin":[6.5,13,-0.5]},"faces":{"north":{"uv":[6.5,11.375,7.75,13.375],"texture":"#2"},"east":{"uv":[4.375,10.25,3.625,12.25],"texture":"#2"},"south":{"uv":[7.75,11.375,9,13.375],"texture":"#2"},"west":{"uv":[3.625,10.25,4.375,12.25],"texture":"#2"},"up":{"uv":[5.25,12.375,6.5,13.125],"texture":"#2"},"down":{"uv":[5.25,13.125,6.5,13.875],"texture":"#2"}}}],"gui_light":"front","display":{"thirdperson_righthand":{"translation":[0,8.5,1.75],"scale":[0.74414,0.74414,0.74414]},"thirdperson_lefthand":{"translation":[0,8.5,1.75],"scale":[0.74414,0.74414,0.74414]},"firstperson_righthand":{"translation":[10.25,-1.25,-13],"scale":[0.75,0.75,0.75]},"firstperson_lefthand":{"translation":[10.25,-1.25,-13],"scale":[0.75,0.75,0.75]},"ground":{"rotation":[45,0,0],"translation":[0,5,1],"scale":[0.5,0.5,0.5]},"gui":{"rotation":[-90,-45,-90],"translation":[0.25,0.5,0],"scale":[0.45508,0.45508,0.45508]},"head":{"scale":[0,0,0]},"fixed":{"rotation":[90,90,-90],"translation":[-0.25,24.5,-3.38],"scale":[2.22657,2.22657,2.22657]}}}