{"credit":"Made with Blockbench","texture_size":[64,64],"textures":{"1":"elitecreatures:ginger_bread_gear/gingerbread_animation01","2":"elitecreatures:ginger_bread_gear/gingerbread_texture1","particle":"elitecreatures:ginger_bread_gear/gingerbread_texture1"},"elements":[{"from":[6.5,7,5],"to":[9.5,12,10],"rotation":{"angle":45,"axis":"x","origin":[7.5,9,8]},"faces":{"north":{"uv":[0.5,5.75,1.25,7],"texture":"#2"},"east":{"uv":[3.25,5,4.5,6.25],"texture":"#2"},"south":{"uv":[1.25,5.75,2,7],"texture":"#2"},"west":{"uv":[5.5,0.75,6.75,2],"texture":"#2"},"up":{"uv":[2.75,7,2,5.75],"texture":"#2"},"down":{"uv":[6.75,2,6,3.25],"texture":"#2"}}},{"from":[7.25,6.8,8.8],"to":[8.75,8.3,12.8],"rotation":{"angle":22.5,"axis":"x","origin":[7.5,7.3,8.7]},"faces":{"north":{"uv":[8.25,3,8.625,3.375],"texture":"#2"},"east":{"uv":[3,7,4,7.375],"texture":"#2"},"south":{"uv":[8.25,3.5,8.625,3.875],"texture":"#2"},"west":{"uv":[7.25,2.25,8.25,2.625],"texture":"#2"},"up":{"uv":[6.375,8,6,7],"texture":"#2"},"down":{"uv":[7.625,2.75,7.25,3.75],"texture":"#2"}}},{"from":[8,6.8,12.8],"to":[8,8.3,14.8],"rotation":{"angle":22.5,"axis":"x","origin":[7.5,7.3,8.7]},"faces":{"north":{"uv":[0,0,0,0.375],"texture":"#2"},"east":{"uv":[7.75,3,8.25,3.375],"texture":"#2"},"south":{"uv":[0,0,0,0.375],"texture":"#2"},"west":{"uv":[7.75,3.5,8.25,3.875],"texture":"#2"},"up":{"uv":[0,0.5,0,0],"texture":"#2"},"down":{"uv":[0,0,0,0.5],"texture":"#2"}}},{"from":[7.25,6.8,3.2],"to":[8.75,8.3,7.2],"rotation":{"angle":-22.5,"axis":"x","origin":[7.5,7.3,7.3]},"faces":{"north":{"uv":[5,8.5,5.375,8.875],"texture":"#2"},"east":{"uv":[7.25,4.5,8.25,4.875],"texture":"#2"},"south":{"uv":[6,8.5,6.375,8.875],"texture":"#2"},"west":{"uv":[3,7.5,4,7.875],"texture":"#2"},"up":{"uv":[4.375,8.5,4,7.5],"texture":"#2"},"down":{"uv":[5.375,7.5,5,8.5],"texture":"#2"}}},{"from":[8,6.8,1.2],"to":[8,8.3,3.2],"rotation":{"angle":-22.5,"axis":"x","origin":[7.5,7.3,7.3]},"faces":{"north":{"uv":[0,0,0,0.375],"texture":"#2"},"east":{"uv":[7.75,4,8.25,4.375],"texture":"#2"},"south":{"uv":[0,0,0,0.375],"texture":"#2"},"west":{"uv":[7.75,5,8.25,5.375],"texture":"#2"},"up":{"uv":[0,0.5,0,0],"texture":"#2"},"down":{"uv":[0,0,0,0.5],"texture":"#2"}}},{"from":[7,1.5,6.5],"to":[9,2.5,9.5],"rotation":{"angle":0,"axis":"y","origin":[8,3.5,8.5]},"faces":{"north":{"uv":[6.75,3,7.25,3.25],"texture":"#2"},"east":{"uv":[2,7.75,2.75,8],"texture":"#2"},"south":{"uv":[8.5,2,9,2.25],"texture":"#2"},"west":{"uv":[7.75,2.75,8.5,3],"texture":"#2"},"up":{"uv":[2.5,7.75,2,7],"texture":"#2"},"down":{"uv":[3,7,2.5,7.75],"texture":"#2"}}},{"from":[7,4,5.5],"to":[9,6,10.5],"rotation":{"angle":0,"axis":"y","origin":[8,6,8.5]},"faces":{"north":{"uv":[1,7.75,1.5,8.25],"texture":"#2"},"east":{"uv":[6,3.25,7.25,3.75],"texture":"#2"},"south":{"uv":[1.5,7.75,2,8.25],"texture":"#2"},"west":{"uv":[6,3.75,7.25,4.25],"texture":"#2"},"up":{"uv":[3.25,7,2.75,5.75],"texture":"#2"},"down":{"uv":[6.5,4.25,6,5.5],"texture":"#2"}}},{"from":[7.275,2.5,6.5],"to":[8.725,13.5,9.5],"rotation":{"angle":0,"axis":"y","origin":[8,8,8]},"faces":{"north":{"uv":[5.875,4.75,5.5,2],"rotation":180,"texture":"#2"},"east":{"uv":[0.5,5,3.25,5.75],"rotation":90,"texture":"#2"},"south":{"uv":[5.875,4.75,5.5,7.5],"texture":"#2"},"west":{"uv":[5.5,0,8.25,0.75],"rotation":270,"texture":"#2"},"up":{"uv":[0.5,7.75,0.875,8.5],"texture":"#2"},"down":{"uv":[5.5,7.5,5.875,8.25],"rotation":180,"texture":"#2"}}},{"from":[7,-8,6.5],"to":[9,-5,9.5],"rotation":{"angle":45,"axis":"x","origin":[8,-6.5,8]},"faces":{"north":{"uv":[6.75,2.25,7.25,3],"texture":"#2"},"east":{"uv":[6,5.5,6.75,6.25],"texture":"#2"},"south":{"uv":[0.5,7,1,7.75],"texture":"#2"},"west":{"uv":[3.25,6.25,4,7],"texture":"#2"},"up":{"uv":[1.5,7.75,1,7],"texture":"#2"},"down":{"uv":[2,7,1.5,7.75],"texture":"#2"}}},{"from":[7,12.5,6.5],"to":[9,15.5,9.5],"rotation":{"angle":45,"axis":"x","origin":[8,14,8]},"faces":{"north":{"uv":[7.25,3.75,7.75,4.5],"texture":"#2"},"east":{"uv":[6,6.25,6.75,7],"texture":"#2"},"south":{"uv":[7.25,5.5,7.75,6.25],"texture":"#2"},"west":{"uv":[6.5,4.25,7.25,5],"texture":"#2"},"up":{"uv":[7.75,7,7.25,6.25],"texture":"#2"},"down":{"uv":[7.75,7,7.25,7.75],"texture":"#2"}}},{"from":[7.5,-6,7],"to":[8.5,2,9],"rotation":{"angle":0,"axis":"y","origin":[0,2,0]},"faces":{"north":{"uv":[4.5,9.25,4.75,11.25],"texture":"#2"},"east":{"uv":[0,9.25,0.5,11.25],"texture":"#2"},"south":{"uv":[4.75,9.25,5,11.25],"texture":"#2"},"west":{"uv":[5,4.25,5.5,6.25],"texture":"#2"},"up":{"uv":[6.75,7.5,6.5,7],"texture":"#2"},"down":{"uv":[6.75,7.5,6.5,8],"texture":"#2"}}},{"from":[7.25,13.1569,8.34828],"to":[8.75,14.6569,13.34828],"rotation":{"angle":-45,"axis":"x","origin":[8,13.36515,12.48486]},"faces":{"north":{"uv":[7.75,5.5,8.125,5.875],"texture":"#2"},"east":{"uv":[6.5,5,7.75,5.375],"texture":"#2"},"south":{"uv":[7.75,6,8.125,6.375],"texture":"#2"},"west":{"uv":[6.75,0.75,8,1.125],"texture":"#2"},"up":{"uv":[4.375,7.5,4,6.25],"texture":"#2"},"down":{"uv":[5.375,6.25,5,7.5],"texture":"#2"}}},{"from":[7.275,13.3893,12.20278],"to":[8.725,14.8893,13.70278],"rotation":{"angle":0,"axis":"y","origin":[8,13.36515,12.48486]},"faces":{"north":{"uv":[7.75,6.5,8.125,6.875],"texture":"#2"},"east":{"uv":[7.75,7,8.125,7.375],"texture":"#2"},"south":{"uv":[7.25,7.75,7.625,8.125],"texture":"#2"},"west":{"uv":[7.75,7.5,8.125,7.875],"texture":"#2"},"up":{"uv":[8.375,1.125,8,0.75],"texture":"#2"},"down":{"uv":[8.375,1.25,8,1.625],"texture":"#2"}}},{"from":[7.3,12.06089,12.92402],"to":[8.7,13.56089,14.42402],"rotation":{"angle":-45,"axis":"x","origin":[8,13.36515,12.48486]},"faces":{"north":{"uv":[8,1.75,8.375,2.125],"texture":"#2"},"east":{"uv":[2,8,2.375,8.375],"texture":"#2"},"south":{"uv":[2.5,8,2.875,8.375],"texture":"#2"},"west":{"uv":[3,8,3.375,8.375],"texture":"#2"},"up":{"uv":[3.875,8.375,3.5,8],"texture":"#2"},"down":{"uv":[6.375,8,6,8.375],"texture":"#2"}}},{"from":[7.325,12.30655,13.27518],"to":[8.675,13.80655,14.77518],"rotation":{"angle":0,"axis":"y","origin":[8,13.36515,12.48486]},"faces":{"north":{"uv":[6.5,8,6.875,8.375],"texture":"#2"},"east":{"uv":[7.75,8,8.125,8.375],"texture":"#2"},"south":{"uv":[8.25,0,8.625,0.375],"texture":"#2"},"west":{"uv":[1,8.25,1.375,8.625],"texture":"#2"},"up":{"uv":[1.875,8.625,1.5,8.25],"texture":"#2"},"down":{"uv":[8.625,2.25,8.25,2.625],"texture":"#2"}}},{"from":[7.25,8.37339,10.37856],"to":[8.75,9.87339,15.37856],"rotation":{"angle":0,"axis":"y","origin":[8,9.66515,14.51514]},"faces":{"north":{"uv":[4,8.5,4.375,8.875],"rotation":180,"texture":"#2"},"east":{"uv":[6.75,1.25,8,1.625],"rotation":180,"texture":"#2"},"south":{"uv":[3.5,8.5,3.875,8.875],"rotation":180,"texture":"#2"},"west":{"uv":[6.75,1.75,8,2.125],"rotation":180,"texture":"#2"},"up":{"uv":[7.125,6.75,6.75,8],"texture":"#2"},"down":{"uv":[7.125,6.75,6.75,5.5],"texture":"#2"}}},{"from":[7.275,9.38307,14.5393],"to":[8.725,10.88307,16.0393],"rotation":{"angle":45,"axis":"x","origin":[8,9.66515,14.51514]},"faces":{"north":{"uv":[3.375,8.5,3,8.875],"rotation":180,"texture":"#2"},"east":{"uv":[8.5,1,8.875,1.375],"rotation":270,"texture":"#2"},"south":{"uv":[2.875,8.875,2.5,8.5],"texture":"#2"},"west":{"uv":[2,8.5,2.375,8.875],"rotation":90,"texture":"#2"},"up":{"uv":[8.5,0.5,8.875,0.875],"rotation":180,"texture":"#2"},"down":{"uv":[8.5,1.5,8.875,1.875],"texture":"#2"}}},{"from":[7.3,9.4694,14.95429],"to":[8.7,10.9694,16.45429],"rotation":{"angle":0,"axis":"y","origin":[8,9.66515,14.51514]},"faces":{"north":{"uv":[8.25,7,8.625,7.375],"rotation":180,"texture":"#2"},"east":{"uv":[7,8.25,7.375,8.625],"rotation":180,"texture":"#2"},"south":{"uv":[8.25,6.5,8.625,6.875],"rotation":180,"texture":"#2"},"west":{"uv":[8.25,7.5,8.625,7.875],"rotation":180,"texture":"#2"},"up":{"uv":[0.875,8.5,0.5,8.875],"texture":"#2"},"down":{"uv":[8.625,8.375,8.25,8],"texture":"#2"}}},{"from":[7.325,10.45546,13.45654],"to":[8.675,11.95546,14.95654],"rotation":{"angle":45,"axis":"x","origin":[8,9.66515,14.51514]},"faces":{"north":{"uv":[8.625,6,8.25,6.375],"rotation":180,"texture":"#2"},"east":{"uv":[8.25,4.5,8.625,4.875],"rotation":270,"texture":"#2"},"south":{"uv":[8.625,5.875,8.25,5.5],"texture":"#2"},"west":{"uv":[5.5,8.25,5.875,8.625],"rotation":90,"texture":"#2"},"up":{"uv":[8.25,4,8.625,4.375],"rotation":180,"texture":"#2"},"down":{"uv":[8.25,5,8.625,5.375],"texture":"#2"}}},{"from":[7.9,2,8.5],"to":[7.9,8,12.5],"rotation":{"angle":0,"axis":"y","origin":[6.875,4,13]},"faces":{"north":{"uv":[0,0,0,1.5],"texture":"#1"},"east":{"uv":[0,0,8,12],"texture":"#1"},"south":{"uv":[0,0,0,1.5],"texture":"#1"},"west":{"uv":[8,0,0,12],"texture":"#1"},"up":{"uv":[0,0,0,1],"texture":"#1"},"down":{"uv":[0,1,0,0],"texture":"#1"}}},{"from":[7.9,2,3.5],"to":[7.9,8,7.5],"rotation":{"angle":0,"axis":"y","origin":[6.875,4,3]},"faces":{"north":{"uv":[0,0,0,1.5],"texture":"#1"},"east":{"uv":[8,0,0,12],"texture":"#1"},"south":{"uv":[0,0,0,1.5],"texture":"#1"},"west":{"uv":[0,0,8,12],"texture":"#1"},"up":{"uv":[0,1,0,0],"texture":"#1"},"down":{"uv":[0,0,0,1],"texture":"#1"}}},{"from":[7,7.5,8],"to":[9,9.5,12],"rotation":{"angle":0,"axis":"y","origin":[7,8.5,5]},"faces":{"north":{"uv":[9.625,0.5,10.125,1],"texture":"#2"},"east":{"uv":[10.625,0,9.625,0.5],"texture":"#2"},"south":{"uv":[10.125,0.5,10.625,1],"texture":"#2"},"west":{"uv":[9.625,0,10.625,0.5],"texture":"#2"},"up":{"uv":[8.625,0,9.125,1],"texture":"#2"},"down":{"uv":[9.125,0,9.625,1],"texture":"#2"}}},{"from":[7,7.5,4],"to":[9,9.5,8],"rotation":{"angle":0,"axis":"y","origin":[7,8.5,11]},"faces":{"north":{"uv":[10.625,0.5,10.125,1],"texture":"#2"},"east":{"uv":[9.625,0,10.625,0.5],"texture":"#2"},"south":{"uv":[10.125,0.5,9.625,1],"texture":"#2"},"west":{"uv":[10.625,0,9.625,0.5],"texture":"#2"},"up":{"uv":[8.625,1,9.125,0],"texture":"#2"},"down":{"uv":[9.125,1,9.625,0],"texture":"#2"}}},{"from":[6,8.5,2],"to":[10,10,6],"faces":{"north":{"uv":[1.5,9.25,2.5,9.625],"texture":"#2"},"east":{"uv":[2.5,8.875,1.5,9.25],"texture":"#2"},"south":{"uv":[1.5,9.625,2.5,10],"texture":"#2"},"west":{"uv":[1.5,8.875,2.5,9.25],"texture":"#2"},"up":{"uv":[0.5,8.625,1.5,9.625],"texture":"#2"},"down":{"uv":[0.5,9.625,1.5,10.625],"texture":"#2"}}},{"from":[6.025,8.5,-1],"to":[9.975,10,2],"rotation":{"angle":-22.5,"axis":"x","origin":[8,10,2]},"faces":{"north":{"uv":[3.5,8.875,4.5,9.25],"texture":"#2"},"east":{"uv":[4.25,9.25,3.5,9.625],"texture":"#2"},"south":{"uv":[3.5,9.625,4.5,10],"texture":"#2"},"west":{"uv":[3.5,9.25,4.25,9.625],"texture":"#2"},"up":{"uv":[2.5,8.875,3.5,9.625],"texture":"#2"},"down":{"uv":[2.5,9.625,3.5,10.375],"texture":"#2"}}},{"from":[6,9.25,-2],"to":[10,9.25,-1],"rotation":{"angle":-22.5,"axis":"x","origin":[8,10,2]},"faces":{"up":{"uv":[1.5,10,2.5,10.25],"texture":"#2"},"down":{"uv":[1.5,10.25,2.5,10],"texture":"#2"}}}],"gui_light":"front","display":{"thirdperson_righthand":{"translation":[0,5.25,1.75],"scale":[0.74414,0.74414,0.74414]},"thirdperson_lefthand":{"translation":[0,5.25,1.75],"scale":[0.74414,0.74414,0.74414]},"firstperson_righthand":{"rotation":[-9,0,0],"translation":[10.25,-1.25,-13],"scale":[0.75,0.75,0.75]},"firstperson_lefthand":{"rotation":[-9,0,0],"translation":[10.25,-1.25,-13],"scale":[0.75,0.75,0.75]},"ground":{"rotation":[45,0,0],"translation":[0,3.25,0],"scale":[0.5,0.5,0.5]},"gui":{"rotation":[-90,-45,-88.64],"translation":[1.75,1,0],"scale":[0.67383,0.67383,0.67383]},"head":{"scale":[0,0,0]},"fixed":{"rotation":[90,90,-90],"translation":[-0.25,16.25,-3.38],"scale":[2.22657,2.22657,2.22657]}}}