{"credit":"Made with Blockbench","texture_size":[64,64],"textures":{"1":"elitecreatures:ginger_bread_gear/gingerbread_animation01","2":"elitecreatures:ginger_bread_gear/gingerbread_texture1","particle":"elitecreatures:ginger_bread_gear/gingerbread_texture1"},"elements":[{"from":[6.5,3,5],"to":[9.5,8,10],"rotation":{"angle":45,"axis":"x","origin":[7.5,5,8]},"faces":{"north":{"uv":[0.5,5.75,1.25,7],"texture":"#2"},"east":{"uv":[3.25,5,4.5,6.25],"texture":"#2"},"south":{"uv":[1.25,5.75,2,7],"texture":"#2"},"west":{"uv":[5.5,0.75,6.75,2],"texture":"#2"},"up":{"uv":[2.75,7,2,5.75],"texture":"#2"},"down":{"uv":[6.75,2,6,3.25],"texture":"#2"}}},{"from":[7.25,4.8,8.8],"to":[8.75,6.3,12.8],"rotation":{"angle":22.5,"axis":"x","origin":[7.5,5.3,8.7]},"faces":{"north":{"uv":[8.25,3,8.625,3.375],"texture":"#2"},"east":{"uv":[3,7,4,7.375],"texture":"#2"},"south":{"uv":[8.25,3.5,8.625,3.875],"texture":"#2"},"west":{"uv":[7.25,2.25,8.25,2.625],"texture":"#2"},"up":{"uv":[6.375,8,6,7],"texture":"#2"},"down":{"uv":[7.625,2.75,7.25,3.75],"texture":"#2"}}},{"from":[8,4.8,12.8],"to":[8,6.3,14.8],"rotation":{"angle":22.5,"axis":"x","origin":[7.5,5.3,8.7]},"faces":{"north":{"uv":[0,0,0,0.375],"texture":"#2"},"east":{"uv":[7.75,3,8.25,3.375],"texture":"#2"},"south":{"uv":[0,0,0,0.375],"texture":"#2"},"west":{"uv":[7.75,3.5,8.25,3.875],"texture":"#2"},"up":{"uv":[0,0.5,0,0],"texture":"#2"},"down":{"uv":[0,0,0,0.5],"texture":"#2"}}},{"from":[8,11.12928,10.50746],"to":[8,12.62928,12.50746],"rotation":{"angle":22.5,"axis":"x","origin":[8,11.87928,11.50746]},"faces":{"north":{"uv":[0,0,0,0.375],"texture":"#2"},"east":{"uv":[7.75,3,8.25,3.375],"texture":"#2"},"south":{"uv":[0,0,0,0.375],"texture":"#2"},"west":{"uv":[7.75,3.5,8.25,3.875],"texture":"#2"},"up":{"uv":[0,0.5,0,0],"texture":"#2"},"down":{"uv":[0,0,0,0.5],"texture":"#2"}}},{"from":[8,14.12928,10.50746],"to":[8,15.62928,12.50746],"rotation":{"angle":-22.5,"axis":"x","origin":[8,14.87928,11.50746]},"faces":{"north":{"uv":[0,0,0,0.375],"texture":"#2"},"east":{"uv":[7.75,3,8.25,3.375],"texture":"#2"},"south":{"uv":[0,0,0,0.375],"texture":"#2"},"west":{"uv":[7.75,3.5,8.25,3.875],"texture":"#2"},"up":{"uv":[0,0.5,0,0],"texture":"#2"},"down":{"uv":[0,0,0,0.5],"texture":"#2"}}},{"from":[8,14.12928,3.49254],"to":[8,15.62928,5.49254],"rotation":{"angle":22.5,"axis":"x","origin":[8,14.87928,4.49254]},"faces":{"north":{"uv":[0,0,0,0.375],"texture":"#2"},"east":{"uv":[8.25,3,7.75,3.375],"texture":"#2"},"south":{"uv":[0,0,0,0.375],"texture":"#2"},"west":{"uv":[8.25,3.5,7.75,3.875],"texture":"#2"},"up":{"uv":[0,0,0,0.5],"texture":"#2"},"down":{"uv":[0,0.5,0,0],"texture":"#2"}}},{"from":[8,11.12928,3.49254],"to":[8,12.62928,5.49254],"rotation":{"angle":-22.5,"axis":"x","origin":[8,11.87928,4.49254]},"faces":{"north":{"uv":[0,0,0,0.375],"texture":"#2"},"east":{"uv":[8.25,3,7.75,3.375],"texture":"#2"},"south":{"uv":[0,0,0,0.375],"texture":"#2"},"west":{"uv":[8.25,3.5,7.75,3.875],"texture":"#2"},"up":{"uv":[0,0,0,0.5],"texture":"#2"},"down":{"uv":[0,0.5,0,0],"texture":"#2"}}},{"from":[10.81449,12.58571,8],"to":[12.81449,14.08571,8],"rotation":{"angle":-22.5,"axis":"z","origin":[8,13.37928,8]},"faces":{"north":{"uv":[8.25,3.5,7.75,3.875],"texture":"#2"},"east":{"uv":[0,0,0,0.375],"texture":"#2"},"south":{"uv":[8.25,3,7.75,3.375],"texture":"#2"},"west":{"uv":[0,0,0,0.375],"texture":"#2"},"up":{"uv":[0,0,0,0.5],"rotation":90,"texture":"#2"},"down":{"uv":[0,0.5,0,0],"rotation":270,"texture":"#2"}}},{"from":[10.81449,12.67286,8],"to":[12.81449,14.17286,8],"rotation":{"angle":22.5,"axis":"z","origin":[8,13.37928,8]},"faces":{"north":{"uv":[8.25,3.5,7.75,3.875],"texture":"#2"},"east":{"uv":[0,0,0,0.375],"texture":"#2"},"south":{"uv":[8.25,3,7.75,3.375],"texture":"#2"},"west":{"uv":[0,0,0,0.375],"texture":"#2"},"up":{"uv":[0,0,0,0.5],"rotation":90,"texture":"#2"},"down":{"uv":[0,0.5,0,0],"rotation":270,"texture":"#2"}}},{"from":[3.18551,12.58571,8],"to":[5.18551,14.08571,8],"rotation":{"angle":22.5,"axis":"z","origin":[8,13.37928,8]},"faces":{"north":{"uv":[7.75,3.5,8.25,3.875],"texture":"#2"},"east":{"uv":[0,0,0,0.375],"texture":"#2"},"south":{"uv":[7.75,3,8.25,3.375],"texture":"#2"},"west":{"uv":[0,0,0,0.375],"texture":"#2"},"up":{"uv":[0,0.5,0,0],"rotation":90,"texture":"#2"},"down":{"uv":[0,0,0,0.5],"rotation":270,"texture":"#2"}}},{"from":[3.18551,12.67286,8],"to":[5.18551,14.17286,8],"rotation":{"angle":-22.5,"axis":"z","origin":[8,13.37928,8]},"faces":{"north":{"uv":[7.75,3.5,8.25,3.875],"texture":"#2"},"east":{"uv":[0,0,0,0.375],"texture":"#2"},"south":{"uv":[7.75,3,8.25,3.375],"texture":"#2"},"west":{"uv":[0,0,0,0.375],"texture":"#2"},"up":{"uv":[0,0.5,0,0],"rotation":90,"texture":"#2"},"down":{"uv":[0,0,0,0.5],"rotation":270,"texture":"#2"}}},{"from":[7.25,4.8,3.2],"to":[8.75,6.3,7.2],"rotation":{"angle":-22.5,"axis":"x","origin":[7.5,5.3,7.3]},"faces":{"north":{"uv":[5,8.5,5.375,8.875],"texture":"#2"},"east":{"uv":[7.25,4.5,8.25,4.875],"texture":"#2"},"south":{"uv":[6,8.5,6.375,8.875],"texture":"#2"},"west":{"uv":[3,7.5,4,7.875],"texture":"#2"},"up":{"uv":[4.375,8.5,4,7.5],"texture":"#2"},"down":{"uv":[5.375,7.5,5,8.5],"texture":"#2"}}},{"from":[8,4.8,1.2],"to":[8,6.3,3.2],"rotation":{"angle":-22.5,"axis":"x","origin":[7.5,5.3,7.3]},"faces":{"north":{"uv":[0,0,0,0.375],"texture":"#2"},"east":{"uv":[7.75,4,8.25,4.375],"texture":"#2"},"south":{"uv":[0,0,0,0.375],"texture":"#2"},"west":{"uv":[7.75,5,8.25,5.375],"texture":"#2"},"up":{"uv":[0,0.5,0,0],"texture":"#2"},"down":{"uv":[0,0,0,0.5],"texture":"#2"}}},{"from":[7,1.5,6.5],"to":[9,2.5,9.5],"rotation":{"angle":0,"axis":"y","origin":[8,3.5,8.5]},"faces":{"north":{"uv":[6.75,3,7.25,3.25],"texture":"#2"},"east":{"uv":[2,7.75,2.75,8],"texture":"#2"},"south":{"uv":[8.5,2,9,2.25],"texture":"#2"},"west":{"uv":[7.75,2.75,8.5,3],"texture":"#2"},"up":{"uv":[2.5,7.75,2,7],"texture":"#2"},"down":{"uv":[3,7,2.5,7.75],"texture":"#2"}}},{"from":[7,15.35,5.575],"to":[9,18.35,6.575],"rotation":{"angle":-45,"axis":"x","origin":[8,16.85,6.175]},"faces":{"north":{"uv":[3,7,2.5,7.75],"rotation":180,"texture":"#2"},"east":{"uv":[2,7.75,2.75,8],"rotation":270,"texture":"#2"},"south":{"uv":[2.5,7.75,2,7],"texture":"#2"},"west":{"uv":[7.75,2.75,8.5,3],"rotation":90,"texture":"#2"},"up":{"uv":[6.75,3,7.25,3.25],"rotation":180,"texture":"#2"},"down":{"uv":[8.5,2,9,2.25],"texture":"#2"}}},{"from":[7.25,9,4.5],"to":[8.7,13,6],"rotation":{"angle":-45,"axis":"x","origin":[7.725,12.78037,4.89586]},"faces":{"north":{"uv":[10,3.875,10.3625,4.875],"texture":"#2"},"east":{"uv":[9.875,5.25,10.875,5.625],"rotation":90,"texture":"#2"},"south":{"uv":[10.375,3.875,10.7375,4.875],"rotation":180,"texture":"#2"},"west":{"uv":[10.875,5.25,9.875,5.625],"rotation":270,"texture":"#2"},"up":{"uv":[10.7375,5.25,10.375,4.875],"rotation":180,"texture":"#2"},"down":{"uv":[10.3625,5.25,10,4.875],"texture":"#2"}}},{"from":[7.225,12.5,4.5],"to":[8.725,16.5,6],"rotation":{"angle":22.5,"axis":"x","origin":[7.725,12.71963,4.89586]},"faces":{"north":{"uv":[10,4.875,10.3625,3.875],"texture":"#2"},"east":{"uv":[10.875,5.25,9.875,5.625],"rotation":90,"texture":"#2"},"south":{"uv":[10.375,4.875,10.7375,3.875],"rotation":180,"texture":"#2"},"west":{"uv":[9.875,5.25,10.875,5.625],"rotation":270,"texture":"#2"},"up":{"uv":[10.3625,4.875,10,5.25],"texture":"#2"},"down":{"uv":[10.7375,4.875,10.375,5.25],"rotation":180,"texture":"#2"}}},{"from":[7.25,9,10],"to":[8.7,13,11.5],"rotation":{"angle":45,"axis":"x","origin":[7.725,12.78037,11.10414]},"faces":{"north":{"uv":[10.7375,3.875,10.375,4.875],"rotation":180,"texture":"#2"},"east":{"uv":[9.875,5.625,10.875,5.25],"rotation":90,"texture":"#2"},"south":{"uv":[10.3625,3.875,10,4.875],"texture":"#2"},"west":{"uv":[10.875,5.625,9.875,5.25],"rotation":270,"texture":"#2"},"up":{"uv":[10.7375,4.875,10.375,5.25],"rotation":180,"texture":"#2"},"down":{"uv":[10.3625,4.875,10,5.25],"texture":"#2"}}},{"from":[7.225,12.5,10],"to":[8.725,16.5,11.5],"rotation":{"angle":-22.5,"axis":"x","origin":[7.725,12.71963,11.10414]},"faces":{"north":{"uv":[10.7375,4.875,10.375,3.875],"rotation":180,"texture":"#2"},"east":{"uv":[10.875,5.625,9.875,5.25],"rotation":90,"texture":"#2"},"south":{"uv":[10.3625,4.875,10,3.875],"texture":"#2"},"west":{"uv":[9.875,5.625,10.875,5.25],"rotation":270,"texture":"#2"},"up":{"uv":[10.3625,5.25,10,4.875],"texture":"#2"},"down":{"uv":[10.7375,5.25,10.375,4.875],"rotation":180,"texture":"#2"}}},{"from":[7,16.25,8.325],"to":[9,17.25,11.325],"rotation":{"angle":-45,"axis":"x","origin":[8,16.85,9.825]},"faces":{"north":{"uv":[9,2,8.5,2.25],"texture":"#2"},"east":{"uv":[2.75,7.75,2,8],"texture":"#2"},"south":{"uv":[7.25,3,6.75,3.25],"texture":"#2"},"west":{"uv":[8.5,2.75,7.75,3],"texture":"#2"},"up":{"uv":[2.5,7,2,7.75],"texture":"#2"},"down":{"uv":[3,7.75,2.5,7],"texture":"#2"}}},{"from":[7,3,5.5],"to":[9,5,10.5],"rotation":{"angle":0,"axis":"y","origin":[8,5,8.5]},"faces":{"north":{"uv":[1,7.75,1.5,8.25],"texture":"#2"},"east":{"uv":[6,3.25,7.25,3.75],"texture":"#2"},"south":{"uv":[1.5,7.75,2,8.25],"texture":"#2"},"west":{"uv":[6,3.75,7.25,4.25],"texture":"#2"},"up":{"uv":[3.25,7,2.75,5.75],"texture":"#2"},"down":{"uv":[6.5,4.25,6,5.5],"texture":"#2"}}},{"from":[7,-8,6.5],"to":[9,-5,9.5],"rotation":{"angle":45,"axis":"x","origin":[8,-6.5,8]},"faces":{"north":{"uv":[6.75,2.25,7.25,3],"texture":"#2"},"east":{"uv":[6,5.5,6.75,6.25],"texture":"#2"},"south":{"uv":[0.5,7,1,7.75],"texture":"#2"},"west":{"uv":[3.25,6.25,4,7],"texture":"#2"},"up":{"uv":[1.5,7.75,1,7],"texture":"#2"},"down":{"uv":[2,7,1.5,7.75],"texture":"#2"}}},{"from":[7,17,6.5],"to":[9,20,9.5],"rotation":{"angle":45,"axis":"x","origin":[8,18.5,8]},"faces":{"north":{"uv":[6.75,2.25,7.25,3],"texture":"#2"},"east":{"uv":[6,5.5,6.75,6.25],"texture":"#2"},"south":{"uv":[0.5,7,1,7.75],"texture":"#2"},"west":{"uv":[3.25,6.25,4,7],"texture":"#2"},"up":{"uv":[1.5,7.75,1,7],"texture":"#2"},"down":{"uv":[2,7,1.5,7.75],"texture":"#2"}}},{"from":[7.5,-6,7],"to":[8.5,2,9],"rotation":{"angle":0,"axis":"y","origin":[0,2,0]},"faces":{"north":{"uv":[4.5,9.25,4.75,11.25],"texture":"#2"},"east":{"uv":[0,9.25,0.5,11.25],"texture":"#2"},"south":{"uv":[4.75,9.25,5,11.25],"texture":"#2"},"west":{"uv":[5,4.25,5.5,6.25],"texture":"#2"},"up":{"uv":[6.75,7.5,6.5,7],"texture":"#2"},"down":{"uv":[6.75,7.5,6.5,8],"texture":"#2"}}},{"from":[7.5,10,7],"to":[8.5,18,9],"rotation":{"angle":0,"axis":"y","origin":[0,18,0]},"faces":{"north":{"uv":[4.5,9.25,4.75,11.25],"texture":"#2"},"east":{"uv":[0,9.25,0.5,11.25],"texture":"#2"},"south":{"uv":[4.75,9.25,5,11.25],"texture":"#2"},"west":{"uv":[5,4.25,5.5,6.25],"texture":"#2"},"up":{"uv":[6.75,7.5,6.5,7],"texture":"#2"},"down":{"uv":[6.75,7.5,6.5,8],"texture":"#2"}}},{"from":[7.25,6.3431,3.65172],"to":[8.75,7.8431,8.65172],"rotation":{"angle":22.5,"axis":"x","origin":[8,7.63485,4.51514]},"faces":{"north":{"uv":[8.125,6.375,7.75,6],"texture":"#2"},"east":{"uv":[7.75,5.375,6.5,5],"texture":"#2"},"south":{"uv":[8.125,5.875,7.75,5.5],"texture":"#2"},"west":{"uv":[8,1.125,6.75,0.75],"texture":"#2"},"up":{"uv":[5.375,6.25,5,7.5],"texture":"#2"},"down":{"uv":[4.375,7.5,4,6.25],"texture":"#2"}}},{"from":[7.275,7.35277,2.99098],"to":[8.725,8.85277,4.49098],"rotation":{"angle":-22.5,"axis":"x","origin":[8,7.63485,4.51514]},"faces":{"north":{"uv":[8,0.75,8.375,1.125],"texture":"#2"},"east":{"uv":[8.125,7.375,7.75,7],"rotation":270,"texture":"#2"},"south":{"uv":[8,1.625,8.375,1.25],"rotation":180,"texture":"#2"},"west":{"uv":[8.125,7.875,7.75,7.5],"rotation":90,"texture":"#2"},"up":{"uv":[7.25,7.75,7.625,8.125],"texture":"#2"},"down":{"uv":[7.75,6.5,8.125,6.875],"rotation":180,"texture":"#2"}}},{"from":[7.3,7.43911,2.57598],"to":[8.7,8.93911,4.07598],"rotation":{"angle":22.5,"axis":"x","origin":[8,7.63485,4.51514]},"faces":{"north":{"uv":[2.875,8.375,2.5,8],"texture":"#2"},"east":{"uv":[2.375,8.375,2,8],"texture":"#2"},"south":{"uv":[8.375,2.125,8,1.75],"texture":"#2"},"west":{"uv":[3.375,8.375,3,8],"texture":"#2"},"up":{"uv":[6.375,8,6,8.375],"texture":"#2"},"down":{"uv":[3.875,8.375,3.5,8],"texture":"#2"}}},{"from":[7.325,8.42517,4.07374],"to":[8.675,9.92517,5.57374],"rotation":{"angle":-22.5,"axis":"x","origin":[8,7.63485,4.51514]},"faces":{"north":{"uv":[1.5,8.25,1.875,8.625],"texture":"#2"},"east":{"uv":[8.125,8.375,7.75,8],"rotation":270,"texture":"#2"},"south":{"uv":[8.25,2.625,8.625,2.25],"rotation":180,"texture":"#2"},"west":{"uv":[1.375,8.625,1,8.25],"rotation":90,"texture":"#2"},"up":{"uv":[8.25,0,8.625,0.375],"texture":"#2"},"down":{"uv":[6.5,8,6.875,8.375],"rotation":180,"texture":"#2"}}},{"from":[7.25,6.3431,7.34828],"to":[8.75,7.8431,12.34828],"rotation":{"angle":-22.5,"axis":"x","origin":[8,7.63485,11.48486]},"faces":{"north":{"uv":[4.375,8.875,4,8.5],"texture":"#2"},"east":{"uv":[8,1.625,6.75,1.25],"texture":"#2"},"south":{"uv":[3.875,8.875,3.5,8.5],"texture":"#2"},"west":{"uv":[8,2.125,6.75,1.75],"texture":"#2"},"up":{"uv":[7.125,6.75,6.75,8],"texture":"#2"},"down":{"uv":[7.125,6.75,6.75,5.5],"texture":"#2"}}},{"from":[7.275,7.35277,11.50902],"to":[8.725,8.85277,13.00902],"rotation":{"angle":22.5,"axis":"x","origin":[8,7.63485,11.48486]},"faces":{"north":{"uv":[3.375,8.5,3,8.875],"rotation":180,"texture":"#2"},"east":{"uv":[8.875,1.375,8.5,1],"rotation":90,"texture":"#2"},"south":{"uv":[2.875,8.875,2.5,8.5],"texture":"#2"},"west":{"uv":[2.375,8.875,2,8.5],"rotation":270,"texture":"#2"},"up":{"uv":[8.875,0.875,8.5,0.5],"texture":"#2"},"down":{"uv":[8.875,1.875,8.5,1.5],"rotation":180,"texture":"#2"}}},{"from":[7.3,7.43911,11.92402],"to":[8.7,8.93911,13.42402],"rotation":{"angle":-22.5,"axis":"x","origin":[8,7.63485,11.48486]},"faces":{"north":{"uv":[8.625,7.375,8.25,7],"texture":"#2"},"east":{"uv":[7.375,8.625,7,8.25],"texture":"#2"},"south":{"uv":[8.625,6.875,8.25,6.5],"texture":"#2"},"west":{"uv":[8.625,7.875,8.25,7.5],"texture":"#2"},"up":{"uv":[0.875,8.5,0.5,8.875],"texture":"#2"},"down":{"uv":[8.625,8.375,8.25,8],"texture":"#2"}}},{"from":[7.325,8.42517,10.42626],"to":[8.675,9.92517,11.92626],"rotation":{"angle":22.5,"axis":"x","origin":[8,7.63485,11.48486]},"faces":{"north":{"uv":[8.625,6,8.25,6.375],"rotation":180,"texture":"#2"},"east":{"uv":[8.625,4.875,8.25,4.5],"rotation":90,"texture":"#2"},"south":{"uv":[8.625,5.875,8.25,5.5],"texture":"#2"},"west":{"uv":[5.875,8.625,5.5,8.25],"rotation":270,"texture":"#2"},"up":{"uv":[8.625,4.375,8.25,4],"texture":"#2"},"down":{"uv":[8.625,5.375,8.25,5],"rotation":180,"texture":"#2"}}},{"from":[7.9,0,8.5],"to":[7.9,6,12.5],"rotation":{"angle":0,"axis":"y","origin":[6.875,2,13]},"faces":{"north":{"uv":[0,0,0,1.5],"texture":"#1"},"east":{"uv":[0,0,8,12],"texture":"#1"},"south":{"uv":[0,0,0,1.5],"texture":"#1"},"west":{"uv":[8,0,0,12],"texture":"#1"},"up":{"uv":[0,0,0,1],"texture":"#1"},"down":{"uv":[0,1,0,0],"texture":"#1"}}},{"from":[7.9,0,3.5],"to":[7.9,6,7.5],"rotation":{"angle":0,"axis":"y","origin":[6.875,2,3]},"faces":{"north":{"uv":[0,0,0,1.5],"texture":"#1"},"east":{"uv":[8,0,0,12],"texture":"#1"},"south":{"uv":[0,0,0,1.5],"texture":"#1"},"west":{"uv":[0,0,8,12],"texture":"#1"},"up":{"uv":[0,1,0,0],"texture":"#1"},"down":{"uv":[0,0,0,1],"texture":"#1"}}},{"from":[7.275,2,6.5],"to":[8.725,6,8],"rotation":{"angle":0,"axis":"y","origin":[6.7,4,6.5]},"faces":{"north":{"uv":[10.7375,3.875,10.375,4.875],"texture":"#2"},"east":{"uv":[10.875,5.625,9.875,5.25],"rotation":90,"texture":"#2"},"south":{"uv":[10.3625,3.875,10,4.875],"rotation":180,"texture":"#2"},"west":{"uv":[9.875,5.625,10.875,5.25],"rotation":270,"texture":"#2"},"up":{"uv":[10,5.25,10.3625,4.875],"texture":"#2"},"down":{"uv":[10.375,5.25,10.7375,4.875],"rotation":180,"texture":"#2"}}},{"from":[7.275,2,8],"to":[8.725,6,9.5],"rotation":{"angle":0,"axis":"y","origin":[8,4,8.75]},"faces":{"north":{"uv":[10.3625,4.875,10,3.875],"texture":"#2"},"east":{"uv":[9.875,5.625,10.875,5.25],"rotation":270,"texture":"#2"},"south":{"uv":[10.7375,4.875,10.375,3.875],"rotation":180,"texture":"#2"},"west":{"uv":[10.875,5.625,9.875,5.25],"rotation":90,"texture":"#2"},"up":{"uv":[10.3625,5.25,10,4.875],"rotation":180,"texture":"#2"},"down":{"uv":[10.7375,5.25,10.375,4.875],"texture":"#2"}}},{"from":[7.275,5.5,6.5],"to":[8.725,11.5,9.5],"rotation":{"angle":0,"axis":"y","origin":[8,6,8]},"faces":{"north":{"uv":[5.8625,4.75,5.5,6.25],"texture":"#2"},"east":{"uv":[7,0,5.5,0.75],"rotation":270,"texture":"#2"},"south":{"uv":[5.8625,3.5,5.5,2],"rotation":180,"texture":"#2"},"west":{"uv":[0.5,5,2,5.75],"rotation":90,"texture":"#2"},"up":{"uv":[0.5,7.75,0.875,8.5],"rotation":180,"texture":"#2"},"down":{"uv":[5.5,7.5,5.875,8.25],"texture":"#2"}}},{"from":[6.5,9.5,6],"to":[9.5,10.5,10],"rotation":{"angle":0,"axis":"y","origin":[6.5,9.5,7]},"faces":{"north":{"uv":[8.125,9.375,7.375,9.625],"texture":"#2"},"east":{"uv":[7.5,9.625,6.5,9.875],"texture":"#2"},"south":{"uv":[7.375,9.375,8.125,9.625],"texture":"#2"},"west":{"uv":[6.5,9.625,7.5,9.875],"texture":"#2"},"up":{"uv":[7.375,8.375,8.125,9.375],"texture":"#2"},"down":{"uv":[6.625,8.625,7.375,9.625],"texture":"#2"}}},{"from":[9.67439,12.27029,7.2625],"to":[11.17439,16.27029,8.7125],"rotation":{"angle":-45,"axis":"z","origin":[6.9875,14.03756,8]},"faces":{"north":{"uv":[10.875,5.25,9.875,5.625],"rotation":270,"texture":"#2"},"east":{"uv":[10,3.875,10.3625,4.875],"texture":"#2"},"south":{"uv":[9.875,5.25,10.875,5.625],"rotation":90,"texture":"#2"},"west":{"uv":[10.375,3.875,10.7375,4.875],"rotation":180,"texture":"#2"},"up":{"uv":[10.7375,5.25,10.375,4.875],"rotation":270,"texture":"#2"},"down":{"uv":[10.3625,5.25,10,4.875],"rotation":270,"texture":"#2"}}},{"from":[9.17074,11.02974,7.2375],"to":[10.67074,15.02974,8.7375],"rotation":{"angle":22.5,"axis":"z","origin":[6.9875,14.03756,8]},"faces":{"north":{"uv":[9.875,5.25,10.875,5.625],"rotation":270,"texture":"#2"},"east":{"uv":[10,4.875,10.3625,3.875],"texture":"#2"},"south":{"uv":[10.875,5.25,9.875,5.625],"rotation":90,"texture":"#2"},"west":{"uv":[10.375,4.875,10.7375,3.875],"rotation":180,"texture":"#2"},"up":{"uv":[10.3625,4.875,10,5.25],"rotation":90,"texture":"#2"},"down":{"uv":[10.7375,4.875,10.375,5.25],"rotation":90,"texture":"#2"}}},{"from":[6.59638,16.52383,7.0125],"to":[7.59638,19.52383,9.0125],"rotation":{"angle":-45,"axis":"z","origin":[6.9875,14.03756,8]},"faces":{"north":{"uv":[7.75,2.75,8.5,3],"rotation":90,"texture":"#2"},"east":{"uv":[3,7,2.5,7.75],"rotation":180,"texture":"#2"},"south":{"uv":[2,7.75,2.75,8],"rotation":270,"texture":"#2"},"west":{"uv":[2.5,7.75,2,7],"texture":"#2"},"up":{"uv":[6.75,3,7.25,3.25],"rotation":270,"texture":"#2"},"down":{"uv":[8.5,2,9,2.25],"rotation":270,"texture":"#2"}}},{"from":[3.50123,13.42868,7.0125],"to":[6.50123,14.42868,9.0125],"rotation":{"angle":-45,"axis":"z","origin":[8.9875,14.03756,8]},"faces":{"north":{"uv":[8.5,2.75,7.75,3],"texture":"#2"},"east":{"uv":[9,2,8.5,2.25],"texture":"#2"},"south":{"uv":[2.75,7.75,2,8],"texture":"#2"},"west":{"uv":[7.25,3,6.75,3.25],"texture":"#2"},"up":{"uv":[2.5,7,2,7.75],"rotation":90,"texture":"#2"},"down":{"uv":[3,7.75,2.5,7],"rotation":270,"texture":"#2"}}},{"from":[5.30426,11.02974,7.2375],"to":[6.80426,15.02974,8.7375],"rotation":{"angle":-22.5,"axis":"z","origin":[8.9875,14.03756,8]},"faces":{"north":{"uv":[9.875,5.625,10.875,5.25],"rotation":270,"texture":"#2"},"east":{"uv":[10.7375,4.875,10.375,3.875],"rotation":180,"texture":"#2"},"south":{"uv":[10.875,5.625,9.875,5.25],"rotation":90,"texture":"#2"},"west":{"uv":[10.3625,4.875,10,3.875],"texture":"#2"},"up":{"uv":[10.3625,5.25,10,4.875],"rotation":90,"texture":"#2"},"down":{"uv":[10.7375,5.25,10.375,4.875],"rotation":90,"texture":"#2"}}},{"from":[4.80061,12.27029,7.2625],"to":[6.30061,16.27029,8.7125],"rotation":{"angle":45,"axis":"z","origin":[8.9875,14.03756,8]},"faces":{"north":{"uv":[10.875,5.625,9.875,5.25],"rotation":270,"texture":"#2"},"east":{"uv":[10.7375,3.875,10.375,4.875],"rotation":180,"texture":"#2"},"south":{"uv":[9.875,5.625,10.875,5.25],"rotation":90,"texture":"#2"},"west":{"uv":[10.3625,3.875,10,4.875],"texture":"#2"},"up":{"uv":[10.7375,4.875,10.375,5.25],"rotation":270,"texture":"#2"},"down":{"uv":[10.3625,4.875,10,5.25],"rotation":270,"texture":"#2"}}}],"gui_light":"front","display":{"thirdperson_righthand":{"translation":[0,5.25,1.75],"scale":[0.74414,0.74414,0.74414]},"thirdperson_lefthand":{"translation":[0,5.25,1.75],"scale":[0.74414,0.74414,0.74414]},"firstperson_righthand":{"rotation":[-9,0,0],"translation":[10.25,-1.25,-13],"scale":[0.75,0.75,0.75]},"firstperson_lefthand":{"rotation":[-9,0,0],"translation":[10.25,-1.25,-13],"scale":[0.75,0.75,0.75]},"ground":{"rotation":[45,0,0],"translation":[0,2.75,0],"scale":[0.5,0.5,0.5]},"gui":{"rotation":[90,45,-90],"translation":[0.75,0.75,0],"scale":[0.65,0.65,0.65]},"head":{"scale":[0,0,0]},"fixed":{"rotation":[90,90,-90],"translation":[-0.25,16.25,-3.38],"scale":[2.22657,2.22657,2.22657]}}}