{"credit":"Made with Blockbench","texture_size":[64,64],"textures":{"1":"elitecreatures:ginger_bread_gear/gingerbread_animation01","2":"elitecreatures:ginger_bread_gear/gingerbread_texture1","particle":"elitecreatures:ginger_bread_gear/gingerbread_texture1"},"elements":[{"from":[6.5,7,5],"to":[9.5,12,10],"rotation":{"angle":45,"axis":"x","origin":[7.5,9,8]},"faces":{"north":{"uv":[0.5,5.75,1.25,7],"texture":"#2"},"east":{"uv":[3.25,5,4.5,6.25],"texture":"#2"},"south":{"uv":[1.25,5.75,2,7],"texture":"#2"},"west":{"uv":[5.5,0.75,6.75,2],"texture":"#2"},"up":{"uv":[2.75,7,2,5.75],"texture":"#2"},"down":{"uv":[6.75,2,6,3.25],"texture":"#2"}}},{"from":[7.25,6.8,8.8],"to":[8.75,8.3,12.8],"rotation":{"angle":22.5,"axis":"x","origin":[7.5,7.3,8.7]},"faces":{"north":{"uv":[8.25,3,8.625,3.375],"texture":"#2"},"east":{"uv":[3,7,4,7.375],"texture":"#2"},"south":{"uv":[8.25,3.5,8.625,3.875],"texture":"#2"},"west":{"uv":[7.25,2.25,8.25,2.625],"texture":"#2"},"up":{"uv":[6.375,8,6,7],"texture":"#2"},"down":{"uv":[7.625,2.75,7.25,3.75],"texture":"#2"}}},{"from":[8,6.8,12.8],"to":[8,8.3,14.8],"rotation":{"angle":22.5,"axis":"x","origin":[7.5,7.3,8.7]},"faces":{"north":{"uv":[0,0,0,0.375],"texture":"#2"},"east":{"uv":[7.75,3,8.25,3.375],"texture":"#2"},"south":{"uv":[0,0,0,0.375],"texture":"#2"},"west":{"uv":[7.75,3.5,8.25,3.875],"texture":"#2"},"up":{"uv":[0,0.5,0,0],"texture":"#2"},"down":{"uv":[0,0,0,0.5],"texture":"#2"}}},{"from":[7.25,6.8,3.2],"to":[8.75,8.3,7.2],"rotation":{"angle":-22.5,"axis":"x","origin":[7.5,7.3,7.3]},"faces":{"north":{"uv":[5,8.5,5.375,8.875],"texture":"#2"},"east":{"uv":[7.25,4.5,8.25,4.875],"texture":"#2"},"south":{"uv":[6,8.5,6.375,8.875],"texture":"#2"},"west":{"uv":[3,7.5,4,7.875],"texture":"#2"},"up":{"uv":[4.375,8.5,4,7.5],"texture":"#2"},"down":{"uv":[5.375,7.5,5,8.5],"texture":"#2"}}},{"from":[8,6.8,1.2],"to":[8,8.3,3.2],"rotation":{"angle":-22.5,"axis":"x","origin":[7.5,7.3,7.3]},"faces":{"north":{"uv":[0,0,0,0.375],"texture":"#2"},"east":{"uv":[7.75,4,8.25,4.375],"texture":"#2"},"south":{"uv":[0,0,0,0.375],"texture":"#2"},"west":{"uv":[7.75,5,8.25,5.375],"texture":"#2"},"up":{"uv":[0,0.5,0,0],"texture":"#2"},"down":{"uv":[0,0,0,0.5],"texture":"#2"}}},{"from":[7,1.5,6.5],"to":[9,2.5,9.5],"rotation":{"angle":0,"axis":"y","origin":[8,3.5,8.5]},"faces":{"north":{"uv":[6.75,3,7.25,3.25],"texture":"#2"},"east":{"uv":[2,7.75,2.75,8],"texture":"#2"},"south":{"uv":[8.5,2,9,2.25],"texture":"#2"},"west":{"uv":[7.75,2.75,8.5,3],"texture":"#2"},"up":{"uv":[2.5,7.75,2,7],"texture":"#2"},"down":{"uv":[3,7,2.5,7.75],"texture":"#2"}}},{"from":[7,4,5.5],"to":[9,6,10.5],"rotation":{"angle":0,"axis":"y","origin":[8,6,8.5]},"faces":{"north":{"uv":[1,7.75,1.5,8.25],"texture":"#2"},"east":{"uv":[6,3.25,7.25,3.75],"texture":"#2"},"south":{"uv":[1.5,7.75,2,8.25],"texture":"#2"},"west":{"uv":[6,3.75,7.25,4.25],"texture":"#2"},"up":{"uv":[3.25,7,2.75,5.75],"texture":"#2"},"down":{"uv":[6.5,4.25,6,5.5],"texture":"#2"}}},{"from":[7.275,2.5,6.5],"to":[8.725,13.5,9.5],"rotation":{"angle":0,"axis":"y","origin":[8,8,8]},"faces":{"north":{"uv":[5.875,4.75,5.5,2],"rotation":180,"texture":"#2"},"east":{"uv":[0.5,5,3.25,5.75],"rotation":90,"texture":"#2"},"south":{"uv":[5.875,4.75,5.5,7.5],"texture":"#2"},"west":{"uv":[5.5,0,8.25,0.75],"rotation":270,"texture":"#2"},"up":{"uv":[0.5,7.75,0.875,8.5],"texture":"#2"},"down":{"uv":[5.5,7.5,5.875,8.25],"rotation":180,"texture":"#2"}}},{"from":[7,-8,6.5],"to":[9,-5,9.5],"rotation":{"angle":45,"axis":"x","origin":[8,-6.5,8]},"faces":{"north":{"uv":[6.75,2.25,7.25,3],"texture":"#2"},"east":{"uv":[6,5.5,6.75,6.25],"texture":"#2"},"south":{"uv":[0.5,7,1,7.75],"texture":"#2"},"west":{"uv":[3.25,6.25,4,7],"texture":"#2"},"up":{"uv":[1.5,7.75,1,7],"texture":"#2"},"down":{"uv":[2,7,1.5,7.75],"texture":"#2"}}},{"from":[7.5,-6,7],"to":[8.5,2,9],"rotation":{"angle":0,"axis":"y","origin":[0,2,0]},"faces":{"north":{"uv":[4.5,9.25,4.75,11.25],"texture":"#2"},"east":{"uv":[0,9.25,0.5,11.25],"texture":"#2"},"south":{"uv":[4.75,9.25,5,11.25],"texture":"#2"},"west":{"uv":[5,4.25,5.5,6.25],"texture":"#2"},"up":{"uv":[6.75,7.5,6.5,7],"texture":"#2"},"down":{"uv":[6.75,7.5,6.5,8],"texture":"#2"}}},{"from":[7.25,8.3431,8.34828],"to":[8.75,9.8431,13.34828],"rotation":{"angle":0,"axis":"y","origin":[8,9.63485,12.48486]},"faces":{"north":{"uv":[7.75,5.875,8.125,5.5],"texture":"#2"},"east":{"uv":[6.5,5.375,7.75,5],"texture":"#2"},"south":{"uv":[7.75,6.375,8.125,6],"texture":"#2"},"west":{"uv":[6.75,1.125,8,0.75],"texture":"#2"},"up":{"uv":[5.375,7.5,5,6.25],"texture":"#2"},"down":{"uv":[4.375,6.25,4,7.5],"texture":"#2"}}},{"from":[7.275,9.35277,12.50902],"to":[8.725,10.85277,14.00902],"rotation":{"angle":45,"axis":"x","origin":[8,9.63485,12.48486]},"faces":{"north":{"uv":[8.375,1.625,8,1.25],"rotation":180,"texture":"#2"},"east":{"uv":[8.125,7,7.75,7.375],"rotation":270,"texture":"#2"},"south":{"uv":[8.375,0.75,8,1.125],"texture":"#2"},"west":{"uv":[8.125,7.5,7.75,7.875],"rotation":90,"texture":"#2"},"up":{"uv":[7.25,8.125,7.625,7.75],"texture":"#2"},"down":{"uv":[7.75,6.875,8.125,6.5],"rotation":180,"texture":"#2"}}},{"from":[7.3,9.43911,12.92402],"to":[8.7,10.93911,14.42402],"rotation":{"angle":0,"axis":"y","origin":[8,9.63485,12.48486]},"faces":{"north":{"uv":[8,2.125,8.375,1.75],"texture":"#2"},"east":{"uv":[2,8.375,2.375,8],"texture":"#2"},"south":{"uv":[2.5,8.375,2.875,8],"texture":"#2"},"west":{"uv":[3,8.375,3.375,8],"texture":"#2"},"up":{"uv":[6.375,8.375,6,8],"texture":"#2"},"down":{"uv":[3.875,8,3.5,8.375],"texture":"#2"}}},{"from":[7.325,10.42517,11.42626],"to":[8.675,11.92517,12.92626],"rotation":{"angle":45,"axis":"x","origin":[8,9.63485,12.48486]},"faces":{"north":{"uv":[8.625,2.625,8.25,2.25],"rotation":180,"texture":"#2"},"east":{"uv":[8.125,8,7.75,8.375],"rotation":270,"texture":"#2"},"south":{"uv":[1.875,8.25,1.5,8.625],"texture":"#2"},"west":{"uv":[1.375,8.25,1,8.625],"rotation":90,"texture":"#2"},"up":{"uv":[8.25,0.375,8.625,0],"texture":"#2"},"down":{"uv":[6.5,8.375,6.875,8],"rotation":180,"texture":"#2"}}},{"from":[7.25,8.3431,2.65172],"to":[8.75,9.8431,7.65172],"rotation":{"angle":0,"axis":"y","origin":[8,9.63485,3.51514]},"faces":{"north":{"uv":[3.5,8.875,3.875,8.5],"texture":"#2"},"east":{"uv":[6.75,1.625,8,1.25],"texture":"#2"},"south":{"uv":[4,8.875,4.375,8.5],"texture":"#2"},"west":{"uv":[6.75,2.125,8,1.75],"texture":"#2"},"up":{"uv":[7.125,8,6.75,6.75],"texture":"#2"},"down":{"uv":[7.125,5.5,6.75,6.75],"texture":"#2"}}},{"from":[7.275,8.1107,2.29722],"to":[8.725,9.6107,3.79722],"rotation":{"angle":45,"axis":"x","origin":[8,9.63485,3.51514]},"faces":{"north":{"uv":[8.5,0.875,8.875,0.5],"texture":"#2"},"east":{"uv":[8.5,1.375,8.875,1],"texture":"#2"},"south":{"uv":[8.5,1.875,8.875,1.5],"texture":"#2"},"west":{"uv":[2,8.875,2.375,8.5],"texture":"#2"},"up":{"uv":[3.375,8.875,3,8.5],"texture":"#2"},"down":{"uv":[2.875,8.5,2.5,8.875],"texture":"#2"}}},{"from":[7.3,9.43911,1.57598],"to":[8.7,10.93911,3.07598],"rotation":{"angle":0,"axis":"y","origin":[8,9.63485,3.51514]},"faces":{"north":{"uv":[8.25,6.875,8.625,6.5],"texture":"#2"},"east":{"uv":[7,8.625,7.375,8.25],"texture":"#2"},"south":{"uv":[8.25,7.375,8.625,7],"texture":"#2"},"west":{"uv":[8.25,7.875,8.625,7.5],"texture":"#2"},"up":{"uv":[0.875,8.875,0.5,8.5],"texture":"#2"},"down":{"uv":[8.625,8,8.25,8.375],"texture":"#2"}}},{"from":[7.325,9.19345,1.22482],"to":[8.675,10.69345,2.72482],"rotation":{"angle":45,"axis":"x","origin":[8,9.63485,3.51514]},"faces":{"north":{"uv":[8.25,4.375,8.625,4],"texture":"#2"},"east":{"uv":[8.25,4.875,8.625,4.5],"texture":"#2"},"south":{"uv":[8.25,5.375,8.625,5],"texture":"#2"},"west":{"uv":[5.5,8.625,5.875,8.25],"texture":"#2"},"up":{"uv":[8.625,6.375,8.25,6],"texture":"#2"},"down":{"uv":[8.625,5.5,8.25,5.875],"texture":"#2"}}},{"from":[7.9,2,8.5],"to":[7.9,8,12.5],"rotation":{"angle":0,"axis":"y","origin":[6.875,4,13]},"faces":{"north":{"uv":[0,0,0,1.5],"texture":"#1"},"east":{"uv":[0,0,8,12],"texture":"#1"},"south":{"uv":[0,0,0,1.5],"texture":"#1"},"west":{"uv":[8,0,0,12],"texture":"#1"},"up":{"uv":[0,0,0,1],"texture":"#1"},"down":{"uv":[0,1,0,0],"texture":"#1"}}},{"from":[7.9,2,3.5],"to":[7.9,8,7.5],"rotation":{"angle":0,"axis":"y","origin":[6.875,4,3]},"faces":{"north":{"uv":[0,0,0,1.5],"texture":"#1"},"east":{"uv":[8,0,0,12],"texture":"#1"},"south":{"uv":[0,0,0,1.5],"texture":"#1"},"west":{"uv":[0,0,8,12],"texture":"#1"},"up":{"uv":[0,1,0,0],"texture":"#1"},"down":{"uv":[0,0,0,1],"texture":"#1"}}},{"from":[7,10.5,8],"to":[9,12.5,12],"rotation":{"angle":-22.5,"axis":"x","origin":[8,11.5,10]},"faces":{"north":{"uv":[9.625,0.5,10.125,1],"texture":"#2"},"east":{"uv":[10.625,0,9.625,0.5],"texture":"#2"},"south":{"uv":[10.125,0.5,10.625,1],"texture":"#2"},"west":{"uv":[9.625,0,10.625,0.5],"texture":"#2"},"up":{"uv":[8.625,0,9.125,1],"texture":"#2"},"down":{"uv":[9.125,0,9.625,1],"texture":"#2"}}},{"from":[7,10.5,4],"to":[9,12.5,8],"rotation":{"angle":22.5,"axis":"x","origin":[8,11.5,6]},"faces":{"north":{"uv":[10.625,0.5,10.125,1],"texture":"#2"},"east":{"uv":[9.625,0,10.625,0.5],"texture":"#2"},"south":{"uv":[10.125,0.5,9.625,1],"texture":"#2"},"west":{"uv":[10.625,0,9.625,0.5],"texture":"#2"},"up":{"uv":[8.625,1,9.125,0],"texture":"#2"},"down":{"uv":[9.125,1,9.625,0],"texture":"#2"}}},{"from":[7.75,12,5.5],"to":[8.25,18,10.5],"faces":{"north":{"uv":[9.875,3.625,10,5.125],"texture":"#2"},"east":{"uv":[9.875,5.25,8.625,6.75],"texture":"#2"},"south":{"uv":[9.75,3.625,9.875,5.125],"texture":"#2"},"west":{"uv":[8.625,5.25,9.875,6.75],"texture":"#2"},"up":{"uv":[9.875,2.375,10,3.625],"texture":"#2"},"down":{"uv":[9.75,2.375,9.875,3.625],"texture":"#2"}}},{"from":[8,18,5.5],"to":[8,19,10.5],"faces":{"east":{"uv":[8.625,6.75,9.875,7],"texture":"#2"},"west":{"uv":[8.625,6.75,9.875,7],"texture":"#2"}}}],"gui_light":"front","display":{"thirdperson_righthand":{"translation":[0,5.25,1.75],"scale":[0.74414,0.74414,0.74414]},"thirdperson_lefthand":{"translation":[0,5.25,1.75],"scale":[0.74414,0.74414,0.74414]},"firstperson_righthand":{"rotation":[-6,0,0],"translation":[10.25,-1.25,-13],"scale":[0.75,0.75,0.75]},"firstperson_lefthand":{"rotation":[-6,0,0],"translation":[10.25,-1.25,-13],"scale":[0.75,0.75,0.75]},"ground":{"rotation":[45,0,0],"translation":[0,2.75,1],"scale":[0.5,0.5,0.5]},"gui":{"rotation":[90,45,-90],"translation":[1,1,0],"scale":[0.64883,0.64883,0.64883]},"head":{"scale":[0,0,0]},"fixed":{"rotation":[90,90,-90],"translation":[-0.25,16.25,-3.38],"scale":[2.22657,2.22657,2.22657]}}}