{"credit":"MadewithBlockbench","texture_size":[64,64],"textures":{"1":"elitecreatures:carnivoret_weapon_set/hoe"},"elements":[{"from":[7.125,-5.375,7.125],"to":[8.875,-4.125,8.875],"rotation":{"angle":0,"axis":"y","origin":[8,-4.99179,8]},"faces":{"north":{"uv":[7.75,2.25,8.25,2.625],"texture":"#1"},"east":{"uv":[2.75,7.75,3.25,8.125],"texture":"#1"},"south":{"uv":[7.75,2.75,8.25,3.125],"texture":"#1"},"west":{"uv":[3.25,7.75,3.75,8.125],"texture":"#1"},"up":{"uv":[7.5,7,7,6.5],"texture":"#1"},"down":{"uv":[7.5,7,7,7.5],"texture":"#1"}}},{"from":[7.325,-4.32859,6.29187],"to":[8.675,-1.17859,7.64187],"rotation":{"angle":-22.5,"axis":"x","origin":[8,-1.26041,7.9]},"faces":{"north":{"uv":[6.5,6.25,6.875,7],"texture":"#1"},"east":{"uv":[7,0,7.375,0.75],"texture":"#1"},"south":{"uv":[7,0.75,7.375,1.5],"texture":"#1"},"west":{"uv":[7,1.5,7.375,2.25],"texture":"#1"},"up":{"uv":[8.625,6.375,8.25,6],"texture":"#1"},"down":{"uv":[8.625,6.5,8.25,6.875],"texture":"#1"}}},{"from":[7.325,-0.57256,7.08861],"to":[8.675,2.77744,8.43861],"rotation":{"angle":-22.5,"axis":"x","origin":[8,2.69562,8.69674]},"faces":{"north":{"uv":[2,6.25,2.375,7.125],"texture":"#1"},"east":{"uv":[2.5,6.25,2.875,7.125],"texture":"#1"},"south":{"uv":[3,6.25,3.375,7.125],"texture":"#1"},"west":{"uv":[3.5,6.25,3.875,7.125],"texture":"#1"},"up":{"uv":[0.875,8.875,0.5,8.5],"texture":"#1"},"down":{"uv":[8.875,1,8.5,1.375],"texture":"#1"}}},{"from":[7.325,-2.52523,8.78992],"to":[8.675,-0.95023,11.03992],"rotation":{"angle":-22.5,"axis":"x","origin":[8,-4.03205,9.04805]},"faces":{"north":{"uv":[8.25,8.25,8.625,8.625],"texture":"#1"},"east":{"uv":[7.5,0,8.125,0.375],"texture":"#1"},"south":{"uv":[8.5,0,8.875,0.375],"texture":"#1"},"west":{"uv":[7.5,0.5,8.125,0.875],"texture":"#1"},"up":{"uv":[7.875,1.625,7.5,1],"texture":"#1"},"down":{"uv":[7.875,3.25,7.5,3.875],"texture":"#1"}}},{"from":[7,-5.91276,7.42097],"to":[9,-4.41276,8.92097],"rotation":{"angle":45,"axis":"x","origin":[8,-4.99179,8]},"faces":{"north":{"uv":[3.75,7.75,4.25,8.125],"texture":"#1"},"east":{"uv":[6.75,8.25,7.125,8.625],"texture":"#1"},"south":{"uv":[4.25,7.75,4.75,8.125],"texture":"#1"},"west":{"uv":[8.25,7.75,8.625,8.125],"texture":"#1"},"up":{"uv":[8.25,4.875,7.75,4.5],"texture":"#1"},"down":{"uv":[8.25,5,7.75,5.375],"texture":"#1"}}},{"from":[7.125,0.70314,7.43854],"to":[8.875,2.25314,8.98854],"rotation":{"angle":45,"axis":"x","origin":[8,1.70654,8]},"faces":{"north":{"uv":[8,1,8.5,1.375],"texture":"#1"},"east":{"uv":[4.75,8.5,5.125,8.875],"texture":"#1"},"south":{"uv":[8,3.25,8.5,3.625],"texture":"#1"},"west":{"uv":[8.5,4.75,8.875,5.125],"texture":"#1"},"up":{"uv":[5.25,8.375,4.75,8],"texture":"#1"},"down":{"uv":[5.75,8,5.25,8.375],"texture":"#1"}}},{"from":[7.025,1.39404,6.83551],"to":[8.975,2.64404,9.18551],"rotation":{"angle":0,"axis":"y","origin":[8,1.70654,8]},"faces":{"north":{"uv":[8,7.25,8.5,7.625],"texture":"#1"},"east":{"uv":[7.5,6.25,8.125,6.625],"texture":"#1"},"south":{"uv":[7.5,8,8,8.375],"texture":"#1"},"west":{"uv":[7.5,6.75,8.125,7.125],"texture":"#1"},"up":{"uv":[7,6.125,6.5,5.5],"texture":"#1"},"down":{"uv":[6.5,6.5,6,7.125],"texture":"#1"}}},{"from":[6.775,2.64404,6.58551],"to":[9.225,5.14404,9.43551],"rotation":{"angle":0,"axis":"y","origin":[8,-0.04346,8]},"faces":{"north":{"uv":[3.5,5.5,4.125,6.125],"texture":"#1"},"east":{"uv":[0.5,5.5,1.25,6.125],"texture":"#1"},"south":{"uv":[4.25,5.5,4.875,6.125],"texture":"#1"},"west":{"uv":[1.25,5.5,2,6.125],"texture":"#1"},"up":{"uv":[2.625,6.25,2,5.5],"texture":"#1"},"down":{"uv":[3.375,5.5,2.75,6.25],"texture":"#1"}}},{"from":[6.775,2.64404,4.98551],"to":[9.225,4.14404,6.58551],"rotation":{"angle":0,"axis":"y","origin":[8,-0.04346,9.15]},"faces":{"north":{"uv":[7.5,1.75,8.125,2.125],"texture":"#1"},"east":{"uv":[8.5,1.5,8.875,1.875],"texture":"#1"},"south":{"uv":[7.5,4,8.125,4.375],"texture":"#1"},"west":{"uv":[2,8.5,2.375,8.875],"texture":"#1"},"up":{"uv":[5.625,7.875,5,7.5],"texture":"#1"},"down":{"uv":[8.125,5.75,7.5,6.125],"texture":"#1"}}},{"from":[7.09595,2.00246,5.09511],"to":[8.90405,3.10946,6.97591],"rotation":{"angle":0,"axis":"y","origin":[8,2.22796,5.85751]},"faces":{"north":{"uv":[7.75,5.5,8.25,5.75],"texture":"#1"},"east":{"uv":[8.5,0.5,9,0.75],"texture":"#1"},"south":{"uv":[8.75,8.5,9.25,8.75],"texture":"#1"},"west":{"uv":[8.75,8.75,9.25,9],"texture":"#1"},"up":{"uv":[1,7.75,0.5,7.25],"texture":"#1"},"down":{"uv":[2.5,7.25,2,7.75],"texture":"#1"}}},{"from":[6.88525,1.31154,5.05751],"to":[9.11475,2.67654,5.05751],"rotation":{"angle":0,"axis":"y","origin":[8,0.58592,8.8472]},"faces":{"north":{"uv":[6,7.75,6.5,8.125],"texture":"#1"},"east":{"uv":[0,0,0,0.375],"texture":"#1"},"south":{"uv":[6.5,7.75,7,8.125],"texture":"#1"},"west":{"uv":[0,0,0,0.375],"texture":"#1"},"up":{"uv":[0.5,0,0,0],"texture":"#1"},"down":{"uv":[0.5,0,0,0],"texture":"#1"}}},{"from":[6.88525,1.31154,5.05751],"to":[6.88525,2.67654,6.51351],"rotation":{"angle":0,"axis":"y","origin":[8,0.58592,8.8472]},"faces":{"north":{"uv":[0,0,0,0.375],"texture":"#1"},"east":{"uv":[8.5,3.25,8.875,3.625],"texture":"#1"},"south":{"uv":[0,0,0,0.375],"texture":"#1"},"west":{"uv":[8.5,4.25,8.875,4.625],"texture":"#1"},"up":{"uv":[0,0.375,0,0],"texture":"#1"},"down":{"uv":[0,0,0,0.375],"texture":"#1"}}},{"from":[8.88525,1.31154,5.05751],"to":[9.11475,2.67654,6.51351],"rotation":{"angle":0,"axis":"y","origin":[8,0.58592,8.8472]},"faces":{"north":{"uv":[9,7,9.125,7.375],"texture":"#1"},"east":{"uv":[8.5,2,8.875,2.375],"texture":"#1"},"south":{"uv":[7.25,9,7.375,9.375],"texture":"#1"},"west":{"uv":[8.5,2.5,8.875,2.875],"texture":"#1"},"up":{"uv":[7.625,9.375,7.5,9],"texture":"#1"},"down":{"uv":[7.875,9,7.75,9.375],"texture":"#1"}}},{"from":[6.075,3.89404,7.58551],"to":[6.775,6.14404,8.43551],"rotation":{"angle":0,"axis":"y","origin":[6.425,5.01904,8.01051]},"faces":{"north":{"uv":[3.5,9,3.625,9.625],"texture":"#1"},"east":{"uv":[4.25,8.25,4.5,8.875],"texture":"#1"},"south":{"uv":[4.25,9,4.375,9.625],"texture":"#1"},"west":{"uv":[8.25,4.25,8.5,4.875],"texture":"#1"},"up":{"uv":[9.375,0.75,9.25,0.5],"texture":"#1"},"down":{"uv":[9.375,0.75,9.25,1],"texture":"#1"}}},{"from":[9.225,3.89404,7.58551],"to":[9.925,6.14404,8.43551],"rotation":{"angle":0,"axis":"y","origin":[9.575,5.01904,8.01051]},"faces":{"north":{"uv":[9,4.25,9.125,4.875],"texture":"#1"},"east":{"uv":[4.5,8.25,4.75,8.875],"texture":"#1"},"south":{"uv":[4.5,9,4.625,9.625],"texture":"#1"},"west":{"uv":[8.25,5,8.5,5.625],"texture":"#1"},"up":{"uv":[9.375,1.25,9.25,1],"texture":"#1"},"down":{"uv":[9.375,1.25,9.25,1.5],"texture":"#1"}}},{"from":[7.425,16.65,5.7],"to":[8.575,17.95,7.7],"rotation":{"angle":0,"axis":"y","origin":[8,14.63694,4.93978]},"faces":{"north":{"uv":[0.5,9,0.75,9.375],"texture":"#1"},"east":{"uv":[3.75,8.25,4.25,8.625],"texture":"#1"},"south":{"uv":[9,0.5,9.25,0.875],"texture":"#1"},"west":{"uv":[8.25,3.75,8.75,4.125],"texture":"#1"},"up":{"uv":[7.25,9.25,7,8.75],"texture":"#1"},"down":{"uv":[9.25,0,9,0.5],"texture":"#1"}}},{"from":[7.45,17.50036,3.15319],"to":[8.55,18.92536,4.55319],"rotation":{"angle":45,"axis":"x","origin":[8,14.63694,4.93978]},"faces":{"north":{"uv":[0.75,9,1,9.375],"texture":"#1"},"east":{"uv":[6,8.5,6.375,8.875],"texture":"#1"},"south":{"uv":[1,9,1.25,9.375],"texture":"#1"},"west":{"uv":[8.5,7,8.875,7.375],"texture":"#1"},"up":{"uv":[9.25,1.375,9,1],"texture":"#1"},"down":{"uv":[1.5,9,1.25,9.375],"texture":"#1"}}},{"from":[7.45,16.61648,4.03707],"to":[8.55,18.04148,5.43707],"rotation":{"angle":45,"axis":"x","origin":[8,14.63694,4.93978]},"faces":{"north":{"uv":[1.5,9,1.75,9.375],"texture":"#1"},"east":{"uv":[7.25,8.5,7.625,8.875],"texture":"#1"},"south":{"uv":[9,1.5,9.25,1.875],"texture":"#1"},"west":{"uv":[7.75,8.5,8.125,8.875],"texture":"#1"},"up":{"uv":[2,9.375,1.75,9],"texture":"#1"},"down":{"uv":[2.25,9,2,9.375],"texture":"#1"}}},{"from":[7.6,13.73748,8.20378],"to":[8.4,14.98748,9.30378],"rotation":{"angle":-45,"axis":"x","origin":[8,14.63694,4.93978]},"faces":{"north":{"uv":[7.5,4.5,7.75,4.75],"texture":"#1"},"east":{"uv":[4.75,7.75,5,8],"texture":"#1"},"south":{"uv":[8,1.5,8.25,1.75],"texture":"#1"},"west":{"uv":[8,3.75,8.25,4],"texture":"#1"},"up":{"uv":[8.5,7.25,8.25,7],"texture":"#1"},"down":{"uv":[7.5,8.25,7.25,8.5],"texture":"#1"}}},{"from":[7.575,14.13674,7.66161],"to":[8.425,17.08674,8.66161],"rotation":{"angle":0,"axis":"y","origin":[8,14.63694,4.93978]},"faces":{"north":{"uv":[8,7.75,8.25,8.5],"texture":"#1"},"east":{"uv":[8.25,0,8.5,0.75],"texture":"#1"},"south":{"uv":[8.25,1.5,8.5,2.25],"texture":"#1"},"west":{"uv":[8.25,2.25,8.5,3],"texture":"#1"},"up":{"uv":[6.75,8.75,6.5,8.5],"texture":"#1"},"down":{"uv":[8.75,7.5,8.5,7.75],"texture":"#1"}}},{"from":[7.6,16.2268,3.06511],"to":[8.4,17.4768,4.16511],"rotation":{"angle":45,"axis":"x","origin":[8,14.63694,4.93978]},"faces":{"north":{"uv":[9,5,9.25,5.25],"texture":"#1"},"east":{"uv":[5.25,9,5.5,9.25],"texture":"#1"},"south":{"uv":[9,5.25,9.25,5.5],"texture":"#1"},"west":{"uv":[5.5,9,5.75,9.25],"texture":"#1"},"up":{"uv":[9.25,5.75,9,5.5],"texture":"#1"},"down":{"uv":[9.25,5.75,9,6],"texture":"#1"}}},{"from":[7.575,14.13674,4.73839],"to":[8.425,17.08674,5.73839],"rotation":{"angle":0,"axis":"y","origin":[8,14.63694,4.93978]},"faces":{"north":{"uv":[2.75,8.25,3,9],"texture":"#1"},"east":{"uv":[3,8.25,3.25,9],"texture":"#1"},"south":{"uv":[3.25,8.25,3.5,9],"texture":"#1"},"west":{"uv":[3.5,8.25,3.75,9],"texture":"#1"},"up":{"uv":[5,9.25,4.75,9],"texture":"#1"},"down":{"uv":[5.25,9,5,9.25],"texture":"#1"}}},{"from":[7.95,-13.94296,8.3],"to":[8.05,-2.94296,15.3],"rotation":{"angle":-22.5,"axis":"x","origin":[8,-8.44296,8]},"faces":{"north":{"uv":[1,6.25,1.125,9],"texture":"#1"},"east":{"uv":[5.25,0,7,2.75],"texture":"#1"},"south":{"uv":[1.25,6.25,1.375,9],"texture":"#1"},"west":{"uv":[5.25,2.75,7,5.5],"texture":"#1"},"up":{"uv":[5.875,9.25,5.75,7.5],"texture":"#1"},"down":{"uv":[2.625,7.75,2.5,9.5],"texture":"#1"}}},{"from":[7.975,7.47395,-9.74847],"to":[8.025,18.17395,11.15153],"rotation":{"angle":-22.5,"axis":"x","origin":[8,14.63694,4.93978]},"faces":{"north":{"uv":[1.5,6.25,1.625,8.875],"texture":"#1"},"east":{"uv":[5.25,2.75,0,5.375],"texture":"#1"},"south":{"uv":[1.75,6.25,1.875,8.875],"texture":"#1"},"west":{"uv":[0,2.75,5.25,5.375],"texture":"#1"},"up":{"uv":[0.125,10.75,0,5.5],"texture":"#1"},"down":{"uv":[0.375,5.5,0.25,10.75],"texture":"#1"}}},{"from":[7.15,5.15,7.15],"to":[8.85,8.65,8.85],"rotation":{"angle":0,"axis":"y","origin":[8,1.75,8]},"faces":{"north":{"uv":[4,6.25,4.375,7.125],"texture":"#1"},"east":{"uv":[4.5,6.25,4.875,7.125],"texture":"#1"},"south":{"uv":[5,6.5,5.375,7.375],"texture":"#1"},"west":{"uv":[5.5,6.5,5.875,7.375],"texture":"#1"},"up":{"uv":[4.125,9.125,3.75,8.75],"texture":"#1"},"down":{"uv":[9.125,3.75,8.75,4.125],"texture":"#1"}}},{"from":[7.15,10.15,7.15],"to":[8.85,14.35,8.85],"rotation":{"angle":0,"axis":"y","origin":[8,1.75,8]},"faces":{"north":{"uv":[5,5.5,5.375,6.5],"texture":"#1"},"east":{"uv":[5.5,5.5,5.875,6.5],"texture":"#1"},"south":{"uv":[6,5.5,6.375,6.5],"texture":"#1"},"west":{"uv":[0.5,6.25,0.875,7.25],"texture":"#1"},"up":{"uv":[9.125,6.375,8.75,6],"texture":"#1"},"down":{"uv":[6.875,8.75,6.5,9.125],"texture":"#1"}}},{"from":[7.75,13.4,4.7],"to":[8.25,14.8,7.5],"rotation":{"angle":0,"axis":"y","origin":[8,14.63694,4.93978]},"faces":{"north":{"uv":[8.75,6.5,9.125,6.875],"texture":"#1"},"east":{"uv":[7,2.25,7.75,2.625],"texture":"#1"},"south":{"uv":[8.75,7.5,9.125,7.875],"texture":"#1"},"west":{"uv":[7,2.75,7.75,3.125],"texture":"#1"},"up":{"uv":[7.375,4,7,3.25],"texture":"#1"},"down":{"uv":[7.375,4,7,4.75],"texture":"#1"}}},{"from":[7.85,13.68322,3.25776],"to":[8.15,14.78322,5.55776],"rotation":{"angle":45,"axis":"x","origin":[8,14.63694,4.93978]},"faces":{"north":{"uv":[3,9,3.375,9.25],"texture":"#1"},"east":{"uv":[8.25,0.75,8.875,1],"texture":"#1"},"south":{"uv":[9,3,9.375,3.25],"texture":"#1"},"west":{"uv":[8.25,3,8.875,3.25],"texture":"#1"},"up":{"uv":[7.375,8.125,7,7.5],"texture":"#1"},"down":{"uv":[7.875,7.25,7.5,7.875],"texture":"#1"}}},{"from":[7.4,8.65,7.4],"to":[8.6,10.15,8.6],"rotation":{"angle":0,"axis":"y","origin":[8,2.25,8]},"faces":{"north":{"uv":[9,2,9.25,2.375],"texture":"#1"},"east":{"uv":[2.25,9,2.5,9.375],"texture":"#1"},"south":{"uv":[9,2.5,9.25,2.875],"texture":"#1"},"west":{"uv":[2.75,9,3,9.375],"texture":"#1"},"up":{"uv":[6.25,9.25,6,9],"texture":"#1"},"down":{"uv":[6.5,9,6.25,9.25],"texture":"#1"}}},{"from":[7,13.8,7],"to":[9,15.8,9],"rotation":{"angle":45,"axis":"x","origin":[8,14.8,8]},"faces":{"north":{"uv":[2.5,7.25,3,7.75],"texture":"#1"},"east":{"uv":[3,7.25,3.5,7.75],"texture":"#1"},"south":{"uv":[3.5,7.25,4,7.75],"texture":"#1"},"west":{"uv":[4,7.25,4.5,7.75],"texture":"#1"},"up":{"uv":[5,7.75,4.5,7.25],"texture":"#1"},"down":{"uv":[6.5,7.25,6,7.75],"texture":"#1"}}}],"gui_light":"front","display":{"thirdperson_righthand":{"translation":[0,6.25,1.75],"scale":[0.9,0.9,0.9]},"thirdperson_lefthand":{"translation":[0,6.25,1.75],"scale":[0.9,0.9,0.9]},"firstperson_righthand":{"rotation":[6,0,0],"translation":[4,4,0],"scale":[0.49063,0.49063,0.49063]},"firstperson_lefthand":{"rotation":[6,0,0],"translation":[4,4,0],"scale":[0.49063,0.49063,0.49063]},"ground":{"rotation":[-45,0,0],"translation":[0,6,0],"scale":[0.6,0.6,0.6]},"gui":{"rotation":[90,45,-90],"translation":[1.25,0.5,0],"scale":[0.79742,0.79742,0.79742]},"head":{"scale":[0,0,0]},"fixed":{"rotation":[0,-90,0],"translation":[0,4.5,-1.75],"scale":[2,2,2]}},"mcmodels":"29c9e5452b99e06fb1769debb79b77e2"}