{"credit":"MadewithBlockbench","texture_size":[64,64],"textures":{"2":"elitecreatures:carnivoret_weapon_set/shovel","particle":"elitecreatures:carnivoret_weapon_set/shovel"},"elements":[{"from":[7.125,-5.375,7.125],"to":[8.875,-4.125,8.875],"rotation":{"angle":0,"axis":"y","origin":[8,-4.99179,8]},"faces":{"north":{"uv":[1.25,6.5,1.75,6.875],"texture":"#2"},"east":{"uv":[1.75,6.5,2.25,6.875],"texture":"#2"},"south":{"uv":[3,6.5,3.5,6.875],"texture":"#2"},"west":{"uv":[6.5,3,7,3.375],"texture":"#2"},"up":{"uv":[6.25,4.75,5.75,4.25],"texture":"#2"},"down":{"uv":[5.25,5.75,4.75,6.25],"texture":"#2"}}},{"from":[7.325,-4.32859,6.29187],"to":[8.675,-1.17859,7.64187],"rotation":{"angle":-22.5,"axis":"x","origin":[8,-1.26041,7.9]},"faces":{"north":{"uv":[5.5,1.75,5.875,2.5],"texture":"#2"},"east":{"uv":[3.5,5.5,3.875,6.25],"texture":"#2"},"south":{"uv":[0,5.75,0.375,6.5],"texture":"#2"},"west":{"uv":[5.75,0,6.125,0.75],"texture":"#2"},"up":{"uv":[4.625,7.375,4.25,7],"texture":"#2"},"down":{"uv":[7.375,4.75,7,5.125],"texture":"#2"}}},{"from":[7.325,-0.57256,7.08861],"to":[8.675,2.77744,8.43861],"rotation":{"angle":-22.5,"axis":"x","origin":[8,2.69562,8.69674]},"faces":{"north":{"uv":[4.75,3.75,5.125,4.625],"texture":"#2"},"east":{"uv":[4.75,4.75,5.125,5.625],"texture":"#2"},"south":{"uv":[5,1,5.375,1.875],"texture":"#2"},"west":{"uv":[5,2,5.375,2.875],"texture":"#2"},"up":{"uv":[0.875,7.625,0.5,7.25],"texture":"#2"},"down":{"uv":[7.625,0.5,7.25,0.875],"texture":"#2"}}},{"from":[7.325,-2.52523,8.78992],"to":[8.675,-0.95023,11.03992],"rotation":{"angle":-22.5,"axis":"x","origin":[8,-4.03205,9.04805]},"faces":{"north":{"uv":[7,7,7.375,7.375],"texture":"#2"},"east":{"uv":[6.25,0,6.875,0.375],"texture":"#2"},"south":{"uv":[0,7.25,0.375,7.625],"texture":"#2"},"west":{"uv":[0.5,6.25,1.125,6.625],"texture":"#2"},"up":{"uv":[2.625,6.875,2.25,6.25],"texture":"#2"},"down":{"uv":[6.625,2.25,6.25,2.875],"texture":"#2"}}},{"from":[7,-5.91276,7.42097],"to":[9,-4.41276,8.92097],"rotation":{"angle":45,"axis":"x","origin":[8,-4.99179,8]},"faces":{"north":{"uv":[4.25,6.5,4.75,6.875],"texture":"#2"},"east":{"uv":[6.25,7,6.625,7.375],"texture":"#2"},"south":{"uv":[0.5,6.75,1,7.125],"texture":"#2"},"west":{"uv":[7,6.5,7.375,6.875],"texture":"#2"},"up":{"uv":[7.25,0.875,6.75,0.5],"texture":"#2"},"down":{"uv":[7.25,1,6.75,1.375],"texture":"#2"}}},{"from":[7.125,0.70314,7.43854],"to":[8.875,2.25314,8.98854],"rotation":{"angle":45,"axis":"x","origin":[8,1.70654,8]},"faces":{"north":{"uv":[6.75,2.5,7.25,2.875],"texture":"#2"},"east":{"uv":[5.25,7.25,5.625,7.625],"texture":"#2"},"south":{"uv":[4.75,6.75,5.25,7.125],"texture":"#2"},"west":{"uv":[7.25,5.25,7.625,5.625],"texture":"#2"},"up":{"uv":[5.75,7.125,5.25,6.75],"texture":"#2"},"down":{"uv":[7.25,5.5,6.75,5.875],"texture":"#2"}}},{"from":[7.025,1.39404,6.83551],"to":[8.975,2.64404,9.18551],"rotation":{"angle":0,"axis":"y","origin":[8,1.70654,8]},"faces":{"north":{"uv":[5.75,6.75,6.25,7.125],"texture":"#2"},"east":{"uv":[6.25,5,6.875,5.375],"texture":"#2"},"south":{"uv":[6.75,6,7.25,6.375],"texture":"#2"},"west":{"uv":[5.5,6.25,6.125,6.625],"texture":"#2"},"up":{"uv":[5.75,5.625,5.25,5],"texture":"#2"},"down":{"uv":[6,1,5.5,1.625],"texture":"#2"}}},{"from":[6.775,2.64404,6.58551],"to":[9.225,5.14404,9.43551],"rotation":{"angle":0,"axis":"y","origin":[8,-0.04346,8]},"faces":{"north":{"uv":[4,1.5,4.625,2.125],"texture":"#2"},"east":{"uv":[3.5,3,4.25,3.625],"texture":"#2"},"south":{"uv":[4,2.25,4.625,2.875],"texture":"#2"},"west":{"uv":[3.5,3.75,4.25,4.375],"texture":"#2"},"up":{"uv":[4.625,0.75,4,0],"texture":"#2"},"down":{"uv":[4.625,0.75,4,1.5],"texture":"#2"}}},{"from":[6.775,2.64404,4.98551],"to":[9.225,4.14404,6.58551],"rotation":{"angle":0,"axis":"y","origin":[8,-0.04346,9.15]},"faces":{"north":{"uv":[6.25,3.5,6.875,3.875],"texture":"#2"},"east":{"uv":[7.25,1,7.625,1.375],"texture":"#2"},"south":{"uv":[6.25,4,6.875,4.375],"texture":"#2"},"west":{"uv":[7.25,1.5,7.625,1.875],"texture":"#2"},"up":{"uv":[6.875,4.875,6.25,4.5],"texture":"#2"},"down":{"uv":[5.375,6.25,4.75,6.625],"texture":"#2"}}},{"from":[7.09595,2.00246,5.09511],"to":[8.90405,3.10946,6.97591],"rotation":{"angle":0,"axis":"y","origin":[8,2.22796,5.85751]},"faces":{"north":{"uv":[7.25,3.5,7.75,3.75],"texture":"#2"},"east":{"uv":[7.5,7.25,8,7.5],"texture":"#2"},"south":{"uv":[0.5,7.75,1,8],"texture":"#2"},"west":{"uv":[7.75,0.5,8.25,0.75],"texture":"#2"},"up":{"uv":[6.25,5.25,5.75,4.75],"texture":"#2"},"down":{"uv":[5.75,5.75,5.25,6.25],"texture":"#2"}}},{"from":[6.88525,1.31154,5.05751],"to":[9.11475,2.67654,5.05751],"rotation":{"angle":0,"axis":"y","origin":[8,0.58592,8.8472]},"faces":{"north":{"uv":[6.75,1.5,7.25,1.875],"texture":"#2"},"east":{"uv":[0,0,0,0.375],"texture":"#2"},"south":{"uv":[6.75,2,7.25,2.375],"texture":"#2"},"west":{"uv":[0,0,0,0.375],"texture":"#2"},"up":{"uv":[0.5,0,0,0],"texture":"#2"},"down":{"uv":[0.5,0,0,0],"texture":"#2"}}},{"from":[6.88525,1.31154,5.05751],"to":[6.88525,2.67654,6.51351],"rotation":{"angle":0,"axis":"y","origin":[8,0.58592,8.8472]},"faces":{"north":{"uv":[0,0,0,0.375],"texture":"#2"},"east":{"uv":[7.25,3,7.625,3.375],"texture":"#2"},"south":{"uv":[0,0,0,0.375],"texture":"#2"},"west":{"uv":[4.75,7.25,5.125,7.625],"texture":"#2"},"up":{"uv":[0,0.375,0,0],"texture":"#2"},"down":{"uv":[0,0,0,0.375],"texture":"#2"}}},{"from":[8.88525,1.31154,5.05751],"to":[9.11475,2.67654,6.51351],"rotation":{"angle":0,"axis":"y","origin":[8,0.58592,8.8472]},"faces":{"north":{"uv":[1,8,1.125,8.375],"texture":"#2"},"east":{"uv":[7.25,2,7.625,2.375],"texture":"#2"},"south":{"uv":[8,1,8.125,1.375],"texture":"#2"},"west":{"uv":[7.25,2.5,7.625,2.875],"texture":"#2"},"up":{"uv":[8.125,1.875,8,1.5],"texture":"#2"},"down":{"uv":[8.125,2,8,2.375],"texture":"#2"}}},{"from":[6.075,3.89404,7.58551],"to":[6.775,6.14404,8.43551],"rotation":{"angle":0,"axis":"y","origin":[6.425,5.01904,8.01051]},"faces":{"north":{"uv":[4.75,7.75,4.875,8.375],"texture":"#2"},"east":{"uv":[2.5,7,2.75,7.625],"texture":"#2"},"south":{"uv":[5,7.75,5.125,8.375],"texture":"#2"},"west":{"uv":[7,3,7.25,3.625],"texture":"#2"},"up":{"uv":[8.125,2.75,8,2.5],"texture":"#2"},"down":{"uv":[2.875,8,2.75,8.25],"texture":"#2"}}},{"from":[9.225,3.89404,7.58551],"to":[9.925,6.14404,8.43551],"rotation":{"angle":0,"axis":"y","origin":[9.575,5.01904,8.01051]},"faces":{"north":{"uv":[5.25,7.75,5.375,8.375],"texture":"#2"},"east":{"uv":[3.5,7,3.75,7.625],"texture":"#2"},"south":{"uv":[7.75,5.25,7.875,5.875],"texture":"#2"},"west":{"uv":[3.75,7,4,7.625],"texture":"#2"},"up":{"uv":[8.125,3,8,2.75],"texture":"#2"},"down":{"uv":[3.125,8,3,8.25],"texture":"#2"}}},{"from":[7.425,16.65,7],"to":[8.575,17.95,9],"rotation":{"angle":0,"axis":"y","origin":[8,13.35808,8]},"faces":{"north":{"uv":[7.75,0.75,8,1.125],"texture":"#2"},"east":{"uv":[7,0,7.5,0.375],"texture":"#2"},"south":{"uv":[1.25,7.75,1.5,8.125],"texture":"#2"},"west":{"uv":[3,7,3.5,7.375],"texture":"#2"},"up":{"uv":[1.25,8,1,7.5],"texture":"#2"},"down":{"uv":[4.75,7.5,4.5,8],"texture":"#2"}}},{"from":[7.45,17.03828,6.85806],"to":[8.55,18.46328,8.25806],"rotation":{"angle":45,"axis":"x","origin":[8,17.30884,8]},"faces":{"north":{"uv":[7.75,1.25,8,1.625],"texture":"#2"},"east":{"uv":[5.75,7.25,6.125,7.625],"texture":"#2"},"south":{"uv":[1.5,7.75,1.75,8.125],"texture":"#2"},"west":{"uv":[7.25,5.75,7.625,6.125],"texture":"#2"},"up":{"uv":[2,8.125,1.75,7.75],"texture":"#2"},"down":{"uv":[8,1.75,7.75,2.125],"texture":"#2"}}},{"from":[7.45,16.1544,7.74194],"to":[8.55,17.5794,9.14194],"rotation":{"angle":45,"axis":"x","origin":[8,17.30884,8]},"faces":{"north":{"uv":[2,7.75,2.25,8.125],"texture":"#2"},"east":{"uv":[7.5,0,7.875,0.375],"texture":"#2"},"south":{"uv":[2.25,7.75,2.5,8.125],"texture":"#2"},"west":{"uv":[3,7.5,3.375,7.875],"texture":"#2"},"up":{"uv":[8,2.625,7.75,2.25],"texture":"#2"},"down":{"uv":[2.75,7.75,2.5,8.125],"texture":"#2"}}},{"from":[7.6,16.39848,10.7],"to":[8.4,17.64848,11.8],"rotation":{"angle":-45,"axis":"x","origin":[8,14.52348,10.05]},"faces":{"north":{"uv":[5.75,0.75,6,1],"texture":"#2"},"east":{"uv":[6,2.25,6.25,2.5],"texture":"#2"},"south":{"uv":[6.25,0.5,6.5,0.75],"texture":"#2"},"west":{"uv":[7,5.25,7.25,5.5],"texture":"#2"},"up":{"uv":[4.25,7.5,4,7.25],"texture":"#2"},"down":{"uv":[7.5,6.25,7.25,6.5],"texture":"#2"}}},{"from":[7.575,14.13674,8.96161],"to":[8.425,17.08674,9.96161],"rotation":{"angle":0,"axis":"y","origin":[8,15.26174,8.21161]},"faces":{"north":{"uv":[5,3,5.25,3.75],"texture":"#2"},"east":{"uv":[1,6.75,1.25,7.5],"texture":"#2"},"south":{"uv":[6.75,6.5,7,7.25],"texture":"#2"},"west":{"uv":[1.25,7,1.5,7.75],"texture":"#2"},"up":{"uv":[7,7.5,6.75,7.25],"texture":"#2"},"down":{"uv":[5.75,7.75,5.5,8],"texture":"#2"}}},{"from":[7.6,16.39848,4.2],"to":[8.4,17.64848,5.3],"rotation":{"angle":45,"axis":"x","origin":[8,14.52348,5.95]},"faces":{"north":{"uv":[7.75,6,8,6.25],"texture":"#2"},"east":{"uv":[7.75,7.5,8,7.75],"texture":"#2"},"south":{"uv":[7.75,7.75,8,8],"texture":"#2"},"west":{"uv":[8,0,8.25,0.25],"texture":"#2"},"up":{"uv":[8.25,0.5,8,0.25],"texture":"#2"},"down":{"uv":[0.75,8,0.5,8.25],"texture":"#2"}}},{"from":[7.575,14.13674,6.03839],"to":[8.425,17.08674,7.03839],"rotation":{"angle":0,"axis":"y","origin":[8,15.26174,7.78839]},"faces":{"north":{"uv":[1.5,7,1.75,7.75],"texture":"#2"},"east":{"uv":[1.75,7,2,7.75],"texture":"#2"},"south":{"uv":[2,7,2.25,7.75],"texture":"#2"},"west":{"uv":[2.25,7,2.5,7.75],"texture":"#2"},"up":{"uv":[6,8,5.75,7.75],"texture":"#2"},"down":{"uv":[6.25,7.75,6,8],"texture":"#2"}}},{"from":[7.95,-13.94296,8.3],"to":[8.05,-2.94296,15.3],"rotation":{"angle":-22.5,"axis":"x","origin":[8,-8.44296,8]},"faces":{"north":{"uv":[4,4.5,4.125,7.25],"texture":"#2"},"east":{"uv":[0,3,1.75,5.75],"texture":"#2"},"south":{"uv":[4.75,1,4.875,3.75],"texture":"#2"},"west":{"uv":[1.75,3,3.5,5.75],"texture":"#2"},"up":{"uv":[2.875,8,2.75,6.25],"texture":"#2"},"down":{"uv":[6.625,0.5,6.5,2.25],"texture":"#2"}}},{"from":[7.15,5.15,7.15],"to":[8.85,8.65,8.85],"rotation":{"angle":0,"axis":"y","origin":[8,1.75,8]},"faces":{"north":{"uv":[4.25,5,4.625,5.875],"texture":"#2"},"east":{"uv":[5.25,0,5.625,0.875],"texture":"#2"},"south":{"uv":[5.25,3,5.625,3.875],"texture":"#2"},"west":{"uv":[5.25,4,5.625,4.875],"texture":"#2"},"up":{"uv":[4.375,7.875,4,7.5],"texture":"#2"},"down":{"uv":[7.875,4.75,7.5,5.125],"texture":"#2"}}},{"from":[7.15,10.15,7.15],"to":[8.85,14.35,8.85],"rotation":{"angle":0,"axis":"y","origin":[8,1.75,8]},"faces":{"north":{"uv":[4.25,3,4.625,4],"texture":"#2"},"east":{"uv":[4.25,4,4.625,5],"texture":"#2"},"south":{"uv":[3.5,4.5,3.875,5.5],"texture":"#2"},"west":{"uv":[4.75,0,5.125,1],"texture":"#2"},"up":{"uv":[6.625,7.875,6.25,7.5],"texture":"#2"},"down":{"uv":[7.875,6.25,7.5,6.625],"texture":"#2"}}},{"from":[7.5,12.9,7.425],"to":[8.5,14.3,10.225],"rotation":{"angle":0,"axis":"y","origin":[8.05,15.45,9.625]},"faces":{"north":{"uv":[6.75,7.5,7.125,7.875],"texture":"#2"},"east":{"uv":[5.5,2.5,6.25,2.875],"texture":"#2"},"south":{"uv":[7.5,6.75,7.875,7.125],"texture":"#2"},"west":{"uv":[0.5,5.75,1.25,6.125],"texture":"#2"},"up":{"uv":[1.625,6.5,1.25,5.75],"texture":"#2"},"down":{"uv":[2.125,5.75,1.75,6.5],"texture":"#2"}}},{"from":[7.6,12.483,10.35045],"to":[8.4,13.583,12.65045],"rotation":{"angle":45,"axis":"x","origin":[8.05,14.033,11.00045]},"faces":{"north":{"uv":[7.75,3.75,8.125,4],"texture":"#2"},"east":{"uv":[7,3.75,7.625,4],"texture":"#2"},"south":{"uv":[7.75,4,8.125,4.25],"texture":"#2"},"west":{"uv":[7,4,7.625,4.25],"texture":"#2"},"up":{"uv":[3.875,6.875,3.5,6.25],"texture":"#2"},"down":{"uv":[6.625,5.5,6.25,6.125],"texture":"#2"}}},{"from":[7.6,12.483,3.34955],"to":[8.4,13.583,5.64955],"rotation":{"angle":-45,"axis":"x","origin":[8.05,14.033,4.99955]},"faces":{"north":{"uv":[7.75,4.25,8.125,4.5],"texture":"#2"},"east":{"uv":[7,4.25,7.625,4.5],"texture":"#2"},"south":{"uv":[7.75,4.5,8.125,4.75],"texture":"#2"},"west":{"uv":[7,4.5,7.625,4.75],"texture":"#2"},"up":{"uv":[6.625,6.875,6.25,6.25],"texture":"#2"},"down":{"uv":[0.375,6.5,0,7.125],"texture":"#2"}}},{"from":[7.5,12.9,5.775],"to":[8.5,14.3,8.575],"rotation":{"angle":0,"axis":"y","origin":[8.05,15.45,6.375]},"faces":{"north":{"uv":[7.25,7.5,7.625,7.875],"texture":"#2"},"east":{"uv":[2.25,5.75,3,6.125],"texture":"#2"},"south":{"uv":[0,7.75,0.375,8.125],"texture":"#2"},"west":{"uv":[5.75,3,6.5,3.375],"texture":"#2"},"up":{"uv":[3.375,6.5,3,5.75],"texture":"#2"},"down":{"uv":[6.125,3.5,5.75,4.25],"texture":"#2"}}},{"from":[7.4,8.65,7.4],"to":[8.6,10.15,8.6],"rotation":{"angle":0,"axis":"y","origin":[8,2.25,8]},"faces":{"north":{"uv":[7.75,2.75,8,3.125],"texture":"#2"},"east":{"uv":[7.75,3.25,8,3.625],"texture":"#2"},"south":{"uv":[3.5,7.75,3.75,8.125],"texture":"#2"},"west":{"uv":[3.75,7.75,4,8.125],"texture":"#2"},"up":{"uv":[1,8.25,0.75,8],"texture":"#2"},"down":{"uv":[8.25,0.75,8,1],"texture":"#2"}}},{"from":[7,13.8,7],"to":[9,15.8,9],"rotation":{"angle":45,"axis":"x","origin":[8,14.8,8]},"faces":{"north":{"uv":[5.75,5.25,6.25,5.75],"texture":"#2"},"east":{"uv":[5.75,5.75,6.25,6.25],"texture":"#2"},"south":{"uv":[6,0.75,6.5,1.25],"texture":"#2"},"west":{"uv":[6,1.25,6.5,1.75],"texture":"#2"},"up":{"uv":[6.5,2.25,6,1.75],"texture":"#2"},"down":{"uv":[4.75,6,4.25,6.5],"texture":"#2"}}},{"from":[7.9875,11.6,0.85],"to":[8.0125,23.3,8.15],"rotation":{"angle":0,"axis":"y","origin":[8,17.45,8]},"faces":{"north":{"uv":[0,0,0,2.875],"texture":"#2"},"east":{"uv":[3.875,0,2,2.875],"texture":"#2"},"south":{"uv":[0,0,0,2.875],"texture":"#2"},"west":{"uv":[2,0,3.875,2.875],"texture":"#2"},"up":{"uv":[0,1.875,0,0],"texture":"#2"},"down":{"uv":[0,0,0,1.875],"texture":"#2"}}},{"from":[7.9875,11.6,7.85],"to":[8.0125,23.3,15.15],"rotation":{"angle":0,"axis":"y","origin":[8,17.45,8]},"faces":{"north":{"uv":[0,0,0,2.875],"texture":"#2"},"east":{"uv":[1.875,0,0,2.875],"texture":"#2"},"south":{"uv":[0,0,0,2.875],"texture":"#2"},"west":{"uv":[0,0,1.875,2.875],"texture":"#2"},"up":{"uv":[0,0,0,1.875],"texture":"#2"},"down":{"uv":[0,1.875,0,0],"texture":"#2"}}}],"gui_light":"front","display":{"thirdperson_righthand":{"translation":[0,6.25,1.75],"scale":[0.9,0.9,0.9]},"thirdperson_lefthand":{"translation":[0,6.25,1.75],"scale":[0.9,0.9,0.9]},"firstperson_righthand":{"rotation":[6,0,0],"translation":[4,4.25,0],"scale":[0.46328,0.46328,0.46328]},"firstperson_lefthand":{"rotation":[6,0,0],"translation":[4,4.25,0],"scale":[0.46328,0.46328,0.46328]},"ground":{"rotation":[-45,0,0],"translation":[0,6,0],"scale":[0.6,0.6,0.6]},"gui":{"rotation":[90,45,-90],"translation":[-0.25,-0.25,0],"scale":[0.74273,0.74273,0.74273]},"head":{"scale":[0,0,0]},"fixed":{"rotation":[0,-90,0],"translation":[0,4.5,-2.25],"scale":[2.2,2.2,2.2]}},"mcmodels":"29c9e5452b99e06fb1769debb79b77e2"}