{"credit":"MadewithBlockbench","texture_size":[64,64],"textures":{"2":"elitecreatures:carnivoret_weapon_set/staff"},"elements":[{"from":[7.125,-1.475,7.125],"to":[8.875,-0.225,8.875],"rotation":{"angle":0,"axis":"y","origin":[8,-1.09179,8]},"faces":{"north":{"uv":[7.5,8.25,8,8.625],"texture":"#2"},"east":{"uv":[0,8.5,0.5,8.875],"texture":"#2"},"south":{"uv":[0.5,8.5,1,8.875],"texture":"#2"},"west":{"uv":[1,8.5,1.5,8.875],"texture":"#2"},"up":{"uv":[8.25,2.75,7.75,2.25],"texture":"#2"},"down":{"uv":[8.25,4,7.75,4.5],"texture":"#2"}}},{"from":[7.325,-0.42859,6.29187],"to":[8.675,2.72141,7.64187],"rotation":{"angle":-22.5,"axis":"x","origin":[8,2.63959,7.9]},"faces":{"north":{"uv":[7.5,7,7.875,7.75],"texture":"#2"},"east":{"uv":[7.75,0,8.125,0.75],"texture":"#2"},"south":{"uv":[7.75,0.75,8.125,1.5],"texture":"#2"},"west":{"uv":[7.75,1.5,8.125,2.25],"texture":"#2"},"up":{"uv":[1.125,9.375,0.75,9],"texture":"#2"},"down":{"uv":[1.625,9,1.25,9.375],"texture":"#2"}}},{"from":[7.325,3.32744,7.08861],"to":[8.675,6.67744,8.43861],"rotation":{"angle":-22.5,"axis":"x","origin":[8,6.59562,8.69674]},"faces":{"north":{"uv":[0,7.5,0.375,8.375],"texture":"#2"},"east":{"uv":[0.5,7.5,0.875,8.375],"texture":"#2"},"south":{"uv":[1,7.5,1.375,8.375],"texture":"#2"},"west":{"uv":[1.5,7.5,1.875,8.375],"texture":"#2"},"up":{"uv":[9.375,2.625,9,2.25],"texture":"#2"},"down":{"uv":[3.125,9,2.75,9.375],"texture":"#2"}}},{"from":[7.325,1.37477,8.78992],"to":[8.675,2.94977,11.03992],"rotation":{"angle":-22.5,"axis":"x","origin":[8,-0.13205,9.04805]},"faces":{"north":{"uv":[9,1.75,9.375,2.125],"texture":"#2"},"east":{"uv":[8.25,0.5,8.875,0.875],"texture":"#2"},"south":{"uv":[2.25,9,2.625,9.375],"texture":"#2"},"west":{"uv":[8.25,1,8.875,1.375],"texture":"#2"},"up":{"uv":[8.625,2.125,8.25,1.5],"texture":"#2"},"down":{"uv":[3.875,8.25,3.5,8.875],"texture":"#2"}}},{"from":[7,-2.01276,7.42097],"to":[9,-0.51276,8.92097],"rotation":{"angle":45,"axis":"x","origin":[8,-1.09179,8]},"faces":{"north":{"uv":[1.5,8.5,2,8.875],"texture":"#2"},"east":{"uv":[9,1.25,9.375,1.625],"texture":"#2"},"south":{"uv":[2,8.5,2.5,8.875],"texture":"#2"},"west":{"uv":[1.75,9,2.125,9.375],"texture":"#2"},"up":{"uv":[3,8.875,2.5,8.5],"texture":"#2"},"down":{"uv":[9,2.75,8.5,3.125],"texture":"#2"}}},{"from":[7,-6.61276,7.42097],"to":[9,-5.11276,8.92097],"rotation":{"angle":45,"axis":"x","origin":[8,-5.69179,8]},"faces":{"north":{"uv":[1.5,8.5,2,8.875],"texture":"#2"},"east":{"uv":[9,1.25,9.375,1.625],"texture":"#2"},"south":{"uv":[2,8.5,2.5,8.875],"texture":"#2"},"west":{"uv":[1.75,9,2.125,9.375],"texture":"#2"},"up":{"uv":[3,8.875,2.5,8.5],"texture":"#2"},"down":{"uv":[9,2.75,8.5,3.125],"texture":"#2"}}},{"from":[7.125,-6.075,7.125],"to":[8.875,-4.825,8.875],"rotation":{"angle":0,"axis":"y","origin":[8,-5.69179,8]},"faces":{"north":{"uv":[7.5,8.25,8,8.625],"texture":"#2"},"east":{"uv":[0,8.5,0.5,8.875],"texture":"#2"},"south":{"uv":[0.5,8.5,1,8.875],"texture":"#2"},"west":{"uv":[1,8.5,1.5,8.875],"texture":"#2"},"up":{"uv":[8.25,2.75,7.75,2.25],"texture":"#2"},"down":{"uv":[8.25,4,7.75,4.5],"texture":"#2"}}},{"from":[7.125,4.60314,7.43854],"to":[8.875,6.15314,8.98854],"rotation":{"angle":45,"axis":"x","origin":[8,5.60654,8]},"faces":{"north":{"uv":[5.5,8.5,6,8.875],"texture":"#2"},"east":{"uv":[9,5.25,9.375,5.625],"texture":"#2"},"south":{"uv":[6,8.5,6.5,8.875],"texture":"#2"},"west":{"uv":[5.5,9,5.875,9.375],"texture":"#2"},"up":{"uv":[7,8.875,6.5,8.5],"texture":"#2"},"down":{"uv":[9,7,8.5,7.375],"texture":"#2"}}},{"from":[7.025,5.29404,6.83551],"to":[8.975,6.54404,9.18551],"rotation":{"angle":0,"axis":"y","origin":[8,5.60654,8]},"faces":{"north":{"uv":[8.5,7.5,9,7.875],"texture":"#2"},"east":{"uv":[8.25,5.25,8.875,5.625],"texture":"#2"},"south":{"uv":[8,8.5,8.5,8.875],"texture":"#2"},"west":{"uv":[8.25,5.75,8.875,6.125],"texture":"#2"},"up":{"uv":[4,8.125,3.5,7.5],"texture":"#2"},"down":{"uv":[4.5,7.5,4,8.125],"texture":"#2"}}},{"from":[6.775,6.54404,6.58551],"to":[9.225,9.04404,9.43551],"rotation":{"angle":0,"axis":"y","origin":[8,3.85654,8]},"faces":{"north":{"uv":[6.75,3.75,7.375,4.375],"texture":"#2"},"east":{"uv":[5.5,5.5,6.25,6.125],"texture":"#2"},"south":{"uv":[6.75,4.5,7.375,5.125],"texture":"#2"},"west":{"uv":[5.5,6.25,6.25,6.875],"texture":"#2"},"up":{"uv":[6.875,6.25,6.25,5.5],"texture":"#2"},"down":{"uv":[6.875,6.25,6.25,7],"texture":"#2"}}},{"from":[6.775,6.54404,4.98551],"to":[9.225,8.04404,6.58551],"rotation":{"angle":0,"axis":"y","origin":[8,3.85654,9.15]},"faces":{"north":{"uv":[8.25,2.25,8.875,2.625],"texture":"#2"},"east":{"uv":[9,2.75,9.375,3.125],"texture":"#2"},"south":{"uv":[8.25,3.75,8.875,4.125],"texture":"#2"},"west":{"uv":[3.25,9,3.625,9.375],"texture":"#2"},"up":{"uv":[8.875,4.625,8.25,4.25],"texture":"#2"},"down":{"uv":[8.875,4.75,8.25,5.125],"texture":"#2"}}},{"from":[7.09595,5.90246,5.09511],"to":[8.90405,7.00946,6.97591],"rotation":{"angle":0,"axis":"y","origin":[8,6.12796,5.85751]},"faces":{"north":{"uv":[8.25,6.25,8.75,6.5],"texture":"#2"},"east":{"uv":[8.75,6.25,9.25,6.5],"texture":"#2"},"south":{"uv":[9,8.5,9.5,8.75],"texture":"#2"},"west":{"uv":[9.25,1,9.75,1.25],"texture":"#2"},"up":{"uv":[8.25,5,7.75,4.5],"texture":"#2"},"down":{"uv":[8.25,5,7.75,5.5],"texture":"#2"}}},{"from":[6.88525,5.21154,5.05751],"to":[9.11475,6.57654,5.05751],"rotation":{"angle":0,"axis":"y","origin":[8,4.48592,8.8472]},"faces":{"north":{"uv":[3,8.5,3.5,8.875],"texture":"#2"},"east":{"uv":[0,0,0,0.375],"texture":"#2"},"south":{"uv":[8.5,3.25,9,3.625],"texture":"#2"},"west":{"uv":[0,0,0,0.375],"texture":"#2"},"up":{"uv":[0.5,0,0,0],"texture":"#2"},"down":{"uv":[0.5,0,0,0],"texture":"#2"}}},{"from":[6.88525,5.21154,5.05751],"to":[6.88525,6.57654,6.51351],"rotation":{"angle":0,"axis":"y","origin":[8,4.48592,8.8472]},"faces":{"north":{"uv":[0,0,0,0.375],"texture":"#2"},"east":{"uv":[9,4.25,9.375,4.625],"texture":"#2"},"south":{"uv":[0,0,0,0.375],"texture":"#2"},"west":{"uv":[9,4.75,9.375,5.125],"texture":"#2"},"up":{"uv":[0,0.375,0,0],"texture":"#2"},"down":{"uv":[0,0,0,0.375],"texture":"#2"}}},{"from":[8.88525,5.21154,5.05751],"to":[9.11475,6.57654,6.51351],"rotation":{"angle":0,"axis":"y","origin":[8,4.48592,8.8472]},"faces":{"north":{"uv":[5.75,9.5,5.875,9.875],"texture":"#2"},"east":{"uv":[9,3.25,9.375,3.625],"texture":"#2"},"south":{"uv":[9.5,5.75,9.625,6.125],"texture":"#2"},"west":{"uv":[9,3.75,9.375,4.125],"texture":"#2"},"up":{"uv":[6.125,9.875,6,9.5],"texture":"#2"},"down":{"uv":[6.375,9.5,6.25,9.875],"texture":"#2"}}},{"from":[6.075,7.79404,7.58551],"to":[6.775,10.04404,8.43551],"rotation":{"angle":0,"axis":"y","origin":[6.425,8.91904,8.01051]},"faces":{"north":{"uv":[3,9.5,3.125,10.125],"texture":"#2"},"east":{"uv":[0,9,0.25,9.625],"texture":"#2"},"south":{"uv":[3.25,9.5,3.375,10.125],"texture":"#2"},"west":{"uv":[0.25,9,0.5,9.625],"texture":"#2"},"up":{"uv":[9.625,6.5,9.5,6.25],"texture":"#2"},"down":{"uv":[6.625,9.5,6.5,9.75],"texture":"#2"}}},{"from":[9.225,7.79404,7.58551],"to":[9.925,10.04404,8.43551],"rotation":{"angle":0,"axis":"y","origin":[9.575,8.91904,8.01051]},"faces":{"north":{"uv":[9.5,3.25,9.625,3.875],"texture":"#2"},"east":{"uv":[0.5,9,0.75,9.625],"texture":"#2"},"south":{"uv":[3.5,9.5,3.625,10.125],"texture":"#2"},"west":{"uv":[9,0.5,9.25,1.125],"texture":"#2"},"up":{"uv":[6.875,9.75,6.75,9.5],"texture":"#2"},"down":{"uv":[9.625,7,9.5,7.25],"texture":"#2"}}},{"from":[7.425,17.55,7],"to":[8.575,18.85,9],"rotation":{"angle":0,"axis":"y","origin":[8,17.67279,8]},"faces":{"north":{"uv":[9.25,9.25,9.5,9.625],"texture":"#2"},"east":{"uv":[8.75,0,9.25,0.375],"texture":"#2"},"south":{"uv":[0.75,9.5,1,9.875],"texture":"#2"},"west":{"uv":[8.75,8.75,9.25,9.125],"texture":"#2"},"up":{"uv":[4,9.5,3.75,9],"texture":"#2"},"down":{"uv":[4.5,9,4.25,9.5],"texture":"#2"}}},{"from":[7.45,17.78127,6.47901],"to":[8.55,19.20627,7.87901],"rotation":{"angle":45,"axis":"x","origin":[8,17.67279,8]},"faces":{"north":{"uv":[1,9.5,1.25,9.875],"texture":"#2"},"east":{"uv":[9,5.75,9.375,6.125],"texture":"#2"},"south":{"uv":[1.25,9.5,1.5,9.875],"texture":"#2"},"west":{"uv":[6,9,6.375,9.375],"texture":"#2"},"up":{"uv":[9.75,1.625,9.5,1.25],"texture":"#2"},"down":{"uv":[1.75,9.5,1.5,9.875],"texture":"#2"}}},{"from":[7.45,16.89739,7.3629],"to":[8.55,18.32239,8.7629],"rotation":{"angle":45,"axis":"x","origin":[8,17.67279,8]},"faces":{"north":{"uv":[1.75,9.5,2,9.875],"texture":"#2"},"east":{"uv":[6.5,9,6.875,9.375],"texture":"#2"},"south":{"uv":[9.5,1.75,9.75,2.125],"texture":"#2"},"west":{"uv":[9,7,9.375,7.375],"texture":"#2"},"up":{"uv":[2.25,9.875,2,9.5],"texture":"#2"},"down":{"uv":[2.5,9.5,2.25,9.875],"texture":"#2"}}},{"from":[7.6,16.50772,8.50906],"to":[8.4,17.75772,9.60906],"rotation":{"angle":-45,"axis":"x","origin":[8,17.67279,8]},"faces":{"north":{"uv":[5.25,9.25,5.5,9.625],"texture":"#2"},"east":{"uv":[8.75,9.25,9,9.625],"texture":"#2"},"south":{"uv":[9.25,8.75,9.5,9.125],"texture":"#2"},"west":{"uv":[9,9.25,9.25,9.625],"texture":"#2"},"up":{"uv":[7,5.5,6.75,5.25],"texture":"#2"},"down":{"uv":[8,2.75,7.75,3],"texture":"#2"}}},{"from":[7.575,15.03674,8.96161],"to":[8.425,17.98674,9.96161],"rotation":{"angle":0,"axis":"y","origin":[8,17.67279,8]},"faces":{"north":{"uv":[7.25,3,7.5,3.75],"texture":"#2"},"east":{"uv":[4.25,8.25,4.5,9],"texture":"#2"},"south":{"uv":[8.5,8,8.75,8.75],"texture":"#2"},"west":{"uv":[8.75,1.5,9,2.25],"texture":"#2"},"up":{"uv":[8.25,4,8,3.75],"texture":"#2"},"down":{"uv":[9.5,6.25,9.25,6.5],"texture":"#2"}}},{"from":[7.6,16.50772,6.39094],"to":[8.4,17.75772,7.49094],"rotation":{"angle":45,"axis":"x","origin":[8,17.67279,8]},"faces":{"north":{"uv":[4.25,9.5,4.5,9.75],"texture":"#2"},"east":{"uv":[9.5,4.25,9.75,4.5],"texture":"#2"},"south":{"uv":[9.5,4.5,9.75,4.75],"texture":"#2"},"west":{"uv":[9.5,4.75,9.75,5],"texture":"#2"},"up":{"uv":[9.75,5.25,9.5,5],"texture":"#2"},"down":{"uv":[9.75,5.25,9.5,5.5],"texture":"#2"}}},{"from":[7.575,15.03674,6.03839],"to":[8.425,17.98674,7.03839],"rotation":{"angle":0,"axis":"y","origin":[8,17.67279,8]},"faces":{"north":{"uv":[7.5,8.75,7.75,9.5],"texture":"#2"},"east":{"uv":[7.75,8.75,8,9.5],"texture":"#2"},"south":{"uv":[8.75,8,9,8.75],"texture":"#2"},"west":{"uv":[8.5,8.75,8.75,9.5],"texture":"#2"},"up":{"uv":[4,9.75,3.75,9.5],"texture":"#2"},"down":{"uv":[9.75,4,9.5,4.25],"texture":"#2"}}},{"from":[7.95,-15.54296,7.4],"to":[8.05,-4.54296,14.4],"rotation":{"angle":-22.5,"axis":"x","origin":[8,-8.44296,8]},"faces":{"north":{"uv":[7,7.25,7.125,10],"texture":"#2"},"east":{"uv":[5,0,6.75,2.75],"texture":"#2"},"south":{"uv":[7.25,7.25,7.375,10],"texture":"#2"},"west":{"uv":[5,2.75,6.75,5.5],"texture":"#2"},"up":{"uv":[4.875,9.25,4.75,7.5],"texture":"#2"},"down":{"uv":[4.125,8.25,4,10],"texture":"#2"}}},{"from":[7.975,13.43506,3.15],"to":[8.025,28.4,12.85],"rotation":{"angle":0,"axis":"y","origin":[8,21.11753,8]},"faces":{"north":{"uv":[5,5.5,5.125,9.25],"texture":"#2"},"east":{"uv":[0,0,2.375,3.75],"texture":"#2"},"south":{"uv":[5.25,5.5,5.375,9.25],"texture":"#2"},"west":{"uv":[2.5,0,4.875,3.75],"texture":"#2"},"up":{"uv":[7.625,6.375,7.5,4],"texture":"#2"},"down":{"uv":[4.625,7.5,4.5,9.875],"texture":"#2"}}},{"from":[3.15,13.43506,7.975],"to":[12.85,28.4,8.025],"rotation":{"angle":0,"axis":"y","origin":[8,21.11753,8]},"faces":{"north":{"uv":[0,3.75,2.375,7.5],"texture":"#2"},"east":{"uv":[6.75,0,6.875,3.75],"texture":"#2"},"south":{"uv":[2.5,3.75,4.875,7.5],"texture":"#2"},"west":{"uv":[7,0,7.125,3.75],"texture":"#2"},"up":{"uv":[9.875,6.625,7.5,6.5],"texture":"#2"},"down":{"uv":[9.875,6.75,7.5,6.875],"texture":"#2"}}},{"from":[7.15,-4.95,7.15],"to":[8.85,-1.45,8.85],"rotation":{"angle":0,"axis":"y","origin":[8,4.95,8]},"faces":{"north":{"uv":[2,7.5,2.375,8.375],"texture":"#2"},"east":{"uv":[2.5,7.5,2.875,8.375],"texture":"#2"},"south":{"uv":[3,7.5,3.375,8.375],"texture":"#2"},"west":{"uv":[7.5,3,7.875,3.875],"texture":"#2"},"up":{"uv":[9.375,7.875,9,7.5],"texture":"#2"},"down":{"uv":[8.375,9,8,9.375],"texture":"#2"}}},{"from":[7.15,10.45,7.15],"to":[8.85,14.65,8.85],"rotation":{"angle":0,"axis":"y","origin":[8,2.05,8]},"faces":{"north":{"uv":[7,5.25,7.375,6.25],"texture":"#2"},"east":{"uv":[5.5,7,5.875,8],"texture":"#2"},"south":{"uv":[6,7,6.375,8],"texture":"#2"},"west":{"uv":[7,6.25,7.375,7.25],"texture":"#2"},"up":{"uv":[9.375,8.375,9,8],"texture":"#2"},"down":{"uv":[9.625,0,9.25,0.375],"texture":"#2"}}},{"from":[7.4,8.95,7.4],"to":[8.6,10.45,8.6],"rotation":{"angle":0,"axis":"y","origin":[8,2.55,8]},"faces":{"north":{"uv":[9.5,2.25,9.75,2.625],"texture":"#2"},"east":{"uv":[2.5,9.5,2.75,9.875],"texture":"#2"},"south":{"uv":[2.75,9.5,3,9.875],"texture":"#2"},"west":{"uv":[9.5,2.75,9.75,3.125],"texture":"#2"},"up":{"uv":[5.75,9.75,5.5,9.5],"texture":"#2"},"down":{"uv":[9.75,5.5,9.5,5.75],"texture":"#2"}}},{"from":[7,14.1,7],"to":[9,16.1,9],"rotation":{"angle":45,"axis":"x","origin":[8,15.1,8]},"faces":{"north":{"uv":[7.75,5.5,8.25,6],"texture":"#2"},"east":{"uv":[7.75,6,8.25,6.5],"texture":"#2"},"south":{"uv":[7.5,7.75,8,8.25],"texture":"#2"},"west":{"uv":[8,2.75,8.5,3.25],"texture":"#2"},"up":{"uv":[8.5,3.75,8,3.25],"texture":"#2"},"down":{"uv":[6,8,5.5,8.5],"texture":"#2"}}},{"from":[7,25.2,7],"to":[9,27.2,9],"rotation":{"angle":0,"axis":"y","origin":[8,-2.4,8]},"faces":{"north":{"uv":[6,8,6.5,8.5],"texture":"#2"},"east":{"uv":[6.5,8,7,8.5],"texture":"#2"},"south":{"uv":[8,7,8.5,7.5],"texture":"#2"},"west":{"uv":[8,7.5,8.5,8],"texture":"#2"},"up":{"uv":[8.5,8.5,8,8],"texture":"#2"},"down":{"uv":[8.75,0,8.25,0.5],"texture":"#2"}}}],"gui_light":"front","display":{"thirdperson_righthand":{"translation":[0,2.75,1.5],"scale":[0.85,0.85,0.85]},"thirdperson_lefthand":{"translation":[0,2.75,1.5],"scale":[0.85,0.85,0.85]},"firstperson_righthand":{"rotation":[6,0,0],"translation":[4,4.25,0],"scale":[0.46328,0.46328,0.46328]},"firstperson_lefthand":{"rotation":[6,0,0],"translation":[4,4.25,0],"scale":[0.46328,0.46328,0.46328]},"ground":{"rotation":[-45,0,0],"translation":[0,6,0],"scale":[0.6,0.6,0.6]},"gui":{"rotation":[90,45,-90],"translation":[-1.5,-1.5,0],"scale":[0.58258,0.58258,0.58258]},"head":{"scale":[0,0,0]},"fixed":{"rotation":[0,-90,0],"translation":[0,0.5,-1.75],"scale":[2,2,2]}},"mcmodels":"29c9e5452b99e06fb1769debb79b77e2"}