{"credit":"Made with Blockbench","texture_size":[20,20],"textures":{"1":"dragonstone_guardians:fire","2":"dragonstone_guardians:texture","4":"dragonstone_guardians:bow","particle":"dragonstone_guardians:fire"},"elements":[{"from":[5.06065,0.78114,7.0016],"to":[7.22641,2.9469,8.9984],"rotation":{"angle":45,"axis":"z","origin":[7.78222,0.25,8]},"faces":{"north":{"uv":[10.375,6.875,9.5,6],"rotation":270,"texture":"#2"},"east":{"uv":[9.5,9.875,10.375,9],"rotation":90,"texture":"#2"},"south":{"uv":[10.375,7.875,9.5,7],"rotation":90,"texture":"#2"},"west":{"uv":[9.5,8,10.375,8.875],"rotation":90,"texture":"#2"},"up":{"uv":[7.875,10.375,7,9.5],"rotation":90,"texture":"#2"},"down":{"uv":[8.875,10.375,8,9.5],"rotation":90,"texture":"#2"}}},{"from":[3.80503,-0.25691,7.4409],"to":[5.03383,1.95493,8.5591],"rotation":{"angle":-22.5,"axis":"z","origin":[7.78222,0.25,8]},"faces":{"north":{"uv":[11.375,4,10.5,3.5],"rotation":270,"texture":"#2"},"east":{"uv":[10.5,9,11.375,8.5],"rotation":90,"texture":"#2"},"south":{"uv":[8.875,11,8,10.5],"rotation":90,"texture":"#2"},"west":{"uv":[10.5,8,11.375,8.5],"rotation":90,"texture":"#2"},"up":{"uv":[10.5,6,10,5.5],"rotation":90,"texture":"#2"},"down":{"uv":[13,5,12.5,4.5],"rotation":90,"texture":"#2"}}},{"from":[6.17549,3.23106,7.4793],"to":[7.81133,4.26786,8.5207],"rotation":{"angle":22.5,"axis":"z","origin":[7.78222,0.25,8]},"faces":{"north":{"uv":[13.375,4.625,13,4],"rotation":270,"texture":"#2"},"east":{"uv":[3.5,14.375,3.875,14],"rotation":90,"texture":"#2"},"south":{"uv":[5.375,13.625,5,13],"rotation":90,"texture":"#2"},"west":{"uv":[14,3,14.375,3.375],"rotation":90,"texture":"#2"},"up":{"uv":[4.875,13.625,4.5,13],"rotation":90,"texture":"#2"},"down":{"uv":[13.375,5.625,13,5],"rotation":90,"texture":"#2"}}},{"from":[2.89346,-5.09735,8],"to":[9.53474,5.56249,8],"rotation":{"angle":0,"axis":"z","origin":[7.78222,0.25,8]},"faces":{"north":{"uv":[8.4875,2.75,4.0125,0],"rotation":270,"texture":"#2"},"east":{"uv":[0,0,4.5,0],"rotation":90,"texture":"#2"},"south":{"uv":[8.4875,2.75,4.0125,0],"rotation":90,"texture":"#2"},"west":{"uv":[0,0,4.5,0],"rotation":90,"texture":"#2"},"up":{"uv":[0,2.75,0,0],"rotation":90,"texture":"#2"},"down":{"uv":[0,2.75,0,0],"rotation":90,"texture":"#2"}}},{"from":[10.14346,-9.09735,8],"to":[10.78474,9.56249,8],"rotation":{"angle":0,"axis":"z","origin":[7.78222,0.25,8]},"faces":{"north":{"uv":[4.8,0,5.4,15],"texture":"#4"},"east":{"uv":[0,0,0,15],"texture":"#4"},"south":{"uv":[5.4,0,4.8,15],"texture":"#4"},"west":{"uv":[0,0,0,15],"texture":"#4"},"up":{"uv":[0,0,5.4,0],"texture":"#4"},"down":{"uv":[0,0,5.4,0],"texture":"#4"}}},{"from":[5.04086,2.86738,7.49005],"to":[6.8687,4.09618,8.50995],"rotation":{"angle":45,"axis":"z","origin":[7.78222,0.25,8]},"faces":{"north":{"uv":[11.5,2.5,12.25,3],"texture":"#2"},"east":{"uv":[13.5,8,13.875,8.5],"texture":"#2"},"south":{"uv":[11.5,9,12.25,9.5],"texture":"#2"},"west":{"uv":[13.5,8.5,13.875,9],"texture":"#2"},"up":{"uv":[13.25,2.875,12.5,2.5],"texture":"#2"},"down":{"uv":[5.25,12.5,4.5,12.875],"texture":"#2"}}},{"from":[2.67102,1.77493,7.20896],"to":[5.37438,2.75797,8.79104],"rotation":{"angle":22.5,"axis":"z","origin":[7.78222,0.25,8]},"faces":{"north":{"uv":[6.875,12.125,6.5,11],"rotation":270,"texture":"#2"},"east":{"uv":[10.5,13.625,10.875,13],"rotation":90,"texture":"#2"},"south":{"uv":[8.375,12.125,8,11],"rotation":90,"texture":"#2"},"west":{"uv":[10,13,10.375,13.625],"rotation":90,"texture":"#2"},"up":{"uv":[10.625,5.125,10,4],"rotation":90,"texture":"#2"},"down":{"uv":[9.625,11.125,9,10],"rotation":90,"texture":"#2"}}},{"from":[2.68436,-2.29018,7.20896],"to":[5.38772,-1.30714,8.79104],"rotation":{"angle":-22.5,"axis":"z","origin":[7.78222,0.25,8]},"faces":{"north":{"uv":[6.5,12.125,6.875,11],"rotation":270,"texture":"#2"},"east":{"uv":[10.875,13.625,10.5,13],"rotation":90,"texture":"#2"},"south":{"uv":[8,12.125,8.375,11],"rotation":90,"texture":"#2"},"west":{"uv":[10.375,13,10,13.625],"rotation":90,"texture":"#2"},"up":{"uv":[9,11.125,9.625,10],"rotation":90,"texture":"#2"},"down":{"uv":[10,5.125,10.625,4],"rotation":90,"texture":"#2"}}},{"from":[6.83323,11.4332,7.5561],"to":[7.48603,12.68504,8.4439],"rotation":{"angle":-22.5,"axis":"z","origin":[7.78222,0.25,8]},"faces":{"north":{"uv":[15,2.75,14.5,2.5],"rotation":270,"texture":"#2"},"east":{"uv":[8,13.875,8.5,13.5],"rotation":90,"texture":"#2"},"south":{"uv":[3.5,14.75,3,14.5],"rotation":90,"texture":"#2"},"west":{"uv":[7.5,13.5,8,13.875],"rotation":90,"texture":"#2"},"up":{"uv":[5.875,14.75,5.5,14.5],"rotation":90,"texture":"#2"},"down":{"uv":[14.875,5.75,14.5,5.5],"rotation":90,"texture":"#2"}}},{"from":[13.84466,8.36715,7.5177],"to":[15.4805,9.21195,8.4823],"rotation":{"angle":22.5,"axis":"z","origin":[7.78222,0.25,8]},"faces":{"north":{"uv":[13.375,8.625,13,8],"rotation":270,"texture":"#2"},"east":{"uv":[14,5.375,14.375,5],"rotation":90,"texture":"#2"},"south":{"uv":[9.875,13.625,9.5,13],"rotation":90,"texture":"#2"},"west":{"uv":[5,14,5.375,14.375],"rotation":90,"texture":"#2"},"up":{"uv":[8.875,13.625,8.5,13],"rotation":90,"texture":"#2"},"down":{"uv":[13.375,10.125,13,9.5],"rotation":90,"texture":"#2"}}},{"from":[10.24078,9.37725,7.5561],"to":[11.08558,10.43709,8.4439],"rotation":{"angle":0,"axis":"z","origin":[7.78222,0.25,8]},"faces":{"north":{"uv":[14,2.375,13.5,2],"rotation":270,"texture":"#2"},"east":{"uv":[13.5,3.875,14,3.5],"rotation":90,"texture":"#2"},"south":{"uv":[14,2.875,13.5,2.5],"rotation":90,"texture":"#2"},"west":{"uv":[13.5,3,14,3.375],"rotation":90,"texture":"#2"},"up":{"uv":[5.875,14.375,5.5,14],"rotation":90,"texture":"#2"},"down":{"uv":[14.375,5.875,14,5.5],"rotation":90,"texture":"#2"}}},{"from":[6.14078,5.62725,7.5561],"to":[6.98558,6.68709,8.4439],"rotation":{"angle":0,"axis":"z","origin":[7.78222,0.25,8]},"faces":{"north":{"uv":[14,2.375,13.5,2],"rotation":270,"texture":"#2"},"east":{"uv":[13.5,3.875,14,3.5],"rotation":90,"texture":"#2"},"south":{"uv":[14,2.875,13.5,2.5],"rotation":90,"texture":"#2"},"west":{"uv":[13.5,3,14,3.375],"rotation":90,"texture":"#2"},"up":{"uv":[5.875,14.375,5.5,14],"rotation":90,"texture":"#2"},"down":{"uv":[14.375,5.875,14,5.5],"rotation":90,"texture":"#2"}}},{"from":[8.62169,6.47161,7.5177],"to":[10.25753,7.31641,8.4823],"rotation":{"angle":22.5,"axis":"z","origin":[7.78222,0.25,8]},"faces":{"north":{"uv":[13.375,8.625,13,8],"rotation":270,"texture":"#2"},"east":{"uv":[14,5.375,14.375,5],"rotation":90,"texture":"#2"},"south":{"uv":[9.875,13.625,9.5,13],"rotation":90,"texture":"#2"},"west":{"uv":[5,14,5.375,14.375],"rotation":90,"texture":"#2"},"up":{"uv":[8.875,13.625,8.5,13],"rotation":90,"texture":"#2"},"down":{"uv":[13.375,10.125,13,9.5],"rotation":90,"texture":"#2"}}},{"from":[4.48039,6.39965,7.5561],"to":[5.13319,7.65149,8.4439],"rotation":{"angle":-22.5,"axis":"z","origin":[7.78222,0.25,8]},"faces":{"north":{"uv":[15,2.75,14.5,2.5],"rotation":270,"texture":"#2"},"east":{"uv":[8,13.875,8.5,13.5],"rotation":90,"texture":"#2"},"south":{"uv":[3.5,14.75,3,14.5],"rotation":90,"texture":"#2"},"west":{"uv":[7.5,13.5,8,13.875],"rotation":90,"texture":"#2"},"up":{"uv":[5.875,14.75,5.5,14.5],"rotation":90,"texture":"#2"},"down":{"uv":[14.875,5.75,14.5,5.5],"rotation":90,"texture":"#2"}}},{"from":[3.47202,3.97521,7.12141],"to":[4.03236,4.53554,8.87859],"rotation":{"angle":45,"axis":"z","origin":[7.78222,0.25,8]},"faces":{"north":{"uv":[10.5,14.5,10.75,14.75],"texture":"#2"},"east":{"uv":[13.5,9,14.25,9.25],"texture":"#2"},"south":{"uv":[14.5,10.5,14.75,10.75],"texture":"#2"},"west":{"uv":[13.5,9.5,14.25,9.75],"texture":"#2"},"up":{"uv":[9.25,14.25,9,13.5],"texture":"#2"},"down":{"uv":[13.75,10,13.5,10.75],"texture":"#2"}}},{"from":[-0.86802,-1.08626,7.94],"to":[8.73198,8.51374,8.06],"rotation":{"angle":-45,"axis":"z","origin":[7.78222,0.25,8]},"faces":{"north":{"uv":[16,16,0,0],"rotation":180,"texture":"#1"},"east":{"uv":[0.5,0.625,0,0],"rotation":180,"texture":"#1"},"south":{"uv":[0,16,16,0],"rotation":180,"texture":"#1"},"west":{"uv":[0.5,0.625,0,0],"rotation":180,"texture":"#1"},"up":{"uv":[0,0.5,0.5,0],"rotation":180,"texture":"#1"},"down":{"uv":[0,0.5,0.5,0],"rotation":180,"texture":"#1"}}},{"from":[8.50188,2.31505,7.5177],"to":[9.34668,3.95089,8.4823],"rotation":{"angle":45,"axis":"z","origin":[7.78222,0.25,8]},"faces":{"north":{"uv":[5.5,13,5.875,13.625],"texture":"#2"},"east":{"uv":[6,13,6.375,13.625],"texture":"#2"},"south":{"uv":[13,6,13.375,6.625],"texture":"#2"},"west":{"uv":[6.5,13,6.875,13.625],"texture":"#2"},"up":{"uv":[14.375,3.875,14,3.5],"texture":"#2"},"down":{"uv":[4.875,14,4.5,14.375],"texture":"#2"}}},{"from":[7.65684,2.43324,7.5561],"to":[8.71668,3.08604,8.4439],"rotation":{"angle":22.5,"axis":"z","origin":[7.78222,0.25,8]},"faces":{"north":{"uv":[14.25,8,14,7.5],"rotation":270,"texture":"#2"},"east":{"uv":[14.5,4.875,14.75,4.5],"rotation":90,"texture":"#2"},"south":{"uv":[8.25,14.5,8,14],"rotation":90,"texture":"#2"},"west":{"uv":[4.5,14.5,4.75,14.875],"rotation":90,"texture":"#2"},"up":{"uv":[13.875,2,13.5,1.5],"rotation":90,"texture":"#2"},"down":{"uv":[2.375,14,2,13.5],"rotation":90,"texture":"#2"}}},{"from":[9.48104,1.90945,7.5945],"to":[10.34888,2.52385,8.4055],"rotation":{"angle":45,"axis":"z","origin":[7.78222,0.25,8]},"faces":{"north":{"uv":[6.25,14.75,6,14.375],"rotation":270,"texture":"#2"},"east":{"uv":[14.5,6.875,14.75,6.5],"rotation":90,"texture":"#2"},"south":{"uv":[14.75,6.375,14.5,6],"rotation":90,"texture":"#2"},"west":{"uv":[6.5,14.375,6.75,14.75],"rotation":90,"texture":"#2"},"up":{"uv":[6.375,14.25,6,13.875],"rotation":90,"texture":"#2"},"down":{"uv":[14.375,6.25,14,5.875],"rotation":90,"texture":"#2"}}},{"from":[3.80503,-1.45493,7.4409],"to":[5.03383,0.75691,8.5591],"rotation":{"angle":22.5,"axis":"z","origin":[7.78222,0.25,8]},"faces":{"north":{"uv":[10.5,4,11.375,3.5],"rotation":270,"texture":"#2"},"east":{"uv":[11.375,9,10.5,8.5],"rotation":90,"texture":"#2"},"south":{"uv":[8,11,8.875,10.5],"rotation":90,"texture":"#2"},"west":{"uv":[11.375,8,10.5,8.5],"rotation":90,"texture":"#2"},"up":{"uv":[12.5,5,13,4.5],"rotation":90,"texture":"#2"},"down":{"uv":[10,6,10.5,5.5],"rotation":90,"texture":"#2"}}},{"from":[6.17549,-3.76786,7.4793],"to":[7.81133,-2.73106,8.5207],"rotation":{"angle":-22.5,"axis":"z","origin":[7.78222,0.25,8]},"faces":{"north":{"uv":[13,4.625,13.375,4],"rotation":270,"texture":"#2"},"east":{"uv":[3.875,14.375,3.5,14],"rotation":90,"texture":"#2"},"south":{"uv":[5,13.625,5.375,13],"rotation":90,"texture":"#2"},"west":{"uv":[14.375,3,14,3.375],"rotation":90,"texture":"#2"},"up":{"uv":[13,5.625,13.375,5],"rotation":90,"texture":"#2"},"down":{"uv":[4.5,13.625,4.875,13],"rotation":90,"texture":"#2"}}},{"from":[5.04086,-3.59618,7.49005],"to":[6.8687,-2.36738,8.50995],"rotation":{"angle":-45,"axis":"z","origin":[7.78222,0.25,8]},"faces":{"north":{"uv":[11.5,3,12.25,2.5],"texture":"#2"},"east":{"uv":[13.5,8.5,13.875,8],"texture":"#2"},"south":{"uv":[11.5,9.5,12.25,9],"texture":"#2"},"west":{"uv":[13.5,9,13.875,8.5],"texture":"#2"},"up":{"uv":[5.25,12.875,4.5,12.5],"texture":"#2"},"down":{"uv":[13.25,2.5,12.5,2.875],"texture":"#2"}}},{"from":[8.50188,-3.45089,7.5177],"to":[9.34668,-1.81505,8.4823],"rotation":{"angle":-45,"axis":"z","origin":[7.78222,0.25,8]},"faces":{"north":{"uv":[5.5,13.625,5.875,13],"texture":"#2"},"east":{"uv":[6,13.625,6.375,13],"texture":"#2"},"south":{"uv":[13,6.625,13.375,6],"texture":"#2"},"west":{"uv":[6.5,13.625,6.875,13],"texture":"#2"},"up":{"uv":[4.875,14.375,4.5,14],"texture":"#2"},"down":{"uv":[14.375,3.5,14,3.875],"texture":"#2"}}},{"from":[7.65684,-2.58604,7.5561],"to":[8.71668,-1.93324,8.4439],"rotation":{"angle":-22.5,"axis":"z","origin":[7.78222,0.25,8]},"faces":{"north":{"uv":[14,8,14.25,7.5],"rotation":270,"texture":"#2"},"east":{"uv":[14.75,4.875,14.5,4.5],"rotation":90,"texture":"#2"},"south":{"uv":[8,14.5,8.25,14],"rotation":90,"texture":"#2"},"west":{"uv":[4.75,14.5,4.5,14.875],"rotation":90,"texture":"#2"},"up":{"uv":[2,14,2.375,13.5],"rotation":90,"texture":"#2"},"down":{"uv":[13.5,2,13.875,1.5],"rotation":90,"texture":"#2"}}},{"from":[9.48104,-2.02385,7.5945],"to":[10.34888,-1.40945,8.4055],"rotation":{"angle":-45,"axis":"z","origin":[7.78222,0.25,8]},"faces":{"north":{"uv":[6,14.75,6.25,14.375],"rotation":270,"texture":"#2"},"east":{"uv":[14.75,6.875,14.5,6.5],"rotation":90,"texture":"#2"},"south":{"uv":[14.5,6.375,14.75,6],"rotation":90,"texture":"#2"},"west":{"uv":[6.75,14.375,6.5,14.75],"rotation":90,"texture":"#2"},"up":{"uv":[14,6.25,14.375,5.875],"rotation":90,"texture":"#2"},"down":{"uv":[6,14.25,6.375,13.875],"rotation":90,"texture":"#2"}}},{"from":[-0.86802,-8.01374,7.94],"to":[8.73198,1.58626,8.06],"rotation":{"angle":45,"axis":"z","origin":[7.78222,0.25,8]},"faces":{"north":{"uv":[16,0,0,16],"rotation":180,"texture":"#1"},"east":{"uv":[0.5,0,0,0.625],"rotation":180,"texture":"#1"},"south":{"uv":[0,0,16,16],"rotation":180,"texture":"#1"},"west":{"uv":[0.5,0,0,0.625],"rotation":180,"texture":"#1"},"up":{"uv":[0,0,0.5,0.5],"rotation":180,"texture":"#1"},"down":{"uv":[0,0,0.5,0.5],"rotation":180,"texture":"#1"}}},{"from":[10.24078,-9.93709,7.5561],"to":[11.08558,-8.87725,8.4439],"rotation":{"angle":0,"axis":"z","origin":[7.78222,0.25,8]},"faces":{"north":{"uv":[13.5,2.375,14,2],"rotation":270,"texture":"#2"},"east":{"uv":[14,3.875,13.5,3.5],"rotation":90,"texture":"#2"},"south":{"uv":[13.5,2.875,14,2.5],"rotation":90,"texture":"#2"},"west":{"uv":[14,3,13.5,3.375],"rotation":90,"texture":"#2"},"up":{"uv":[14,5.875,14.375,5.5],"rotation":90,"texture":"#2"},"down":{"uv":[5.5,14.375,5.875,14],"rotation":90,"texture":"#2"}}},{"from":[13.84466,-8.71195,7.5177],"to":[15.4805,-7.86715,8.4823],"rotation":{"angle":-22.5,"axis":"z","origin":[7.78222,0.25,8]},"faces":{"north":{"uv":[13,8.625,13.375,8],"rotation":270,"texture":"#2"},"east":{"uv":[14.375,5.375,14,5],"rotation":90,"texture":"#2"},"south":{"uv":[9.5,13.625,9.875,13],"rotation":90,"texture":"#2"},"west":{"uv":[5.375,14,5,14.375],"rotation":90,"texture":"#2"},"up":{"uv":[13,10.125,13.375,9.5],"rotation":90,"texture":"#2"},"down":{"uv":[8.5,13.625,8.875,13],"rotation":90,"texture":"#2"}}},{"from":[6.83323,-12.18504,7.5561],"to":[7.48603,-10.9332,8.4439],"rotation":{"angle":22.5,"axis":"z","origin":[7.78222,0.25,8]},"faces":{"north":{"uv":[14.5,2.75,15,2.5],"rotation":270,"texture":"#2"},"east":{"uv":[8.5,13.875,8,13.5],"rotation":90,"texture":"#2"},"south":{"uv":[3,14.75,3.5,14.5],"rotation":90,"texture":"#2"},"west":{"uv":[8,13.5,7.5,13.875],"rotation":90,"texture":"#2"},"up":{"uv":[14.5,5.75,14.875,5.5],"rotation":90,"texture":"#2"},"down":{"uv":[5.5,14.75,5.875,14.5],"rotation":90,"texture":"#2"}}},{"from":[4.48039,-7.15149,7.5561],"to":[5.13319,-5.89965,8.4439],"rotation":{"angle":22.5,"axis":"z","origin":[7.78222,0.25,8]},"faces":{"north":{"uv":[14.5,2.75,15,2.5],"rotation":270,"texture":"#2"},"east":{"uv":[8.5,13.875,8,13.5],"rotation":90,"texture":"#2"},"south":{"uv":[3,14.75,3.5,14.5],"rotation":90,"texture":"#2"},"west":{"uv":[8,13.5,7.5,13.875],"rotation":90,"texture":"#2"},"up":{"uv":[14.5,5.75,14.875,5.5],"rotation":90,"texture":"#2"},"down":{"uv":[5.5,14.75,5.875,14.5],"rotation":90,"texture":"#2"}}},{"from":[8.62169,-6.81641,7.5177],"to":[10.25753,-5.97161,8.4823],"rotation":{"angle":-22.5,"axis":"z","origin":[7.78222,0.25,8]},"faces":{"north":{"uv":[13,8.625,13.375,8],"rotation":270,"texture":"#2"},"east":{"uv":[14.375,5.375,14,5],"rotation":90,"texture":"#2"},"south":{"uv":[9.5,13.625,9.875,13],"rotation":90,"texture":"#2"},"west":{"uv":[5.375,14,5,14.375],"rotation":90,"texture":"#2"},"up":{"uv":[13,10.125,13.375,9.5],"rotation":90,"texture":"#2"},"down":{"uv":[8.5,13.625,8.875,13],"rotation":90,"texture":"#2"}}},{"from":[6.14078,-6.18709,7.5561],"to":[6.98558,-5.12725,8.4439],"rotation":{"angle":0,"axis":"z","origin":[7.78222,0.25,8]},"faces":{"north":{"uv":[13.5,2.375,14,2],"rotation":270,"texture":"#2"},"east":{"uv":[14,3.875,13.5,3.5],"rotation":90,"texture":"#2"},"south":{"uv":[13.5,2.875,14,2.5],"rotation":90,"texture":"#2"},"west":{"uv":[14,3,13.5,3.375],"rotation":90,"texture":"#2"},"up":{"uv":[14,5.875,14.375,5.5],"rotation":90,"texture":"#2"},"down":{"uv":[5.5,14.375,5.875,14],"rotation":90,"texture":"#2"}}},{"from":[7.97651,8.25391,7.7875],"to":[8.85971,9.44961,8.2125],"rotation":{"angle":0,"axis":"z","origin":[7.78222,0.25,8]},"faces":{"north":{"uv":[3.5,12,4,12.625],"rotation":180,"texture":"#2"},"east":{"uv":[2.5,14,2.75,14.625],"rotation":180,"texture":"#2"},"south":{"uv":[6,12,6.5,12.625],"rotation":180,"texture":"#2"},"west":{"uv":[14,1.5,14.25,2.125],"rotation":180,"texture":"#2"},"up":{"uv":[14.5,10,14,10.25],"rotation":180,"texture":"#2"},"down":{"uv":[10.5,14.25,10,14],"rotation":180,"texture":"#2"}}},{"from":[11.67469,8.00031,7.792],"to":[14.31039,8.88351,8.208],"rotation":{"angle":22.5,"axis":"z","origin":[7.78222,0.25,8]},"faces":{"north":{"uv":[8.5,4,9,5.375],"rotation":90,"texture":"#2"},"east":{"uv":[10,14,9.5,14.25],"rotation":270,"texture":"#2"},"south":{"uv":[10,10,10.5,11.375],"rotation":270,"texture":"#2"},"west":{"uv":[14.5,8.75,14,8.5],"rotation":270,"texture":"#2"},"up":{"uv":[9.5,11.5,9.75,12.875],"rotation":270,"texture":"#2"},"down":{"uv":[11.5,9.5,11.75,10.875],"rotation":270,"texture":"#2"}}},{"from":[1.28968,5.58562,7.805],"to":[2.37288,7.17282,8.195],"rotation":{"angle":-45,"axis":"z","origin":[7.78222,0.25,8]},"faces":{"north":{"uv":[7.5,12.25,7,11.5],"texture":"#2"},"east":{"uv":[13.75,6.75,13.5,6],"texture":"#2"},"south":{"uv":[8,12.25,7.5,11.5],"texture":"#2"},"west":{"uv":[13.75,5.75,13.5,5],"texture":"#2"},"up":{"uv":[14.5,0.75,15,0.5],"texture":"#2"},"down":{"uv":[0.5,14.5,1,14.75],"texture":"#2"}}},{"from":[6.95935,7.5429,7.7984],"to":[7.84255,8.5973,8.2016],"rotation":{"angle":0,"axis":"z","origin":[7.78222,0.25,8]},"faces":{"north":{"uv":[13,6.5,12.5,6],"texture":"#2"},"east":{"uv":[14.25,14.5,14,14],"texture":"#2"},"south":{"uv":[7,13,6.5,12.5],"texture":"#2"},"west":{"uv":[13.75,14.5,13.5,14],"texture":"#2"},"up":{"uv":[14.5,0.25,15,0],"texture":"#2"},"down":{"uv":[0,14.5,0.5,14.75],"texture":"#2"}}},{"from":[7.08404,6.55023,7.7984],"to":[7.96724,7.60463,8.2016],"rotation":{"angle":0,"axis":"z","origin":[7.78222,0.25,8]},"faces":{"north":{"uv":[13,5.5,12.5,5],"texture":"#2"},"east":{"uv":[12.75,14.5,12.5,14],"texture":"#2"},"south":{"uv":[13,6,12.5,5.5],"texture":"#2"},"west":{"uv":[14.25,12.5,14,12],"texture":"#2"},"up":{"uv":[13,14.25,13.5,14],"texture":"#2"},"down":{"uv":[14,12.5,14.5,12.75],"texture":"#2"}}},{"from":[4.05231,3.68705,7.424],"to":[4.69231,4.80705,8.576],"rotation":{"angle":-22.5,"axis":"z","origin":[7.78222,0.25,8]},"faces":{"north":{"uv":[13,1.5,13.375,2],"rotation":180,"texture":"#2"},"east":{"uv":[12,0,12.625,0.5],"rotation":180,"texture":"#2"},"south":{"uv":[13,10.5,13.375,11],"rotation":180,"texture":"#2"},"west":{"uv":[11,11.5,11.625,12],"rotation":180,"texture":"#2"},"up":{"uv":[13.375,0,13,0.625],"rotation":180,"texture":"#2"},"down":{"uv":[12.875,13.125,12.5,12.5],"rotation":180,"texture":"#2"}}},{"from":[4.61626,4.93873,7.424],"to":[5.19226,5.94673,8.576],"rotation":{"angle":-22.5,"axis":"z","origin":[7.78222,0.25,8]},"faces":{"north":{"uv":[6.5,13.875,6.75,14.375],"rotation":180,"texture":"#2"},"east":{"uv":[12,1,12.625,1.5],"rotation":180,"texture":"#2"},"south":{"uv":[14,6.5,14.25,7],"rotation":180,"texture":"#2"},"west":{"uv":[12,0.5,12.625,1],"rotation":180,"texture":"#2"},"up":{"uv":[13.75,12,13.5,12.625],"rotation":180,"texture":"#2"},"down":{"uv":[12.25,14.125,12,13.5],"rotation":180,"texture":"#2"}}},{"from":[6.56014,4.76755,7.36],"to":[7.20014,5.24755,8.64],"rotation":{"angle":0,"axis":"z","origin":[7.78222,0.25,8]},"faces":{"north":{"uv":[14.5,3.5,14.875,3.75],"rotation":180,"texture":"#2"},"east":{"uv":[13.5,13,14.125,13.25],"rotation":180,"texture":"#2"},"south":{"uv":[14.5,4,14.875,4.25],"rotation":180,"texture":"#2"},"west":{"uv":[12.5,13.5,13.125,13.75],"rotation":180,"texture":"#2"},"up":{"uv":[1.375,13,1,13.625],"rotation":180,"texture":"#2"},"down":{"uv":[0.875,13.625,0.5,13],"rotation":180,"texture":"#2"}}},{"from":[6.08014,5.24755,7.36],"to":[7.20014,5.88755,8.64],"rotation":{"angle":0,"axis":"z","origin":[7.78222,0.25,8]},"faces":{"north":{"uv":[0,13.5,0.5,13.875],"rotation":180,"texture":"#2"},"east":{"uv":[1.5,13,2.125,13.375],"rotation":180,"texture":"#2"},"south":{"uv":[13.5,0,14,0.375],"rotation":180,"texture":"#2"},"west":{"uv":[13,1,13.625,1.375],"rotation":180,"texture":"#2"},"up":{"uv":[2.5,12,2,12.625],"rotation":180,"texture":"#2"},"down":{"uv":[2,12.625,1.5,12],"rotation":180,"texture":"#2"}}},{"from":[7.4693,5.71665,7.3664],"to":[8.0453,6.14865,8.6336],"rotation":{"angle":0,"axis":"z","origin":[7.78222,0.25,8]},"faces":{"north":{"uv":[8.5,14.5,8.75,14.75],"rotation":180,"texture":"#2"},"east":{"uv":[0,14,0.625,14.25],"rotation":180,"texture":"#2"},"south":{"uv":[14.5,8.5,14.75,8.75],"rotation":180,"texture":"#2"},"west":{"uv":[13.5,13.5,14.125,13.75],"rotation":180,"texture":"#2"},"up":{"uv":[1.25,14,1,14.625],"rotation":180,"texture":"#2"},"down":{"uv":[14.25,0.625,14,0],"rotation":180,"texture":"#2"}}},{"from":[7.0373,6.14865,7.3664],"to":[8.0453,6.72465,8.6336],"rotation":{"angle":0,"axis":"z","origin":[7.78222,0.25,8]},"faces":{"north":{"uv":[14,7,14.5,7.25],"rotation":180,"texture":"#2"},"east":{"uv":[1.5,14,2.125,14.25],"rotation":180,"texture":"#2"},"south":{"uv":[7.5,14,8,14.25],"rotation":180,"texture":"#2"},"west":{"uv":[14,1,14.625,1.25],"rotation":180,"texture":"#2"},"up":{"uv":[3.5,12,3,12.625],"rotation":180,"texture":"#2"},"down":{"uv":[3,12.625,2.5,12],"rotation":180,"texture":"#2"}}},{"from":[7.85323,4.64642,7.424],"to":[8.97323,5.28642,8.576],"rotation":{"angle":22.5,"axis":"z","origin":[7.78222,0.25,8]},"faces":{"north":{"uv":[13,2,13.375,1.5],"rotation":270,"texture":"#2"},"east":{"uv":[13.375,0.625,13,0],"rotation":90,"texture":"#2"},"south":{"uv":[13,11,13.375,10.5],"rotation":90,"texture":"#2"},"west":{"uv":[12.875,12.5,12.5,13.125],"rotation":90,"texture":"#2"},"up":{"uv":[12,0.5,12.625,0],"rotation":90,"texture":"#2"},"down":{"uv":[11,12,11.625,11.5],"rotation":90,"texture":"#2"}}},{"from":[9.10491,5.21037,7.424],"to":[10.11291,5.78637,8.576],"rotation":{"angle":22.5,"axis":"z","origin":[7.78222,0.25,8]},"faces":{"north":{"uv":[6.5,14.375,6.75,13.875],"rotation":270,"texture":"#2"},"east":{"uv":[13.75,12.625,13.5,12],"rotation":90,"texture":"#2"},"south":{"uv":[14,7,14.25,6.5],"rotation":90,"texture":"#2"},"west":{"uv":[12.25,13.5,12,14.125],"rotation":90,"texture":"#2"},"up":{"uv":[12,1.5,12.625,1],"rotation":90,"texture":"#2"},"down":{"uv":[12,1,12.625,0.5],"rotation":90,"texture":"#2"}}},{"from":[5.09538,3.64515,7.424],"to":[5.67138,4.65315,8.576],"rotation":{"angle":0,"axis":"z","origin":[7.78222,0.25,8]},"faces":{"north":{"uv":[6.5,13.875,6.75,14.375],"rotation":180,"texture":"#2"},"east":{"uv":[12,1,12.625,1.5],"rotation":180,"texture":"#2"},"south":{"uv":[14,6.5,14.25,7],"rotation":180,"texture":"#2"},"west":{"uv":[12,0.5,12.625,1],"rotation":180,"texture":"#2"},"up":{"uv":[13.75,12,13.5,12.625],"rotation":180,"texture":"#2"},"down":{"uv":[12.25,14.125,12,13.5],"rotation":180,"texture":"#2"}}},{"from":[7.41692,4.33818,7.3664],"to":[7.99292,4.77018,8.6336],"rotation":{"angle":22.5,"axis":"z","origin":[7.78222,0.25,8]},"faces":{"north":{"uv":[8.5,14.5,8.75,14.75],"rotation":180,"texture":"#2"},"east":{"uv":[0,14,0.625,14.25],"rotation":180,"texture":"#2"},"south":{"uv":[14.5,8.5,14.75,8.75],"rotation":180,"texture":"#2"},"west":{"uv":[13.5,13.5,14.125,13.75],"rotation":180,"texture":"#2"},"up":{"uv":[1.25,14,1,14.625],"rotation":180,"texture":"#2"},"down":{"uv":[14.25,0.625,14,0],"rotation":180,"texture":"#2"}}},{"from":[6.98492,4.77018,7.3664],"to":[7.99292,5.34618,8.6336],"rotation":{"angle":22.5,"axis":"z","origin":[7.78222,0.25,8]},"faces":{"north":{"uv":[14,7,14.5,7.25],"rotation":180,"texture":"#2"},"east":{"uv":[1.5,14,2.125,14.25],"rotation":180,"texture":"#2"},"south":{"uv":[7.5,14,8,14.25],"rotation":180,"texture":"#2"},"west":{"uv":[14,1,14.625,1.25],"rotation":180,"texture":"#2"},"up":{"uv":[3.5,12,3,12.625],"rotation":180,"texture":"#2"},"down":{"uv":[3,12.625,2.5,12],"rotation":180,"texture":"#2"}}},{"from":[8.529,3.95688,7.424],"to":[9.537,4.53288,8.576],"rotation":{"angle":45,"axis":"z","origin":[7.78222,0.25,8]},"faces":{"north":{"uv":[6.5,14.375,6.75,13.875],"rotation":270,"texture":"#2"},"east":{"uv":[13.75,12.625,13.5,12],"rotation":90,"texture":"#2"},"south":{"uv":[14,7,14.25,6.5],"rotation":90,"texture":"#2"},"west":{"uv":[12.25,13.5,12,14.125],"rotation":90,"texture":"#2"},"up":{"uv":[12,1.5,12.625,1],"rotation":90,"texture":"#2"},"down":{"uv":[12,1,12.625,0.5],"rotation":90,"texture":"#2"}}},{"from":[11.67469,-8.38351,7.792],"to":[14.31039,-7.50031,8.208],"rotation":{"angle":-22.5,"axis":"z","origin":[7.78222,0.25,8]},"faces":{"north":{"uv":[9,4,8.5,5.375],"rotation":90,"texture":"#2"},"east":{"uv":[9.5,14,10,14.25],"rotation":270,"texture":"#2"},"south":{"uv":[10.5,10,10,11.375],"rotation":270,"texture":"#2"},"west":{"uv":[14,8.75,14.5,8.5],"rotation":270,"texture":"#2"},"up":{"uv":[11.75,9.5,11.5,10.875],"rotation":270,"texture":"#2"},"down":{"uv":[9.75,11.5,9.5,12.875],"rotation":270,"texture":"#2"}}},{"from":[1.28968,-6.67282,7.805],"to":[2.37288,-5.08562,8.195],"rotation":{"angle":45,"axis":"z","origin":[7.78222,0.25,8]},"faces":{"north":{"uv":[7.5,11.5,7,12.25],"texture":"#2"},"east":{"uv":[13.75,6,13.5,6.75],"texture":"#2"},"south":{"uv":[8,11.5,7.5,12.25],"texture":"#2"},"west":{"uv":[13.75,5,13.5,5.75],"texture":"#2"},"up":{"uv":[0.5,14.75,1,14.5],"texture":"#2"},"down":{"uv":[14.5,0.5,15,0.75],"texture":"#2"}}},{"from":[6.95935,-8.0973,7.7984],"to":[7.84255,-7.0429,8.2016],"rotation":{"angle":0,"axis":"z","origin":[7.78222,0.25,8]},"faces":{"north":{"uv":[13,6,12.5,6.5],"texture":"#2"},"east":{"uv":[14.25,14,14,14.5],"texture":"#2"},"south":{"uv":[7,12.5,6.5,13],"texture":"#2"},"west":{"uv":[13.75,14,13.5,14.5],"texture":"#2"},"up":{"uv":[0,14.75,0.5,14.5],"texture":"#2"},"down":{"uv":[14.5,0,15,0.25],"texture":"#2"}}},{"from":[7.08404,-7.10463,7.7984],"to":[7.96724,-6.05023,8.2016],"rotation":{"angle":0,"axis":"z","origin":[7.78222,0.25,8]},"faces":{"north":{"uv":[13,5,12.5,5.5],"texture":"#2"},"east":{"uv":[12.75,14,12.5,14.5],"texture":"#2"},"south":{"uv":[13,5.5,12.5,6],"texture":"#2"},"west":{"uv":[14.25,12,14,12.5],"texture":"#2"},"up":{"uv":[14,12.75,14.5,12.5],"texture":"#2"},"down":{"uv":[13,14,13.5,14.25],"texture":"#2"}}},{"from":[4.05231,-4.30705,7.424],"to":[4.69231,-3.18705,8.576],"rotation":{"angle":22.5,"axis":"z","origin":[7.78222,0.25,8]},"faces":{"north":{"uv":[13,2,13.375,1.5],"rotation":180,"texture":"#2"},"east":{"uv":[12,0.5,12.625,0],"rotation":180,"texture":"#2"},"south":{"uv":[13,11,13.375,10.5],"rotation":180,"texture":"#2"},"west":{"uv":[11,12,11.625,11.5],"rotation":180,"texture":"#2"},"up":{"uv":[12.875,12.5,12.5,13.125],"rotation":180,"texture":"#2"},"down":{"uv":[13.375,0.625,13,0],"rotation":180,"texture":"#2"}}},{"from":[4.61626,-5.44673,7.424],"to":[5.19226,-4.43873,8.576],"rotation":{"angle":22.5,"axis":"z","origin":[7.78222,0.25,8]},"faces":{"north":{"uv":[6.5,14.375,6.75,13.875],"rotation":180,"texture":"#2"},"east":{"uv":[12,1.5,12.625,1],"rotation":180,"texture":"#2"},"south":{"uv":[14,7,14.25,6.5],"rotation":180,"texture":"#2"},"west":{"uv":[12,1,12.625,0.5],"rotation":180,"texture":"#2"},"up":{"uv":[12.25,13.5,12,14.125],"rotation":180,"texture":"#2"},"down":{"uv":[13.75,12.625,13.5,12],"rotation":180,"texture":"#2"}}},{"from":[6.56014,-4.74755,7.36],"to":[7.20014,-4.26755,8.64],"rotation":{"angle":0,"axis":"z","origin":[7.78222,0.25,8]},"faces":{"north":{"uv":[14.5,3.75,14.875,3.5],"rotation":180,"texture":"#2"},"east":{"uv":[13.5,13.25,14.125,13],"rotation":180,"texture":"#2"},"south":{"uv":[14.5,4.25,14.875,4],"rotation":180,"texture":"#2"},"west":{"uv":[12.5,13.75,13.125,13.5],"rotation":180,"texture":"#2"},"up":{"uv":[0.875,13,0.5,13.625],"rotation":180,"texture":"#2"},"down":{"uv":[1.375,13.625,1,13],"rotation":180,"texture":"#2"}}},{"from":[6.08014,-5.38755,7.36],"to":[7.20014,-4.74755,8.64],"rotation":{"angle":0,"axis":"z","origin":[7.78222,0.25,8]},"faces":{"north":{"uv":[0,13.875,0.5,13.5],"rotation":180,"texture":"#2"},"east":{"uv":[1.5,13.375,2.125,13],"rotation":180,"texture":"#2"},"south":{"uv":[13.5,0.375,14,0],"rotation":180,"texture":"#2"},"west":{"uv":[13,1.375,13.625,1],"rotation":180,"texture":"#2"},"up":{"uv":[2,12,1.5,12.625],"rotation":180,"texture":"#2"},"down":{"uv":[2.5,12.625,2,12],"rotation":180,"texture":"#2"}}},{"from":[7.4693,-5.64865,7.3664],"to":[8.0453,-5.21665,8.6336],"rotation":{"angle":0,"axis":"z","origin":[7.78222,0.25,8]},"faces":{"north":{"uv":[8.5,14.75,8.75,14.5],"rotation":180,"texture":"#2"},"east":{"uv":[0,14.25,0.625,14],"rotation":180,"texture":"#2"},"south":{"uv":[14.5,8.75,14.75,8.5],"rotation":180,"texture":"#2"},"west":{"uv":[13.5,13.75,14.125,13.5],"rotation":180,"texture":"#2"},"up":{"uv":[14.25,0,14,0.625],"rotation":180,"texture":"#2"},"down":{"uv":[1.25,14.625,1,14],"rotation":180,"texture":"#2"}}},{"from":[7.0373,-6.22465,7.3664],"to":[8.0453,-5.64865,8.6336],"rotation":{"angle":0,"axis":"z","origin":[7.78222,0.25,8]},"faces":{"north":{"uv":[14,7.25,14.5,7],"rotation":180,"texture":"#2"},"east":{"uv":[1.5,14.25,2.125,14],"rotation":180,"texture":"#2"},"south":{"uv":[7.5,14.25,8,14],"rotation":180,"texture":"#2"},"west":{"uv":[14,1.25,14.625,1],"rotation":180,"texture":"#2"},"up":{"uv":[3,12,2.5,12.625],"rotation":180,"texture":"#2"},"down":{"uv":[3.5,12.625,3,12],"rotation":180,"texture":"#2"}}},{"from":[7.85323,-4.78642,7.424],"to":[8.97323,-4.14642,8.576],"rotation":{"angle":-22.5,"axis":"z","origin":[7.78222,0.25,8]},"faces":{"north":{"uv":[13.375,2,13,1.5],"rotation":270,"texture":"#2"},"east":{"uv":[13,0.625,13.375,0],"rotation":90,"texture":"#2"},"south":{"uv":[13.375,11,13,10.5],"rotation":90,"texture":"#2"},"west":{"uv":[12.5,12.5,12.875,13.125],"rotation":90,"texture":"#2"},"up":{"uv":[11.625,12,11,11.5],"rotation":90,"texture":"#2"},"down":{"uv":[12.625,0.5,12,0],"rotation":90,"texture":"#2"}}},{"from":[9.10491,-5.28637,7.424],"to":[10.11291,-4.71037,8.576],"rotation":{"angle":-22.5,"axis":"z","origin":[7.78222,0.25,8]},"faces":{"north":{"uv":[6.75,14.375,6.5,13.875],"rotation":270,"texture":"#2"},"east":{"uv":[13.5,12.625,13.75,12],"rotation":90,"texture":"#2"},"south":{"uv":[14.25,7,14,6.5],"rotation":90,"texture":"#2"},"west":{"uv":[12,13.5,12.25,14.125],"rotation":90,"texture":"#2"},"up":{"uv":[12.625,1,12,0.5],"rotation":90,"texture":"#2"},"down":{"uv":[12.625,1.5,12,1],"rotation":90,"texture":"#2"}}},{"from":[5.09538,-4.15315,7.424],"to":[5.67138,-3.14515,8.576],"rotation":{"angle":0,"axis":"z","origin":[7.78222,0.25,8]},"faces":{"north":{"uv":[6.5,14.375,6.75,13.875],"rotation":180,"texture":"#2"},"east":{"uv":[12,1.5,12.625,1],"rotation":180,"texture":"#2"},"south":{"uv":[14,7,14.25,6.5],"rotation":180,"texture":"#2"},"west":{"uv":[12,1,12.625,0.5],"rotation":180,"texture":"#2"},"up":{"uv":[12.25,13.5,12,14.125],"rotation":180,"texture":"#2"},"down":{"uv":[13.75,12.625,13.5,12],"rotation":180,"texture":"#2"}}},{"from":[7.41692,-4.27018,7.3664],"to":[7.99292,-3.83818,8.6336],"rotation":{"angle":-22.5,"axis":"z","origin":[7.78222,0.25,8]},"faces":{"north":{"uv":[8.5,14.75,8.75,14.5],"rotation":180,"texture":"#2"},"east":{"uv":[0,14.25,0.625,14],"rotation":180,"texture":"#2"},"south":{"uv":[14.5,8.75,14.75,8.5],"rotation":180,"texture":"#2"},"west":{"uv":[13.5,13.75,14.125,13.5],"rotation":180,"texture":"#2"},"up":{"uv":[14.25,0,14,0.625],"rotation":180,"texture":"#2"},"down":{"uv":[1.25,14.625,1,14],"rotation":180,"texture":"#2"}}},{"from":[6.98492,-4.84618,7.3664],"to":[7.99292,-4.27018,8.6336],"rotation":{"angle":-22.5,"axis":"z","origin":[7.78222,0.25,8]},"faces":{"north":{"uv":[14,7.25,14.5,7],"rotation":180,"texture":"#2"},"east":{"uv":[1.5,14.25,2.125,14],"rotation":180,"texture":"#2"},"south":{"uv":[7.5,14.25,8,14],"rotation":180,"texture":"#2"},"west":{"uv":[14,1.25,14.625,1],"rotation":180,"texture":"#2"},"up":{"uv":[3,12,2.5,12.625],"rotation":180,"texture":"#2"},"down":{"uv":[3.5,12.625,3,12],"rotation":180,"texture":"#2"}}},{"from":[8.529,-4.03288,7.424],"to":[9.537,-3.45688,8.576],"rotation":{"angle":-45,"axis":"z","origin":[7.78222,0.25,8]},"faces":{"north":{"uv":[6.75,14.375,6.5,13.875],"rotation":270,"texture":"#2"},"east":{"uv":[13.5,12.625,13.75,12],"rotation":90,"texture":"#2"},"south":{"uv":[14.25,7,14,6.5],"rotation":90,"texture":"#2"},"west":{"uv":[12,13.5,12.25,14.125],"rotation":90,"texture":"#2"},"up":{"uv":[12.625,1,12,0.5],"rotation":90,"texture":"#2"},"down":{"uv":[12.625,1.5,12,1],"rotation":90,"texture":"#2"}}},{"from":[7.97651,-8.94961,7.7875],"to":[8.85971,-7.75391,8.2125],"rotation":{"angle":0,"axis":"z","origin":[7.78222,0.25,8]},"faces":{"north":{"uv":[3.5,12.625,4,12],"rotation":180,"texture":"#2"},"east":{"uv":[2.5,14.625,2.75,14],"rotation":180,"texture":"#2"},"south":{"uv":[6,12.625,6.5,12],"rotation":180,"texture":"#2"},"west":{"uv":[14,2.125,14.25,1.5],"rotation":180,"texture":"#2"},"up":{"uv":[10.5,14,10,14.25],"rotation":180,"texture":"#2"},"down":{"uv":[14.5,10.25,14,10],"rotation":180,"texture":"#2"}}},{"from":[6.5714,1.07136,7.328],"to":[6.9362,1.43616,8.672],"rotation":{"angle":45,"axis":"z","origin":[7.78222,0.25,8]},"faces":{"north":{"uv":[11,14.625,11.125,14.5],"texture":"#2"},"east":{"uv":[7,14.625,7.625,14.5],"texture":"#2"},"south":{"uv":[14.5,11.125,14.625,11],"texture":"#2"},"west":{"uv":[14.5,7.125,15.125,7],"texture":"#2"},"up":{"uv":[8.375,14.625,8.25,14],"texture":"#2"},"down":{"uv":[14.875,7,14.75,7.625],"texture":"#2"}}}],"gui_light":"front","display":{"thirdperson_righthand":{"rotation":[0,-90,0],"translation":[0,6.5,4.25],"scale":[1.1,1.1,1.1]},"thirdperson_lefthand":{"rotation":[0,90,0],"translation":[0,6.5,4.25],"scale":[1.1,1.1,1.1]},"firstperson_righthand":{"rotation":[82.14,-86.17,75.21],"translation":[3,11.5,0.5]},"firstperson_lefthand":{"rotation":[3.75,90,0],"translation":[4,12.25,-0.25]},"ground":{"rotation":[76,0,0],"translation":[0,-0.25,4.5],"scale":[0.61,0.61,0.61]},"gui":{"rotation":[0,0,-45],"translation":[3,6,0],"scale":[0.82,0.82,0.82]},"head":{"scale":[0.03,0.03,0.03]},"fixed":{"rotation":[-180,0,-180],"translation":[0,10,-0.75],"scale":[1.25,1.25,1.25]}}}