{"providers":[{"file":"char/black.png","chars":[""],"height":1,"ascent":-5000,"type":"bitmap"},{"file":"char/black.png","chars":[""],"height":2,"ascent":-5000,"type":"bitmap"},{"file":"char/black.png","chars":[""],"height":3,"ascent":-5000,"type":"bitmap"},{"file":"char/black.png","chars":[""],"height":4,"ascent":-5000,"type":"bitmap"},{"file":"char/black.png","chars":[""],"height":5,"ascent":-5000,"type":"bitmap"},{"file":"char/black.png","chars":[""],"height":6,"ascent":-5000,"type":"bitmap"},{"file":"char/black.png","chars":[""],"height":7,"ascent":-5000,"type":"bitmap"},{"file":"char/black.png","chars":[""],"height":15,"ascent":-5000,"type":"bitmap"},{"file":"char/black.png","chars":[""],"height":31,"ascent":-5000,"type":"bitmap"},{"file":"char/black.png","chars":[""],"height":63,"ascent":-5000,"type":"bitmap"},{"file":"char/black.png","chars":[""],"height":127,"ascent":-5000,"type":"bitmap"},{"file":"char/black.png","chars":[""],"height":256,"ascent":-5000,"type":"bitmap"},{"file":"char/black.png","chars":[""],"height":512,"ascent":-5000,"type":"bitmap"},{"file":"char/black.png","chars":[""],"height":1024,"ascent":-5000,"type":"bitmap"},{"file":"char/black.png","chars":[""],"height":-3,"ascent":-5000,"type":"bitmap"},{"file":"char/black.png","chars":[""],"height":-4,"ascent":-5000,"type":"bitmap"},{"file":"char/black.png","chars":[""],"height":-5,"ascent":-5000,"type":"bitmap"},{"file":"char/black.png","chars":[""],"height":-6,"ascent":-5000,"type":"bitmap"},{"file":"char/black.png","chars":[""],"height":-7,"ascent":-5000,"type":"bitmap"},{"file":"char/black.png","chars":[""],"height":-8,"ascent":-5000,"type":"bitmap"},{"file":"char/black.png","chars":[""],"height":-9,"ascent":-5000,"type":"bitmap"},{"file":"char/black.png","chars":[""],"height":-10,"ascent":-5000,"type":"bitmap"},{"file":"char/black.png","chars":[""],"height":-18,"ascent":-5000,"type":"bitmap"},{"file":"char/black.png","chars":[""],"height":-34,"ascent":-5000,"type":"bitmap"},{"file":"char/black.png","chars":[""],"height":-66,"ascent":-5000,"type":"bitmap"},{"file":"char/black.png","chars":[""],"height":-130,"ascent":-5000,"type":"bitmap"},{"file":"char/black.png","chars":[""],"height":-259,"ascent":-5000,"type":"bitmap"},{"file":"char/black.png","chars":[""],"height":-515,"ascent":-5000,"type":"bitmap"},{"file":"char/black.png","chars":[""],"height":-1027,"ascent":-5000,"type":"bitmap"},{"file":"itemtags:geral/logo.png","chars":[""],"height":36,"ascent":27,"type":"bitmap"},{"file":"itemtags:geral/logo.png","chars":[""],"height":81,"ascent":22,"type":"bitmap"},{"file":"itemtags:geral/logo.png","chars":[""],"height":99,"ascent":56,"type":"bitmap"},{"file":"itemtags:geral/tpafull.png","chars":[""],"height":36,"ascent":8,"type":"bitmap"},{"file":"itemtags:geral/evento_fazenda_logo.png","chars":[""],"height":36,"ascent":8,"type":"bitmap"},{"file":"itemtags:geral/dragonfull.png","chars":[""],"height":36,"ascent":8,"type":"bitmap"},{"file":"itemtags:geral/tradefull.png","chars":[""],"height":36,"ascent":8,"type":"bitmap"},{"file":"itemtags:geral/seta_dc.png","chars":[""],"height":8,"ascent":7,"type":"bitmap"},{"file":"itemtags:geral/npc.png","chars":[""],"height":9,"ascent":8,"type":"bitmap"},{"file":"itemtags:geral/player.png","chars":[""],"height":8,"ascent":7,"type":"bitmap"},{"file":"itemtags:geral/ping.png","chars":[""],"height":8,"ascent":7,"type":"bitmap"},{"file":"itemtags:geral/discord.png","chars":[""],"height":36,"ascent":8,"type":"bitmap"},{"file":"itemtags:geral/twitter.png","chars":[""],"height":36,"ascent":8,"type":"bitmap"},{"file":"itemtags:geral/instagram.png","chars":[""],"height":36,"ascent":8,"type":"bitmap"},{"file":"itemtags:geral/facebook.png","chars":[""],"height":36,"ascent":8,"type":"bitmap"},{"file":"itemtags:geral/tiktok.png","chars":[""],"height":36,"ascent":8,"type":"bitmap"},{"file":"itemtags:geral/tnt.png","chars":[""],"height":36,"ascent":8,"type":"bitmap"},{"file":"itemtags:geral/aviso.png","chars":[""],"height":27,"ascent":8,"type":"bitmap"},{"file":"itemtags:tags/50xp_tag.png","chars":[""],"height":8,"ascent":7,"type":"bitmap"},{"file":"itemtags:tags/clique_tag.png","chars":[""],"height":8,"ascent":7,"type":"bitmap"},{"file":"itemtags:tags/amarelo_tag.png","chars":[""],"height":8,"ascent":7,"type":"bitmap"},{"file":"itemtags:tags/azul_tag.png","chars":[""],"height":8,"ascent":7,"type":"bitmap"},{"file":"itemtags:tags/roxo_tag.png","chars":[""],"height":8,"ascent":7,"type":"bitmap"},{"file":"itemtags:tags/verde_tag.png","chars":[""],"height":8,"ascent":7,"type":"bitmap"},{"file":"itemtags:tags/vermelho_tag.png","chars":[""],"height":8,"ascent":7,"type":"bitmap"},{"file":"itemtags:tags/raridade_tag.png","chars":[""],"height":8,"ascent":7,"type":"bitmap"},{"file":"itemtags:tags/picareta_tag.png","chars":[""],"height":8,"ascent":7,"type":"bitmap"},{"file":"itemtags:tags/pa_tag.png","chars":[""],"height":8,"ascent":7,"type":"bitmap"},{"file":"itemtags:tags/abyssal_tag.png","chars":[""],"height":8,"ascent":7,"type":"bitmap"},{"file":"itemtags:tags/espada_tag.png","chars":[""],"height":8,"ascent":7,"type":"bitmap"},{"file":"itemtags:tags/enxada_tag.png","chars":[""],"height":8,"ascent":7,"type":"bitmap"},{"file":"itemtags:tags/asas_tag.png","chars":[""],"height":8,"ascent":7,"type":"bitmap"},{"file":"itemtags:tags/arco_tag.png","chars":[""],"height":8,"ascent":7,"type":"bitmap"},{"file":"itemtags:tags/machado_tag.png","chars":[""],"height":8,"ascent":7,"type":"bitmap"},{"file":"itemtags:tags/loja_tag.png","chars":[""],"height":9,"ascent":8,"type":"bitmap"},{"file":"itemtags:tags/blocosdeconstrucao.png","chars":[""],"height":14,"ascent":13,"type":"bitmap"},{"file":"itemtags:tags/forja_tag.png","chars":[""],"height":13,"ascent":12,"type":"bitmap"},{"file":"itemtags:tags/minerios_tag.png","chars":[""],"height":13,"ascent":12,"type":"bitmap"},{"file":"itemtags:tags/automacao_tag.png","chars":[""],"height":13,"ascent":12,"type":"bitmap"},{"file":"itemtags:tags/agricultura_tag.png","chars":[""],"height":13,"ascent":12,"type":"bitmap"},{"file":"itemtags:tags/combate_tag.png","chars":[""],"height":12,"ascent":11,"type":"bitmap"},{"file":"itemtags:tags/restosdemobs_tag.png","chars":[""],"height":13,"ascent":12,"type":"bitmap"},{"file":"itemtags:tags/lojavip_tag.png","chars":[""],"height":13,"ascent":12,"type":"bitmap"},{"file":"itemtags:tags/lojacustom_tag.png","chars":[""],"height":13,"ascent":12,"type":"bitmap"},{"file":"itemtags:tags/loja_cabeca.png","chars":[""],"height":13,"ascent":12,"type":"bitmap"},{"file":"itemtags:cargos/staff_icon.png","chars":[""],"height":8,"ascent":7,"type":"bitmap"},{"file":"itemtags:cargos/staff_icon.png","chars":[""],"height":8,"ascent":7,"type":"bitmap"},{"file":"itemtags:cargos/staff_icon.png","chars":[""],"height":8,"ascent":7,"type":"bitmap"},{"file":"itemtags:cargos/staff_icon.png","chars":[""],"height":8,"ascent":7,"type":"bitmap"},{"file":"itemtags:cargos/suporte_icon.png","chars":[""],"height":8,"ascent":7,"type":"bitmap"},{"file":"itemtags:cargos/designer_icon.png","chars":[""],"height":8,"ascent":7,"type":"bitmap"},{"file":"itemtags:cargos/construtor_icon.png","chars":[""],"height":8,"ascent":7,"type":"bitmap"},{"file":"itemtags:cargos/youtuber_icon.png","chars":[""],"height":8,"ascent":7,"type":"bitmap"},{"file":"itemtags:cargos/twitch_icon.png","chars":[""],"height":8,"ascent":7,"type":"bitmap"},{"file":"itemtags:cargos/vip_icon.png","chars":[""],"height":8,"ascent":7,"type":"bitmap"},{"file":"itemtags:cargos/vip_master_icon.png","chars":[""],"height":8,"ascent":7,"type":"bitmap"},{"file":"itemtags:cargos/vip_ultra_icon.png","chars":[""],"height":8,"ascent":7,"type":"bitmap"},{"file":"itemtags:cargos/lendario_icon.png","chars":[""],"height":8,"ascent":7,"type":"bitmap"},{"file":"itemtags:cargos/membro_icon.png","chars":[""],"height":8,"ascent":7,"type":"bitmap"},{"file":"itemtags:cargos/discord_icon.png","chars":[""],"height":8,"ascent":7,"type":"bitmap"},{"file":"itemtags:cargos/copa_icon.png","chars":[""],"height":8,"ascent":7,"type":"bitmap"},{"file":"itemtags:cargos/natal_icon.png","chars":[""],"height":8,"ascent":7,"type":"bitmap"},{"file":"itemtags:cargos/guerra_icon.png","chars":[""],"height":8,"ascent":7,"type":"bitmap"},{"file":"itemtags:cargos/mobs_icon.png","chars":[""],"height":8,"ascent":7,"type":"bitmap"},{"file":"itemtags:cargos/online_icon.png","chars":[""],"height":8,"ascent":7,"type":"bitmap"},{"file":"itemtags:cargos/dragon_icon.png","chars":[""],"height":8,"ascent":7,"type":"bitmap"},{"file":"itemtags:cargos/minerar_icon.png","chars":[""],"height":8,"ascent":7,"type":"bitmap"},{"file":"itemtags:cargos/pesca_icon.png","chars":[""],"height":8,"ascent":7,"type":"bitmap"},{"file":"itemtags:cargos/abates_icon.png","chars":[""],"height":8,"ascent":7,"type":"bitmap"},{"file":"itemtags:cargos/blocos_icon.png","chars":[""],"height":8,"ascent":7,"type":"bitmap"},{"file":"itemtags:cargos/jobs_icon.png","chars":[""],"height":8,"ascent":7,"type":"bitmap"},{"file":"itemtags:cargos/vote_icon.png","chars":[""],"height":8,"ascent":7,"type":"bitmap"},{"file":"itemtags:cargos/mcmmo_icon.png","chars":[""],"height":8,"ascent":7,"type":"bitmap"},{"file":"itemtags:cargos/duelos_icon.png","chars":[""],"height":8,"ascent":7,"type":"bitmap"},{"file":"itemtags:extra_tag/nitro_tag.png","chars":[""],"height":8,"ascent":7,"type":"bitmap"},{"file":"itemtags:extra_tag/claim_tag.png","chars":[""],"height":8,"ascent":7,"type":"bitmap"},{"file":"itemtags:extra_tag/fome_tag.png","chars":[""],"height":8,"ascent":7,"type":"bitmap"},{"file":"itemtags:extra_tag/aceitar_tag.png","chars":[""],"height":9,"ascent":8,"type":"bitmap"},{"file":"itemtags:extra_tag/recusar_tag.png","chars":[""],"height":9,"ascent":8,"type":"bitmap"},{"file":"itemtags:cargos_tag/diretor_tag.png","chars":[""],"height":8,"ascent":7,"type":"bitmap"},{"file":"itemtags:cargos_tag/admin_tag.png","chars":[""],"height":8,"ascent":7,"type":"bitmap"},{"file":"itemtags:cargos_tag/dev_tag.png","chars":[""],"height":8,"ascent":7,"type":"bitmap"},{"file":"itemtags:cargos_tag/coordenador_tag.png","chars":[""],"height":8,"ascent":7,"type":"bitmap"},{"file":"itemtags:cargos_tag/moderador_tag.png","chars":[""],"height":8,"ascent":7,"type":"bitmap"},{"file":"itemtags:cargos_tag/ajudante_tag.png","chars":[""],"height":8,"ascent":7,"type":"bitmap"},{"file":"itemtags:cargos_tag/aprendiz_tag.png","chars":[""],"height":8,"ascent":7,"type":"bitmap"},{"file":"itemtags:cargos_tag/designer_tag.png","chars":[""],"height":8,"ascent":7,"type":"bitmap"},{"file":"itemtags:cargos_tag/construtor_tag.png","chars":[""],"height":8,"ascent":7,"type":"bitmap"},{"file":"itemtags:cargos_tag/youtuber_tag.png","chars":[""],"height":8,"ascent":7,"type":"bitmap"},{"file":"itemtags:cargos_tag/streamer_tag.png","chars":[""],"height":8,"ascent":7,"type":"bitmap"},{"file":"itemtags:cargos_tag/vip_tag.png","chars":[""],"height":8,"ascent":7,"type":"bitmap"},{"file":"itemtags:cargos_tag/vip_master_tag.png","chars":[""],"height":8,"ascent":7,"type":"bitmap"},{"file":"itemtags:cargos_tag/vip_ultra_tag.png","chars":[""],"height":8,"ascent":7,"type":"bitmap"},{"file":"itemtags:cargos_tag/lendario_tag.png","chars":[""],"height":8,"ascent":7,"type":"bitmap"},{"file":"itemtags:cargos_tag/membro_tag.png","chars":[""],"height":8,"ascent":7,"type":"bitmap"},{"file":"itemtags:menus/discordv.png","chars":[""],"height":170,"ascent":64,"type":"bitmap"},{"file":"itemtags:menus/niveismenu.png","chars":[""],"height":256,"ascent":30,"type":"bitmap"},{"file":"itemtags:menus/emote.png","chars":[""],"height":256,"ascent":30,"type":"bitmap"},{"file":"itemtags:menus/menugemas.png","chars":[""],"height":256,"ascent":52,"type":"bitmap"},{"file":"itemtags:menus/menuclanp1.png","chars":[""],"height":256,"ascent":37,"type":"bitmap"},{"file":"itemtags:menus/menuclanp1.png","chars":[""],"height":256,"ascent":37,"type":"bitmap"},{"file":"itemtags:menus/menuhome.png","chars":[""],"height":256,"ascent":35,"type":"bitmap"},{"file":"itemtags:menus/menuhome-lateral.png","chars":[""],"height":122,"ascent":30,"type":"bitmap"},{"file":"itemtags:menus/tags1.png","chars":[""],"height":170,"ascent":41,"type":"bitmap"},{"file":"itemtags:menus/pets.png","chars":[""],"height":170,"ascent":41,"type":"bitmap"},{"file":"itemtags:menus/topmoney.png","chars":[""],"height":170,"ascent":41,"type":"bitmap"},{"file":"itemtags:menus/cabecas.png","chars":[""],"height":170,"ascent":41,"type":"bitmap"},{"file":"itemtags:menus/warp1.png","chars":[""],"height":170,"ascent":51,"type":"bitmap"},{"file":"itemtags:menus/kits.png","chars":[""],"height":170,"ascent":47,"type":"bitmap"},{"file":"itemtags:menus/kits2.png","chars":[""],"height":170,"ascent":75,"type":"bitmap"},{"file":"itemtags:menus/menumundos.png","chars":[""],"height":256,"ascent":37,"type":"bitmap"},{"file":"itemtags:menus/menutorneio.png","chars":[""],"height":256,"ascent":35,"type":"bitmap"},{"file":"itemtags:menus/jobs.png","chars":[""],"height":100,"ascent":22,"type":"bitmap"},{"file":"itemtags:menus/menuperfil.png","chars":[""],"height":170,"ascent":38,"type":"bitmap"},{"file":"itemtags:menus/loteria.png","chars":[""],"height":170,"ascent":123,"type":"bitmap"},{"file":"itemtags:menus/ah.png","chars":[""],"height":170,"ascent":41,"type":"bitmap"},{"file":"itemtags:menus/ah2.png","chars":[""],"height":170,"ascent":41,"type":"bitmap"},{"file":"itemtags:menus/ah3.png","chars":[""],"height":170,"ascent":41,"type":"bitmap"},{"file":"itemtags:menus/ah4.png","chars":[""],"height":170,"ascent":41,"type":"bitmap"},{"file":"itemtags:menus/ah5.png","chars":[""],"height":170,"ascent":86,"type":"bitmap"},{"file":"itemtags:menus/pwarp.png","chars":[""],"height":170,"ascent":61,"type":"bitmap"},{"file":"itemtags:menus/pwarp2.png","chars":[""],"height":170,"ascent":41,"type":"bitmap"},{"file":"itemtags:menus/shop/shopautoma.png","chars":[""],"height":170,"ascent":51,"type":"bitmap"},{"file":"itemtags:menus/shop/shopcustom.png","chars":[""],"height":170,"ascent":51,"type":"bitmap"},{"file":"itemtags:menus/shop/shopvip.png","chars":[""],"height":170,"ascent":51,"type":"bitmap"},{"file":"itemtags:menus/shop/shopagricu.png","chars":[""],"height":170,"ascent":45,"type":"bitmap"},{"file":"itemtags:menus/shop/shopminerios.png","chars":[""],"height":170,"ascent":45,"type":"bitmap"},{"file":"itemtags:menus/shop/shopblocos.png","chars":[""],"height":170,"ascent":51,"type":"bitmap"},{"file":"itemtags:menus/shop/shopcombate.png","chars":[""],"height":170,"ascent":45,"type":"bitmap"},{"file":"itemtags:menus/shop/shopforja.png","chars":[""],"height":170,"ascent":45,"type":"bitmap"},{"file":"itemtags:menus/shop/shopdrops.png","chars":[""],"height":170,"ascent":51,"type":"bitmap"},{"file":"itemtags:menus/shop/shopcomprando.png","chars":[""],"height":170,"ascent":51,"type":"bitmap"},{"file":"itemtags:menus/shop/shopvendendo.png","chars":[""],"height":66,"ascent":26,"type":"bitmap"},{"file":"itemtags:menus/shop/shopmais.png","chars":[""],"height":140,"ascent":45,"type":"bitmap"},{"file":"itemtags:menus/comandos/comandos.png","chars":[""],"height":170,"ascent":45,"type":"bitmap"},{"file":"itemtags:menus/comandos/comandosclaim.png","chars":[""],"height":170,"ascent":48,"type":"bitmap"},{"file":"itemtags:menus/comandos/comandoschat.png","chars":[""],"height":170,"ascent":58,"type":"bitmap"},{"file":"itemtags:menus/comandos/comandoswarp.png","chars":[""],"height":170,"ascent":58,"type":"bitmap"},{"file":"itemtags:menus/comandos/comandosclan.png","chars":[""],"height":170,"ascent":48,"type":"bitmap"},{"file":"itemtags:menus/comandos/comandosmcmmo.png","chars":[""],"height":170,"ascent":58,"type":"bitmap"},{"file":"itemtags:menus/comandos/comandoslimite.png","chars":[""],"height":170,"ascent":40,"type":"bitmap"},{"file":"itemtags:menus/comandos/comandosjogatina.png","chars":[""],"height":170,"ascent":48,"type":"bitmap"},{"file":"itemtags:menus/comandos/comandosplot.png","chars":[""],"height":170,"ascent":58,"type":"bitmap"},{"file":"itemtags:menus/comandos/comandosduelo.png","chars":[""],"height":170,"ascent":58,"type":"bitmap"},{"file":"itemtags:menus/comandos/comandosregras.png","chars":[""],"height":170,"ascent":48,"type":"bitmap"},{"file":"itemtags:menus/mcmmo/menumcmmo.png","chars":[""],"height":170,"ascent":46,"type":"bitmap"},{"file":"itemtags:menus/mcmmo/mcmmominera.png","chars":[""],"height":170,"ascent":48,"type":"bitmap"},{"file":"itemtags:menus/mcmmo/mcmmorepara.png","chars":[""],"height":170,"ascent":48,"type":"bitmap"},{"file":"itemtags:menus/mcmmo/mcmmolenha.png","chars":[""],"height":170,"ascent":48,"type":"bitmap"},{"file":"itemtags:menus/mcmmo/mcmmoescava.png","chars":[""],"height":170,"ascent":48,"type":"bitmap"},{"file":"itemtags:menus/mcmmo/mcmmoespada.png","chars":[""],"height":170,"ascent":48,"type":"bitmap"},{"file":"itemtags:menus/mcmmo/mcmmomachado.png","chars":[""],"height":170,"ascent":48,"type":"bitmap"},{"file":"itemtags:menus/mcmmo/mcmmoarquearia.png","chars":[""],"height":170,"ascent":48,"type":"bitmap"},{"file":"itemtags:menus/mcmmo/mcmmoherba.png","chars":[""],"height":170,"ascent":48,"type":"bitmap"},{"file":"itemtags:menus/mcmmo/mcmmopesca.png","chars":[""],"height":170,"ascent":48,"type":"bitmap"},{"file":"itemtags:menus/mcmmo/mcmmoalquimia.png","chars":[""],"height":170,"ascent":48,"type":"bitmap"},{"file":"itemtags:menus/mcmmo/mcmmoacroba.png","chars":[""],"height":170,"ascent":48,"type":"bitmap"},{"file":"itemtags:menus/mcmmo/mcmmodesarma.png","chars":[""],"height":170,"ascent":48,"type":"bitmap"},{"file":"itemtags:menus/mcmmo/mcmmodomesticar.png","chars":[""],"height":170,"ascent":48,"type":"bitmap"},{"file":"itemtags:menus/mcmmo/mcmmofundi.png","chars":[""],"height":170,"ascent":48,"type":"bitmap"},{"file":"itemtags:chats/npcparaquedas.png","chars":[""],"height":45,"ascent":8,"type":"bitmap"},{"file":"itemtags:chats/bvsite.png","chars":[""],"height":45,"ascent":40,"type":"bitmap"},{"file":"itemtags:chats/bvparaquedas.png","chars":[""],"height":45,"ascent":39,"type":"bitmap"},{"file":"_iainternal:gui/no_recipe.png","chars":[""],"height":170,"ascent":47,"type":"bitmap"},{"file":"_iainternal:gui/crafting.png","chars":[""],"height":170,"ascent":47,"type":"bitmap"},{"file":"_iainternal:gui/cooking.png","chars":[""],"height":170,"ascent":47,"type":"bitmap"},{"file":"_iainternal:gui/blank_menu.png","chars":[""],"height":170,"ascent":47,"type":"bitmap"},{"file":"_iainternal:gui/anvil_repair.png","chars":[""],"height":170,"ascent":47,"type":"bitmap"},{"file":"_iainternal:gui/smithing.png","chars":[""],"height":170,"ascent":47,"type":"bitmap"},{"file":"futuriumemojis:font/emoji/0.png","chars":[""],"height":9,"ascent":8,"type":"bitmap"},{"file":"futuriumemojis:font/emoji/1.png","chars":[""],"height":9,"ascent":8,"type":"bitmap"},{"file":"futuriumemojis:font/emoji/2.png","chars":[""],"height":9,"ascent":8,"type":"bitmap"},{"file":"futuriumemojis:font/emoji/3.png","chars":[""],"height":9,"ascent":8,"type":"bitmap"},{"file":"futuriumemojis:font/emoji/4.png","chars":[""],"height":9,"ascent":8,"type":"bitmap"},{"file":"futuriumemojis:font/emoji/5.png","chars":[""],"height":9,"ascent":8,"type":"bitmap"},{"file":"futuriumemojis:font/emoji/6.png","chars":[""],"height":9,"ascent":8,"type":"bitmap"},{"file":"futuriumemojis:font/emoji/7.png","chars":[""],"height":9,"ascent":8,"type":"bitmap"},{"file":"futuriumemojis:font/emoji/8.png","chars":[""],"height":9,"ascent":8,"type":"bitmap"},{"file":"futuriumemojis:font/emoji/9.png","chars":[""],"height":9,"ascent":8,"type":"bitmap"},{"file":"futuriumemojis:font/emoji/alarmclock.png","chars":[""],"height":9,"ascent":8,"type":"bitmap"},{"file":"futuriumemojis:font/emoji/alien.png","chars":[""],"height":9,"ascent":8,"type":"bitmap"},{"file":"futuriumemojis:font/emoji/angry.png","chars":[""],"height":9,"ascent":8,"type":"bitmap"},{"file":"futuriumemojis:font/emoji/angry1.png","chars":[""],"height":9,"ascent":8,"type":"bitmap"},{"file":"futuriumemojis:font/emoji/angry2.png","chars":[""],"height":9,"ascent":8,"type":"bitmap"},{"file":"futuriumemojis:font/emoji/angry3.png","chars":[""],"height":9,"ascent":8,"type":"bitmap"},{"file":"futuriumemojis:font/emoji/anxious.png","chars":[""],"height":9,"ascent":8,"type":"bitmap"},{"file":"futuriumemojis:font/emoji/aquarius.png","chars":[""],"height":9,"ascent":8,"type":"bitmap"},{"file":"futuriumemojis:font/emoji/aries.png","chars":[""],"height":9,"ascent":8,"type":"bitmap"},{"file":"futuriumemojis:font/emoji/asterisk.png","chars":[""],"height":9,"ascent":8,"type":"bitmap"},{"file":"futuriumemojis:font/emoji/atm.png","chars":[""],"height":9,"ascent":8,"type":"bitmap"},{"file":"futuriumemojis:font/emoji/avocado.png","chars":[""],"height":9,"ascent":8,"type":"bitmap"},{"file":"futuriumemojis:font/emoji/bacon.png","chars":[""],"height":9,"ascent":8,"type":"bitmap"},{"file":"futuriumemojis:font/emoji/baguette.png","chars":[""],"height":9,"ascent":8,"type":"bitmap"},{"file":"futuriumemojis:font/emoji/bandage.png","chars":[""],"height":9,"ascent":8,"type":"bitmap"},{"file":"futuriumemojis:font/emoji/bat.png","chars":[""],"height":9,"ascent":8,"type":"bitmap"},{"file":"futuriumemojis:font/emoji/biceps.png","chars":[""],"height":9,"ascent":8,"type":"bitmap"},{"file":"futuriumemojis:font/emoji/biohazard.png","chars":[""],"height":9,"ascent":8,"type":"bitmap"},{"file":"futuriumemojis:font/emoji/blocked.png","chars":[""],"height":9,"ascent":8,"type":"bitmap"},{"file":"futuriumemojis:font/emoji/blood.png","chars":[""],"height":9,"ascent":8,"type":"bitmap"},{"file":"futuriumemojis:font/emoji/blush.png","chars":[""],"height":9,"ascent":8,"type":"bitmap"},{"file":"futuriumemojis:font/emoji/bye.png","chars":[""],"height":9,"ascent":8,"type":"bitmap"},{"file":"futuriumemojis:font/emoji/callme.png","chars":[""],"height":9,"ascent":8,"type":"bitmap"},{"file":"futuriumemojis:font/emoji/cancel.png","chars":[""],"height":9,"ascent":8,"type":"bitmap"},{"file":"futuriumemojis:font/emoji/cancer.png","chars":[""],"height":9,"ascent":8,"type":"bitmap"},{"file":"futuriumemojis:font/emoji/capricorn.png","chars":[""],"height":9,"ascent":8,"type":"bitmap"},{"file":"futuriumemojis:font/emoji/carrot.png","chars":[""],"height":9,"ascent":8,"type":"bitmap"},{"file":"futuriumemojis:font/emoji/chair.png","chars":[""],"height":9,"ascent":8,"type":"bitmap"},{"file":"futuriumemojis:font/emoji/chick.png","chars":[""],"height":9,"ascent":8,"type":"bitmap"},{"file":"futuriumemojis:font/emoji/chick1.png","chars":[""],"height":9,"ascent":8,"type":"bitmap"},{"file":"futuriumemojis:font/emoji/chick2.png","chars":[""],"height":9,"ascent":8,"type":"bitmap"},{"file":"futuriumemojis:font/emoji/clap.png","chars":[""],"height":9,"ascent":8,"type":"bitmap"},{"file":"futuriumemojis:font/emoji/coffin.png","chars":[""],"height":9,"ascent":8,"type":"bitmap"},{"file":"futuriumemojis:font/emoji/cold.png","chars":[""],"height":9,"ascent":8,"type":"bitmap"},{"file":"futuriumemojis:font/emoji/confirm.png","chars":[""],"height":9,"ascent":8,"type":"bitmap"},{"file":"futuriumemojis:font/emoji/confused.png","chars":[""],"height":9,"ascent":8,"type":"bitmap"},{"file":"futuriumemojis:font/emoji/confused1.png","chars":[""],"height":9,"ascent":8,"type":"bitmap"},{"file":"futuriumemojis:font/emoji/couple.png","chars":[""],"height":9,"ascent":8,"type":"bitmap"},{"file":"futuriumemojis:font/emoji/cowboy.png","chars":[""],"height":9,"ascent":8,"type":"bitmap"},{"file":"futuriumemojis:font/emoji/crab.png","chars":[""],"height":9,"ascent":8,"type":"bitmap"},{"file":"futuriumemojis:font/emoji/croissant.png","chars":[""],"height":9,"ascent":8,"type":"bitmap"},{"file":"futuriumemojis:font/emoji/crossedfingers.png","chars":[""],"height":9,"ascent":8,"type":"bitmap"},{"file":"futuriumemojis:font/emoji/cry.png","chars":[""],"height":9,"ascent":8,"type":"bitmap"},{"file":"futuriumemojis:font/emoji/cry1.png","chars":[""],"height":9,"ascent":8,"type":"bitmap"},{"file":"futuriumemojis:font/emoji/crycat.png","chars":[""],"height":9,"ascent":8,"type":"bitmap"},{"file":"futuriumemojis:font/emoji/cucumber.png","chars":[""],"height":9,"ascent":8,"type":"bitmap"},{"file":"futuriumemojis:font/emoji/dead.png","chars":[""],"height":9,"ascent":8,"type":"bitmap"},{"file":"futuriumemojis:font/emoji/dead1.png","chars":[""],"height":9,"ascent":8,"type":"bitmap"},{"file":"futuriumemojis:font/emoji/dollar.png","chars":[""],"height":9,"ascent":8,"type":"bitmap"},{"file":"futuriumemojis:font/emoji/doubleexclamation.png","chars":[""],"height":9,"ascent":8,"type":"bitmap"},{"file":"futuriumemojis:font/emoji/down.png","chars":[""],"height":9,"ascent":8,"type":"bitmap"},{"file":"futuriumemojis:font/emoji/drops.png","chars":[""],"height":9,"ascent":8,"type":"bitmap"},{"file":"futuriumemojis:font/emoji/drumstick.png","chars":[""],"height":9,"ascent":8,"type":"bitmap"},{"file":"futuriumemojis:font/emoji/duck.png","chars":[""],"height":9,"ascent":8,"type":"bitmap"},{"file":"futuriumemojis:font/emoji/eagle.png","chars":[""],"height":9,"ascent":8,"type":"bitmap"},{"file":"futuriumemojis:font/emoji/eggplant.png","chars":[""],"height":9,"ascent":8,"type":"bitmap"},{"file":"futuriumemojis:font/emoji/eject.png","chars":[""],"height":9,"ascent":8,"type":"bitmap"},{"file":"futuriumemojis:font/emoji/evil.png","chars":[""],"height":9,"ascent":8,"type":"bitmap"},{"file":"futuriumemojis:font/emoji/explodehead.png","chars":[""],"height":9,"ascent":8,"type":"bitmap"},{"file":"futuriumemojis:font/emoji/eyes.png","chars":[""],"height":9,"ascent":8,"type":"bitmap"},{"file":"futuriumemojis:font/emoji/facemask.png","chars":[""],"height":9,"ascent":8,"type":"bitmap"},{"file":"futuriumemojis:font/emoji/fastdown.png","chars":[""],"height":9,"ascent":8,"type":"bitmap"},{"file":"futuriumemojis:font/emoji/fastforward.png","chars":[""],"height":9,"ascent":8,"type":"bitmap"},{"file":"futuriumemojis:font/emoji/fastreverse.png","chars":[""],"height":9,"ascent":8,"type":"bitmap"},{"file":"futuriumemojis:font/emoji/fastup.png","chars":[""],"height":9,"ascent":8,"type":"bitmap"},{"file":"futuriumemojis:font/emoji/fbowing.png","chars":[""],"height":9,"ascent":8,"type":"bitmap"},{"file":"futuriumemojis:font/emoji/fear.png","chars":[""],"height":9,"ascent":8,"type":"bitmap"},{"file":"futuriumemojis:font/emoji/fear1.png","chars":[""],"height":9,"ascent":8,"type":"bitmap"},{"file":"futuriumemojis:font/emoji/fear3.png","chars":[""],"height":9,"ascent":8,"type":"bitmap"},{"file":"futuriumemojis:font/emoji/featcat.png","chars":[""],"height":9,"ascent":8,"type":"bitmap"},{"file":"futuriumemojis:font/emoji/ffacepalm.png","chars":[""],"height":9,"ascent":8,"type":"bitmap"},{"file":"futuriumemojis:font/emoji/fidk.png","chars":[""],"height":9,"ascent":8,"type":"bitmap"},{"file":"futuriumemojis:font/emoji/finger.png","chars":[""],"height":9,"ascent":8,"type":"bitmap"},{"file":"futuriumemojis:font/emoji/fire.png","chars":[""],"height":9,"ascent":8,"type":"bitmap"},{"file":"futuriumemojis:font/emoji/fish.png","chars":[""],"height":9,"ascent":8,"type":"bitmap"},{"file":"futuriumemojis:font/emoji/flamingo.png","chars":[""],"height":9,"ascent":8,"type":"bitmap"},{"file":"futuriumemojis:font/emoji/fmage.png","chars":[""],"height":9,"ascent":8,"type":"bitmap"},{"file":"futuriumemojis:font/emoji/fno.png","chars":[""],"height":9,"ascent":8,"type":"bitmap"},{"file":"futuriumemojis:font/emoji/fok.png","chars":[""],"height":9,"ascent":8,"type":"bitmap"},{"file":"futuriumemojis:font/emoji/frown.png","chars":[""],"height":9,"ascent":8,"type":"bitmap"},{"file":"futuriumemojis:font/emoji/frown2.png","chars":[""],"height":9,"ascent":8,"type":"bitmap"},{"file":"futuriumemojis:font/emoji/frown3.png","chars":[""],"height":9,"ascent":8,"type":"bitmap"},{"file":"futuriumemojis:font/emoji/frown4.png","chars":[""],"height":9,"ascent":8,"type":"bitmap"},{"file":"futuriumemojis:font/emoji/frown5.png","chars":[""],"height":9,"ascent":8,"type":"bitmap"},{"file":"futuriumemojis:font/emoji/frown6.png","chars":[""],"height":9,"ascent":8,"type":"bitmap"},{"file":"futuriumemojis:font/emoji/gemini.png","chars":[""],"height":9,"ascent":8,"type":"bitmap"},{"file":"futuriumemojis:font/emoji/giraffe.png","chars":[""],"height":9,"ascent":8,"type":"bitmap"},{"file":"futuriumemojis:font/emoji/halo.png","chars":[""],"height":9,"ascent":8,"type":"bitmap"},{"file":"futuriumemojis:font/emoji/hamburger.png","chars":[""],"height":9,"ascent":8,"type":"bitmap"},{"file":"futuriumemojis:font/emoji/handshake.png","chars":[""],"height":9,"ascent":8,"type":"bitmap"},{"file":"futuriumemojis:font/emoji/hashtag.png","chars":[""],"height":9,"ascent":8,"type":"bitmap"},{"file":"futuriumemojis:font/emoji/heart.png","chars":[""],"height":9,"ascent":8,"type":"bitmap"},{"file":"futuriumemojis:font/emoji/heart1.png","chars":[""],"height":9,"ascent":8,"type":"bitmap"},{"file":"futuriumemojis:font/emoji/heart2.png","chars":[""],"height":9,"ascent":8,"type":"bitmap"},{"file":"futuriumemojis:font/emoji/heart3.png","chars":[""],"height":9,"ascent":8,"type":"bitmap"},{"file":"futuriumemojis:font/emoji/heart4.png","chars":[""],"height":9,"ascent":8,"type":"bitmap"},{"file":"futuriumemojis:font/emoji/heart5.png","chars":[""],"height":9,"ascent":8,"type":"bitmap"},{"file":"futuriumemojis:font/emoji/heart6.png","chars":[""],"height":9,"ascent":8,"type":"bitmap"},{"file":"futuriumemojis:font/emoji/hehe.png","chars":[""],"height":9,"ascent":8,"type":"bitmap"},{"file":"futuriumemojis:font/emoji/hot.png","chars":[""],"height":9,"ascent":8,"type":"bitmap"},{"file":"futuriumemojis:font/emoji/hourglass.png","chars":[""],"height":9,"ascent":8,"type":"bitmap"},{"file":"futuriumemojis:font/emoji/hourglass1.png","chars":[""],"height":9,"ascent":8,"type":"bitmap"},{"file":"futuriumemojis:font/emoji/hug.png","chars":[""],"height":9,"ascent":8,"type":"bitmap"},{"file":"futuriumemojis:font/emoji/ice.png","chars":[""],"height":9,"ascent":8,"type":"bitmap"},{"file":"futuriumemojis:font/emoji/ill.png","chars":[""],"height":9,"ascent":8,"type":"bitmap"},{"file":"futuriumemojis:font/emoji/inlove.png","chars":[""],"height":9,"ascent":8,"type":"bitmap"},{"file":"futuriumemojis:font/emoji/inlove1.png","chars":[""],"height":9,"ascent":8,"type":"bitmap"},{"file":"futuriumemojis:font/emoji/inlovecat.png","chars":[""],"height":9,"ascent":8,"type":"bitmap"},{"file":"futuriumemojis:font/emoji/jackolantern.png","chars":[""],"height":9,"ascent":8,"type":"bitmap"},{"file":"futuriumemojis:font/emoji/kebab.png","chars":[""],"height":9,"ascent":8,"type":"bitmap"},{"file":"futuriumemojis:font/emoji/kiss.png","chars":[""],"height":9,"ascent":8,"type":"bitmap"},{"file":"futuriumemojis:font/emoji/kiss1.png","chars":[""],"height":9,"ascent":8,"type":"bitmap"},{"file":"futuriumemojis:font/emoji/kiss2.png","chars":[""],"height":9,"ascent":8,"type":"bitmap"},{"file":"futuriumemojis:font/emoji/kiss3.png","chars":[""],"height":9,"ascent":8,"type":"bitmap"},{"file":"futuriumemojis:font/emoji/lasttrack.png","chars":[""],"height":9,"ascent":8,"type":"bitmap"},{"file":"futuriumemojis:font/emoji/laugh.png","chars":[""],"height":9,"ascent":8,"type":"bitmap"},{"file":"futuriumemojis:font/emoji/laugh2.png","chars":[""],"height":9,"ascent":8,"type":"bitmap"},{"file":"futuriumemojis:font/emoji/laugh3.png","chars":[""],"height":9,"ascent":8,"type":"bitmap"},{"file":"futuriumemojis:font/emoji/laugh4.png","chars":[""],"height":9,"ascent":8,"type":"bitmap"},{"file":"futuriumemojis:font/emoji/laughcat.png","chars":[""],"height":9,"ascent":8,"type":"bitmap"},{"file":"futuriumemojis:font/emoji/left.png","chars":[""],"height":9,"ascent":8,"type":"bitmap"},{"file":"futuriumemojis:font/emoji/leftcurve.png","chars":[""],"height":9,"ascent":8,"type":"bitmap"},{"file":"futuriumemojis:font/emoji/leo.png","chars":[""],"height":9,"ascent":8,"type":"bitmap"},{"file":"futuriumemojis:font/emoji/lion.png","chars":[""],"height":9,"ascent":8,"type":"bitmap"},{"file":"futuriumemojis:font/emoji/lock.png","chars":[""],"height":9,"ascent":8,"type":"bitmap"},{"file":"futuriumemojis:font/emoji/luck.png","chars":[""],"height":9,"ascent":8,"type":"bitmap"},{"file":"futuriumemojis:font/emoji/lying.png","chars":[""],"height":9,"ascent":8,"type":"bitmap"},{"file":"futuriumemojis:font/emoji/m.png","chars":[""],"height":9,"ascent":8,"type":"bitmap"},{"file":"futuriumemojis:font/emoji/mad.png","chars":[""],"height":9,"ascent":8,"type":"bitmap"},{"file":"futuriumemojis:font/emoji/mbowing.png","chars":[""],"height":9,"ascent":8,"type":"bitmap"},{"file":"futuriumemojis:font/emoji/medal.png","chars":[""],"height":9,"ascent":8,"type":"bitmap"},{"file":"futuriumemojis:font/emoji/mfacepalm.png","chars":[""],"height":9,"ascent":8,"type":"bitmap"},{"file":"futuriumemojis:font/emoji/midk.png","chars":[""],"height":9,"ascent":8,"type":"bitmap"},{"file":"futuriumemojis:font/emoji/mmage.png","chars":[""],"height":9,"ascent":8,"type":"bitmap"},{"file":"futuriumemojis:font/emoji/mmh.png","chars":[""],"height":9,"ascent":8,"type":"bitmap"},{"file":"futuriumemojis:font/emoji/mno.png","chars":[""],"height":9,"ascent":8,"type":"bitmap"},{"file":"futuriumemojis:font/emoji/mok.png","chars":[""],"height":9,"ascent":8,"type":"bitmap"},{"file":"futuriumemojis:font/emoji/money.png","chars":[""],"height":9,"ascent":8,"type":"bitmap"},{"file":"futuriumemojis:font/emoji/moneyface.png","chars":[""],"height":9,"ascent":8,"type":"bitmap"},{"file":"futuriumemojis:font/emoji/monkey1.png","chars":[""],"height":9,"ascent":8,"type":"bitmap"},{"file":"futuriumemojis:font/emoji/monkey2.png","chars":[""],"height":9,"ascent":8,"type":"bitmap"},{"file":"futuriumemojis:font/emoji/monkey3.png","chars":[""],"height":9,"ascent":8,"type":"bitmap"},{"file":"futuriumemojis:font/emoji/monocle.png","chars":[""],"height":9,"ascent":8,"type":"bitmap"},{"file":"futuriumemojis:font/emoji/moon.png","chars":[""],"height":9,"ascent":8,"type":"bitmap"},{"file":"futuriumemojis:font/emoji/moon1.png","chars":[""],"height":9,"ascent":8,"type":"bitmap"},{"file":"futuriumemojis:font/emoji/moon2.png","chars":[""],"height":9,"ascent":8,"type":"bitmap"},{"file":"futuriumemojis:font/emoji/moon3.png","chars":[""],"height":9,"ascent":8,"type":"bitmap"},{"file":"futuriumemojis:font/emoji/moon4.png","chars":[""],"height":9,"ascent":8,"type":"bitmap"},{"file":"futuriumemojis:font/emoji/moon5.png","chars":[""],"height":9,"ascent":8,"type":"bitmap"},{"file":"futuriumemojis:font/emoji/nausea.png","chars":[""],"height":9,"ascent":8,"type":"bitmap"},{"file":"futuriumemojis:font/emoji/nerd.png","chars":[""],"height":9,"ascent":8,"type":"bitmap"},{"file":"futuriumemojis:font/emoji/neutral.png","chars":[""],"height":9,"ascent":8,"type":"bitmap"},{"file":"futuriumemojis:font/emoji/nexttrack.png","chars":[""],"height":9,"ascent":8,"type":"bitmap"},{"file":"futuriumemojis:font/emoji/no1.png","chars":[""],"height":9,"ascent":8,"type":"bitmap"},{"file":"futuriumemojis:font/emoji/noexpression.png","chars":[""],"height":9,"ascent":8,"type":"bitmap"},{"file":"futuriumemojis:font/emoji/nomouth.png","chars":[""],"height":9,"ascent":8,"type":"bitmap"},{"file":"futuriumemojis:font/emoji/ok.png","chars":[""],"height":9,"ascent":8,"type":"bitmap"},{"file":"futuriumemojis:font/emoji/ok1.png","chars":[""],"height":9,"ascent":8,"type":"bitmap"},{"file":"futuriumemojis:font/emoji/owl.png","chars":[""],"height":9,"ascent":8,"type":"bitmap"},{"file":"futuriumemojis:font/emoji/pan.png","chars":[""],"height":9,"ascent":8,"type":"bitmap"},{"file":"futuriumemojis:font/emoji/party.png","chars":[""],"height":9,"ascent":8,"type":"bitmap"},{"file":"futuriumemojis:font/emoji/party1.png","chars":[""],"height":9,"ascent":8,"type":"bitmap"},{"file":"futuriumemojis:font/emoji/pause.png","chars":[""],"height":9,"ascent":8,"type":"bitmap"},{"file":"futuriumemojis:font/emoji/peace.png","chars":[""],"height":9,"ascent":8,"type":"bitmap"},{"file":"futuriumemojis:font/emoji/peach.png","chars":[""],"height":9,"ascent":8,"type":"bitmap"},{"file":"futuriumemojis:font/emoji/pencil.png","chars":[""],"height":9,"ascent":8,"type":"bitmap"},{"file":"futuriumemojis:font/emoji/person.png","chars":[""],"height":9,"ascent":8,"type":"bitmap"},{"file":"futuriumemojis:font/emoji/pick.png","chars":[""],"height":9,"ascent":8,"type":"bitmap"},{"file":"futuriumemojis:font/emoji/pig.png","chars":[""],"height":9,"ascent":8,"type":"bitmap"},{"file":"futuriumemojis:font/emoji/pisces.png","chars":[""],"height":9,"ascent":8,"type":"bitmap"},{"file":"futuriumemojis:font/emoji/pizza.png","chars":[""],"height":9,"ascent":8,"type":"bitmap"},{"file":"futuriumemojis:font/emoji/play.png","chars":[""],"height":9,"ascent":8,"type":"bitmap"},{"file":"futuriumemojis:font/emoji/playpause.png","chars":[""],"height":9,"ascent":8,"type":"bitmap"},{"file":"futuriumemojis:font/emoji/please.png","chars":[""],"height":9,"ascent":8,"type":"bitmap"},{"file":"futuriumemojis:font/emoji/poo.png","chars":[""],"height":9,"ascent":8,"type":"bitmap"},{"file":"futuriumemojis:font/emoji/potato.png","chars":[""],"height":9,"ascent":8,"type":"bitmap"},{"file":"futuriumemojis:font/emoji/puke.png","chars":[""],"height":9,"ascent":8,"type":"bitmap"},{"file":"futuriumemojis:font/emoji/punch.png","chars":[""],"height":9,"ascent":8,"type":"bitmap"},{"file":"futuriumemojis:font/emoji/question.png","chars":[""],"height":9,"ascent":8,"type":"bitmap"},{"file":"futuriumemojis:font/emoji/radioactive.png","chars":[""],"height":9,"ascent":8,"type":"bitmap"},{"file":"futuriumemojis:font/emoji/raisedfist.png","chars":[""],"height":9,"ascent":8,"type":"bitmap"},{"file":"futuriumemojis:font/emoji/raisedhand.png","chars":[""],"height":9,"ascent":8,"type":"bitmap"},{"file":"futuriumemojis:font/emoji/record.png","chars":[""],"height":9,"ascent":8,"type":"bitmap"},{"file":"futuriumemojis:font/emoji/redcircle.png","chars":[""],"height":9,"ascent":8,"type":"bitmap"},{"file":"futuriumemojis:font/emoji/reverse.png","chars":[""],"height":9,"ascent":8,"type":"bitmap"},{"file":"futuriumemojis:font/emoji/riceball.png","chars":[""],"height":9,"ascent":8,"type":"bitmap"},{"file":"futuriumemojis:font/emoji/rightarrow.png","chars":[""],"height":9,"ascent":8,"type":"bitmap"},{"file":"futuriumemojis:font/emoji/rightcurve.png","chars":[""],"height":9,"ascent":8,"type":"bitmap"},{"file":"futuriumemojis:font/emoji/robot.png","chars":[""],"height":9,"ascent":8,"type":"bitmap"},{"file":"futuriumemojis:font/emoji/rock.png","chars":[""],"height":9,"ascent":8,"type":"bitmap"},{"file":"futuriumemojis:font/emoji/rolling.png","chars":[""],"height":9,"ascent":8,"type":"bitmap"},{"file":"futuriumemojis:font/emoji/rooster.png","chars":[""],"height":9,"ascent":8,"type":"bitmap"},{"file":"futuriumemojis:font/emoji/sad.png","chars":[""],"height":9,"ascent":8,"type":"bitmap"},{"file":"futuriumemojis:font/emoji/sagittarius.png","chars":[""],"height":9,"ascent":8,"type":"bitmap"},{"file":"futuriumemojis:font/emoji/salad.png","chars":[""],"height":9,"ascent":8,"type":"bitmap"},{"file":"futuriumemojis:font/emoji/salt.png","chars":[""],"height":9,"ascent":8,"type":"bitmap"},{"file":"futuriumemojis:font/emoji/scorpio.png","chars":[""],"height":9,"ascent":8,"type":"bitmap"},{"file":"futuriumemojis:font/emoji/scorpion.png","chars":[""],"height":9,"ascent":8,"type":"bitmap"},{"file":"futuriumemojis:font/emoji/shark.png","chars":[""],"height":9,"ascent":8,"type":"bitmap"},{"file":"futuriumemojis:font/emoji/shh.png","chars":[""],"height":9,"ascent":8,"type":"bitmap"},{"file":"futuriumemojis:font/emoji/shrimp.png","chars":[""],"height":9,"ascent":8,"type":"bitmap"},{"file":"futuriumemojis:font/emoji/sleeping.png","chars":[""],"height":9,"ascent":8,"type":"bitmap"},{"file":"futuriumemojis:font/emoji/sleepy.png","chars":[""],"height":9,"ascent":8,"type":"bitmap"},{"file":"futuriumemojis:font/emoji/small.png","chars":[""],"height":9,"ascent":8,"type":"bitmap"},{"file":"futuriumemojis:font/emoji/smile.png","chars":[""],"height":9,"ascent":8,"type":"bitmap"},{"file":"futuriumemojis:font/emoji/smile2.png","chars":[""],"height":9,"ascent":8,"type":"bitmap"},{"file":"futuriumemojis:font/emoji/smile3.png","chars":[""],"height":9,"ascent":8,"type":"bitmap"},{"file":"futuriumemojis:font/emoji/smile4.png","chars":[""],"height":9,"ascent":8,"type":"bitmap"},{"file":"futuriumemojis:font/emoji/smile5.png","chars":[""],"height":9,"ascent":8,"type":"bitmap"},{"file":"futuriumemojis:font/emoji/smile6.png","chars":[""],"height":9,"ascent":8,"type":"bitmap"},{"file":"futuriumemojis:font/emoji/smilecat.png","chars":[""],"height":9,"ascent":8,"type":"bitmap"},{"file":"futuriumemojis:font/emoji/sneeze.png","chars":[""],"height":9,"ascent":8,"type":"bitmap"},{"file":"futuriumemojis:font/emoji/soccerball.png","chars":[""],"height":9,"ascent":8,"type":"bitmap"},{"file":"futuriumemojis:font/emoji/sparkles.png","chars":[""],"height":9,"ascent":8,"type":"bitmap"},{"file":"futuriumemojis:font/emoji/squid.png","chars":[""],"height":9,"ascent":8,"type":"bitmap"},{"file":"futuriumemojis:font/emoji/star.png","chars":[""],"height":9,"ascent":8,"type":"bitmap"},{"file":"futuriumemojis:font/emoji/starcrescent.png","chars":[""],"height":9,"ascent":8,"type":"bitmap"},{"file":"futuriumemojis:font/emoji/stareyes.png","chars":[""],"height":9,"ascent":8,"type":"bitmap"},{"file":"futuriumemojis:font/emoji/stop.png","chars":[""],"height":9,"ascent":8,"type":"bitmap"},{"file":"futuriumemojis:font/emoji/stopsign.png","chars":[""],"height":9,"ascent":8,"type":"bitmap"},{"file":"futuriumemojis:font/emoji/sun.png","chars":[""],"height":9,"ascent":8,"type":"bitmap"},{"file":"futuriumemojis:font/emoji/sunglasses.png","chars":[""],"height":9,"ascent":8,"type":"bitmap"},{"file":"futuriumemojis:font/emoji/surprised.png","chars":[""],"height":9,"ascent":8,"type":"bitmap"},{"file":"futuriumemojis:font/emoji/sushi.png","chars":[""],"height":9,"ascent":8,"type":"bitmap"},{"file":"futuriumemojis:font/emoji/sweat.png","chars":[""],"height":9,"ascent":8,"type":"bitmap"},{"file":"futuriumemojis:font/emoji/taurus.png","chars":[""],"height":9,"ascent":8,"type":"bitmap"},{"file":"futuriumemojis:font/emoji/think.png","chars":[""],"height":9,"ascent":8,"type":"bitmap"},{"file":"futuriumemojis:font/emoji/think1.png","chars":[""],"height":9,"ascent":8,"type":"bitmap"},{"file":"futuriumemojis:font/emoji/think2.png","chars":[""],"height":9,"ascent":8,"type":"bitmap"},{"file":"futuriumemojis:font/emoji/think3.png","chars":[""],"height":9,"ascent":8,"type":"bitmap"},{"file":"futuriumemojis:font/emoji/think4.png","chars":[""],"height":9,"ascent":8,"type":"bitmap"},{"file":"futuriumemojis:font/emoji/think5.png","chars":[""],"height":9,"ascent":8,"type":"bitmap"},{"file":"futuriumemojis:font/emoji/think6.png","chars":[""],"height":9,"ascent":8,"type":"bitmap"},{"file":"futuriumemojis:font/emoji/tongue.png","chars":[""],"height":9,"ascent":8,"type":"bitmap"},{"file":"futuriumemojis:font/emoji/tree.png","chars":[""],"height":9,"ascent":8,"type":"bitmap"},{"file":"futuriumemojis:font/emoji/trex.png","chars":[""],"height":9,"ascent":8,"type":"bitmap"},{"file":"futuriumemojis:font/emoji/turkey.png","chars":[""],"height":9,"ascent":8,"type":"bitmap"},{"file":"futuriumemojis:font/emoji/twofingers.png","chars":[""],"height":9,"ascent":8,"type":"bitmap"},{"file":"futuriumemojis:font/emoji/unamused.png","chars":[""],"height":9,"ascent":8,"type":"bitmap"},{"file":"futuriumemojis:font/emoji/unicorn.png","chars":[""],"height":9,"ascent":8,"type":"bitmap"},{"file":"futuriumemojis:font/emoji/unlock.png","chars":[""],"height":9,"ascent":8,"type":"bitmap"},{"file":"futuriumemojis:font/emoji/up.png","chars":[""],"height":9,"ascent":8,"type":"bitmap"},{"file":"futuriumemojis:font/emoji/upsidedown.png","chars":[""],"height":9,"ascent":8,"type":"bitmap"},{"file":"futuriumemojis:font/emoji/virgo.png","chars":[""],"height":9,"ascent":8,"type":"bitmap"},{"file":"futuriumemojis:font/emoji/voltage.png","chars":[""],"height":9,"ascent":8,"type":"bitmap"},{"file":"futuriumemojis:font/emoji/warning.png","chars":[""],"height":9,"ascent":8,"type":"bitmap"},{"file":"futuriumemojis:font/emoji/wc.png","chars":[""],"height":9,"ascent":8,"type":"bitmap"},{"file":"futuriumemojis:font/emoji/what.png","chars":[""],"height":9,"ascent":8,"type":"bitmap"},{"file":"futuriumemojis:font/emoji/wink.png","chars":[""],"height":9,"ascent":8,"type":"bitmap"},{"file":"futuriumemojis:font/emoji/woozy.png","chars":[""],"height":9,"ascent":8,"type":"bitmap"},{"file":"futuriumemojis:font/emoji/write.png","chars":[""],"height":9,"ascent":8,"type":"bitmap"},{"file":"futuriumemojis:font/emoji/xd.png","chars":[""],"height":9,"ascent":8,"type":"bitmap"},{"file":"futuriumemojis:font/emoji/yawn.png","chars":[""],"height":9,"ascent":8,"type":"bitmap"},{"file":"futuriumemojis:font/emoji/yinyang.png","chars":[""],"height":9,"ascent":8,"type":"bitmap"},{"file":"futuriumemojis:font/emoji/yum.png","chars":[""],"height":9,"ascent":8,"type":"bitmap"},{"file":"futuriumemojis:font/emoji/zebra.png","chars":[""],"height":9,"ascent":8,"type":"bitmap"},{"file":"futuriumemojis:font/emoji/zip.png","chars":[""],"height":9,"ascent":8,"type":"bitmap"},{"file":"futuriumemojis:font/emoji/arenaespadafuturium.png","chars":[""],"height":9,"ascent":8,"type":"bitmap"},{"file":"futuriumemojis:font/emoji/cemiteriocaveirafuturium.png","chars":[""],"height":9,"ascent":8,"type":"bitmap"},{"file":"futuriumemojis:font/emoji/eventosmachadofuturium.png","chars":[""],"height":9,"ascent":8,"type":"bitmap"},{"file":"futuriumemojis:font/emoji/guerraescudofuturium.png","chars":[""],"height":9,"ascent":8,"type":"bitmap"},{"file":"futuriumemojis:font/emoji/mundo1gelofuturium.png","chars":[""],"height":9,"ascent":8,"type":"bitmap"},{"file":"futuriumemojis:font/emoji/mundo2raiofuturium.png","chars":[""],"height":9,"ascent":8,"type":"bitmap"},{"file":"futuriumemojis:font/emoji/mundo3fogofuturium.png","chars":[""],"height":9,"ascent":8,"type":"bitmap"},{"file":"futuriumemojis:font/emoji/recursospicaretafuturium.png","chars":[""],"height":9,"ascent":8,"type":"bitmap"},{"file":"futuriumemojis:font/emoji/spawntrevofuturium.png","chars":[""],"height":9,"ascent":8,"type":"bitmap"},{"file":"futuriumemojis:font/emoji/javafuturiumtestes.png","chars":[""],"height":9,"ascent":8,"type":"bitmap"},{"file":"futuriumemojis:font/emoji/zumbidungeonfuturium.png","chars":[""],"height":9,"ascent":8,"type":"bitmap"},{"file":"futuriumemojis:font/emoji/scorebook.png","chars":[""],"height":9,"ascent":8,"type":"bitmap"},{"file":"futuriumemojis:font/emoji/scoregemas.png","chars":[""],"height":9,"ascent":8,"type":"bitmap"},{"file":"futuriumemojis:font/emoji/scoreping.png","chars":[""],"height":9,"ascent":8,"type":"bitmap"},{"file":"futuriumemojis:font/emoji/scorepinhata.png","chars":[""],"height":9,"ascent":8,"type":"bitmap"},{"file":"futuriumemojis:font/emoji/scorecoins.png","chars":[""],"height":9,"ascent":8,"type":"bitmap"},{"file":"futuriumemojis:font/emoji/iconsemrank.png","chars":[""],"height":9,"ascent":8,"type":"bitmap"},{"file":"futuriumemojis:font/emoji/iconrankferro.png","chars":[""],"height":9,"ascent":8,"type":"bitmap"},{"file":"futuriumemojis:font/emoji/iconrankbronze.png","chars":[""],"height":9,"ascent":8,"type":"bitmap"},{"file":"futuriumemojis:font/emoji/iconrankprata.png","chars":[""],"height":9,"ascent":8,"type":"bitmap"},{"file":"futuriumemojis:font/emoji/iconrankouro.png","chars":[""],"height":9,"ascent":8,"type":"bitmap"},{"file":"futuriumemojis:font/emoji/iconrankplatina.png","chars":[""],"height":9,"ascent":8,"type":"bitmap"},{"file":"futuriumemojis:font/emoji/iconrankesmeralda.png","chars":[""],"height":9,"ascent":8,"type":"bitmap"},{"file":"futuriumemojis:font/emoji/iconrankdiamante.png","chars":[""],"height":9,"ascent":8,"type":"bitmap"},{"file":"futuriumemojis:font/emoji/iconrankmestre.png","chars":[""],"height":9,"ascent":8,"type":"bitmap"},{"file":"futuriumemojis:font/emoji/iconrankgraomestre.png","chars":[""],"height":9,"ascent":8,"type":"bitmap"},{"file":"futuriumemojis:font/emoji/iconrankdesafiante.png","chars":[""],"height":9,"ascent":8,"type":"bitmap"},{"file":"_iainternal:hud/small_cooldown_bar/0.png","chars":[""],"height":22,"ascent":-42,"type":"bitmap"},{"file":"_iainternal:hud/small_cooldown_bar/1.png","chars":[""],"height":22,"ascent":-42,"type":"bitmap"},{"file":"_iainternal:hud/small_cooldown_bar/2.png","chars":[""],"height":22,"ascent":-42,"type":"bitmap"},{"file":"_iainternal:hud/small_cooldown_bar/3.png","chars":[""],"height":22,"ascent":-42,"type":"bitmap"},{"file":"_iainternal:hud/small_cooldown_bar/4.png","chars":[""],"height":22,"ascent":-42,"type":"bitmap"},{"file":"_iainternal:hud/small_cooldown_bar/5.png","chars":[""],"height":22,"ascent":-42,"type":"bitmap"},{"file":"_iainternal:hud/small_cooldown_bar/6.png","chars":[""],"height":22,"ascent":-42,"type":"bitmap"},{"file":"_iainternal:hud/small_cooldown_bar/7.png","chars":[""],"height":22,"ascent":-42,"type":"bitmap"},{"file":"_iainternal:hud/small_cooldown_bar/8.png","chars":[""],"height":22,"ascent":-42,"type":"bitmap"},{"file":"_iainternal:hud/small_cooldown_bar/9.png","chars":[""],"height":22,"ascent":-42,"type":"bitmap"},{"file":"_iainternal:hud/small_cooldown_bar/10.png","chars":[""],"height":22,"ascent":-42,"type":"bitmap"},{"file":"_iainternal:hud/small_cooldown_bar/11.png","chars":[""],"height":22,"ascent":-42,"type":"bitmap"},{"file":"_iainternal:hud/small_cooldown_bar/12.png","chars":[""],"height":22,"ascent":-42,"type":"bitmap"},{"file":"_iainternal:hud/small_cooldown_bar/13.png","chars":[""],"height":22,"ascent":-42,"type":"bitmap"},{"file":"_iainternal:hud/small_cooldown_bar/14.png","chars":[""],"height":22,"ascent":-42,"type":"bitmap"},{"file":"_iainternal:hud/small_cooldown_bar/15.png","chars":[""],"height":22,"ascent":-42,"type":"bitmap"},{"file":"_iainternal:hud/small_cooldown_bar/16.png","chars":[""],"height":22,"ascent":-42,"type":"bitmap"},{"file":"_iainternal:hud/small_cooldown_bar/17.png","chars":[""],"height":22,"ascent":-42,"type":"bitmap"},{"file":"_iainternal:hud/small_cooldown_bar/18.png","chars":[""],"height":22,"ascent":-42,"type":"bitmap"},{"file":"_iainternal:hud/small_cooldown_bar/19.png","chars":[""],"height":22,"ascent":-42,"type":"bitmap"},{"file":"_iainternal:hud/small_cooldown_bar/20.png","chars":[""],"height":22,"ascent":-42,"type":"bitmap"},{"type":"bitmap","file":"item/icons/57.png","ascent":8,"height":8,"chars":[""]},{"type":"bitmap","file":"item/icons/58.png","ascent":8,"height":8,"chars":[""]},{"type":"bitmap","file":"item/icons/59.png","ascent":8,"height":8,"chars":[""]},{"type":"bitmap","file":"item/icons/60.png","ascent":8,"height":8,"chars":[""]},{"type":"bitmap","file":"item/icons/61.png","ascent":8,"height":8,"chars":[""]},{"type":"bitmap","file":"item/icons/62.png","ascent":8,"height":8,"chars":[""]},{"type":"bitmap","file":"item/icons/63.png","ascent":8,"height":8,"chars":[""]},{"type":"bitmap","file":"item/icons/64.png","ascent":8,"height":8,"chars":[""]},{"type":"bitmap","file":"item/icons/65.png","ascent":8,"height":8,"chars":[""]},{"type":"bitmap","file":"item/icons/66.png","ascent":8,"height":8,"chars":[""]},{"type":"bitmap","file":"item/icons/67.png","ascent":8,"height":8,"chars":[""]},{"type":"bitmap","file":"item/icons/68.png","ascent":8,"height":8,"chars":[""]},{"type":"bitmap","file":"item/icons/69.png","ascent":8,"height":8,"chars":[""]},{"type":"bitmap","file":"item/icons/70.png","ascent":8,"height":8,"chars":[""]},{"type":"bitmap","file":"item/icons/71.png","ascent":8,"height":8,"chars":[""]},{"type":"bitmap","file":"item/icons/72.png","ascent":8,"height":8,"chars":[""]},{"type":"bitmap","file":"item/icons/73.png","ascent":8,"height":8,"chars":[""]},{"type":"bitmap","file":"item/icons/74.png","ascent":8,"height":8,"chars":[""]},{"type":"bitmap","file":"item/icons/75.png","ascent":8,"height":8,"chars":[""]},{"type":"bitmap","file":"item/icons/76.png","ascent":8,"height":8,"chars":[""]},{"type":"bitmap","file":"item/icons/77.png","ascent":8,"height":8,"chars":[""]},{"type":"bitmap","file":"item/icons/78.png","ascent":8,"height":8,"chars":[""]},{"type":"bitmap","file":"item/icons/79.png","ascent":8,"height":8,"chars":[""]},{"type":"bitmap","file":"item/icons/80.png","ascent":8,"height":8,"chars":[""]},{"type":"bitmap","file":"item/icons/81.png","ascent":8,"height":8,"chars":[""]},{"type":"bitmap","file":"item/icons/82.png","ascent":8,"height":8,"chars":[""]},{"type":"bitmap","file":"item/icons/83.png","ascent":8,"height":8,"chars":[""]},{"type":"bitmap","file":"item/icons/84.png","ascent":8,"height":8,"chars":[""]},{"type":"bitmap","file":"item/icons/85.png","ascent":8,"height":8,"chars":[""]},{"type":"bitmap","file":"item/icons/86.png","ascent":8,"height":8,"chars":[""]},{"type":"bitmap","file":"item/icons/87.png","ascent":8,"height":8,"chars":[""]},{"type":"bitmap","file":"item/icons/88.png","ascent":8,"height":8,"chars":[""]},{"type":"bitmap","file":"item/icons/89.png","ascent":8,"height":8,"chars":[""]},{"type":"bitmap","file":"item/icons/90.png","ascent":8,"height":8,"chars":[""]},{"type":"bitmap","file":"item/icons/91.png","ascent":8,"height":8,"chars":[""]},{"type":"bitmap","file":"item/icons/92.png","ascent":8,"height":8,"chars":[""]},{"type":"bitmap","file":"item/icons/93.png","ascent":8,"height":8,"chars":[""]},{"type":"bitmap","file":"item/icons/94.png","ascent":8,"height":8,"chars":[""]},{"type":"bitmap","file":"item/icons/95.png","ascent":8,"height":8,"chars":[""]},{"type":"bitmap","file":"item/icons/96.png","ascent":8,"height":8,"chars":[""]},{"type":"bitmap","file":"item/icons/97.png","ascent":8,"height":8,"chars":[""]},{"type":"bitmap","file":"item/icons/98.png","ascent":8,"height":8,"chars":[""]},{"type":"bitmap","file":"item/icons/99.png","ascent":8,"height":8,"chars":[""]},{"type":"bitmap","file":"item/icons/100.png","ascent":8,"height":8,"chars":[""]},{"type":"bitmap","file":"item/icons/101.png","ascent":8,"height":8,"chars":[""]},{"type":"bitmap","file":"item/icons/102.png","ascent":8,"height":8,"chars":[""]},{"type":"bitmap","file":"item/icons/103.png","ascent":8,"height":8,"chars":[""]},{"type":"bitmap","file":"item/icons/104.png","ascent":8,"height":8,"chars":[""]},{"type":"bitmap","file":"item/icons/105.png","ascent":8,"height":8,"chars":[""]},{"type":"bitmap","file":"item/icons/106.png","ascent":8,"height":8,"chars":[""]},{"type":"bitmap","file":"item/icons/107.png","ascent":8,"height":8,"chars":[""]},{"type":"bitmap","file":"item/icons/108.png","ascent":8,"height":8,"chars":[""]},{"type":"bitmap","file":"item/icons/109.png","ascent":8,"height":8,"chars":[""]},{"type":"bitmap","file":"item/icons/110.png","ascent":8,"height":8,"chars":[""]},{"type":"bitmap","file":"item/icons/111.png","ascent":8,"height":8,"chars":[""]},{"type":"bitmap","file":"item/icons/112.png","ascent":8,"height":8,"chars":[""]},{"type":"bitmap","file":"item/icons/113.png","ascent":8,"height":8,"chars":[""]},{"type":"bitmap","file":"item/icons/114.png","ascent":8,"height":8,"chars":[""]},{"type":"bitmap","file":"item/icons/115.png","ascent":8,"height":8,"chars":[""]},{"type":"bitmap","file":"item/icons/116.png","ascent":8,"height":8,"chars":[""]},{"type":"bitmap","file":"item/icons/117.png","ascent":8,"height":8,"chars":[""]},{"type":"bitmap","file":"item/icons/118.png","ascent":8,"height":8,"chars":[""]},{"type":"bitmap","file":"item/icons/119.png","ascent":8,"height":8,"chars":[""]},{"type":"bitmap","file":"item/icons/120.png","ascent":8,"height":8,"chars":[""]},{"type":"bitmap","file":"item/icons/121.png","ascent":8,"height":8,"chars":[""]},{"type":"bitmap","file":"item/icons/122.png","ascent":8,"height":8,"chars":[""]},{"type":"bitmap","file":"item/icons/123.png","ascent":8,"height":8,"chars":[""]},{"type":"bitmap","file":"item/icons/124.png","ascent":8,"height":8,"chars":[""]},{"type":"bitmap","file":"item/icons/125.png","ascent":8,"height":8,"chars":[""]},{"type":"bitmap","file":"item/icons/126.png","ascent":8,"height":8,"chars":[""]},{"type":"bitmap","file":"item/icons/127.png","ascent":8,"height":8,"chars":[""]},{"type":"bitmap","file":"item/icons/128.png","ascent":8,"height":8,"chars":[""]},{"type":"bitmap","file":"item/icons/129.png","ascent":8,"height":8,"chars":[""]},{"type":"bitmap","file":"item/icons/130.png","ascent":8,"height":8,"chars":[""]},{"type":"bitmap","file":"item/icons/131.png","ascent":8,"height":8,"chars":[""]},{"type":"bitmap","file":"item/icons/132.png","ascent":8,"height":8,"chars":[""]},{"type":"bitmap","file":"item/icons/133.png","ascent":8,"height":8,"chars":[""]},{"type":"bitmap","file":"item/icons/134.png","ascent":8,"height":8,"chars":[""]},{"type":"bitmap","file":"item/icons/135.png","ascent":8,"height":8,"chars":[""]},{"type":"bitmap","file":"item/icons/136.png","ascent":8,"height":8,"chars":[""]},{"type":"bitmap","file":"item/icons/137.png","ascent":8,"height":8,"chars":[""]},{"type":"bitmap","file":"item/icons/138.png","ascent":8,"height":8,"chars":[""]},{"type":"bitmap","file":"item/icons/139.png","ascent":8,"height":8,"chars":[""]},{"type":"bitmap","file":"item/icons/140.png","ascent":8,"height":8,"chars":[""]},{"type":"bitmap","file":"item/icons/141.png","ascent":8,"height":8,"chars":[""]},{"type":"bitmap","file":"item/icons/142.png","ascent":8,"height":8,"chars":[""]},{"type":"bitmap","file":"item/icons/143.png","ascent":8,"height":8,"chars":[""]},{"type":"bitmap","file":"item/icons/144.png","ascent":8,"height":8,"chars":[""]},{"type":"bitmap","file":"item/icons/145.png","ascent":8,"height":8,"chars":[""]},{"type":"bitmap","file":"item/icons/146.png","ascent":8,"height":8,"chars":[""]},{"type":"bitmap","file":"item/icons/147.png","ascent":8,"height":8,"chars":[""]},{"type":"bitmap","file":"item/icons/148.png","ascent":8,"height":8,"chars":[""]},{"type":"bitmap","file":"item/icons/149.png","ascent":8,"height":8,"chars":[""]},{"type":"bitmap","file":"item/icons/150.png","ascent":8,"height":8,"chars":[""]},{"type":"bitmap","file":"item/icons/151.png","ascent":8,"height":8,"chars":[""]},{"type":"bitmap","file":"item/icons/152.png","ascent":8,"height":8,"chars":[""]},{"type":"bitmap","file":"item/icons/153.png","ascent":8,"height":8,"chars":[""]},{"type":"bitmap","file":"item/icons/154.png","ascent":8,"height":8,"chars":[""]},{"type":"bitmap","file":"item/icons/155.png","ascent":8,"height":8,"chars":[""]},{"type":"bitmap","file":"item/icons/156.png","ascent":8,"height":8,"chars":[""]},{"type":"bitmap","file":"item/icons/157.png","ascent":8,"height":8,"chars":[""]},{"type":"bitmap","file":"item/icons/158.png","ascent":8,"height":8,"chars":[""]},{"type":"bitmap","file":"item/icons/159.png","ascent":8,"height":8,"chars":[""]},{"type":"bitmap","file":"item/icons/160.png","ascent":8,"height":8,"chars":[""]},{"type":"bitmap","file":"item/icons/161.png","ascent":8,"height":8,"chars":[""]},{"type":"bitmap","file":"item/icons/162.png","ascent":8,"height":8,"chars":[""]},{"type":"bitmap","file":"item/icons/163.png","ascent":8,"height":8,"chars":[""]},{"type":"bitmap","file":"item/icons/164.png","ascent":8,"height":8,"chars":[""]},{"type":"bitmap","file":"item/icons/165.png","ascent":8,"height":8,"chars":[""]},{"type":"bitmap","file":"item/icons/166.png","ascent":8,"height":8,"chars":[""]},{"type":"bitmap","file":"item/icons/167.png","ascent":8,"height":8,"chars":[""]},{"type":"bitmap","file":"item/icons/168.png","ascent":8,"height":8,"chars":[""]},{"type":"bitmap","file":"item/icons/169.png","ascent":8,"height":8,"chars":[""]},{"type":"bitmap","file":"item/icons/170.png","ascent":8,"height":8,"chars":[""]},{"type":"bitmap","file":"item/icons/171.png","ascent":8,"height":8,"chars":[""]},{"type":"bitmap","file":"item/icons/172.png","ascent":8,"height":8,"chars":[""]},{"type":"bitmap","file":"item/icons/173.png","ascent":8,"height":8,"chars":[""]},{"type":"bitmap","file":"item/icons/174.png","ascent":8,"height":8,"chars":[""]},{"type":"bitmap","file":"item/icons/175.png","ascent":8,"height":8,"chars":[""]},{"type":"bitmap","file":"item/icons/176.png","ascent":8,"height":8,"chars":[""]},{"type":"bitmap","file":"item/icons/177.png","ascent":8,"height":8,"chars":[""]},{"type":"bitmap","file":"item/icons/178.png","ascent":8,"height":8,"chars":[""]},{"type":"bitmap","file":"item/icons/179.png","ascent":8,"height":8,"chars":[""]},{"type":"bitmap","file":"item/icons/180.png","ascent":8,"height":8,"chars":[""]},{"type":"bitmap","file":"item/icons/181.png","ascent":8,"height":8,"chars":[""]},{"type":"bitmap","file":"item/icons/182.png","ascent":8,"height":8,"chars":[""]},{"type":"bitmap","file":"item/icons/183.png","ascent":8,"height":8,"chars":[""]},{"type":"bitmap","file":"item/icons/184.png","ascent":8,"height":8,"chars":[""]},{"type":"bitmap","file":"item/icons/185.png","ascent":8,"height":8,"chars":[""]},{"type":"bitmap","file":"item/icons/186.png","ascent":8,"height":8,"chars":[""]},{"type":"bitmap","file":"item/icons/187.png","ascent":8,"height":8,"chars":[""]},{"type":"bitmap","file":"item/icons/188.png","ascent":8,"height":8,"chars":[""]},{"type":"bitmap","file":"item/icons/189.png","ascent":8,"height":8,"chars":[""]},{"type":"bitmap","file":"item/icons/190.png","ascent":8,"height":8,"chars":[""]},{"type":"bitmap","file":"item/icons/191.png","ascent":8,"height":8,"chars":[""]},{"type":"bitmap","file":"item/icons/192.png","ascent":8,"height":8,"chars":[""]},{"type":"bitmap","file":"item/icons/193.png","ascent":8,"height":8,"chars":[""]},{"type":"bitmap","file":"item/icons/194.png","ascent":8,"height":8,"chars":[""]},{"type":"bitmap","file":"item/icons/195.png","ascent":8,"height":8,"chars":[""]},{"type":"bitmap","file":"item/icons/196.png","ascent":8,"height":8,"chars":[""]},{"type":"bitmap","file":"item/icons/197.png","ascent":8,"height":8,"chars":[""]},{"type":"bitmap","file":"item/icons/198.png","ascent":8,"height":8,"chars":[""]},{"type":"bitmap","file":"item/icons/199.png","ascent":8,"height":8,"chars":[""]},{"type":"bitmap","file":"item/icons/200.png","ascent":8,"height":8,"chars":[""]},{"type":"bitmap","file":"item/icons/201.png","ascent":8,"height":8,"chars":[""]},{"type":"bitmap","file":"item/icons/202.png","ascent":8,"height":8,"chars":[""]},{"type":"bitmap","file":"item/icons/203.png","ascent":8,"height":8,"chars":[""]},{"type":"bitmap","file":"item/icons/204.png","ascent":8,"height":8,"chars":[""]},{"type":"bitmap","file":"item/icons/205.png","ascent":8,"height":8,"chars":[""]},{"type":"bitmap","file":"item/icons/206.png","ascent":8,"height":8,"chars":[""]},{"type":"bitmap","file":"item/icons/207.png","ascent":8,"height":8,"chars":[""]},{"type":"bitmap","file":"item/icons/208.png","ascent":8,"height":8,"chars":[""]},{"type":"bitmap","file":"item/icons/209.png","ascent":8,"height":8,"chars":[""]},{"type":"bitmap","file":"item/icons/210.png","ascent":8,"height":8,"chars":[""]},{"type":"bitmap","file":"item/icons/211.png","ascent":8,"height":8,"chars":[""]},{"type":"bitmap","file":"item/icons/212.png","ascent":8,"height":8,"chars":[""]},{"type":"bitmap","file":"item/icons/213.png","ascent":8,"height":8,"chars":[""]},{"type":"bitmap","file":"item/icons/214.png","ascent":8,"height":8,"chars":[""]},{"type":"bitmap","file":"item/icons/215.png","ascent":8,"height":8,"chars":[""]},{"type":"bitmap","file":"item/icons/216.png","ascent":8,"height":8,"chars":[""]},{"type":"bitmap","file":"item/icons/217.png","ascent":8,"height":8,"chars":[""]},{"type":"bitmap","file":"item/icons/218.png","ascent":8,"height":8,"chars":[""]},{"type":"bitmap","file":"item/icons/219.png","ascent":8,"height":8,"chars":[""]},{"type":"bitmap","file":"item/icons/220.png","ascent":8,"height":8,"chars":[""]},{"type":"bitmap","file":"item/icons/221.png","ascent":8,"height":8,"chars":[""]},{"type":"bitmap","file":"item/icons/222.png","ascent":8,"height":8,"chars":[""]},{"type":"bitmap","file":"item/icons/223.png","ascent":8,"height":8,"chars":[""]},{"type":"bitmap","file":"item/icons/224.png","ascent":8,"height":8,"chars":[""]},{"type":"bitmap","file":"item/icons/225.png","ascent":8,"height":8,"chars":[""]},{"type":"bitmap","file":"item/icons/226.png","ascent":8,"height":8,"chars":[""]},{"type":"bitmap","file":"item/icons/227.png","ascent":8,"height":8,"chars":[""]},{"type":"bitmap","file":"item/icons/228.png","ascent":8,"height":8,"chars":[""]},{"type":"bitmap","file":"item/icons/229.png","ascent":8,"height":8,"chars":[""]},{"type":"bitmap","file":"item/icons/230.png","ascent":8,"height":8,"chars":[""]},{"type":"bitmap","file":"item/icons/231.png","ascent":8,"height":8,"chars":[""]},{"type":"bitmap","file":"item/icons/232.png","ascent":8,"height":8,"chars":[""]},{"type":"bitmap","file":"item/icons/233.png","ascent":8,"height":8,"chars":[""]},{"type":"bitmap","file":"item/icons/234.png","ascent":8,"height":8,"chars":[""]},{"type":"bitmap","file":"item/icons/235.png","ascent":8,"height":8,"chars":[""]},{"type":"bitmap","file":"item/icons/236.png","ascent":8,"height":8,"chars":[""]},{"type":"bitmap","file":"item/icons/237.png","ascent":8,"height":8,"chars":[""]},{"type":"bitmap","file":"item/icons/238.png","ascent":8,"height":8,"chars":[""]},{"type":"bitmap","file":"item/icons/239.png","ascent":8,"height":8,"chars":[""]},{"type":"bitmap","file":"item/icons/240.png","ascent":8,"height":8,"chars":[""]},{"type":"bitmap","file":"item/icons/241.png","ascent":8,"height":8,"chars":[""]},{"type":"bitmap","file":"item/icons/242.png","ascent":8,"height":8,"chars":[""]},{"type":"bitmap","file":"item/icons/243.png","ascent":8,"height":8,"chars":[""]},{"type":"bitmap","file":"item/icons/244.png","ascent":8,"height":8,"chars":[""]},{"type":"bitmap","file":"item/icons/245.png","ascent":8,"height":8,"chars":[""]},{"type":"bitmap","file":"item/icons/246.png","ascent":8,"height":8,"chars":[""]},{"type":"bitmap","file":"item/icons/247.png","ascent":8,"height":8,"chars":[""]},{"type":"bitmap","file":"item/icons/248.png","ascent":8,"height":8,"chars":[""]},{"type":"bitmap","file":"item/icons/249.png","ascent":8,"height":8,"chars":[""]},{"type":"bitmap","file":"item/icons/250.png","ascent":8,"height":8,"chars":[""]},{"type":"bitmap","file":"item/icons/251.png","ascent":8,"height":8,"chars":[""]},{"type":"bitmap","file":"item/icons/252.png","ascent":8,"height":8,"chars":[""]},{"type":"bitmap","file":"item/icons/253.png","ascent":8,"height":8,"chars":[""]},{"type":"bitmap","file":"item/icons/254.png","ascent":8,"height":8,"chars":[""]},{"type":"bitmap","file":"item/icons/255.png","ascent":8,"height":8,"chars":[""]},{"type":"bitmap","file":"item/icons/256.png","ascent":8,"height":8,"chars":[""]},{"type":"bitmap","file":"item/icons/257.png","ascent":8,"height":8,"chars":[""]},{"type":"bitmap","file":"item/icons/258.png","ascent":8,"height":8,"chars":[""]},{"type":"bitmap","file":"item/icons/259.png","ascent":8,"height":8,"chars":[""]},{"type":"bitmap","file":"item/icons/261.png","ascent":8,"height":8,"chars":[""]},{"type":"bitmap","file":"item/icons/262.png","ascent":8,"height":8,"chars":[""]},{"type":"bitmap","file":"item/icons/263.png","ascent":8,"height":8,"chars":[""]},{"type":"bitmap","file":"item/icons/264.png","ascent":8,"height":8,"chars":[""]},{"type":"bitmap","file":"item/icons/265.png","ascent":8,"height":8,"chars":[""]},{"type":"bitmap","file":"item/icons/266.png","ascent":8,"height":8,"chars":[""]},{"type":"bitmap","file":"item/icons/267.png","ascent":8,"height":8,"chars":[""]},{"type":"bitmap","file":"item/icons/268.png","ascent":8,"height":8,"chars":[""]},{"type":"bitmap","file":"item/icons/269.png","ascent":8,"height":8,"chars":[""]},{"type":"bitmap","file":"item/icons/270.png","ascent":8,"height":8,"chars":[""]},{"type":"bitmap","file":"item/icons/271.png","ascent":8,"height":8,"chars":[""]},{"type":"bitmap","file":"item/icons/272.png","ascent":8,"height":8,"chars":[""]},{"type":"bitmap","file":"item/icons/273.png","ascent":8,"height":8,"chars":[""]},{"type":"bitmap","file":"item/icons/274.png","ascent":8,"height":8,"chars":[""]},{"type":"bitmap","file":"item/icons/275.png","ascent":8,"height":8,"chars":[""]},{"type":"bitmap","file":"item/icons/276.png","ascent":8,"height":8,"chars":[""]},{"type":"bitmap","file":"item/icons/277.png","ascent":8,"height":8,"chars":[""]},{"type":"bitmap","file":"item/icons/278.png","ascent":8,"height":8,"chars":[""]},{"type":"bitmap","file":"item/icons/279.png","ascent":8,"height":8,"chars":[""]},{"type":"bitmap","file":"item/icons/280.png","ascent":8,"height":8,"chars":[""]},{"type":"bitmap","file":"item/icons/281.png","ascent":8,"height":8,"chars":[""]},{"type":"bitmap","file":"item/icons/282.png","ascent":8,"height":8,"chars":[""]},{"type":"bitmap","file":"item/icons/283.png","ascent":8,"height":8,"chars":[""]},{"type":"bitmap","file":"item/icons/284.png","ascent":8,"height":8,"chars":[""]},{"type":"bitmap","file":"item/icons/285.png","ascent":8,"height":8,"chars":[""]},{"type":"bitmap","file":"item/icons/286.png","ascent":8,"height":8,"chars":[""]},{"type":"bitmap","file":"item/icons/287.png","ascent":8,"height":8,"chars":[""]},{"type":"bitmap","file":"item/icons/288.png","ascent":8,"height":8,"chars":[""]},{"type":"bitmap","file":"item/icons/289.png","ascent":8,"height":8,"chars":[""]},{"type":"bitmap","file":"item/icons/290.png","ascent":8,"height":8,"chars":[""]},{"type":"bitmap","file":"item/icons/291.png","ascent":8,"height":8,"chars":[""]},{"type":"bitmap","file":"item/icons/292.png","ascent":8,"height":8,"chars":[""]},{"type":"bitmap","file":"item/icons/293.png","ascent":8,"height":8,"chars":[""]},{"type":"bitmap","file":"item/icons/294.png","ascent":8,"height":8,"chars":[""]},{"type":"bitmap","file":"item/icons/295.png","ascent":8,"height":8,"chars":[""]},{"type":"bitmap","file":"item/icons/296.png","ascent":8,"height":8,"chars":[""]},{"type":"bitmap","file":"item/icons/297.png","ascent":8,"height":8,"chars":[""]},{"type":"bitmap","file":"item/icons/298.png","ascent":8,"height":8,"chars":[""]},{"type":"bitmap","file":"item/icons/299.png","ascent":8,"height":8,"chars":[""]},{"type":"bitmap","file":"item/icons/300.png","ascent":8,"height":8,"chars":[""]},{"type":"bitmap","file":"item/icons/301.png","ascent":8,"height":8,"chars":[""]},{"type":"bitmap","file":"item/icons/302.png","ascent":8,"height":8,"chars":[""]},{"type":"bitmap","file":"item/icons/303.png","ascent":8,"height":8,"chars":[""]},{"type":"bitmap","file":"item/icons/304.png","ascent":8,"height":8,"chars":[""]},{"type":"bitmap","file":"item/icons/305.png","ascent":8,"height":8,"chars":[""]},{"type":"bitmap","file":"item/icons/306.png","ascent":8,"height":8,"chars":[""]},{"type":"bitmap","file":"item/icons/307.png","ascent":8,"height":8,"chars":[""]},{"type":"bitmap","file":"item/icons/308.png","ascent":8,"height":8,"chars":[""]},{"type":"bitmap","file":"item/icons/309.png","ascent":8,"height":8,"chars":[""]},{"type":"bitmap","file":"icons:menu/menu_icons.png","ascent":13,"height":20,"chars":["󰀀󰀁󰀂󰀃󰀄󰀅󰀆󰀇󰀈󰀉󰀊󰀋","󰀌󰀍󰀎󰀏󰀐󰀑󰀒󰀓󰀔󰀕󰀖󰀗","󰀘󰀙󰀚󰀛󰀜󰀝󰀞󰀟󰀠󰀡󰀢󰀣","󰀤󰀥󰀦󰀧󰀨󰀩󰀪󰀫󰀬󰀭󰀮󰀯","󰀰󰀱󰀲󰀳󰀴󰀵󰀶󰀷󰀸󰀹󰀺󰀻","󰀼󰀽󰀾󰀿󰁀󰁁󰁂󰁃󰁄󰁅󰁆󰁇","󰁈󰁉󰁊󰁋󰁌󰁍󰁎󰁏󰁐󰁑󰁒󰁓","󰁔󰁕󰁖","","","","󰂊󰂋󰂌󰂍󰂎󰂏"]},{"type":"bitmap","file":"icons:menu/gamemenulogo.png","ascent":40,"height":60,"chars":["󰂐"]},{"type":"bitmap","file":"icons:item/tooltip/attributes.png","ascent":8,"height":9,"chars":["󰃽󰃾󰃿󰄀󰄁󰄂󰄃󰄄󰄅󰄆","󰄇󰄈󰄉󰄊󰄋󰄌󰄍󰄎󰄏󰄐"]},{"type":"bitmap","file":"icons:item/tooltip/enchantments.png","ascent":8,"height":9,"chars":["󰄥󰄦󰄧󰄨󰄩󰄪󰄫󰄬","󰄭󰄮󰄯󰄰󰄱󰄲󰄳󰄴"]},{"type":"bitmap","file":"icons:item/tooltip/pattern.png","ascent":7,"height":8,"chars":["󰅅󰅆󰅇󰅈󰅉󰅊"]},{"type":"bitmap","file":"icons:item/tooltip/food.png","ascent":8,"height":9,"chars":["󰅑󰅒󰅓󰅔","󰅕󰅖󰅗󰅘","󰅙󰅚󰅛󰅜","󰅝󰅞󰅟󰅠","󰅡󰅢󰅣󰅤","󰅥󰅦󰅧󰅨","󰅩󰅪󰅫󰅬","󰅭󰅮󰅯󰅰","󰅱󰅲󰅳󰅴","󰅵󰅶󰅷󰅸","󰅹󰅺󰅻󰅼","󰅽󰅾󰅿󰆀","󰆁󰆂󰆃󰆄","󰆅󰆆󰆇󰆈"]},{"type":"bitmap","file":"icons:item/tooltip/effects.png","ascent":9,"height":10,"chars":["󰆉󰆊󰆋󰆌󰆍󰆎󰆏󰆐","󰆑󰆒󰆓󰆔󰆕󰆖󰆗󰆘","󰆙󰆚󰆛󰆜󰆝󰆞󰆟󰆠","󰆡󰆢󰆣󰆤󰆥󰆦󰆧󰆨","󰆩󰆪󰆫󰆬󰆭󰆮󰆯󰆰"]},{"type":"bitmap","file":"icons:item/tooltip/discs.png","ascent":8,"height":10,"chars":["󰆱󰆲󰆳󰆴󰆵󰆶󰆷","󰆸󰆹󰆺󰆻󰆼󰆽󰆾","󰆿󰇀󰇁󰇂󰇃󰇄󰇅"]},{"type":"bitmap","file":"icons:gui/item_groups.png","ascent":8,"height":10,"chars":["󰇆󰇇󰇈󰇉󰇊󰇋","󰇌󰇍󰇎󰇏󰇐󰇑"]},{"type":"bitmap","file":"icons:splash/caelesti.png","ascent":12,"height":21,"chars":["󰇘","󰇙"]},{"type":"bitmap","file":"icons:splash/splash.png","ascent":13,"height":16,"chars":["󰇚"]},{"type":"bitmap","file":"icons:splash/sus.png","ascent":13,"height":16,"chars":["󰇛"]},{"type":"bitmap","file":"icons:splash/pride.png","ascent":12,"height":12,"chars":["󰇜󰇝󰇞󰇟󰇠","󰇡󰇢󰇣󰇤󰇥"]},{"type":"bitmap","file":"icons:splash/king.png","ascent":16,"height":16,"chars":["󰇦"]},{"type":"bitmap","file":"icons:item/firework/dye.png","ascent":8,"height":9,"chars":["󰇬󰇭󰇮󰇯","󰇰󰇱󰇲󰇳","󰇴󰇵󰇶󰇷","󰇸󰇹󰇺󰇻"]},{"type":"bitmap","file":"icons:item/firework/shape.png","ascent":8,"height":9,"chars":["󰇼󰇽󰇾󰇿󰈀","󰈁󰈂󰈃󰈄󰈅"]},{"type":"bitmap","file":"icons:chat/gamemodes.png","ascent":8,"height":9,"chars":["󰈋󰈌󰈍󰈎󰈏"]},{"type":"bitmap","file":"icons:gui/anvil_enchantingtable.png","ascent":8,"height":10,"chars":["󰈐󰈑󰈒󰈓"]},{"type":"bitmap","file":"icons:advancement/advancement_groups.png","ascent":8,"height":10,"chars":["󰈕󰈖󰈗󰈘󰈙"]},{"type":"bitmap","file":"icons:advancement/advancement_categories.png","ascent":11,"height":15,"chars":["󰈚󰈛󰈜"]},{"type":"bitmap","file":"icons:chat/advancement_categories.png","ascent":8,"height":9,"chars":["󰈝󰈞󰈟"]},{"type":"bitmap","file":"icons:item/tooltip/levels.png","ascent":15,"height":24,"chars":["󰈨󰈩󰈪󰈫󰈬","󰈭󰈮󰈯󰈰󰈱"]},{"type":"bitmap","file":"icons:menu/biomeselection.png","ascent":13,"height":18,"chars":["􀃨􀃩􀃪􀃫􀃬"]},{"type":"bitmap","file":"icons:item/banner/border.png","ascent":9,"height":11,"chars":["􀄦","􀄧","􀄨","􀄩","􀄪","􀄫","􀄬","􀄭","􀄮","􀄯","􀄰","􀄱","􀄲","􀄳","􀄴","􀄵"]},{"type":"bitmap","file":"icons:item/banner/bricks.png","ascent":9,"height":11,"chars":["􀄶","􀄷","􀄸","􀄹","􀄺","􀄻","􀄼","􀄽","􀄾","􀄿","􀅀","􀅁","􀅂","􀅃","􀅄","􀅅"]},{"type":"bitmap","file":"icons:item/banner/circle.png","ascent":9,"height":11,"chars":["􀅆","􀅇","􀅈","􀅉","􀅊","􀅋","􀅌","􀅍","􀅎","􀅏","􀅐","􀅑","􀅒","􀅓","􀅔","􀅕"]},{"type":"bitmap","file":"icons:item/banner/creeper.png","ascent":9,"height":11,"chars":["􀅖","􀅗","􀅘","􀅙","􀅚","􀅛","􀅜","􀅝","􀅞","􀅟","􀅠","􀅡","􀅢","􀅣","􀅤","􀅥"]},{"type":"bitmap","file":"icons:item/banner/cross.png","ascent":9,"height":11,"chars":["􀅦","􀅧","􀅨","􀅩","􀅪","􀅫","􀅬","􀅭","􀅮","􀅯","􀅰","􀅱","􀅲","􀅳","􀅴","􀅵"]},{"type":"bitmap","file":"icons:item/banner/curly_border.png","ascent":9,"height":11,"chars":["􀅶","􀅷","􀅸","􀅹","􀅺","􀅻","􀅼","􀅽","􀅾","􀅿","􀆀","􀆁","􀆂","􀆃","􀆄","􀆅"]},{"type":"bitmap","file":"icons:item/banner/diagonal_left.png","ascent":9,"height":11,"chars":["􀆆","􀆇","􀆈","􀆉","􀆊","􀆋","􀆌","􀆍","􀆎","􀆏","􀆐","􀆑","􀆒","􀆓","􀆔","􀆕"]},{"type":"bitmap","file":"icons:item/banner/diagonal_right.png","ascent":9,"height":11,"chars":["􀆖","􀆗","􀆘","􀆙","􀆚","􀆛","􀆜","􀆝","􀆞","􀆟","􀆠","􀆡","􀆢","􀆣","􀆤","􀆥"]},{"type":"bitmap","file":"icons:item/banner/diagonal_up_left.png","ascent":9,"height":11,"chars":["􀆦","􀆧","􀆨","􀆩","􀆪","􀆫","􀆬","􀆭","􀆮","􀆯","􀆰","􀆱","􀆲","􀆳","􀆴","􀆵"]},{"type":"bitmap","file":"icons:item/banner/diagonal_up_right.png","ascent":9,"height":11,"chars":["􀆶","􀆷","􀆸","􀆹","􀆺","􀆻","􀆼","􀆽","􀆾","􀆿","􀇀","􀇁","􀇂","􀇃","􀇄","􀇅"]},{"type":"bitmap","file":"icons:item/banner/flower.png","ascent":9,"height":11,"chars":["􀇆","􀇇","􀇈","􀇉","􀇊","􀇋","􀇌","􀇍","􀇎","􀇏","􀇐","􀇑","􀇒","􀇓","􀇔","􀇕"]},{"type":"bitmap","file":"icons:item/banner/globe.png","ascent":9,"height":11,"chars":["􀇖","􀇗","􀇘","􀇙","􀇚","􀇛","􀇜","􀇝","􀇞","􀇟","􀇠","􀇡","􀇢","􀇣","􀇤","􀇥"]},{"type":"bitmap","file":"icons:item/banner/gradient.png","ascent":9,"height":11,"chars":["􀇦","􀇧","􀇨","􀇩","􀇪","􀇫","􀇬","􀇭","􀇮","􀇯","􀇰","􀇱","􀇲","􀇳","􀇴","􀇵"]},{"type":"bitmap","file":"icons:item/banner/gradient_up.png","ascent":9,"height":11,"chars":["􀇶","􀇷","􀇸","􀇹","􀇺","􀇻","􀇼","􀇽","􀇾","􀇿","􀈀","􀈁","􀈂","􀈃","􀈄","􀈅"]},{"type":"bitmap","file":"icons:item/banner/half_horizontal.png","ascent":9,"height":11,"chars":["􀈆","􀈇","􀈈","􀈉","􀈊","􀈋","􀈌","􀈍","􀈎","􀈏","􀈐","􀈑","􀈒","􀈓","􀈔","􀈕"]},{"type":"bitmap","file":"icons:item/banner/half_horizontal_bottom.png","ascent":9,"height":11,"chars":["􀈖","􀈗","􀈘","􀈙","􀈚","􀈛","􀈜","􀈝","􀈞","􀈟","􀈠","􀈡","􀈢","􀈣","􀈤","􀈥"]},{"type":"bitmap","file":"icons:item/banner/half_vertical.png","ascent":9,"height":11,"chars":["􀈦","􀈧","􀈨","􀈩","􀈪","􀈫","􀈬","􀈭","􀈮","􀈯","􀈰","􀈱","􀈲","􀈳","􀈴","􀈵"]},{"type":"bitmap","file":"icons:item/banner/half_vertical_right.png","ascent":9,"height":11,"chars":["􀈶","􀈷","􀈸","􀈹","􀈺","􀈻","􀈼","􀈽","􀈾","􀈿","􀉀","􀉁","􀉂","􀉃","􀉄","􀉅"]},{"type":"bitmap","file":"icons:item/banner/mojang.png","ascent":9,"height":11,"chars":["􀉆","􀉇","􀉈","􀉉","􀉊","􀉋","􀉌","􀉍","􀉎","􀉏","􀉐","􀉑","􀉒","􀉓","􀉔","􀉕"]},{"type":"bitmap","file":"icons:item/banner/piglin.png","ascent":9,"height":11,"chars":["􀉖","􀉗","􀉘","􀉙","􀉚","􀉛","􀉜","􀉝","􀉞","􀉟","􀉠","􀉡","􀉢","􀉣","􀉤","􀉥"]},{"type":"bitmap","file":"icons:item/banner/rhombus.png","ascent":9,"height":11,"chars":["􀉦","􀉧","􀉨","􀉩","􀉪","􀉫","􀉬","􀉭","􀉮","􀉯","􀉰","􀉱","􀉲","􀉳","􀉴","􀉵"]},{"type":"bitmap","file":"icons:item/banner/skull.png","ascent":9,"height":11,"chars":["􀉶","􀉷","􀉸","􀉹","􀉺","􀉻","􀉼","􀉽","􀉾","􀉿","􀊀","􀊁","􀊂","􀊃","􀊄","􀊅"]},{"type":"bitmap","file":"icons:item/banner/small_stripes.png","ascent":9,"height":11,"chars":["􀊆","􀊇","􀊈","􀊉","􀊊","􀊋","􀊌","􀊍","􀊎","􀊏","􀊐","􀊑","􀊒","􀊓","􀊔","􀊕"]},{"type":"bitmap","file":"icons:item/banner/square_bottom_left.png","ascent":9,"height":11,"chars":["􀊖","􀊗","􀊘","􀊙","􀊚","􀊛","􀊜","􀊝","􀊞","􀊟","􀊠","􀊡","􀊢","􀊣","􀊤","􀊥"]},{"type":"bitmap","file":"icons:item/banner/square_bottom_right.png","ascent":9,"height":11,"chars":["􀊦","􀊧","􀊨","􀊩","􀊪","􀊫","􀊬","􀊭","􀊮","􀊯","􀊰","􀊱","􀊲","􀊳","􀊴","􀊵"]},{"type":"bitmap","file":"icons:item/banner/square_top_left.png","ascent":9,"height":11,"chars":["􀊶","􀊷","􀊸","􀊹","􀊺","􀊻","􀊼","􀊽","􀊾","􀊿","􀋀","􀋁","􀋂","􀋃","􀋄","􀋅"]},{"type":"bitmap","file":"icons:item/banner/square_top_right.png","ascent":9,"height":11,"chars":["􀋆","􀋇","􀋈","􀋉","􀋊","􀋋","􀋌","􀋍","􀋎","􀋏","􀋐","􀋑","􀋒","􀋓","􀋔","􀋕"]},{"type":"bitmap","file":"icons:item/banner/straight_cross.png","ascent":9,"height":11,"chars":["􀋖","􀋗","􀋘","􀋙","􀋚","􀋛","􀋜","􀋝","􀋞","􀋟","􀋠","􀋡","􀋢","􀋣","􀋤","􀋥"]},{"type":"bitmap","file":"icons:item/banner/stripe_bottom.png","ascent":9,"height":11,"chars":["􀋦","􀋧","􀋨","􀋩","􀋪","􀋫","􀋬","􀋭","􀋮","􀋯","􀋰","􀋱","􀋲","􀋳","􀋴","􀋵"]},{"type":"bitmap","file":"icons:item/banner/stripe_center.png","ascent":9,"height":11,"chars":["􀋶","􀋷","􀋸","􀋹","􀋺","􀋻","􀋼","􀋽","􀋾","􀋿","􀌀","􀌁","􀌂","􀌃","􀌄","􀌅"]},{"type":"bitmap","file":"icons:item/banner/stripe_downleft.png","ascent":9,"height":11,"chars":["􀌆","􀌇","􀌈","􀌉","􀌊","􀌋","􀌌","􀌍","􀌎","􀌏","􀌐","􀌑","􀌒","􀌓","􀌔","􀌕"]},{"type":"bitmap","file":"icons:item/banner/stripe_downright.png","ascent":9,"height":11,"chars":["􀌖","􀌗","􀌘","􀌙","􀌚","􀌛","􀌜","􀌝","􀌞","􀌟","􀌠","􀌡","􀌢","􀌣","􀌤","􀌥"]},{"type":"bitmap","file":"icons:item/banner/stripe_left.png","ascent":9,"height":11,"chars":["􀌦","􀌧","􀌨","􀌩","􀌪","􀌫","􀌬","􀌭","􀌮","􀌯","􀌰","􀌱","􀌲","􀌳","􀌴","􀌵"]},{"type":"bitmap","file":"icons:item/banner/stripe_middle.png","ascent":9,"height":11,"chars":["􀌶","􀌷","􀌸","􀌹","􀌺","􀌻","􀌼","􀌽","􀌾","􀌿","􀍀","􀍁","􀍂","􀍃","􀍄","􀍅"]},{"type":"bitmap","file":"icons:item/banner/stripe_right.png","ascent":9,"height":11,"chars":["􀍆","􀍇","􀍈","􀍉","􀍊","􀍋","􀍌","􀍍","􀍎","􀍏","􀍐","􀍑","􀍒","􀍓","􀍔","􀍕"]},{"type":"bitmap","file":"icons:item/banner/stripe_top.png","ascent":9,"height":11,"chars":["􀍖","􀍗","􀍘","􀍙","􀍚","􀍛","􀍜","􀍝","􀍞","􀍟","􀍠","􀍡","􀍢","􀍣","􀍤","􀍥"]},{"type":"bitmap","file":"icons:item/banner/triangle_bottom.png","ascent":9,"height":11,"chars":["􀍦","􀍧","􀍨","􀍩","􀍪","􀍫","􀍬","􀍭","􀍮","􀍯","􀍰","􀍱","􀍲","􀍳","􀍴","􀍵"]},{"type":"bitmap","file":"icons:item/banner/triangle_top.png","ascent":9,"height":11,"chars":["􀍶","􀍷","􀍸","􀍹","􀍺","􀍻","􀍼","􀍽","􀍾","􀍿","􀎀","􀎁","􀎂","􀎃","􀎄","􀎅"]},{"type":"bitmap","file":"icons:item/banner/triangles_bottom.png","ascent":9,"height":11,"chars":["􀎆","􀎇","􀎈","􀎉","􀎊","􀎋","􀎌","􀎍","􀎎","􀎏","􀎐","􀎑","􀎒","􀎓","􀎔","􀎕"]},{"type":"bitmap","file":"icons:item/banner/triangles_top.png","ascent":9,"height":11,"chars":["􀎖","􀎗","􀎘","􀎙","􀎚","􀎛","􀎜","􀎝","􀎞","􀎟","􀎠","􀎡","􀎢","􀎣","􀎤","􀎥"]},{"type":"bitmap","file":"icons:menu/language/lang_1.png","ascent":81,"height":162,"chars":["􀐏"]},{"type":"bitmap","file":"icons:menu/language/lang_2.png","ascent":81,"height":162,"chars":["􀐎"]},{"type":"bitmap","file":"icons:menu/language/lang_3.png","ascent":81,"height":162,"chars":["􀐍"]},{"type":"bitmap","file":"icons:menu/language/lang_4.png","ascent":81,"height":162,"chars":["􀐌"]},{"type":"bitmap","file":"icons:menu/language/lang_5.png","ascent":81,"height":162,"chars":["􀐋"]},{"type":"bitmap","file":"icons:menu/language/lang_6.png","ascent":81,"height":162,"chars":["􀐊"]},{"type":"bitmap","file":"icons:menu/language/lang_7.png","ascent":81,"height":162,"chars":["􀐉"]},{"type":"bitmap","file":"icons:menu/language/lang_8.png","ascent":81,"height":162,"chars":["􀐈"]},{"type":"bitmap","file":"icons:menu/language/lang_9.png","ascent":81,"height":162,"chars":["􀐇"]},{"type":"bitmap","file":"icons:menu/language/lang_10.png","ascent":81,"height":162,"chars":["􀐆"]},{"type":"bitmap","file":"icons:menu/language/lang_11.png","ascent":81,"height":162,"chars":["􀐅"]},{"type":"bitmap","file":"icons:menu/language/lang_12.png","ascent":81,"height":162,"chars":["􀐄"]},{"type":"bitmap","file":"icons:menu/language/lang_13.png","ascent":81,"height":162,"chars":["􀐃"]},{"type":"bitmap","file":"icons:menu/language/lang_14.png","ascent":81,"height":162,"chars":["􀐂"]},{"type":"bitmap","file":"icons:menu/language/lang_15.png","ascent":81,"height":162,"chars":["􀐁"]},{"type":"bitmap","file":"icons:menu/language/lang_16.png","ascent":81,"height":162,"chars":["􀐀"]},{"type":"bitmap","file":"icons:menu/language/lang_17.png","ascent":81,"height":162,"chars":["􀏿"]},{"type":"bitmap","file":"icons:menu/language/lang_18.png","ascent":81,"height":162,"chars":["􀏾"]},{"type":"bitmap","file":"icons:menu/language/lang_19.png","ascent":81,"height":162,"chars":["􀏽"]},{"type":"bitmap","file":"icons:menu/language/lang_20.png","ascent":81,"height":162,"chars":["􀏼"]},{"type":"bitmap","file":"icons:menu/language/lang_21.png","ascent":81,"height":162,"chars":["􀏻"]},{"type":"bitmap","file":"icons:menu/language/lang_22.png","ascent":81,"height":162,"chars":["􀏺"]},{"type":"bitmap","file":"icons:menu/language/lang_23.png","ascent":81,"height":162,"chars":["􀏹"]},{"type":"bitmap","file":"icons:menu/language/lang_24.png","ascent":81,"height":162,"chars":["􀏸"]},{"type":"bitmap","file":"icons:menu/language/lang_25.png","ascent":81,"height":162,"chars":["􀏷"]},{"type":"bitmap","file":"icons:menu/language/lang_26.png","ascent":81,"height":162,"chars":["􀏶"]},{"type":"bitmap","file":"icons:menu/language/lang_27.png","ascent":81,"height":162,"chars":["􀏵"]},{"type":"bitmap","file":"icons:menu/language/lang_28.png","ascent":81,"height":162,"chars":["􀏴"]},{"type":"bitmap","file":"icons:menu/language/lang_29.png","ascent":81,"height":162,"chars":["􀏳"]},{"type":"bitmap","file":"icons:menu/language/lang_30.png","ascent":81,"height":162,"chars":["􀏲"]},{"type":"bitmap","file":"icons:menu/language/lang_31.png","ascent":81,"height":162,"chars":["􀏱"]},{"type":"bitmap","file":"icons:item/spawneggs/mobs.png","ascent":36,"height":36,"chars":["􀐐􀐑􀐒􀐓􀐔􀐖􀐗􀐘􀐙􀐚","􀐛􀐜􀐝􀐞􀐟􀐠􀐡􀐢􀐣􀐤","􀐥􀐦􀐧􀐨􀐩􀐪􀐫􀐬􀐮􀐯","􀐰􀐱􀐲􀐳􀐴􀐵􀐶􀐷􀐸􀐹","􀐺􀐼􀐾􀐿􀑀􀑁􀑂􀑃􀑄􀑅","􀑇􀑈􀑉􀑊􀑋􀑌􀑍􀑎􀑏􀑑","􀑒􀑓􀑔􀑕􀑖","","",""]},{"type":"bitmap","file":"icons:item/spawneggs/mobs2.png","ascent":10,"height":10,"chars":["􀐕􀐭􀐻􀐽􀑆􀑐"]},{"type":"bitmap","file":"icons:item/tropical_fish/type.png","ascent":12,"height":16,"chars":["􏿆􏿇􏿈􏿉􏿚􏿛","􏿜􏿝􏿞􏿟􏿐􏿑"]},{"type":"bitmap","file":"icons:item/tropical_fish/predefined.png","ascent":12,"height":16,"chars":["􏿒􏿓􏿔􏿕􏿖􏿗","􏿘􏿙􏿪􏿫􏿬􏿭","􏿮􏿯􏿠􏿡􏿢􏿣","􏿤􏿥􏿦􏿧􏿨􏿩"]}]}