{"sources":[{"source":"entity","prefix":"entity/","type":"directory"},{"type":"single","resource":"fairyset:crossbow_1"},{"type":"single","resource":"fairyset:crossbow_2"},{"type":"single","resource":"fairyset:greatsword"},{"type":"single","resource":"elitecreatures:skeleton_overlord_animated_weapon_set/skeletonoverlord_helmet"},{"type":"single","resource":"fairyset:hoe"},{"type":"single","resource":"merry_christmasset:hoe"},{"type":"single","resource":"elitecreatures:ginger_bread_gear/santa_chestplate"},{"type":"single","resource":"merry_christmasset:shovel"},{"type":"single","resource":"fairyset:animations/animations_pickaxe"},{"type":"single","resource":"elitecreatures:valentines_animated_weapon_and_tool_set_v1/helmet_icon"},{"type":"single","resource":"elitecreatures:carnivoret_weapon_set/chest"},{"type":"single","resource":"elitecreatures:carnivoret_weapon_set/spear"},{"type":"single","resource":"fairyset:armor/fairy_chestplate_icon"},{"type":"single","resource":"abyss_pack:abyss_pack/abyss_hoe"},{"type":"single","resource":"_iainternal:icons/icon_next_orange"},{"type":"single","resource":"elitecreatures:valentines_animated_weapon_and_tool_set_v1/bowfill"},{"type":"single","resource":"merry_christmasset:key"},{"type":"single","resource":"fairyset:trident"},{"type":"single","resource":"halloween23:animations/pumpkin_eyes"},{"type":"single","resource":"halloween23:undertaker_shovel"},{"type":"single","resource":"elitecreatures:carnivoret_weapon_set/sword"},{"type":"single","resource":"elitecreatures:valentines_animated_weapon_and_tool_set_v1/boots_icon"},{"type":"single","resource":"dragonstone_guardians:armor/dragonstone_chestplate_icon"},{"type":"single","resource":"elitecreatures:vinland_animated_weapon/armor/leggings"},{"type":"single","resource":"nexusset:armor/nexus_chestplate_icon"},{"type":"single","resource":"medieval1:medieval1chest"},{"type":"single","resource":"elitecreatures:carnivoret_weapon_set/carnivoret_boots"},{"type":"single","resource":"halloweenset:pumpkin_backpack"},{"type":"single","resource":"fairyset:chest"},{"type":"single","resource":"fairyset:bow_1"},{"type":"single","resource":"halloweenset:grave_3"},{"type":"single","resource":"halloweenset:grave_4"},{"type":"single","resource":"nexusset:fishing_rod_cast"},{"type":"single","resource":"nexusset:hammer"},{"type":"single","resource":"halloweenset:grave_1"},{"type":"single","resource":"halloweenset:grave_2"},{"type":"single","resource":"_iainternal:icons/icon_cancel"},{"type":"single","resource":"fairyset:spear"},{"type":"single","resource":"merry_christmasset:staff"},{"type":"single","resource":"fairyset:bow_2"},{"type":"single","resource":"elitecreatures:carnivoret_weapon_set/axe1"},{"type":"single","resource":"halloweenset:zombie_head"},{"type":"single","resource":"merry_christmasset:armor/merry_christmas_boots_icon"},{"type":"single","resource":"modelengine:entity/bs_vm_penguin_texture"},{"type":"single","resource":"_iainternal:icons/icon_arrow_chest"},{"type":"single","resource":"easter2024set:armor/easter2024_helmet_icon"},{"type":"single","resource":"merry_christmasset:fishing_rod"},{"type":"single","resource":"medieval1:medieval1texture"},{"type":"single","resource":"elitecreatures:valentines_animated_weapon_and_tool_set_v1/heartnitro"},{"type":"single","resource":"halloween23:undertaker_balloon"},{"type":"single","resource":"fairyset:key"},{"type":"single","resource":"fairyset:sword"},{"type":"single","resource":"halloween23:spider_balloon"},{"type":"single","resource":"dragonstone_guardians:armor/dragonstone_boots_icon"},{"type":"single","resource":"fairyset:armor/fairy_helmet_icon"},{"type":"single","resource":"nexusset:shovel"},{"type":"single","resource":"fairyset:fishing_rod_cast"},{"type":"single","resource":"fairyset:bow"},{"type":"single","resource":"medieval1:medieval1bow"},{"type":"single","resource":"elitecreatures:vinland_animated_weapon/armor/boots"},{"type":"single","resource":"nexusset:armor/nexus_boots_icon"},{"type":"single","resource":"elitecreatures:valentines_animated_weapon_and_tool_set_v1/valentine_tex7"},{"type":"single","resource":"elitecreatures:valentines_animated_weapon_and_tool_set_v1/valentine_tex6"},{"type":"single","resource":"elitecreatures:valentines_animated_weapon_and_tool_set_v1/valentine_tex8"},{"type":"single","resource":"nexusset:staff"},{"type":"single","resource":"medieval1:armor/medieval1_leggings_icon"},{"type":"single","resource":"merry_christmasset:armor/merry_christmas_helmet_icon"},{"type":"single","resource":"dragonstone_guardians:bow"},{"type":"single","resource":"halloweenset:magic_wand"},{"type":"single","resource":"merry_christmasset:hammer"},{"type":"single","resource":"elitecreatures:vinland_animated_weapon/vinland_texture_01"},{"type":"single","resource":"elitecreatures:carnivoret_weapon_set/carnivoret_leggings"},{"type":"single","resource":"halloweenset:ghost_head"},{"type":"single","resource":"easter2024set:backpack"},{"type":"single","resource":"elitecreatures:valentines_animated_weapon_and_tool_set_v1/valentine_tex3"},{"type":"single","resource":"elitecreatures:valentines_animated_weapon_and_tool_set_v1/valentine_tex2"},{"type":"single","resource":"fairyset:shield"},{"type":"single","resource":"elitecreatures:valentines_animated_weapon_and_tool_set_v1/valentine_tex5"},{"type":"single","resource":"elitecreatures:skeleton_overlord_animated_weapon_set/skeletonoverlord_texture_01"},{"type":"single","resource":"elitecreatures:valentines_animated_weapon_and_tool_set_v1/valentine_tex4"},{"type":"single","resource":"elitecreatures:carnivoret_weapon_set/shovel"},{"type":"single","resource":"halloweenset:zombie_backpack"},{"type":"single","resource":"easter2024set:hammer"},{"type":"single","resource":"elitecreatures:valentines_animated_weapon_and_tool_set_v1/valentine_tex1"},{"type":"single","resource":"nexusset:animations/animations_nexus"},{"type":"single","resource":"easter2024set:armor/easter2024_leggings_icon"},{"type":"single","resource":"merry_christmasset:sword"},{"type":"single","resource":"merry_christmasset:pickaxe"},{"type":"single","resource":"easter2024set:armor/easter2024_chestplate_icon"},{"type":"single","resource":"abyss_pack:abyss_pack/abyss_pickaxe"},{"type":"single","resource":"easter2024set:axe"},{"type":"single","resource":"merry_christmasset:armor/merry_christmas_chestplate_icon"},{"type":"single","resource":"easter2024set:staff"},{"type":"single","resource":"nexusset:greatsword"},{"type":"single","resource":"halloweenset:devil_trident"},{"type":"single","resource":"merry_christmasset:bow_2"},{"type":"single","resource":"elitecreatures:carnivoret_weapon_set/pickaxe"},{"type":"single","resource":"merry_christmasset:bow_1"},{"type":"single","resource":"elitecreatures:valentines_animated_weapon_and_tool_set_v1/chestplate_icon"},{"type":"single","resource":"elitecreatures:carnivoret_weapon_set/fishing1"},{"type":"single","resource":"nexusset:key"},{"type":"single","resource":"abyss_pack:abyss_pack/abyss_eff_02"},{"type":"single","resource":"dragonstone_guardians:armor/dragonstone_helmet_icon"},{"type":"single","resource":"abyss_pack:abyss_pack/abyss_eff_01"},{"type":"single","resource":"nexusset:trident"},{"type":"single","resource":"merry_christmasset:chest"},{"type":"single","resource":"fairyset:helmet"},{"type":"single","resource":"easter2024set:crossbow"},{"type":"single","resource":"merry_christmasset:hat"},{"type":"single","resource":"abyss_pack:abyss_pack/abyss_wings"},{"type":"single","resource":"fairyset:scythe"},{"type":"single","resource":"easter2024set:easter_helmet"},{"type":"single","resource":"dragonstone_guardians:chest"},{"type":"single","resource":"medieval1:medieval1wings_flying"},{"type":"single","resource":"nexusset:crossbow"},{"type":"single","resource":"medieval1:armor/medieval1_chestplate_icon"},{"type":"single","resource":"merry_christmasset:backpack"},{"type":"single","resource":"elitecreatures:zombie_apocalyptic_animated_weapon_set/zombie_leggings"},{"type":"single","resource":"elitecreatures:valentines_animated_weapon_and_tool_set_v1/battery"},{"type":"single","resource":"_iainternal:icons/icon_search"},{"type":"single","resource":"easter2024set:shield"},{"type":"single","resource":"nexusset:hoe"},{"type":"single","resource":"fairyset:hammer"},{"type":"single","resource":"merry_christmasset:shield"},{"type":"single","resource":"abyss_pack:abyss_pack/abyss_sword"},{"type":"single","resource":"halloweenset:zombie_hand"},{"type":"single","resource":"merry_christmasset:scythe"},{"type":"single","resource":"elitecreatures:zombie_apocalyptic_animated_weapon_set/zombie_animation_02"},{"type":"single","resource":"easter2024set:chest_outline"},{"type":"single","resource":"elitecreatures:zombie_apocalyptic_animated_weapon_set/zombie_animation_03"},{"type":"single","resource":"elitecreatures:zombie_apocalyptic_animated_weapon_set/zombie_animation_04"},{"type":"single","resource":"nexusset:fishing_rod"},{"type":"single","resource":"elitecreatures:skeleton_overlord_animated_weapon_set/skeletonoverlord_boots"},{"type":"single","resource":"elitecreatures:zombie_apocalyptic_animated_weapon_set/zombie_animation_01"},{"type":"single","resource":"nexusset:pickaxe"},{"type":"single","resource":"abyss_pack:abyss_pack/abyss_bow_1"},{"type":"single","resource":"elitecreatures:ginger_bread_gear/gingerbread_texture2"},{"type":"single","resource":"abyss_pack:abyss_pack/abyss_shovel"},{"type":"single","resource":"elitecreatures:ginger_bread_gear/gingerbread_texture1"},{"type":"single","resource":"elitecreatures:ginger_bread_gear/gingerbread_texture4"},{"type":"single","resource":"elitecreatures:ginger_bread_gear/gingerbread_texture3"},{"type":"single","resource":"easter2024set:animations/animations_1"},{"type":"single","resource":"elitecreatures:zombie_apocalyptic_animated_weapon_set/zombie_boots"},{"type":"single","resource":"halloweenset:witch_cape"},{"type":"single","resource":"fairyset:animations/animations_04"},{"type":"single","resource":"fairyset:animations/animations_03"},{"type":"single","resource":"fairyset:animations/animations_axe"},{"type":"single","resource":"halloweenset:ghost_glove"},{"type":"single","resource":"halloween23:spider_hat"},{"type":"single","resource":"elitecreatures:valentines_animated_weapon_and_tool_set_v1/heartrotate1"},{"type":"single","resource":"medieval1:medieval1magic_circle"},{"type":"single","resource":"_iainternal:icons/icon_left_blue"},{"type":"single","resource":"elitecreatures:carnivoret_weapon_set/bow4"},{"type":"single","resource":"elitecreatures:carnivoret_weapon_set/bow3"},{"type":"single","resource":"elitecreatures:carnivoret_weapon_set/bow2"},{"type":"single","resource":"halloween23:spider_scythe"},{"type":"single","resource":"elitecreatures:skeleton_overlord_animated_weapon_set/skeletonoverlord_chestplate"},{"type":"single","resource":"elitecreatures:carnivoret_weapon_set/bow1"},{"type":"single","resource":"elitecreatures:carnivoret_weapon_set/staff"},{"type":"single","resource":"dragonstone_guardians:armor/dragonstone_leggings_icon"},{"type":"single","resource":"elitecreatures:skeleton_overlord_animated_weapon_set/skeletonoverlord_animation_01"},{"type":"single","resource":"elitecreatures:skeleton_overlord_animated_weapon_set/skeletonoverlord_animation_02"},{"type":"single","resource":"elitecreatures:skeleton_overlord_animated_weapon_set/skeletonoverlord_animation_03"},{"type":"single","resource":"elitecreatures:skeleton_overlord_animated_weapon_set/skeletonoverlord_animation_04"},{"type":"single","resource":"merry_christmasset:trident"},{"type":"single","resource":"fairyset:armor/fairy_boots_icon"},{"type":"single","resource":"easter2024set:pickaxe"},{"type":"single","resource":"easter2024set:shovel"},{"type":"single","resource":"merry_christmasset:wings"},{"type":"single","resource":"elitecreatures:skeleton_overlord_animated_weapon_set/skeletonoverlord_leggings"},{"type":"single","resource":"elitecreatures:carnivoret_weapon_set/hoe"},{"type":"single","resource":"fairyset:armor/fairy_leggings_icon"},{"type":"single","resource":"halloween23:pumpkin_warlock_head"},{"type":"single","resource":"fairyset:animations/animations_02"},{"type":"single","resource":"fairyset:axe"},{"type":"single","resource":"elitecreatures:zombie_apocalyptic_animated_weapon_set/zombie_helmet"},{"type":"single","resource":"fairyset:animations/animations_01"},{"type":"single","resource":"elitecreatures:vinland_animated_weapon/vinland_animation_03"},{"type":"single","resource":"merry_christmasset:crossbow"},{"type":"single","resource":"merry_christmasset:axe"},{"type":"single","resource":"halloweenset:witch_hat"},{"type":"single","resource":"dragonstone_guardians:texture"},{"type":"single","resource":"elitecreatures:vinland_animated_weapon/vinland_animation_02"},{"type":"single","resource":"medieval1:medieval1fire"},{"type":"single","resource":"modelengine:entity/bs_vm_armadillo_texture"},{"type":"single","resource":"elitecreatures:vinland_animated_weapon/vinland_animation_01"},{"type":"single","resource":"modelengine:entity/bs_vm_crab_texture"},{"type":"single","resource":"elitecreatures:carnivoret_weapon_set/wing"},{"type":"single","resource":"halloweenset:ghost_backpack"},{"type":"single","resource":"fairyset:staff"},{"type":"single","resource":"nexusset:helmet"},{"type":"single","resource":"easter2024set:fishing_rod"},{"type":"single","resource":"elitecreatures:zombie_apocalyptic_animated_weapon_set/zombie_texture_01"},{"type":"single","resource":"halloweenset:devil_horn"},{"type":"single","resource":"easter2024set:key"},{"type":"single","resource":"merry_christmasset:spear"},{"type":"single","resource":"medieval1:medieval1crystals"},{"type":"single","resource":"abyss_pack:abyss_pack/abyss_tex_wings"},{"type":"single","resource":"halloween23:animations/red_eyes"},{"type":"single","resource":"abyss_pack:abyss_pack/abyss_axe"},{"type":"single","resource":"halloween23:spider_legs_backpack"},{"type":"single","resource":"elitecreatures:carnivoret_weapon_set/carnivoret_chestplate"},{"type":"single","resource":"fairyset:wings"},{"type":"single","resource":"nexusset:armor/nexus_helmet_icon"},{"type":"single","resource":"nexusset:bow"},{"type":"single","resource":"nexusset:chest"},{"type":"single","resource":"easter2024set:trident"},{"type":"single","resource":"easter2024set:chest"},{"type":"single","resource":"nexusset:bow_1"},{"type":"single","resource":"nexusset:bow_2"},{"type":"single","resource":"merry_christmasset:detail"},{"type":"single","resource":"halloween23:undertaker_backpack"},{"type":"single","resource":"easter2024set:hoe"},{"type":"single","resource":"dragonstone_guardians:crystals"},{"type":"single","resource":"fairyset:shovel"},{"type":"single","resource":"fairyset:pickaxe"},{"type":"single","resource":"nexusset:spear"},{"type":"single","resource":"elitecreatures:carnivoret_weapon_set/hat"},{"type":"single","resource":"nexusset:crossbow_2"},{"type":"single","resource":"elitecreatures:ginger_bread_gear/santa_boots"},{"type":"single","resource":"nexusset:crossbow_1"},{"type":"single","resource":"medieval1:medieval1light"},{"type":"single","resource":"halloween23:pumpkin_warlock_backpack"},{"type":"single","resource":"elitecreatures:valentines_animated_weapon_and_tool_set_v1/heartrotate"},{"type":"single","resource":"fairyset:crossbow_firework"},{"type":"single","resource":"medieval1:armor/medieval1_helmet_icon"},{"type":"single","resource":"fairyset:fishing_rod"},{"type":"single","resource":"merry_christmasset:bow"},{"type":"single","resource":"easter2024set:sword"},{"type":"single","resource":"elitecreatures:zombie_apocalyptic_animated_weapon_set/zombie_chestplate"},{"type":"single","resource":"elitecreatures:carnivoret_weapon_set/hammer"},{"type":"single","resource":"halloween23:pumpkin_warlock_balloon"},{"type":"single","resource":"halloweenset:devil_tail"},{"type":"single","resource":"abyss_pack:abyss_pack/abyss_bow"},{"type":"single","resource":"elitecreatures:ginger_bread_gear/santa_leggings"},{"type":"single","resource":"halloweenset:witch_broom"},{"type":"single","resource":"halloween23:undertaker_hat"},{"type":"single","resource":"easter2024set:spear"},{"type":"single","resource":"nexusset:shield"},{"type":"single","resource":"nexusset:axe"},{"type":"single","resource":"merry_christmasset:armor/merry_christmas_leggings_icon"},{"type":"single","resource":"dragonstone_guardians:light"},{"type":"single","resource":"elitecreatures:vinland_animated_weapon/armor/chestplate"},{"type":"single","resource":"merry_christmasset:greatsword"},{"type":"single","resource":"merry_christmasset:crossbow_2"},{"type":"single","resource":"merry_christmasset:crossbow_1"},{"type":"single","resource":"nexusset:scythe"},{"type":"single","resource":"easter2024set:knife"},{"type":"single","resource":"dragonstone_guardians:magic_circle"},{"type":"single","resource":"easter2024set:wings"},{"type":"single","resource":"easter2024set:armor/easter2024_boots_icon"},{"type":"single","resource":"elitecreatures:valentines_animated_weapon_and_tool_set_v1/cameralens1"},{"type":"single","resource":"medieval1:armor/medieval1_boots_icon"},{"type":"single","resource":"elitecreatures:carnivoret_weapon_set/key"},{"type":"single","resource":"_iainternal:icons/icon_back_orange"},{"type":"single","resource":"elitecreatures:valentines_animated_weapon_and_tool_set_v1/leggings_icon"},{"type":"single","resource":"elitecreatures:valentines_animated_weapon_and_tool_set_v1/glassese"},{"type":"single","resource":"easter2024set:samuscythe"},{"type":"single","resource":"elitecreatures:ginger_bread_gear/gingerbread_animation01"},{"type":"single","resource":"elitecreatures:carnivoret_weapon_set/scythe"},{"type":"single","resource":"elitecreatures:carnivoret_weapon_set/shield"},{"type":"single","resource":"halloween23:pumpkin_warlock_staff"},{"type":"single","resource":"nexusset:animations/animations_bolt"},{"type":"single","resource":"nexusset:armor/nexus_leggings_icon"},{"type":"single","resource":"_iainternal:icons/icon_right_blue"},{"type":"single","resource":"halloweenset:pumpkin_rake"},{"type":"single","resource":"nexusset:sword"},{"type":"single","resource":"elitecreatures:valentines_animated_weapon_and_tool_set_v1/cloudheart"},{"type":"single","resource":"fairyset:crossbow"},{"type":"single","resource":"dragonstone_guardians:fire"},{"type":"single","resource":"nexusset:wings"},{"type":"single","resource":"elitecreatures:ginger_bread_gear/santa_helmet"},{"type":"single","resource":"halloweenset:pumpkin_head"},{"type":"single","resource":"dragonstone_guardians:wings_flying"},{"type":"single","resource":"easter2024set:bow"}]}