{
	"credit": "Made with Blockbench",
	"texture_size": [128, 128],
	"textures": {
		"0": "elitecreatures:vinland_animated_weapon/vinland_texture_01",
		"1": "elitecreatures:vinland_animated_weapon/vinland_animation_01",
		"3": "elitecreatures:vinland_animated_weapon/vinland_animation_03",
		"particle": "elitecreatures:vinland_animated_weapon/vinland_texture_01"
	},
	"elements": [
		{
			"from": [9.3, 8.00711, 9.89289],
			"to": [9.3, 13.00711, 12.89289],
			"rotation": {"angle": 22.5, "axis": "x", "origin": [9.2, 12.50711, 12.79289]},
			"faces": {
				"north": {"uv": [1.625, 0.875, 1.5, 0.3125], "rotation": 180, "texture": "#0"},
				"east": {"uv": [3.0625, 0, 3.6875, 0.375], "rotation": 270, "texture": "#0"},
				"south": {"uv": [1.625, 0.875, 1.5, 0.3125], "texture": "#0"},
				"west": {"uv": [3.0625, 0, 3.6875, 0.375], "rotation": 90, "texture": "#0"},
				"up": {"uv": [0.6875, 2.1875, 0.5625, 5.3125], "rotation": 180, "texture": "#0"},
				"down": {"uv": [0.6875, 2.1875, 0.5625, 5.3125], "texture": "#0"}
			}
		},
		{
			"from": [9.2, 0.00711, 9.89289],
			"to": [9.2, 5.00711, 12.89289],
			"rotation": {"angle": -22.5, "axis": "x", "origin": [9.2, 0.50711, 12.79289]},
			"faces": {
				"north": {"uv": [1.625, 0.3125, 1.5, 0.875], "rotation": 180, "texture": "#0"},
				"east": {"uv": [3.6875, 0, 3.0625, 0.375], "rotation": 270, "texture": "#0"},
				"south": {"uv": [1.625, 0.3125, 1.5, 0.875], "texture": "#0"},
				"west": {"uv": [3.6875, 0, 3.0625, 0.375], "rotation": 90, "texture": "#0"},
				"up": {"uv": [0.5625, 2.1875, 0.6875, 5.3125], "rotation": 180, "texture": "#0"},
				"down": {"uv": [0.5625, 2.1875, 0.6875, 5.3125], "texture": "#0"}
			}
		},
		{
			"from": [8.05, 5.25711, 1.29289],
			"to": [10.25, 7.75711, 4.79289],
			"rotation": {"angle": 0, "axis": "y", "origin": [8, 6.50711, -1.20711]},
			"faces": {
				"north": {"uv": [0.8125, 1.25, 1.125, 1.5625], "rotation": 180, "texture": "#0"},
				"east": {"uv": [0.8125, 0.8125, 1.125, 1.25], "rotation": 270, "texture": "#0"},
				"south": {"uv": [0.8125, 1.25, 1.125, 1.5625], "texture": "#0"},
				"west": {"uv": [0.8125, 0.8125, 1.125, 1.25], "rotation": 90, "texture": "#0"},
				"up": {"uv": [1.125, 0.8125, 1.4375, 1.25], "rotation": 180, "texture": "#0"},
				"down": {"uv": [1.125, 0.8125, 1.4375, 1.25], "texture": "#0"}
			}
		},
		{
			"from": [8.5, -1.49289, 9.09289],
			"to": [9.5, 2.00711, 10.59289],
			"rotation": {"angle": -22.5, "axis": "x", "origin": [8.5, 0.50711, 8.79289]},
			"faces": {
				"north": {"uv": [0.6875, 0.6875, 0.5625, 0.25], "rotation": 180, "texture": "#0"},
				"east": {"uv": [0.6875, 0.875, 0.5, 1.3125], "rotation": 180, "texture": "#0"},
				"south": {"uv": [0.8125, 1.3125, 0.6875, 0.875], "texture": "#0"},
				"west": {"uv": [0.6875, 1.3125, 0.5, 0.875], "texture": "#0"},
				"up": {"uv": [0.625, 1.5, 0.5, 1.3125], "rotation": 180, "texture": "#0"},
				"down": {"uv": [0.625, 1.5, 0.5, 1.3125], "texture": "#0"}
			}
		},
		{
			"from": [8.25, 2.00711, 5.29289],
			"to": [9.75, 4.50711, 9.29289],
			"rotation": {"angle": 22.5, "axis": "x", "origin": [9, 2.00711, 5.29289]},
			"faces": {
				"north": {"uv": [1.25, 0.3125, 1.4375, 0.625], "rotation": 180, "texture": "#0"},
				"east": {"uv": [1.0625, 0.3125, 0.75, 0.8125], "rotation": 270, "texture": "#0"},
				"south": {"uv": [1.25, 0.3125, 1.4375, 0.625], "texture": "#0"},
				"west": {"uv": [0.75, 0.3125, 1.0625, 0.8125], "rotation": 90, "texture": "#0"},
				"up": {"uv": [2.375, 1.75, 2.5625, 2.25], "rotation": 180, "texture": "#0"},
				"down": {"uv": [1.0625, 0.3125, 1.25, 0.8125], "texture": "#0"}
			}
		},
		{
			"from": [8, 2.00711, 3.29289],
			"to": [10, 7.00711, 5.79289],
			"rotation": {"angle": -22.5, "axis": "x", "origin": [8, 7.00711, 4.29289]},
			"faces": {
				"north": {"uv": [0.5, 0.25, 0.75, 0.875], "rotation": 180, "texture": "#0"},
				"east": {"uv": [1.375, 0, 0.75, 0.3125], "rotation": 270, "texture": "#0"},
				"south": {"uv": [2.125, 1.75, 2.375, 2.375], "texture": "#0"},
				"west": {"uv": [0.75, 0, 1.375, 0.3125], "rotation": 90, "texture": "#0"},
				"up": {"uv": [1.375, 0, 1.625, 0.3125], "rotation": 180, "texture": "#0"},
				"down": {"uv": [1.375, 0, 1.625, 0.3125], "texture": "#0"}
			}
		},
		{
			"from": [8.5, 11.00711, 9.09289],
			"to": [9.5, 14.50711, 10.59289],
			"rotation": {"angle": 22.5, "axis": "x", "origin": [8.5, 12.50711, 8.79289]},
			"faces": {
				"north": {"uv": [0.6875, 0.25, 0.5625, 0.6875], "rotation": 180, "texture": "#0"},
				"east": {"uv": [0.6875, 1.3125, 0.5, 0.875], "rotation": 180, "texture": "#0"},
				"south": {"uv": [0.8125, 0.875, 0.6875, 1.3125], "texture": "#0"},
				"west": {"uv": [0.6875, 0.875, 0.5, 1.3125], "texture": "#0"},
				"up": {"uv": [0.5, 1.5, 0.625, 1.3125], "rotation": 180, "texture": "#0"},
				"down": {"uv": [0.5, 1.5, 0.625, 1.3125], "texture": "#0"}
			}
		},
		{
			"from": [8.25, 8.50711, 5.29289],
			"to": [9.75, 11.00711, 9.29289],
			"rotation": {"angle": -22.5, "axis": "x", "origin": [9, 11.00711, 5.29289]},
			"faces": {
				"north": {"uv": [1.25, 0.625, 1.4375, 0.3125], "rotation": 180, "texture": "#0"},
				"east": {"uv": [0.75, 0.3125, 1.0625, 0.8125], "rotation": 270, "texture": "#0"},
				"south": {"uv": [1.25, 0.625, 1.4375, 0.3125], "texture": "#0"},
				"west": {"uv": [1.0625, 0.3125, 0.75, 0.8125], "rotation": 90, "texture": "#0"},
				"up": {"uv": [1.25, 0.3125, 1.0625, 0.8125], "rotation": 180, "texture": "#0"},
				"down": {"uv": [2.5625, 1.75, 2.375, 2.25], "texture": "#0"}
			}
		},
		{
			"from": [8, 6.00711, 3.29289],
			"to": [10, 11.00711, 5.79289],
			"rotation": {"angle": 22.5, "axis": "x", "origin": [8, 6.00711, 4.29289]},
			"faces": {
				"north": {"uv": [0.5, 0.875, 0.75, 0.25], "rotation": 180, "texture": "#0"},
				"east": {"uv": [0.75, 0, 1.375, 0.3125], "rotation": 270, "texture": "#0"},
				"south": {"uv": [2.125, 2.375, 2.375, 1.75], "texture": "#0"},
				"west": {"uv": [1.375, 0, 0.75, 0.3125], "rotation": 90, "texture": "#0"},
				"up": {"uv": [1.625, 0, 1.375, 0.3125], "rotation": 180, "texture": "#0"},
				"down": {"uv": [1.625, 0, 1.375, 0.3125], "texture": "#0"}
			}
		},
		{
			"from": [7, 4.00711, 4.5],
			"to": [11, 6.00711, 6.5],
			"rotation": {"angle": -45, "axis": "x", "origin": [9, 6.50711, 4]},
			"faces": {
				"north": {"uv": [0.75, 0, 0.25, 0.25], "rotation": 180, "texture": "#0"},
				"east": {"uv": [0, 0, 0.25, 0.25], "rotation": 270, "texture": "#0"},
				"south": {"uv": [0.75, 0.25, 0.25, 0], "texture": "#0"},
				"west": {"uv": [0.25, 0, 0, 0.25], "rotation": 90, "texture": "#0"},
				"up": {"uv": [0.75, 0, 0.25, 0.25], "rotation": 180, "texture": "#0"},
				"down": {"uv": [0.75, 0, 0.25, 0.25], "texture": "#0"}
			}
		},
		{
			"from": [8, 2.50711, 3.29289],
			"to": [10.5, 6.50711, 7.29289],
			"rotation": {"angle": -45, "axis": "x", "origin": [9, 6.50711, 3.29289]},
			"faces": {
				"north": {"uv": [0.5, 1.125, 0, 1.5], "rotation": 270, "texture": "#0"},
				"east": {"uv": [0, 0.25, 0.5, 0.75], "texture": "#0"},
				"south": {"uv": [0, 0.75, 0.5, 1.125], "rotation": 90, "texture": "#0"},
				"west": {"uv": [0, 0.75, 0.5, 0.25], "rotation": 180, "texture": "#0"},
				"up": {"uv": [0.5, 1.125, 0, 1.5], "rotation": 270, "texture": "#0"},
				"down": {"uv": [0.5, 0.75, 0, 1.125], "rotation": 90, "texture": "#0"}
			}
		},
		{
			"from": [7.1, 0.9, 10.6],
			"to": [8.9, 11.8, 12.4],
			"rotation": {"angle": 0, "axis": "y", "origin": [0, -1.2, -1]},
			"faces": {
				"north": {"uv": [3.3125, 0.5, 3.5625, 1.875], "texture": "#0"},
				"east": {"uv": [3.0625, 0.5, 3.3125, 1.875], "texture": "#0"},
				"south": {"uv": [3.3125, 0.5, 3.5625, 1.875], "texture": "#0"},
				"west": {"uv": [3.0625, 0.5, 3.3125, 1.875], "texture": "#0"},
				"up": {"uv": [1.125, 1.25, 1.375, 1.5], "texture": "#0"},
				"down": {"uv": [1.125, 1.25, 1.375, 1.5], "texture": "#0"}
			}
		},
		{
			"from": [7, 16.8, -4.5],
			"to": [9, 25.3, -2.5],
			"rotation": {"angle": 45, "axis": "x", "origin": [0, -1.2, -1]},
			"faces": {
				"north": {"uv": [3.5625, 2.1875, 3.3125, 3.25], "texture": "#0"},
				"east": {"uv": [3.3125, 2.1875, 3.5625, 3.25], "texture": "#0"},
				"south": {"uv": [3.5625, 2.1875, 3.3125, 3.25], "texture": "#0"},
				"west": {"uv": [3.3125, 2.1875, 3.5625, 3.25], "texture": "#0"},
				"up": {"uv": [1.125, 1.25, 1.375, 1.5], "texture": "#0"},
				"down": {"uv": [1.125, 1.25, 1.375, 1.5], "texture": "#0"}
			}
		},
		{
			"from": [6.75, 11.3, 9.75],
			"to": [9.25, 13.8, 12.25],
			"rotation": {"angle": -22.5, "axis": "x", "origin": [8, 12.55, 11]},
			"faces": {
				"north": {"uv": [2, 1.75, 2.3125, 1.4375], "texture": "#0"},
				"east": {"uv": [2, 1.75, 2.3125, 1.4375], "texture": "#0"},
				"south": {"uv": [2, 1.75, 2.3125, 1.4375], "texture": "#0"},
				"west": {"uv": [2, 1.75, 2.3125, 1.4375], "texture": "#0"},
				"up": {"uv": [2.3125, 1.75, 2.625, 1.4375], "texture": "#0"},
				"down": {"uv": [2.3125, 1.75, 2.625, 1.4375], "texture": "#0"}
			}
		},
		{
			"from": [6.75, -0.7, 9.75],
			"to": [9.25, 1.8, 12.25],
			"rotation": {"angle": 22.5, "axis": "x", "origin": [8, 0.55, 11]},
			"faces": {
				"north": {"uv": [2, 1.4375, 2.3125, 1.75], "texture": "#0"},
				"east": {"uv": [2, 1.4375, 2.3125, 1.75], "texture": "#0"},
				"south": {"uv": [2, 1.4375, 2.3125, 1.75], "texture": "#0"},
				"west": {"uv": [2, 1.4375, 2.3125, 1.75], "texture": "#0"},
				"up": {"uv": [2.3125, 1.4375, 2.625, 1.75], "texture": "#0"},
				"down": {"uv": [2.3125, 1.4375, 2.625, 1.75], "texture": "#0"}
			}
		},
		{
			"from": [5, 4.00711, 4.5],
			"to": [9, 6.00711, 6.5],
			"rotation": {"angle": -45, "axis": "x", "origin": [7, 6.50711, 4]},
			"faces": {
				"north": {"uv": [0.25, 0, 0.75, 0.25], "rotation": 180, "texture": "#0"},
				"east": {"uv": [0.25, 0.25, 0, 0], "rotation": 90, "texture": "#0"},
				"south": {"uv": [0.25, 0.25, 0.75, 0], "texture": "#0"},
				"west": {"uv": [0, 0.25, 0.25, 0], "rotation": 270, "texture": "#0"},
				"up": {"uv": [0.25, 0, 0.75, 0.25], "rotation": 180, "texture": "#0"},
				"down": {"uv": [0.25, 0, 0.75, 0.25], "texture": "#0"}
			}
		},
		{
			"from": [5.5, 2.50711, 3.29289],
			"to": [8, 6.50711, 7.29289],
			"rotation": {"angle": -45, "axis": "x", "origin": [7, 6.50711, 3.29289]},
			"faces": {
				"north": {"uv": [0.5, 1.5, 0, 1.125], "rotation": 270, "texture": "#0"},
				"east": {"uv": [0.5, 0.75, 0, 0.25], "rotation": 180, "texture": "#0"},
				"south": {"uv": [0, 1.125, 0.5, 0.75], "rotation": 90, "texture": "#0"},
				"west": {"uv": [0.5, 0.25, 0, 0.75], "texture": "#0"},
				"up": {"uv": [0.5, 1.5, 0, 1.125], "rotation": 270, "texture": "#0"},
				"down": {"uv": [0.5, 1.125, 0, 0.75], "rotation": 90, "texture": "#0"}
			}
		},
		{
			"from": [5.75, 5.25711, 1.29289],
			"to": [8.05, 7.75711, 4.79289],
			"rotation": {"angle": 0, "axis": "y", "origin": [8, 6.50711, -1.20711]},
			"faces": {
				"north": {"uv": [1.125, 1.25, 0.8125, 1.5625], "rotation": 180, "texture": "#0"},
				"east": {"uv": [0.8125, 1.25, 1.125, 0.8125], "rotation": 90, "texture": "#0"},
				"south": {"uv": [1.125, 1.25, 0.8125, 1.5625], "texture": "#0"},
				"west": {"uv": [0.8125, 1.25, 1.125, 0.8125], "rotation": 270, "texture": "#0"},
				"up": {"uv": [1.4375, 0.8125, 1.125, 1.25], "rotation": 180, "texture": "#0"},
				"down": {"uv": [1.4375, 0.8125, 1.125, 1.25], "texture": "#0"}
			}
		},
		{
			"from": [6, 2.00711, 3.29289],
			"to": [8, 7.00711, 5.79289],
			"rotation": {"angle": -22.5, "axis": "x", "origin": [8, 7.00711, 4.29289]},
			"faces": {
				"north": {"uv": [0.75, 0.25, 0.5, 0.875], "rotation": 180, "texture": "#0"},
				"east": {"uv": [0.75, 0.3125, 1.375, 0], "rotation": 90, "texture": "#0"},
				"south": {"uv": [2.375, 1.75, 2.125, 2.375], "texture": "#0"},
				"west": {"uv": [1.375, 0.3125, 0.75, 0], "rotation": 270, "texture": "#0"},
				"up": {"uv": [1.625, 0, 1.375, 0.3125], "rotation": 180, "texture": "#0"},
				"down": {"uv": [1.625, 0, 1.375, 0.3125], "texture": "#0"}
			}
		},
		{
			"from": [6.25, 2.00711, 5.29289],
			"to": [7.75, 4.50711, 9.29289],
			"rotation": {"angle": 22.5, "axis": "x", "origin": [7, 2.00711, 5.29289]},
			"faces": {
				"north": {"uv": [1.4375, 0.3125, 1.25, 0.625], "rotation": 180, "texture": "#0"},
				"east": {"uv": [0.75, 0.8125, 1.0625, 0.3125], "rotation": 90, "texture": "#0"},
				"south": {"uv": [1.4375, 0.3125, 1.25, 0.625], "texture": "#0"},
				"west": {"uv": [1.0625, 0.8125, 0.75, 0.3125], "rotation": 270, "texture": "#0"},
				"up": {"uv": [2.5625, 1.75, 2.375, 2.25], "rotation": 180, "texture": "#0"},
				"down": {"uv": [1.25, 0.3125, 1.0625, 0.8125], "texture": "#0"}
			}
		},
		{
			"from": [6.5, -1.49289, 9.09289],
			"to": [7.5, 2.00711, 10.59289],
			"rotation": {"angle": -22.5, "axis": "x", "origin": [7.5, 0.50711, 8.79289]},
			"faces": {
				"north": {"uv": [0.5625, 0.6875, 0.6875, 0.25], "rotation": 180, "texture": "#0"},
				"east": {"uv": [0.5, 1.3125, 0.6875, 0.875], "texture": "#0"},
				"south": {"uv": [0.6875, 1.3125, 0.8125, 0.875], "texture": "#0"},
				"west": {"uv": [0.5, 0.875, 0.6875, 1.3125], "rotation": 180, "texture": "#0"},
				"up": {"uv": [0.5, 1.5, 0.625, 1.3125], "rotation": 180, "texture": "#0"},
				"down": {"uv": [0.5, 1.5, 0.625, 1.3125], "texture": "#0"}
			}
		},
		{
			"from": [6, 6.00711, 3.29289],
			"to": [8, 11.00711, 5.79289],
			"rotation": {"angle": 22.5, "axis": "x", "origin": [8, 6.00711, 4.29289]},
			"faces": {
				"north": {"uv": [0.75, 0.875, 0.5, 0.25], "rotation": 180, "texture": "#0"},
				"east": {"uv": [1.375, 0.3125, 0.75, 0], "rotation": 90, "texture": "#0"},
				"south": {"uv": [2.375, 2.375, 2.125, 1.75], "texture": "#0"},
				"west": {"uv": [0.75, 0.3125, 1.375, 0], "rotation": 270, "texture": "#0"},
				"up": {"uv": [1.375, 0, 1.625, 0.3125], "rotation": 180, "texture": "#0"},
				"down": {"uv": [1.375, 0, 1.625, 0.3125], "texture": "#0"}
			}
		},
		{
			"from": [6.25, 8.50711, 5.29289],
			"to": [7.75, 11.00711, 9.29289],
			"rotation": {"angle": -22.5, "axis": "x", "origin": [7, 11.00711, 5.29289]},
			"faces": {
				"north": {"uv": [1.4375, 0.625, 1.25, 0.3125], "rotation": 180, "texture": "#0"},
				"east": {"uv": [1.0625, 0.8125, 0.75, 0.3125], "rotation": 90, "texture": "#0"},
				"south": {"uv": [1.4375, 0.625, 1.25, 0.3125], "texture": "#0"},
				"west": {"uv": [0.75, 0.8125, 1.0625, 0.3125], "rotation": 270, "texture": "#0"},
				"up": {"uv": [1.0625, 0.3125, 1.25, 0.8125], "rotation": 180, "texture": "#0"},
				"down": {"uv": [2.375, 1.75, 2.5625, 2.25], "texture": "#0"}
			}
		},
		{
			"from": [6.5, 11.00711, 9.09289],
			"to": [7.5, 14.50711, 10.59289],
			"rotation": {"angle": 22.5, "axis": "x", "origin": [7.5, 12.50711, 8.79289]},
			"faces": {
				"north": {"uv": [0.5625, 0.25, 0.6875, 0.6875], "rotation": 180, "texture": "#0"},
				"east": {"uv": [0.5, 0.875, 0.6875, 1.3125], "texture": "#0"},
				"south": {"uv": [0.6875, 0.875, 0.8125, 1.3125], "texture": "#0"},
				"west": {"uv": [0.5, 1.3125, 0.6875, 0.875], "rotation": 180, "texture": "#0"},
				"up": {"uv": [0.625, 1.5, 0.5, 1.3125], "rotation": 180, "texture": "#0"},
				"down": {"uv": [0.625, 1.5, 0.5, 1.3125], "texture": "#0"}
			}
		},
		{
			"from": [6.7, 8.00711, 9.89289],
			"to": [6.7, 13.00711, 12.89289],
			"rotation": {"angle": 22.5, "axis": "x", "origin": [6.8, 12.50711, 12.79289]},
			"faces": {
				"north": {"uv": [1.5, 0.875, 1.625, 0.3125], "rotation": 180, "texture": "#0"},
				"east": {"uv": [3.0625, 0.375, 3.6875, 0], "rotation": 90, "texture": "#0"},
				"south": {"uv": [1.5, 0.875, 1.625, 0.3125], "texture": "#0"},
				"west": {"uv": [3.0625, 0.375, 3.6875, 0], "rotation": 270, "texture": "#0"},
				"up": {"uv": [0.5625, 2.1875, 0.6875, 5.3125], "rotation": 180, "texture": "#0"},
				"down": {"uv": [0.5625, 2.1875, 0.6875, 5.3125], "texture": "#0"}
			}
		},
		{
			"from": [6.8, 0.00711, 9.89289],
			"to": [6.8, 5.00711, 12.89289],
			"rotation": {"angle": -22.5, "axis": "x", "origin": [6.8, 0.50711, 12.79289]},
			"faces": {
				"north": {"uv": [1.5, 0.3125, 1.625, 0.875], "rotation": 180, "texture": "#0"},
				"east": {"uv": [3.6875, 0.375, 3.0625, 0], "rotation": 90, "texture": "#0"},
				"south": {"uv": [1.5, 0.3125, 1.625, 0.875], "texture": "#0"},
				"west": {"uv": [3.6875, 0.375, 3.0625, 0], "rotation": 270, "texture": "#0"},
				"up": {"uv": [0.6875, 2.1875, 0.5625, 5.3125], "rotation": 180, "texture": "#0"},
				"down": {"uv": [0.6875, 2.1875, 0.5625, 5.3125], "texture": "#0"}
			}
		},
		{
			"from": [7.3, 13.00711, 4.79289],
			"to": [7.3, 17.00711, 9.79289],
			"rotation": {"angle": 0, "axis": "y", "origin": [6.8, 6.50711, 16.79289]},
			"faces": {
				"north": {"uv": [0.5625, 5.3125, 0.6875, 2.1875], "rotation": 180, "texture": "#0"},
				"east": {"uv": [3.6875, 0.5, 3.0625, 0], "rotation": 180, "texture": "#0"},
				"south": {"uv": [0.5625, 5.3125, 0.6875, 2.1875], "rotation": 180, "texture": "#0"},
				"west": {"uv": [3.6875, 0.5, 3.0625, 0], "rotation": 180, "texture": "#0"},
				"up": {"uv": [1.625, 0.875, 1.5, 0.3125], "rotation": 180, "texture": "#0"},
				"down": {"uv": [1.625, 0.875, 1.5, 0.3125], "rotation": 180, "texture": "#0"}
			}
		},
		{
			"from": [7.1, 5.00711, 0.29289],
			"to": [7.1, 15.00711, 10.29289],
			"rotation": {"angle": 0, "axis": "y", "origin": [-1.1, 14.50711, 4.29289]},
			"faces": {
				"north": {"uv": [0, 0, 0, 88], "texture": "#missing"},
				"east": {"uv": [3.6875, 0, 4.9375, 1.25], "texture": "#0"},
				"south": {"uv": [0, 0, 0, 88], "texture": "#missing"},
				"west": {"uv": [3.6875, 1.25, 4.9375, 0], "rotation": 180, "texture": "#0"},
				"up": {"uv": [0, 0, 0, 56], "texture": "#missing"},
				"down": {"uv": [0, 0, 0, 56], "texture": "#missing"}
			}
		},
		{
			"from": [4, 10, 1.5],
			"to": [12, 14, 1.5],
			"rotation": {"angle": 0, "axis": "y", "origin": [8, 18, -3.5]},
			"faces": {
				"north": {"uv": [0, 0, 16, 8], "texture": "#3"},
				"east": {"uv": [0, 0, 0, 8], "texture": "#3"},
				"south": {"uv": [0, 0, 16, 8], "texture": "#3"},
				"west": {"uv": [0, 0, 0, 8], "texture": "#3"},
				"up": {"uv": [0, 14, 0, 0], "rotation": 90, "texture": "#3"},
				"down": {"uv": [0, 0, 0, 14], "rotation": 270, "texture": "#3"}
			}
		},
		{
			"from": [8, 16.1, -12.4],
			"to": [8, 26.1, -5.4],
			"rotation": {"angle": 45, "axis": "x", "origin": [0, -1.7, -1]},
			"faces": {
				"north": {"uv": [0, 0, 0, 88], "texture": "#missing"},
				"east": {"uv": [2.125, 0.0625, 3, 1.3125], "texture": "#0"},
				"south": {"uv": [0, 0, 0, 88], "texture": "#missing"},
				"west": {"uv": [3, 0.0625, 2.125, 1.3125], "texture": "#0"},
				"up": {"uv": [0, 0, 0, 56], "texture": "#missing"},
				"down": {"uv": [0, 0, 0, 56], "texture": "#missing"}
			}
		},
		{
			"from": [8, -12.9, -12.7],
			"to": [8, -2.9, -5.7],
			"rotation": {"angle": -45, "axis": "x", "origin": [0, 15.3, -1]},
			"faces": {
				"north": {"uv": [0, 88, 0, 0], "texture": "#missing"},
				"east": {"uv": [2.125, 1.3125, 3, 0.0625], "texture": "#0"},
				"south": {"uv": [0, 88, 0, 0], "texture": "#missing"},
				"west": {"uv": [3, 1.3125, 2.125, 0.0625], "texture": "#0"},
				"up": {"uv": [0, 56, 0, 0], "texture": "#missing"},
				"down": {"uv": [0, 56, 0, 0], "texture": "#missing"}
			}
		},
		{
			"from": [8, 16, 14],
			"to": [8, 19, 19],
			"rotation": {"angle": 0, "axis": "y", "origin": [8.2, -2.7, 10.5]},
			"faces": {
				"north": {"uv": [0.6875, 5.3125, 0.5625, 2.1875], "texture": "#0"},
				"east": {"uv": [3.0625, 0.375, 3.6875, 0], "texture": "#0"},
				"south": {"uv": [0.6875, 5.3125, 0.5625, 2.1875], "texture": "#0"},
				"west": {"uv": [3.0625, 0.375, 3.6875, 0], "texture": "#0"},
				"up": {"uv": [1.625, 0.3125, 1.5, 0.875], "texture": "#0"},
				"down": {"uv": [1.625, 0.3125, 1.5, 0.875], "texture": "#0"}
			}
		},
		{
			"from": [6.9, 16.00711, 21],
			"to": [9.1, 18.00711, 23],
			"rotation": {"angle": -45, "axis": "x", "origin": [8, 11.50711, 16.5]},
			"faces": {
				"north": {"uv": [0.5, 0, 0.25, 0.25], "texture": "#0"},
				"east": {"uv": [0, 0, 0.25, 0.25], "texture": "#0"},
				"south": {"uv": [0.5, 0, 0.25, 0.25], "texture": "#0"},
				"west": {"uv": [0.25, 0, 0, 0.25], "texture": "#0"},
				"up": {"uv": [0.5, 0.25, 0.25, 0], "texture": "#0"},
				"down": {"uv": [0.5, 0, 0.25, 0.25], "texture": "#0"}
			}
		},
		{
			"from": [8, 19.6, 14],
			"to": [8, 22.6, 19],
			"rotation": {"angle": 0, "axis": "y", "origin": [8.2, 20.3, 10.5]},
			"faces": {
				"north": {"uv": [0.6875, 2.1875, 0.5625, 5.3125], "texture": "#0"},
				"east": {"uv": [3.0625, 0, 3.6875, 0.375], "texture": "#0"},
				"south": {"uv": [0.6875, 2.1875, 0.5625, 5.3125], "texture": "#0"},
				"west": {"uv": [3.0625, 0, 3.6875, 0.375], "texture": "#0"},
				"up": {"uv": [1.625, 0.875, 1.5, 0.3125], "texture": "#0"},
				"down": {"uv": [1.625, 0.875, 1.5, 0.3125], "texture": "#0"}
			}
		},
		{
			"from": [5.5, 3.8, 1.1],
			"to": [10.5, 9.3, 1.1],
			"rotation": {"angle": 0, "axis": "y", "origin": [8, 6.55, 1.1]},
			"faces": {
				"north": {"uv": [0.9375, 3.4375, 1.5625, 4.125], "texture": "#0"},
				"east": {"uv": [0.6875, 2.1875, 0.5625, 5.3125], "texture": "#0"},
				"south": {"uv": [0.9375, 3.4375, 1.5625, 4.125], "texture": "#0"},
				"west": {"uv": [0.6875, 2.1875, 0.5625, 5.3125], "texture": "#0"},
				"up": {"uv": [1.625, 0.875, 1.5, 0.3125], "rotation": 90, "texture": "#0"},
				"down": {"uv": [1.625, 0.875, 1.5, 0.3125], "rotation": 270, "texture": "#0"}
			}
		},
		{
			"from": [5.5, 3.8, 0.9],
			"to": [10.5, 9.3, 0.9],
			"rotation": {"angle": 0, "axis": "y", "origin": [8, 6.55, 1.1]},
			"faces": {
				"north": {"uv": [0.9375, 3.4375, 1.5625, 4.125], "texture": "#0"},
				"east": {"uv": [0.6875, 2.1875, 0.5625, 5.3125], "texture": "#0"},
				"south": {"uv": [0.9375, 3.4375, 1.5625, 4.125], "texture": "#0"},
				"west": {"uv": [0.6875, 2.1875, 0.5625, 5.3125], "texture": "#0"},
				"up": {"uv": [1.625, 0.875, 1.5, 0.3125], "rotation": 90, "texture": "#0"},
				"down": {"uv": [1.625, 0.875, 1.5, 0.3125], "rotation": 270, "texture": "#0"}
			}
		},
		{
			"from": [7.5, 15.00711, 20],
			"to": [8.5, 19.00711, 24],
			"rotation": {"angle": -45, "axis": "x", "origin": [8, 11.50711, 16.5]},
			"faces": {
				"north": {"uv": [4.3125, 1.75, 4.1875, 1.25], "texture": "#0"},
				"east": {"uv": [3.5625, 1.25, 4.0625, 1.75], "texture": "#0"},
				"south": {"uv": [4.1875, 1.25, 4.0625, 1.75], "texture": "#0"},
				"west": {"uv": [4.0625, 1.25, 3.5625, 1.75], "texture": "#0"},
				"up": {"uv": [4.1875, 1.75, 4.0625, 1.25], "texture": "#0"},
				"down": {"uv": [4.3125, 1.75, 4.1875, 1.25], "texture": "#0"}
			}
		},
		{
			"from": [6.9, -4.80711, 21],
			"to": [9.1, -2.80711, 23],
			"rotation": {"angle": 45, "axis": "x", "origin": [8, 1.69289, 16.5]},
			"faces": {
				"north": {"uv": [0.5, 0.25, 0.25, 0], "texture": "#0"},
				"east": {"uv": [0, 0.25, 0.25, 0], "texture": "#0"},
				"south": {"uv": [0.5, 0.25, 0.25, 0], "texture": "#0"},
				"west": {"uv": [0.25, 0.25, 0, 0], "texture": "#0"},
				"up": {"uv": [0.5, 0.25, 0.25, 0], "texture": "#0"},
				"down": {"uv": [0.5, 0, 0.25, 0.25], "texture": "#0"}
			}
		},
		{
			"from": [7.5, -5.80711, 20],
			"to": [8.5, -1.80711, 24],
			"rotation": {"angle": 45, "axis": "x", "origin": [8, 1.69289, 16.5]},
			"faces": {
				"north": {"uv": [4.3125, 1.25, 4.1875, 1.75], "texture": "#0"},
				"east": {"uv": [3.5625, 1.75, 4.0625, 1.25], "texture": "#0"},
				"south": {"uv": [4.1875, 1.75, 4.0625, 1.25], "texture": "#0"},
				"west": {"uv": [4.0625, 1.75, 3.5625, 1.25], "texture": "#0"},
				"up": {"uv": [4.3125, 1.25, 4.1875, 1.75], "texture": "#0"},
				"down": {"uv": [4.1875, 1.25, 4.0625, 1.75], "texture": "#0"}
			}
		},
		{
			"from": [8, -5.8, 14],
			"to": [8, -2.8, 19],
			"rotation": {"angle": 0, "axis": "y", "origin": [8.2, 15.9, 10.5]},
			"faces": {
				"north": {"uv": [0.6875, 2.1875, 0.5625, 5.3125], "texture": "#0"},
				"east": {"uv": [3.0625, 0, 3.6875, 0.375], "texture": "#0"},
				"south": {"uv": [0.6875, 2.1875, 0.5625, 5.3125], "texture": "#0"},
				"west": {"uv": [3.0625, 0, 3.6875, 0.375], "texture": "#0"},
				"up": {"uv": [1.625, 0.875, 1.5, 0.3125], "texture": "#0"},
				"down": {"uv": [1.625, 0.875, 1.5, 0.3125], "texture": "#0"}
			}
		},
		{
			"from": [8, -9.4, 14],
			"to": [8, -6.4, 19],
			"rotation": {"angle": 0, "axis": "y", "origin": [8.2, -7.1, 10.5]},
			"faces": {
				"north": {"uv": [0.6875, 5.3125, 0.5625, 2.1875], "texture": "#0"},
				"east": {"uv": [3.0625, 0.375, 3.6875, 0], "texture": "#0"},
				"south": {"uv": [0.6875, 5.3125, 0.5625, 2.1875], "texture": "#0"},
				"west": {"uv": [3.0625, 0.375, 3.6875, 0], "texture": "#0"},
				"up": {"uv": [1.625, 0.3125, 1.5, 0.875], "texture": "#0"},
				"down": {"uv": [1.625, 0.3125, 1.5, 0.875], "texture": "#0"}
			}
		},
		{
			"from": [7, -12.2, -4.5],
			"to": [9, -3.7, -2.5],
			"rotation": {"angle": -45, "axis": "x", "origin": [0, 14.3, -1]},
			"faces": {
				"north": {"uv": [3.5625, 3.25, 3.3125, 2.1875], "texture": "#0"},
				"east": {"uv": [3.3125, 3.25, 3.5625, 2.1875], "texture": "#0"},
				"south": {"uv": [3.5625, 3.25, 3.3125, 2.1875], "texture": "#0"},
				"west": {"uv": [3.3125, 3.25, 3.5625, 2.1875], "texture": "#0"},
				"up": {"uv": [1.125, 1.5, 1.375, 1.25], "texture": "#0"},
				"down": {"uv": [1.125, 1.5, 1.375, 1.25], "texture": "#0"}
			}
		},
		{
			"from": [8.7, 13.00711, 4.79289],
			"to": [8.7, 17.00711, 9.79289],
			"rotation": {"angle": 0, "axis": "y", "origin": [9.2, 6.50711, 16.79289]},
			"faces": {
				"north": {"uv": [0.6875, 5.3125, 0.5625, 2.1875], "rotation": 180, "texture": "#0"},
				"east": {"uv": [3.0625, 0.5, 3.6875, 0], "rotation": 180, "texture": "#0"},
				"south": {"uv": [0.6875, 5.3125, 0.5625, 2.1875], "rotation": 180, "texture": "#0"},
				"west": {"uv": [3.0625, 0.5, 3.6875, 0], "rotation": 180, "texture": "#0"},
				"up": {"uv": [1.5, 0.875, 1.625, 0.3125], "rotation": 180, "texture": "#0"},
				"down": {"uv": [1.5, 0.875, 1.625, 0.3125], "rotation": 180, "texture": "#0"}
			}
		},
		{
			"from": [8.9, 5.00711, 0.29289],
			"to": [8.9, 15.00711, 10.29289],
			"rotation": {"angle": 0, "axis": "y", "origin": [17.1, 14.50711, 4.29289]},
			"faces": {
				"north": {"uv": [0, 0, 0, 88], "texture": "#missing"},
				"east": {"uv": [4.9375, 1.25, 3.6875, 0], "rotation": 180, "texture": "#0"},
				"south": {"uv": [0, 0, 0, 88], "texture": "#missing"},
				"west": {"uv": [4.9375, 0, 3.6875, 1.25], "texture": "#0"},
				"up": {"uv": [0, 0, 0, 56], "texture": "#missing"},
				"down": {"uv": [0, 0, 0, 56], "texture": "#missing"}
			}
		},
		{
			"from": [8.7, -4.00711, 4.79289],
			"to": [8.7, -0.00711, 9.79289],
			"rotation": {"angle": 0, "axis": "y", "origin": [9.2, 9.09289, 16.79289]},
			"faces": {
				"north": {"uv": [0.6875, 2.1875, 0.5625, 5.3125], "rotation": 180, "texture": "#0"},
				"east": {"uv": [3.0625, 0, 3.6875, 0.5], "rotation": 180, "texture": "#0"},
				"south": {"uv": [0.6875, 2.1875, 0.5625, 5.3125], "rotation": 180, "texture": "#0"},
				"west": {"uv": [3.0625, 0, 3.6875, 0.5], "rotation": 180, "texture": "#0"},
				"up": {"uv": [1.5, 0.3125, 1.625, 0.875], "rotation": 180, "texture": "#0"},
				"down": {"uv": [1.5, 0.3125, 1.625, 0.875], "rotation": 180, "texture": "#0"}
			}
		},
		{
			"from": [8.9, -2.00711, 0.29289],
			"to": [8.9, 7.99289, 10.29289],
			"rotation": {"angle": 0, "axis": "y", "origin": [17.1, 1.09289, 4.29289]},
			"faces": {
				"north": {"uv": [0, 88, 0, 0], "texture": "#missing"},
				"east": {"uv": [4.9375, 0, 3.6875, 1.25], "rotation": 180, "texture": "#0"},
				"south": {"uv": [0, 88, 0, 0], "texture": "#missing"},
				"west": {"uv": [4.9375, 1.25, 3.6875, 0], "texture": "#0"},
				"up": {"uv": [0, 56, 0, 0], "texture": "#missing"},
				"down": {"uv": [0, 56, 0, 0], "texture": "#missing"}
			}
		},
		{
			"from": [7.3, -4.00711, 4.79289],
			"to": [7.3, -0.00711, 9.79289],
			"rotation": {"angle": 0, "axis": "y", "origin": [6.8, 9.09289, 16.79289]},
			"faces": {
				"north": {"uv": [0.5625, 2.1875, 0.6875, 5.3125], "rotation": 180, "texture": "#0"},
				"east": {"uv": [3.6875, 0, 3.0625, 0.5], "rotation": 180, "texture": "#0"},
				"south": {"uv": [0.5625, 2.1875, 0.6875, 5.3125], "rotation": 180, "texture": "#0"},
				"west": {"uv": [3.6875, 0, 3.0625, 0.5], "rotation": 180, "texture": "#0"},
				"up": {"uv": [1.625, 0.3125, 1.5, 0.875], "rotation": 180, "texture": "#0"},
				"down": {"uv": [1.625, 0.3125, 1.5, 0.875], "rotation": 180, "texture": "#0"}
			}
		},
		{
			"from": [7.1, -2.00711, 0.29289],
			"to": [7.1, 7.99289, 10.29289],
			"rotation": {"angle": 0, "axis": "y", "origin": [-1.1, 1.09289, 4.29289]},
			"faces": {
				"north": {"uv": [0, 88, 0, 0], "texture": "#missing"},
				"east": {"uv": [3.6875, 1.25, 4.9375, 0], "texture": "#0"},
				"south": {"uv": [0, 88, 0, 0], "texture": "#missing"},
				"west": {"uv": [3.6875, 0, 4.9375, 1.25], "rotation": 180, "texture": "#0"},
				"up": {"uv": [0, 56, 0, 0], "texture": "#missing"},
				"down": {"uv": [0, 56, 0, 0], "texture": "#missing"}
			}
		},
		{
			"from": [4.9, 6, 5],
			"to": [4.9, 11, 10],
			"rotation": {"angle": -45, "axis": "x", "origin": [4.9, 6.50711, 7.82843]},
			"faces": {
				"north": {"uv": [0, 0, 0, 10], "texture": "#1"},
				"east": {"uv": [0, 10, 10, 0], "rotation": 180, "texture": "#1"},
				"south": {"uv": [0, 0, 0, 10], "texture": "#1"},
				"west": {"uv": [10, 10, 0, 0], "rotation": 180, "texture": "#1"},
				"up": {"uv": [0, 10, 0, 0], "texture": "#1"},
				"down": {"uv": [0, 0, 0, 10], "texture": "#1"}
			}
		},
		{
			"from": [11.1, 6, 5],
			"to": [11.1, 11, 10],
			"rotation": {"angle": -45, "axis": "x", "origin": [11.1, 6.50711, 7.82843]},
			"faces": {
				"north": {"uv": [0, 0, 0, 10], "texture": "#1"},
				"east": {"uv": [0, 10, 10, 0], "rotation": 180, "texture": "#1"},
				"south": {"uv": [0, 0, 0, 10], "texture": "#1"},
				"west": {"uv": [10, 10, 0, 0], "rotation": 180, "texture": "#1"},
				"up": {"uv": [0, 10, 0, 0], "texture": "#1"},
				"down": {"uv": [0, 0, 0, 10], "texture": "#1"}
			}
		},
		{
			"from": [7, 19.8, -7.5],
			"to": [9, 22.8, -3.5],
			"rotation": {"angle": 45, "axis": "x", "origin": [8, -1.2, 2.5]},
			"faces": {
				"north": {"uv": [1.375, 1.5, 1.125, 1.875], "texture": "#0"},
				"east": {"uv": [1.875, 2, 1.375, 2.375], "texture": "#0"},
				"south": {"uv": [0.9375, 2.3125, 0.6875, 2.6875], "texture": "#0"},
				"west": {"uv": [1.375, 2, 1.875, 2.375], "texture": "#0"},
				"up": {"uv": [1.125, 2.375, 1.375, 1.875], "texture": "#0"},
				"down": {"uv": [0.6875, 3.4375, 0.9375, 3.9375], "texture": "#0"}
			}
		},
		{
			"from": [7, -9.7, -7.5],
			"to": [9, -6.7, -3.5],
			"rotation": {"angle": -45, "axis": "x", "origin": [8, 14.3, 2.5]},
			"faces": {
				"north": {"uv": [1.375, 1.875, 1.125, 1.5], "texture": "#0"},
				"east": {"uv": [1.875, 2.375, 1.375, 2], "texture": "#0"},
				"south": {"uv": [0.9375, 2.6875, 0.6875, 2.3125], "texture": "#0"},
				"west": {"uv": [1.375, 2.375, 1.875, 2], "texture": "#0"},
				"up": {"uv": [0.6875, 3.9375, 0.9375, 3.4375], "texture": "#0"},
				"down": {"uv": [1.125, 1.875, 1.375, 2.375], "texture": "#0"}
			}
		},
		{
			"from": [7.35, 14.8, -6],
			"to": [8.65, 19.8, -3.5],
			"rotation": {"angle": 45, "axis": "x", "origin": [8, -1.2, 2.5]},
			"faces": {
				"north": {"uv": [1.85, 1.25, 1.6875, 1.875], "texture": "#0"},
				"east": {"uv": [1.6875, 1.25, 1.375, 1.875], "texture": "#0"},
				"south": {"uv": [0.85, 2.6875, 0.6875, 3.3125], "texture": "#0"},
				"west": {"uv": [1.375, 1.25, 1.6875, 1.875], "texture": "#0"},
				"up": {"uv": [1.6875, 1.5625, 1.85, 1.25], "texture": "#0"},
				"down": {"uv": [1.6875, 1.5625, 1.85, 1.25], "texture": "#0"}
			}
		},
		{
			"from": [7.35, 9.8, -6],
			"to": [8.65, 14.8, -3.5],
			"rotation": {"angle": 45, "axis": "x", "origin": [8, -1.2, 2.5]},
			"faces": {
				"north": {"uv": [1.85, 1.25, 1.6875, 1.875], "texture": "#0"},
				"east": {"uv": [1.6875, 1.25, 1.375, 1.875], "texture": "#0"},
				"south": {"uv": [0.85, 2.6875, 0.6875, 3.3125], "texture": "#0"},
				"west": {"uv": [1.375, 1.25, 1.6875, 1.875], "texture": "#0"},
				"up": {"uv": [1.6875, 1.5625, 1.85, 1.25], "texture": "#0"},
				"down": {"uv": [1.6875, 1.5625, 1.85, 1.25], "texture": "#0"}
			}
		},
		{
			"from": [7.35, 7.2, -1.2],
			"to": [8.65, 12.2, 1.3],
			"rotation": {"angle": 22.5, "axis": "x", "origin": [8, -1.2, 2.5]},
			"faces": {
				"north": {"uv": [1.85, 1.25, 1.6875, 1.875], "texture": "#0"},
				"east": {"uv": [1.6875, 1.25, 1.375, 1.875], "texture": "#0"},
				"south": {"uv": [0.85, 2.6875, 0.6875, 3.3125], "texture": "#0"},
				"west": {"uv": [1.375, 1.25, 1.6875, 1.875], "texture": "#0"},
				"up": {"uv": [1.6875, 1.5625, 1.85, 1.25], "texture": "#0"},
				"down": {"uv": [1.6875, 1.5625, 1.85, 1.25], "texture": "#0"}
			}
		},
		{
			"from": [7.35, -6.7, -6],
			"to": [8.65, -1.7, -3.5],
			"rotation": {"angle": -45, "axis": "x", "origin": [8, 14.3, 2.5]},
			"faces": {
				"north": {"uv": [1.85, 1.875, 1.6875, 1.25], "texture": "#0"},
				"east": {"uv": [1.6875, 1.875, 1.375, 1.25], "texture": "#0"},
				"south": {"uv": [0.85, 3.3125, 0.6875, 2.6875], "texture": "#0"},
				"west": {"uv": [1.375, 1.875, 1.6875, 1.25], "texture": "#0"},
				"up": {"uv": [1.6875, 1.25, 1.85, 1.5625], "texture": "#0"},
				"down": {"uv": [1.6875, 1.25, 1.85, 1.5625], "texture": "#0"}
			}
		},
		{
			"from": [7.35, -1.7, -6],
			"to": [8.65, 3.3, -3.5],
			"rotation": {"angle": -45, "axis": "x", "origin": [8, 14.3, 2.5]},
			"faces": {
				"north": {"uv": [1.85, 1.875, 1.6875, 1.25], "texture": "#0"},
				"east": {"uv": [1.6875, 1.875, 1.375, 1.25], "texture": "#0"},
				"south": {"uv": [0.85, 3.3125, 0.6875, 2.6875], "texture": "#0"},
				"west": {"uv": [1.375, 1.875, 1.6875, 1.25], "texture": "#0"},
				"up": {"uv": [1.6875, 1.25, 1.85, 1.5625], "texture": "#0"},
				"down": {"uv": [1.6875, 1.25, 1.85, 1.5625], "texture": "#0"}
			}
		},
		{
			"from": [7.35, 0.9, -1.2],
			"to": [8.65, 5.9, 1.3],
			"rotation": {"angle": -22.5, "axis": "x", "origin": [8, 14.3, 2.5]},
			"faces": {
				"north": {"uv": [1.85, 1.875, 1.6875, 1.25], "texture": "#0"},
				"east": {"uv": [1.6875, 1.875, 1.375, 1.25], "texture": "#0"},
				"south": {"uv": [0.85, 3.3125, 0.6875, 2.6875], "texture": "#0"},
				"west": {"uv": [1.375, 1.875, 1.6875, 1.25], "texture": "#0"},
				"up": {"uv": [1.6875, 1.25, 1.85, 1.5625], "texture": "#0"},
				"down": {"uv": [1.6875, 1.25, 1.85, 1.5625], "texture": "#0"}
			}
		},
		{
			"from": [7.75, 1.3, 16],
			"to": [8.25, 18.5, 16.5],
			"rotation": {"angle": -45, "axis": "x", "origin": [8, 18.5, 16.25]},
			"faces": {
				"north": {"uv": [0.6875, 3.9375, 0.75, 5.4375], "texture": "#0"},
				"east": {"uv": [0.6875, 3.9375, 0.75, 5.4375], "texture": "#0"},
				"south": {"uv": [0.6875, 3.9375, 0.75, 5.4375], "texture": "#0"},
				"west": {"uv": [0.6875, 3.9375, 0.75, 5.4375], "texture": "#0"},
				"up": {"uv": [0.6875, 3.9375, 0.75, 4], "texture": "#0"},
				"down": {"uv": [0.6875, 3.9375, 0.75, 4], "texture": "#0"}
			}
		},
		{
			"from": [7.75, -5.5, 16],
			"to": [8.25, 11.7, 16.5],
			"rotation": {"angle": 45, "axis": "x", "origin": [8, -5.5, 16.25]},
			"faces": {
				"north": {"uv": [0.6875, 5.4375, 0.75, 3.9375], "texture": "#0"},
				"east": {"uv": [0.6875, 5.4375, 0.75, 3.9375], "texture": "#0"},
				"south": {"uv": [0.6875, 5.4375, 0.75, 3.9375], "texture": "#0"},
				"west": {"uv": [0.6875, 5.4375, 0.75, 3.9375], "texture": "#0"},
				"up": {"uv": [0.6875, 4, 0.75, 3.9375], "texture": "#0"},
				"down": {"uv": [0.6875, 4, 0.75, 3.9375], "texture": "#0"}
			}
		},
		{
			"from": [9.1, -7.5, 17],
			"to": [9.1, -4.70711, 20],
			"rotation": {"angle": 45, "axis": "x", "origin": [8, -4.20711, 16.5]},
			"faces": {
				"north": {"uv": [0, 10, 0, 0], "texture": "#1"},
				"east": {"uv": [10, 10, 0, 0], "texture": "#1"},
				"south": {"uv": [0, 10, 0, 0], "texture": "#1"},
				"west": {"uv": [0, 10, 10, 0], "texture": "#1"},
				"up": {"uv": [0, 10, 0, 0], "texture": "#1"},
				"down": {"uv": [0, 0, 0, 10], "texture": "#1"}
			}
		},
		{
			"from": [6.8, -7.5, 17],
			"to": [6.8, -4.70711, 20],
			"rotation": {"angle": 45, "axis": "x", "origin": [8, -4.20711, 16.5]},
			"faces": {
				"north": {"uv": [0, 10, 0, 0], "texture": "#1"},
				"east": {"uv": [10, 10, 0, 0], "texture": "#1"},
				"south": {"uv": [0, 10, 0, 0], "texture": "#1"},
				"west": {"uv": [0, 10, 10, 0], "texture": "#1"},
				"up": {"uv": [0, 10, 0, 0], "texture": "#1"},
				"down": {"uv": [0, 0, 0, 10], "texture": "#1"}
			}
		},
		{
			"from": [9.1, 17.70711, 17],
			"to": [9.1, 20.5, 20],
			"rotation": {"angle": -45, "axis": "x", "origin": [8, 17.20711, 16.5]},
			"faces": {
				"north": {"uv": [0, 0, 0, 10], "texture": "#1"},
				"east": {"uv": [10, 0, 0, 10], "texture": "#1"},
				"south": {"uv": [0, 0, 0, 10], "texture": "#1"},
				"west": {"uv": [0, 0, 10, 10], "texture": "#1"},
				"up": {"uv": [0, 10, 0, 0], "texture": "#1"},
				"down": {"uv": [0, 0, 0, 10], "texture": "#1"}
			}
		},
		{
			"from": [6.8, 17.70711, 17],
			"to": [6.8, 20.5, 20],
			"rotation": {"angle": -45, "axis": "x", "origin": [8, 17.20711, 16.5]},
			"faces": {
				"north": {"uv": [0, 0, 0, 10], "texture": "#1"},
				"east": {"uv": [10, 0, 0, 10], "texture": "#1"},
				"south": {"uv": [0, 0, 0, 10], "texture": "#1"},
				"west": {"uv": [0, 0, 10, 10], "texture": "#1"},
				"up": {"uv": [0, 10, 0, 0], "texture": "#1"},
				"down": {"uv": [0, 0, 0, 10], "texture": "#1"}
			}
		},
		{
			"from": [8, 2.5, -2.6],
			"to": [8, 10.5, 27.4],
			"rotation": {"angle": 22.5, "axis": "z", "origin": [8, 6.5, 12.4]},
			"faces": {
				"north": {"uv": [0.625, 1.5625, 0.875, 2.6875], "rotation": 270, "texture": "#missing"},
				"east": {"uv": [10.5625, 0, 11.5625, 3.75], "rotation": 90, "texture": "#0"},
				"south": {"uv": [0.625, 1.5625, 0.875, 2.6875], "rotation": 90, "texture": "#missing"},
				"west": {"uv": [10.5625, 3.75, 11.5625, 0], "rotation": 90, "texture": "#0"},
				"up": {"uv": [0.625, 1.5625, 0.875, 2.6875], "rotation": 90, "texture": "#missing"},
				"down": {"uv": [0.625, 1.5625, 0.875, 2.6875], "rotation": 90, "texture": "#missing"}
			}
		},
		{
			"from": [8, 2.5, -2.6],
			"to": [8, 10.5, 27.4],
			"rotation": {"angle": -22.5, "axis": "z", "origin": [8, 6.5, 12.4]},
			"faces": {
				"north": {"uv": [0.625, 1.5625, 0.875, 2.6875], "rotation": 270, "texture": "#missing"},
				"east": {"uv": [10.5625, 0, 11.5625, 3.75], "rotation": 90, "texture": "#0"},
				"south": {"uv": [0.625, 1.5625, 0.875, 2.6875], "rotation": 90, "texture": "#missing"},
				"west": {"uv": [10.5625, 3.75, 11.5625, 0], "rotation": 90, "texture": "#0"},
				"up": {"uv": [0.625, 1.5625, 0.875, 2.6875], "rotation": 90, "texture": "#missing"},
				"down": {"uv": [0.625, 1.5625, 0.875, 2.6875], "rotation": 90, "texture": "#missing"}
			}
		}
	],
	"gui_light": "front",
	"display": {
		"thirdperson_righthand": {
			"translation": [0, -1, -0.75],
			"scale": [0.7, 0.7, 0.7]
		},
		"thirdperson_lefthand": {
			"translation": [0, -1, 0.5],
			"scale": [0.7, 0.7, 0.7]
		},
		"firstperson_righthand": {
			"rotation": [19.89, 36.13, 1.3],
			"translation": [0.75, 5.5, -0.25],
			"scale": [0.32852, 0.32852, 0.32852]
		},
		"firstperson_lefthand": {
			"rotation": [19.89, 36.13, 1.3],
			"translation": [0.75, 5.5, -0.25],
			"scale": [0.32852, 0.32852, 0.32852]
		},
		"ground": {
			"translation": [0, 11.25, 0],
			"scale": [0.6, 0.6, 0.6]
		},
		"gui": {
			"rotation": [-90, 135, -90],
			"translation": [-2.25, 1.25, -1.5],
			"scale": [0.5, 0.5, 0.5]
		},
		"head": {
			"rotation": [-180, 0, 0],
			"translation": [0, 15.5, 1.75],
			"scale": [0.6, 0.6, 0.6]
		},
		"fixed": {
			"rotation": [-90, -45, -90],
			"translation": [0.5, 0.75, 0.25],
			"scale": [0.6, 0.6, 0.6]
		}
	}
}