{"credit":"Made with Blockbench","texture_size":[128,128],"textures":{"0":"elitecreatures:vinland_animated_weapon/vinland_texture_01","1":"elitecreatures:vinland_animated_weapon/vinland_animation_01","3":"elitecreatures:vinland_animated_weapon/vinland_animation_03","particle":"elitecreatures:vinland_animated_weapon/vinland_texture_01"},"elements":[{"from":[6,5.20711,8.5],"to":[10,7.20711,10.5],"rotation":{"angle":-45,"axis":"x","origin":[8,4.70711,8]},"faces":{"north":{"uv":[0.75,0,0.25,0.25],"texture":"#0"},"east":{"uv":[0,0,0.25,0.25],"texture":"#0"},"south":{"uv":[0.75,0,0.25,0.25],"texture":"#0"},"west":{"uv":[0.25,0,0,0.25],"texture":"#0"},"up":{"uv":[0.75,0.25,0.25,0],"texture":"#0"},"down":{"uv":[0.75,0,0.25,0.25],"texture":"#0"}}},{"from":[6.5,4,8],"to":[9.5,8,12],"rotation":{"angle":-45,"axis":"x","origin":[8,4,8]},"faces":{"north":{"uv":[0.5,1.125,0,1.5],"rotation":90,"texture":"#0"},"east":{"uv":[0,0.25,0.5,0.75],"rotation":90,"texture":"#0"},"south":{"uv":[0.5,0.75,0,1.125],"rotation":90,"texture":"#0"},"west":{"uv":[0,0.75,0.5,0.25],"rotation":90,"texture":"#0"},"up":{"uv":[0,0.75,0.5,1.125],"rotation":90,"texture":"#0"},"down":{"uv":[0.5,1.125,0,1.5],"rotation":90,"texture":"#0"}}},{"from":[7.45,6,8.5],"to":[8.75,11,11],"rotation":{"angle":0,"axis":"y","origin":[8,-7,12.5]},"faces":{"north":{"uv":[0.6875,2.6875,0.85,3.3125],"texture":"#0"},"east":{"uv":[1.375,1.25,1.6875,1.875],"texture":"#0"},"south":{"uv":[1.6875,1.25,1.85,1.875],"texture":"#0"},"west":{"uv":[1.6875,1.25,1.375,1.875],"texture":"#0"}}},{"from":[7.1,11,8.5],"to":[9.1,14,12.5],"rotation":{"angle":0,"axis":"y","origin":[8,-7,12.5]},"faces":{"north":{"uv":[0.6875,2.3125,0.9375,2.6875],"texture":"#0"},"east":{"uv":[1.375,2,1.875,2.375],"texture":"#0"},"south":{"uv":[1.125,1.5,1.375,1.875],"texture":"#0"},"west":{"uv":[1.875,2,1.375,2.375],"texture":"#0"},"up":{"uv":[1.125,1.875,1.375,2.375],"texture":"#0"},"down":{"uv":[1.125,1.875,1.375,2.375],"texture":"#0"}}},{"from":[7.1,11,3.5],"to":[9.1,14,7.5],"rotation":{"angle":0,"axis":"y","origin":[8,-7,3.5]},"faces":{"north":{"uv":[1.375,1.5,1.125,1.875],"texture":"#0"},"east":{"uv":[1.875,2,1.375,2.375],"texture":"#0"},"south":{"uv":[0.9375,2.3125,0.6875,2.6875],"texture":"#0"},"west":{"uv":[1.375,2,1.875,2.375],"texture":"#0"},"up":{"uv":[1.125,2.375,1.375,1.875],"texture":"#0"},"down":{"uv":[1.125,2.375,1.375,1.875],"texture":"#0"}}},{"from":[7.45,6,5],"to":[8.75,11,7.5],"rotation":{"angle":0,"axis":"y","origin":[8,-7,3.5]},"faces":{"north":{"uv":[1.85,1.25,1.6875,1.875],"texture":"#0"},"east":{"uv":[1.6875,1.25,1.375,1.875],"texture":"#0"},"south":{"uv":[0.85,2.6875,0.6875,3.3125],"texture":"#0"},"west":{"uv":[1.375,1.25,1.6875,1.875],"texture":"#0"}}},{"from":[7.1,-1,3.5],"to":[9.1,2,7.5],"rotation":{"angle":0,"axis":"y","origin":[8,11,3.5]},"faces":{"north":{"uv":[1.375,1.875,1.125,1.5],"texture":"#0"},"east":{"uv":[1.875,2.375,1.375,2],"texture":"#0"},"south":{"uv":[0.9375,2.6875,0.6875,2.3125],"texture":"#0"},"west":{"uv":[1.375,2.375,1.875,2],"texture":"#0"},"up":{"uv":[1.125,1.875,1.375,2.375],"texture":"#0"},"down":{"uv":[1.125,1.875,1.375,2.375],"texture":"#0"}}},{"from":[7.45,2,5],"to":[8.75,7,7.5],"rotation":{"angle":0,"axis":"y","origin":[8,11,3.5]},"faces":{"north":{"uv":[1.85,1.875,1.6875,1.25],"texture":"#0"},"east":{"uv":[1.6875,1.875,1.375,1.25],"texture":"#0"},"south":{"uv":[0.85,3.3125,0.6875,2.6875],"texture":"#0"},"west":{"uv":[1.375,1.875,1.6875,1.25],"texture":"#0"}}},{"from":[7.1,-1,8.5],"to":[9.1,2,12.5],"rotation":{"angle":0,"axis":"y","origin":[8,11,12.5]},"faces":{"north":{"uv":[0.6875,2.6875,0.9375,2.3125],"texture":"#0"},"east":{"uv":[1.375,2.375,1.875,2],"texture":"#0"},"south":{"uv":[1.125,1.875,1.375,1.5],"texture":"#0"},"west":{"uv":[1.875,2.375,1.375,2],"texture":"#0"},"up":{"uv":[1.125,2.375,1.375,1.875],"texture":"#0"},"down":{"uv":[1.125,2.375,1.375,1.875],"texture":"#0"}}},{"from":[7.45,2,8.5],"to":[8.75,7,11],"rotation":{"angle":0,"axis":"y","origin":[8,11,12.5]},"faces":{"north":{"uv":[0.6875,3.3125,0.85,2.6875],"texture":"#0"},"east":{"uv":[1.375,1.875,1.6875,1.25],"texture":"#0"},"south":{"uv":[1.6875,1.875,1.85,1.25],"texture":"#0"},"west":{"uv":[1.6875,1.875,1.375,1.25],"texture":"#0"}}},{"from":[7.35,7,3.5],"to":[8.65,9.5,8.5],"rotation":{"angle":0,"axis":"y","origin":[8,11,3.5]},"faces":{"east":{"uv":[1.6875,1.875,1.375,1.25],"rotation":270,"texture":"#0"},"west":{"uv":[1.375,1.875,1.6875,1.25],"rotation":90,"texture":"#0"},"up":{"uv":[1.85,1.875,1.6875,1.25],"rotation":180,"texture":"#0"},"down":{"uv":[0.85,3.3125,0.6875,2.6875],"texture":"#0"}}},{"from":[7,7,0.5],"to":[9,11,3.5],"rotation":{"angle":0,"axis":"y","origin":[8,11,3.5]},"faces":{"north":{"uv":[1.125,1.875,1.375,2.375],"rotation":180,"texture":"#0"},"east":{"uv":[1.875,2.375,1.375,2],"rotation":270,"texture":"#0"},"south":{"uv":[1.125,1.875,1.375,2.375],"texture":"#0"},"west":{"uv":[1.375,2.375,1.875,2],"rotation":90,"texture":"#0"},"up":{"uv":[1.375,1.875,1.125,1.5],"rotation":180,"texture":"#0"},"down":{"uv":[0.9375,2.6875,0.6875,2.3125],"texture":"#0"}}},{"from":[7.35,3.5,3.5],"to":[8.65,6,8.5],"rotation":{"angle":0,"axis":"y","origin":[8,2,3.5]},"faces":{"east":{"uv":[1.375,1.875,1.6875,1.25],"rotation":270,"texture":"#0"},"west":{"uv":[1.6875,1.875,1.375,1.25],"rotation":90,"texture":"#0"},"up":{"uv":[0.6875,3.3125,0.85,2.6875],"rotation":180,"texture":"#0"},"down":{"uv":[1.6875,1.875,1.85,1.25],"texture":"#0"}}},{"from":[7,2,0.5],"to":[9,6,3.5],"rotation":{"angle":0,"axis":"y","origin":[8,2,3.5]},"faces":{"north":{"uv":[1.125,2.375,1.375,1.875],"rotation":180,"texture":"#0"},"east":{"uv":[1.375,2.375,1.875,2],"rotation":270,"texture":"#0"},"south":{"uv":[1.125,2.375,1.375,1.875],"texture":"#0"},"west":{"uv":[1.875,2.375,1.375,2],"rotation":90,"texture":"#0"},"up":{"uv":[0.6875,2.6875,0.9375,2.3125],"rotation":180,"texture":"#0"},"down":{"uv":[1.125,1.875,1.375,1.5],"texture":"#0"}}},{"from":[7,2,12.5],"to":[9,6,15.5],"rotation":{"angle":0,"axis":"y","origin":[8,2,-14.5]},"faces":{"north":{"uv":[1.125,1.875,1.375,2.375],"rotation":180,"texture":"#0"},"east":{"uv":[1.375,2,1.875,2.375],"rotation":270,"texture":"#0"},"south":{"uv":[1.125,1.875,1.375,2.375],"texture":"#0"},"west":{"uv":[1.875,2,1.375,2.375],"rotation":90,"texture":"#0"},"up":{"uv":[0.6875,2.3125,0.9375,2.6875],"rotation":180,"texture":"#0"},"down":{"uv":[1.125,1.5,1.375,1.875],"texture":"#0"}}},{"from":[7.35,3.5,7.5],"to":[8.65,6,12.5],"rotation":{"angle":0,"axis":"y","origin":[8,2,-14.5]},"faces":{"east":{"uv":[1.375,1.25,1.6875,1.875],"rotation":270,"texture":"#0"},"west":{"uv":[1.6875,1.25,1.375,1.875],"rotation":90,"texture":"#0"},"up":{"uv":[0.6875,2.6875,0.85,3.3125],"rotation":180,"texture":"#0"},"down":{"uv":[1.6875,1.25,1.85,1.875],"texture":"#0"}}},{"from":[7,7,12.5],"to":[9,11,15.5],"rotation":{"angle":0,"axis":"y","origin":[8,11,-14.5]},"faces":{"north":{"uv":[1.125,2.375,1.375,1.875],"rotation":180,"texture":"#0"},"east":{"uv":[1.875,2,1.375,2.375],"rotation":270,"texture":"#0"},"south":{"uv":[1.125,2.375,1.375,1.875],"texture":"#0"},"west":{"uv":[1.375,2,1.875,2.375],"rotation":90,"texture":"#0"},"up":{"uv":[1.375,1.5,1.125,1.875],"rotation":180,"texture":"#0"},"down":{"uv":[0.9375,2.3125,0.6875,2.6875],"texture":"#0"}}},{"from":[7.35,7,7.5],"to":[8.65,9.5,12.5],"rotation":{"angle":0,"axis":"y","origin":[8,11,-14.5]},"faces":{"east":{"uv":[1.6875,1.25,1.375,1.875],"rotation":270,"texture":"#0"},"west":{"uv":[1.375,1.25,1.6875,1.875],"rotation":90,"texture":"#0"},"up":{"uv":[1.85,1.25,1.6875,1.875],"rotation":180,"texture":"#0"},"down":{"uv":[0.85,2.6875,0.6875,3.3125],"texture":"#0"}}},{"from":[7,-3,7],"to":[9,5.5,9],"rotation":{"angle":0,"axis":"y","origin":[0,-7,0]},"faces":{"north":{"uv":[3.5625,2.1875,3.3125,3.25],"texture":"#0"},"east":{"uv":[3.3125,2.1875,3.5625,3.25],"texture":"#0"},"south":{"uv":[3.5625,2.1875,3.3125,3.25],"texture":"#0"},"west":{"uv":[3.3125,2.1875,3.5625,3.25],"texture":"#0"},"up":{"uv":[1.125,1.25,1.375,1.5],"texture":"#0"},"down":{"uv":[1.125,1.25,1.375,1.5],"texture":"#0"}}},{"from":[6.75,-5,6.75],"to":[9.25,-2.5,9.25],"rotation":{"angle":0,"axis":"y","origin":[7,5.5,8]},"faces":{"north":{"uv":[2,1.75,2.3125,1.4375],"texture":"#0"},"east":{"uv":[2,1.75,2.3125,1.4375],"texture":"#0"},"south":{"uv":[2,1.75,2.3125,1.4375],"texture":"#0"},"west":{"uv":[2,1.75,2.3125,1.4375],"texture":"#0"},"up":{"uv":[2.3125,1.75,2.625,1.4375],"texture":"#0"},"down":{"uv":[2.3125,1.75,2.625,1.4375],"texture":"#0"}}},{"from":[7,7.5,7],"to":[9,16,9],"rotation":{"angle":0,"axis":"y","origin":[0,11,0]},"faces":{"north":{"uv":[3.5625,3.25,3.3125,2.1875],"texture":"#0"},"east":{"uv":[3.3125,3.25,3.5625,2.1875],"texture":"#0"},"south":{"uv":[3.5625,3.25,3.3125,2.1875],"texture":"#0"},"west":{"uv":[3.3125,3.25,3.5625,2.1875],"texture":"#0"},"up":{"uv":[1.125,1.5,1.375,1.25],"texture":"#0"},"down":{"uv":[1.125,1.5,1.375,1.25],"texture":"#0"}}},{"from":[6.75,15.5,6.75],"to":[9.25,18,9.25],"rotation":{"angle":0,"axis":"y","origin":[7,-1.5,8]},"faces":{"north":{"uv":[2,1.4375,2.3125,1.75],"texture":"#0"},"east":{"uv":[2,1.4375,2.3125,1.75],"texture":"#0"},"south":{"uv":[2,1.4375,2.3125,1.75],"texture":"#0"},"west":{"uv":[2,1.4375,2.3125,1.75],"texture":"#0"},"up":{"uv":[2.3125,1.4375,2.625,1.75],"texture":"#0"},"down":{"uv":[2.3125,1.4375,2.625,1.75],"texture":"#0"}}},{"from":[6.9,5,9],"to":[8.9,7,17.5],"rotation":{"angle":0,"axis":"y","origin":[0,11,0]},"faces":{"north":{"uv":[1.125,1.5,1.375,1.25],"rotation":180,"texture":"#0"},"east":{"uv":[3.3125,3.25,3.5625,2.1875],"rotation":270,"texture":"#0"},"south":{"uv":[1.125,1.5,1.375,1.25],"texture":"#0"},"west":{"uv":[3.3125,3.25,3.5625,2.1875],"rotation":90,"texture":"#0"},"up":{"uv":[3.5625,3.25,3.3125,2.1875],"rotation":180,"texture":"#0"},"down":{"uv":[3.5625,3.25,3.3125,2.1875],"texture":"#0"}}},{"from":[6.65,4.75,17],"to":[9.15,7.25,19.5],"rotation":{"angle":0,"axis":"y","origin":[7,3,-12.5]},"faces":{"north":{"uv":[2.3125,1.4375,2.625,1.75],"rotation":180,"texture":"#0"},"east":{"uv":[2,1.4375,2.3125,1.75],"rotation":270,"texture":"#0"},"south":{"uv":[2.3125,1.4375,2.625,1.75],"texture":"#0"},"west":{"uv":[2,1.4375,2.3125,1.75],"rotation":90,"texture":"#0"},"up":{"uv":[2,1.4375,2.3125,1.75],"rotation":180,"texture":"#0"},"down":{"uv":[2,1.4375,2.3125,1.75],"texture":"#0"}}},{"from":[6.9,5,-1.5],"to":[8.9,7,7],"rotation":{"angle":0,"axis":"y","origin":[0,11,-18]},"faces":{"north":{"uv":[1.125,1.25,1.375,1.5],"rotation":180,"texture":"#0"},"east":{"uv":[3.3125,2.1875,3.5625,3.25],"rotation":270,"texture":"#0"},"south":{"uv":[1.125,1.25,1.375,1.5],"texture":"#0"},"west":{"uv":[3.3125,2.1875,3.5625,3.25],"rotation":90,"texture":"#0"},"up":{"uv":[3.5625,2.1875,3.3125,3.25],"rotation":180,"texture":"#0"},"down":{"uv":[3.5625,2.1875,3.3125,3.25],"texture":"#0"}}},{"from":[6.65,4.75,-3.5],"to":[9.15,7.25,-1],"rotation":{"angle":0,"axis":"y","origin":[7,3,-5.5]},"faces":{"north":{"uv":[2.3125,1.75,2.625,1.4375],"rotation":180,"texture":"#0"},"east":{"uv":[2,1.75,2.3125,1.4375],"rotation":270,"texture":"#0"},"south":{"uv":[2.3125,1.75,2.625,1.4375],"texture":"#0"},"west":{"uv":[2,1.75,2.3125,1.4375],"rotation":90,"texture":"#0"},"up":{"uv":[2,1.75,2.3125,1.4375],"rotation":180,"texture":"#0"},"down":{"uv":[2,1.75,2.3125,1.4375],"texture":"#0"}}},{"from":[8,12.5,4],"to":[8,27.5,11],"rotation":{"angle":0,"axis":"y","origin":[0,-8,0]},"faces":{"north":{"uv":[4,0,0,20],"texture":"#missing"},"east":{"uv":[16,6.375,15.125,8.25],"texture":"#0"},"south":{"uv":[4,0,0,20],"texture":"#missing"},"west":{"uv":[15.125,6.375,16,8.25],"texture":"#0"},"up":{"uv":[0,20,4,24],"texture":"#missing"},"down":{"uv":[0,20,4,24],"texture":"#missing"}}},{"from":[8,-14.5,5],"to":[8,0.5,12],"rotation":{"angle":0,"axis":"y","origin":[0,24,0]},"faces":{"north":{"uv":[4,20,0,0],"texture":"#missing"},"east":{"uv":[15.125,8.25,16,6.375],"texture":"#0"},"south":{"uv":[4,20,0,0],"texture":"#missing"},"west":{"uv":[16,8.25,15.125,6.375],"texture":"#0"},"up":{"uv":[0,24,4,20],"texture":"#missing"},"down":{"uv":[0,24,4,20],"texture":"#missing"}}},{"from":[8,3,14],"to":[8,10,29],"rotation":{"angle":0,"axis":"y","origin":[8,4.5,8.5]},"faces":{"north":{"uv":[0,20,4,24],"rotation":180,"texture":"#missing"},"east":{"uv":[16,6.375,15.125,8.25],"rotation":270,"texture":"#0"},"south":{"uv":[0,20,4,24],"texture":"#missing"},"west":{"uv":[15.125,6.375,16,8.25],"rotation":90,"texture":"#0"},"up":{"uv":[4,0,0,20],"rotation":180,"texture":"#missing"},"down":{"uv":[4,0,0,20],"texture":"#missing"}}},{"from":[8,2,-13],"to":[8,9,2],"rotation":{"angle":0,"axis":"y","origin":[8,4.5,7.5]},"faces":{"north":{"uv":[4,20,0,24],"texture":"#missing"},"east":{"uv":[15.125,8.25,16,6.375],"rotation":270,"texture":"#0"},"south":{"uv":[4,20,0,24],"rotation":180,"texture":"#missing"},"west":{"uv":[16,8.25,15.125,6.375],"rotation":90,"texture":"#0"},"up":{"uv":[4,20,0,0],"rotation":180,"texture":"#missing"},"down":{"uv":[4,20,0,0],"texture":"#missing"}}},{"from":[2.7,10.25,6.75],"to":[5.2,12.75,9.25],"rotation":{"angle":0,"axis":"x","origin":[3.45,15,8]},"faces":{"north":{"uv":[2,1.4375,2.3125,1.75],"rotation":180,"texture":"#0"},"east":{"uv":[2,1.4375,2.3125,1.75],"rotation":180,"texture":"#0"},"south":{"uv":[2,1.4375,2.3125,1.75],"rotation":180,"texture":"#0"},"west":{"uv":[2,1.4375,2.3125,1.75],"rotation":180,"texture":"#0"},"up":{"uv":[2.625,1.75,2.3125,1.4375],"rotation":270,"texture":"#0"},"down":{"uv":[2.625,1.75,2.3125,1.4375],"rotation":90,"texture":"#0"}}},{"from":[2.7,0.25,6.75],"to":[5.2,2.75,9.25],"rotation":{"angle":0,"axis":"x","origin":[3.45,3,8]},"faces":{"north":{"uv":[2,1.4375,2.3125,1.75],"rotation":180,"texture":"#0"},"east":{"uv":[2,1.4375,2.3125,1.75],"rotation":180,"texture":"#0"},"south":{"uv":[2,1.4375,2.3125,1.75],"rotation":180,"texture":"#0"},"west":{"uv":[2,1.4375,2.3125,1.75],"rotation":180,"texture":"#0"},"up":{"uv":[2.625,1.75,2.3125,1.4375],"rotation":270,"texture":"#0"},"down":{"uv":[2.625,1.75,2.3125,1.4375],"rotation":90,"texture":"#0"}}},{"from":[3.1,1.4,7.1],"to":[4.9,12.3,8.9],"rotation":{"angle":0,"axis":"x","origin":[18,1.8,0]},"faces":{"north":{"uv":[3.0625,0.5,3.3125,1.875],"texture":"#0"},"east":{"uv":[3.3125,0.5,3.5625,1.875],"texture":"#0"},"south":{"uv":[3.0625,0.5,3.3125,1.875],"texture":"#0"},"west":{"uv":[3.3125,0.5,3.5625,1.875],"texture":"#0"},"up":{"uv":[1.125,1.25,1.375,1.5],"rotation":90,"texture":"#0"},"down":{"uv":[1.125,1.25,1.375,1.5],"rotation":270,"texture":"#0"}}},{"from":[4.5,10.5,7],"to":[7,12.5,9],"rotation":{"angle":0,"axis":"y","origin":[16,-1,0]},"faces":{"north":{"uv":[3.3125,2.5,3.5625,2.1875],"rotation":90,"texture":"#0"},"east":{"uv":[1.375,1.25,1.125,1.5],"texture":"#0"},"south":{"uv":[3.3125,2.5,3.5625,2.1875],"rotation":270,"texture":"#0"},"west":{"uv":[1.375,1.25,1.125,1.5],"rotation":180,"texture":"#0"},"up":{"uv":[3.5625,2.5,3.3125,2.1875],"rotation":270,"texture":"#0"},"down":{"uv":[3.5625,2.5,3.3125,2.1875],"rotation":270,"texture":"#0"}}},{"from":[4.5,0.5,7],"to":[7,2.5,9],"rotation":{"angle":0,"axis":"y","origin":[16,17,0]},"faces":{"north":{"uv":[3.5625,2.5,3.3125,2.1875],"rotation":90,"texture":"#0"},"east":{"uv":[1.375,1.5,1.125,1.25],"texture":"#0"},"south":{"uv":[3.5625,2.5,3.3125,2.1875],"rotation":270,"texture":"#0"},"west":{"uv":[1.375,1.5,1.125,1.25],"rotation":180,"texture":"#0"},"up":{"uv":[3.3125,2.5,3.5625,2.1875],"rotation":270,"texture":"#0"},"down":{"uv":[3.3125,2.5,3.5625,2.1875],"rotation":270,"texture":"#0"}}},{"from":[5.9,5.20711,7.5],"to":[5.9,10.20711,12.5],"rotation":{"angle":-45,"axis":"x","origin":[8,5.70711,8]},"faces":{"north":{"uv":[0,0,0,10],"texture":"#1"},"east":{"uv":[10,0,0,10],"texture":"#1"},"south":{"uv":[0,0,0,10],"texture":"#1"},"west":{"uv":[0,0,10,10],"texture":"#1"},"up":{"uv":[0,10,0,0],"texture":"#1"},"down":{"uv":[0,0,0,10],"texture":"#1"}}},{"from":[10.1,5.20711,7.5],"to":[10.1,10.20711,12.5],"rotation":{"angle":-45,"axis":"x","origin":[8,5.70711,8]},"faces":{"north":{"uv":[0,0,0,10],"texture":"#1"},"east":{"uv":[10,0,0,10],"texture":"#1"},"south":{"uv":[0,0,0,10],"texture":"#1"},"west":{"uv":[0,0,10,10],"texture":"#1"},"up":{"uv":[0,10,0,0],"texture":"#1"},"down":{"uv":[0,0,0,10],"texture":"#1"}}},{"from":[9.5,-3,20],"to":[9.5,1,28],"rotation":{"angle":22.5,"axis":"x","origin":[6,18,19.5]},"faces":{"north":{"uv":[0,0,0,8],"texture":"#3"},"east":{"uv":[0,0,16,8],"texture":"#3"},"south":{"uv":[0,0,0,8],"texture":"#3"},"west":{"uv":[0,0,16,8],"texture":"#3"},"up":{"uv":[0,0,0,14],"texture":"#3"},"down":{"uv":[0,14,0,0],"texture":"#3"}}},{"from":[10.5,20,-3],"to":[10.5,24,5],"rotation":{"angle":-22.5,"axis":"x","origin":[6,18,17.5]},"faces":{"north":{"uv":[0,0,0,8],"texture":"#3"},"east":{"uv":[16,0,0,8],"texture":"#3"},"south":{"uv":[0,0,0,8],"texture":"#3"},"west":{"uv":[16,0,0,8],"texture":"#3"},"up":{"uv":[0,0,0,14],"texture":"#3"},"down":{"uv":[0,14,0,0],"texture":"#3"}}}],"gui_light":"front","display":{"thirdperson_righthand":{"rotation":[0,0,8],"translation":[4.25,-0.5,1.75],"scale":[0.7,0.7,0.7]},"thirdperson_lefthand":{"rotation":[0,0,8],"translation":[4.25,-0.5,1.75],"scale":[0.7,0.7,0.7]},"firstperson_righthand":{"rotation":[-2,28,8],"translation":[4.25,0.25,-4.5],"scale":[0.6,0.6,0.6]},"firstperson_lefthand":{"rotation":[-2,-157,8],"translation":[3.75,0.25,-4],"scale":[0.6,0.6,0.6]},"ground":{"rotation":[0,0,80],"translation":[-4.25,-1.5,0],"scale":[0.45352,0.45352,0.45352]},"gui":{"rotation":[-90,-45,-90],"translation":[0.75,0.5,-1.5],"scale":[0.43945,0.43945,0.43945]},"head":{"rotation":[-90,55,90],"translation":[1.75,14.25,1.75],"scale":[0.6,0.6,0.6]},"fixed":{"rotation":[90,-45,-90],"translation":[1.25,-1,-1.5],"scale":[1.04531,1.04531,1.04531]}}}