{"credit":"Made with Blockbench","texture_size":[128,128],"textures":{"0":"elitecreatures:vinland_animated_weapon/vinland_texture_01","1":"elitecreatures:vinland_animated_weapon/vinland_animation_01","2":"elitecreatures:vinland_animated_weapon/vinland_animation_02","3":"elitecreatures:vinland_animated_weapon/vinland_animation_03","particle":"elitecreatures:vinland_animated_weapon/vinland_texture_01"},"elements":[{"from":[-2.95,1,-1.75],"to":[2.05,10,3.25],"rotation":{"angle":0,"axis":"y","origin":[8.05,10.9,7]},"faces":{"north":{"uv":[4,4.25,4.625,5.375],"texture":"#0"},"east":{"uv":[4,4.25,4.625,5.375],"texture":"#0"},"south":{"uv":[4,4.25,4.625,5.375],"texture":"#0"},"west":{"uv":[4,4.25,4.625,5.375],"texture":"#0"},"up":{"uv":[4,5.375,4.625,6],"rotation":270,"texture":"#0"},"down":{"uv":[4,5.375,4.625,6],"rotation":90,"texture":"#0"}}},{"from":[-2.95,1,13.25],"to":[2.05,10,18.25],"rotation":{"angle":0,"axis":"y","origin":[8.05,10.9,7]},"faces":{"north":{"uv":[4.625,4.25,4,5.375],"texture":"#0"},"east":{"uv":[4.625,4.25,4,5.375],"texture":"#0"},"south":{"uv":[4.625,4.25,4,5.375],"texture":"#0"},"west":{"uv":[4.625,4.25,4,5.375],"texture":"#0"},"up":{"uv":[4.625,5.375,4,6],"rotation":270,"texture":"#0"},"down":{"uv":[4.625,5.375,4,6],"rotation":90,"texture":"#0"}}},{"from":[14.05,1,13.25],"to":[19.05,10,18.25],"rotation":{"angle":0,"axis":"y","origin":[8.05,10.9,7]},"faces":{"north":{"uv":[4,4.25,4.625,5.375],"texture":"#0"},"east":{"uv":[4,4.25,4.625,5.375],"texture":"#0"},"south":{"uv":[4,4.25,4.625,5.375],"texture":"#0"},"west":{"uv":[4,4.25,4.625,5.375],"texture":"#0"},"up":{"uv":[4.625,6,4,5.375],"rotation":270,"texture":"#0"},"down":{"uv":[4.625,6,4,5.375],"rotation":90,"texture":"#0"}}},{"from":[14.05,1,-1.75],"to":[19.05,10,3.25],"rotation":{"angle":0,"axis":"y","origin":[8.05,10.9,7]},"faces":{"north":{"uv":[4.625,4.25,4,5.375],"texture":"#0"},"east":{"uv":[4.625,4.25,4,5.375],"texture":"#0"},"south":{"uv":[4.625,4.25,4,5.375],"texture":"#0"},"west":{"uv":[4.625,4.25,4,5.375],"texture":"#0"},"up":{"uv":[4,6,4.625,5.375],"rotation":270,"texture":"#0"},"down":{"uv":[4,6,4.625,5.375],"rotation":90,"texture":"#0"}}},{"from":[-2.85,9.49062,-1.88737],"to":[2.05,19.49062,2.11263],"rotation":{"angle":22.5,"axis":"x","origin":[8.05,10.9,7]},"faces":{"north":{"uv":[4,6,4.625,7.25],"texture":"#0"},"east":{"uv":[4.625,5.875,5.125,7.125],"texture":"#0"},"south":{"uv":[4.625,6,4,7.25],"texture":"#0"},"west":{"uv":[5.125,5.875,4.625,7.125],"texture":"#0"},"up":{"uv":[4.625,7.125,5.125,7.75],"rotation":270,"texture":"#0"},"down":{"uv":[4.625,7.125,5.125,7.75],"rotation":90,"texture":"#0"}}},{"from":[7.25,12.5,-5.7],"to":[8.75,21,-5.7],"rotation":{"angle":22.5,"axis":"x","origin":[0,0,0]},"faces":{"north":{"uv":[0,5.25,1,9.5],"texture":"#2"},"east":{"uv":[0,0,0,9.5],"texture":"#2"},"south":{"uv":[0,5.25,1,9.5],"texture":"#2"},"west":{"uv":[0,0,0,9.5],"texture":"#2"},"up":{"uv":[0,1,0,0],"rotation":90,"texture":"#2"},"down":{"uv":[0,0,0,1],"rotation":270,"texture":"#2"}}},{"from":[7.25,21.7,3],"to":[8.75,21.7,13.5],"faces":{"north":{"uv":[0,0,0,1],"rotation":90,"texture":"#2"},"east":{"uv":[0,0,0,9.5],"rotation":270,"texture":"#2"},"south":{"uv":[0,1,0,0],"rotation":90,"texture":"#2"},"west":{"uv":[0,0,0,9.5],"rotation":90,"texture":"#2"},"up":{"uv":[0,0,1,5.25],"rotation":180,"texture":"#2"},"down":{"uv":[0,5.25,1,9.5],"texture":"#2"}}},{"from":[-2.85,8.53391,14.19707],"to":[2.05,18.53391,18.19707],"rotation":{"angle":-22.5,"axis":"x","origin":[8.05,10.9,7]},"faces":{"north":{"uv":[4,6,4.625,7.25],"texture":"#0"},"east":{"uv":[5.125,5.875,4.625,7.125],"texture":"#0"},"south":{"uv":[4.625,6,4,7.25],"texture":"#0"},"west":{"uv":[4.625,5.875,5.125,7.125],"texture":"#0"},"up":{"uv":[5.125,7.125,4.625,7.75],"rotation":270,"texture":"#0"},"down":{"uv":[5.125,7.125,4.625,7.75],"rotation":90,"texture":"#0"}}},{"from":[14.05,8.53391,14.19707],"to":[18.95,18.53391,18.19707],"rotation":{"angle":-22.5,"axis":"x","origin":[8.05,10.9,7]},"faces":{"north":{"uv":[4,6,4.625,7.25],"texture":"#0"},"east":{"uv":[4.625,5.875,5.125,7.125],"texture":"#0"},"south":{"uv":[4,6,4.625,7.25],"texture":"#0"},"west":{"uv":[4.625,5.875,5.125,7.125],"texture":"#0"},"up":{"uv":[5.125,7.75,4.625,7.125],"rotation":270,"texture":"#0"},"down":{"uv":[5.125,7.75,4.625,7.125],"rotation":90,"texture":"#0"}}},{"from":[14,9.49062,-1.88737],"to":[18.9,19.49062,2.11263],"rotation":{"angle":22.5,"axis":"x","origin":[8.05,10.9,7]},"faces":{"north":{"uv":[4.625,6,4,7.25],"texture":"#0"},"east":{"uv":[5.125,5.875,4.625,7.125],"texture":"#0"},"south":{"uv":[4.625,6,4,7.25],"texture":"#0"},"west":{"uv":[5.125,5.875,4.625,7.125],"texture":"#0"},"up":{"uv":[4.625,7.75,5.125,7.125],"rotation":270,"texture":"#0"},"down":{"uv":[4.625,7.75,5.125,7.125],"rotation":90,"texture":"#0"}}},{"from":[-2.95,18.3,2.05],"to":[2.15,22.3,14.45],"rotation":{"angle":0,"axis":"y","origin":[8.05,10.9,7]},"faces":{"north":{"uv":[6.1875,5.25,6.6875,5.875],"rotation":90,"texture":"#0"},"east":{"uv":[5.6875,4.3125,6.1875,5.8125],"rotation":270,"texture":"#0"},"south":{"uv":[6.1875,5.875,6.6875,5.25],"rotation":90,"texture":"#0"},"west":{"uv":[5.6875,4.3125,6.1875,5.8125],"rotation":270,"texture":"#0"},"up":{"uv":[6.1875,3.75,6.8125,5.25],"texture":"#0"},"down":{"uv":[6.8125,3.75,6.1875,5.25],"rotation":180,"texture":"#0"}}},{"from":[13.9,18.3,2.05],"to":[19.1,22.3,14.45],"rotation":{"angle":0,"axis":"y","origin":[8.05,10.9,7]},"faces":{"north":{"uv":[6.1875,5.875,6.6875,5.25],"rotation":90,"texture":"#0"},"east":{"uv":[5.6875,5.8125,6.1875,4.3125],"rotation":270,"texture":"#0"},"south":{"uv":[6.1875,5.875,6.6875,5.25],"rotation":90,"texture":"#0"},"west":{"uv":[5.6875,5.8125,6.1875,4.3125],"rotation":270,"texture":"#0"},"up":{"uv":[6.8125,3.75,6.1875,5.25],"texture":"#0"},"down":{"uv":[6.8125,3.75,6.1875,5.25],"rotation":180,"texture":"#0"}}},{"from":[2,2,-0.75],"to":[14,4,0.25],"rotation":{"angle":0,"axis":"y","origin":[8.05,10.9,7]},"faces":{"north":{"uv":[3.0625,3.375,4.5625,3.625],"texture":"#0"},"east":{"uv":[3.1875,3.625,3.3125,3.875],"texture":"#0"},"south":{"uv":[3.0625,3.375,4.5625,3.625],"texture":"#0"},"west":{"uv":[3.1875,3.625,3.3125,3.875],"texture":"#0"},"up":{"uv":[5.5625,4.3125,5.6875,5.8125],"rotation":270,"texture":"#0"},"down":{"uv":[5.5625,4.3125,5.6875,5.8125],"rotation":90,"texture":"#0"}}},{"from":[2.05,2,16.25],"to":[14.05,4,17.25],"rotation":{"angle":0,"axis":"y","origin":[8.05,10.9,7]},"faces":{"north":{"uv":[4.5625,3.375,3.0625,3.625],"texture":"#0"},"east":{"uv":[3.3125,3.625,3.1875,3.875],"texture":"#0"},"south":{"uv":[4.5625,3.375,3.0625,3.625],"texture":"#0"},"west":{"uv":[3.3125,3.625,3.1875,3.875],"texture":"#0"},"up":{"uv":[5.6875,4.3125,5.5625,5.8125],"rotation":270,"texture":"#0"},"down":{"uv":[5.6875,4.3125,5.5625,5.8125],"rotation":90,"texture":"#0"}}},{"from":[-3,1,-1.75],"to":[19,2,18.25],"rotation":{"angle":0,"axis":"y","origin":[8.05,10.9,7]},"faces":{"north":{"uv":[0,10.5,2.75,10.625],"texture":"#0"},"east":{"uv":[0,10.5,2.75,10.625],"texture":"#0"},"south":{"uv":[0,10.5,2.75,10.625],"texture":"#0"},"west":{"uv":[0,10.5,2.75,10.625],"texture":"#0"},"up":{"uv":[0,7.75,2.5,10.5],"rotation":270,"texture":"#0"},"down":{"uv":[0,7.75,2.5,10.5],"rotation":90,"texture":"#0"}}},{"from":[-4.9,12.9,7.85],"to":[-2.4,18,9.15],"rotation":{"angle":0,"axis":"y","origin":[-1.2,-1,2.5]},"faces":{"north":{"uv":[1.6875,1.25,1.375,1.875],"texture":"#0"},"east":{"uv":[0.6875,2.6875,0.85,3.3125],"texture":"#0"},"south":{"uv":[1.375,1.25,1.6875,1.875],"texture":"#0"},"west":{"uv":[1.6875,1.25,1.85,1.875],"texture":"#0"}}},{"from":[-6.4,18,7.5],"to":[-2.4,21,9.5],"rotation":{"angle":0,"axis":"y","origin":[-1.2,-1,2.5]},"faces":{"north":{"uv":[1.875,2,1.375,2.375],"texture":"#0"},"east":{"uv":[0.6875,2.3125,0.9375,2.6875],"texture":"#0"},"south":{"uv":[1.375,2,1.875,2.375],"texture":"#0"},"west":{"uv":[1.125,1.5,1.375,1.875],"texture":"#0"},"up":{"uv":[1.125,1.875,1.375,2.375],"rotation":90,"texture":"#0"},"down":{"uv":[1.125,1.875,1.375,2.375],"rotation":270,"texture":"#0"}}},{"from":[-7.4,9.9,7.5],"to":[-3.4,12.9,9.5],"rotation":{"angle":0,"axis":"y","origin":[-1.2,17,2.5]},"faces":{"north":{"uv":[1.875,2.375,1.375,2],"texture":"#0"},"east":{"uv":[0.6875,2.6875,0.9375,2.3125],"texture":"#0"},"south":{"uv":[1.375,2.375,1.875,2],"texture":"#0"},"west":{"uv":[1.125,1.875,1.375,1.5],"texture":"#0"},"up":{"uv":[1.375,1.875,1.125,2.375],"rotation":270,"texture":"#0"},"down":{"uv":[1.375,1.875,1.125,2.375],"rotation":90,"texture":"#0"}}},{"from":[19.4,9.9,7.5],"to":[23.4,12.9,9.5],"rotation":{"angle":0,"axis":"y","origin":[17.2,17,2.5]},"faces":{"north":{"uv":[1.375,2.375,1.875,2],"texture":"#0"},"east":{"uv":[1.375,1.875,1.125,1.5],"texture":"#0"},"south":{"uv":[1.875,2.375,1.375,2],"texture":"#0"},"west":{"uv":[0.9375,2.6875,0.6875,2.3125],"texture":"#0"},"up":{"uv":[1.375,2.375,1.125,1.875],"rotation":270,"texture":"#0"},"down":{"uv":[1.375,2.375,1.125,1.875],"rotation":90,"texture":"#0"}}},{"from":[-3.95,9,-2.75],"to":[20.05,13,19.25],"rotation":{"angle":0,"axis":"y","origin":[8.05,10.9,7]},"faces":{"north":{"uv":[1.25,7.25,4.25,7.75],"texture":"#0"},"east":{"uv":[3.3125,3.75,6.0625,4.25],"texture":"#0"},"south":{"uv":[1.25,7.25,4.25,7.75],"texture":"#0"},"west":{"uv":[3.3125,3.75,6.0625,4.25],"texture":"#0"},"up":{"uv":[1.25,4.25,4,7.25],"rotation":270,"texture":"#0"},"down":{"uv":[1.25,4.25,4,7.25],"rotation":90,"texture":"#0"}}},{"from":[3.5,9.20711,-5.1],"to":[8.5,14.20711,-5.1],"rotation":{"angle":-45,"axis":"z","origin":[8,9.70711,8]},"faces":{"north":{"uv":[0,0,10,10],"texture":"#1"},"east":{"uv":[0,0,0,10],"texture":"#1"},"south":{"uv":[10,0,0,10],"texture":"#1"},"west":{"uv":[0,0,0,10],"texture":"#1"},"up":{"uv":[0,10,0,0],"rotation":90,"texture":"#1"},"down":{"uv":[0,0,0,10],"rotation":270,"texture":"#1"}}},{"from":[-1.95,2,3.25],"to":[-0.95,4,13.25],"rotation":{"angle":0,"axis":"y","origin":[8.05,10.9,7]},"faces":{"north":{"uv":[2.9375,3.4375,3.0625,3.6875],"texture":"#0"},"east":{"uv":[8.0625,0.0625,9.3125,0.3125],"texture":"#0"},"south":{"uv":[2.9375,3.4375,3.0625,3.6875],"texture":"#0"},"west":{"uv":[8.0625,0.0625,9.3125,0.3125],"texture":"#0"},"up":{"uv":[7.0625,1,7.1875,2.25],"texture":"#0"},"down":{"uv":[7.0625,1,7.1875,2.25],"rotation":180,"texture":"#0"}}},{"from":[17.05,2,3.25],"to":[18.05,4,13.25],"rotation":{"angle":0,"axis":"y","origin":[8.05,10.9,7]},"faces":{"north":{"uv":[3.0625,3.4375,2.9375,3.6875],"texture":"#0"},"east":{"uv":[9.3125,0.0625,8.0625,0.3125],"texture":"#0"},"south":{"uv":[3.0625,3.4375,2.9375,3.6875],"texture":"#0"},"west":{"uv":[9.3125,0.0625,8.0625,0.3125],"texture":"#0"},"up":{"uv":[7.1875,1,7.0625,2.25],"texture":"#0"},"down":{"uv":[7.1875,1,7.0625,2.25],"rotation":180,"texture":"#0"}}},{"from":[-5,0,-3.75],"to":[2.5,5.5,3.75],"rotation":{"angle":0,"axis":"y","origin":[8.05,10.9,7]},"faces":{"north":{"uv":[4.625,5.1875,5.5625,5.875],"texture":"#0"},"east":{"uv":[4.625,5.1875,5.5625,5.875],"texture":"#0"},"south":{"uv":[4.625,5.1875,5.5625,5.875],"texture":"#0"},"west":{"uv":[4.625,5.1875,5.5625,5.875],"texture":"#0"},"up":{"uv":[4.625,4.25,5.5625,5.1875],"rotation":270,"texture":"#0"},"down":{"uv":[4.625,4.25,5.5625,5.1875],"rotation":90,"texture":"#0"}}},{"from":[12.5,20,-2],"to":[20.5,24,-2],"rotation":{"angle":-22.5,"axis":"z","origin":[8,12,-0.5]},"faces":{"north":{"uv":[0,0,16,8],"texture":"#3"},"east":{"uv":[0,0,0,8],"texture":"#3"},"south":{"uv":[0,0,16,8],"texture":"#3"},"west":{"uv":[0,0,0,8],"texture":"#3"},"up":{"uv":[0,14,0,0],"rotation":90,"texture":"#3"},"down":{"uv":[0,0,0,14],"rotation":270,"texture":"#3"}}},{"from":[-4.5,20,-2],"to":[3.5,24,-2],"rotation":{"angle":22.5,"axis":"z","origin":[8,12,-0.5]},"faces":{"north":{"uv":[16,0,0,8],"texture":"#3"},"east":{"uv":[0,0,0,8],"texture":"#3"},"south":{"uv":[16,0,0,8],"texture":"#3"},"west":{"uv":[0,0,0,8],"texture":"#3"},"up":{"uv":[0,0,0,14],"rotation":90,"texture":"#3"},"down":{"uv":[0,14,0,0],"rotation":270,"texture":"#3"}}},{"from":[8.8,2.5,-2.2],"to":[18.8,12.5,-2.2],"rotation":{"angle":22.5,"axis":"x","origin":[8.05,7.5,-2.2]},"faces":{"north":{"uv":[4.9375,0,3.6875,1.25],"rotation":270,"texture":"#0"},"east":{"uv":[0,0,0,56],"rotation":180,"texture":"#missing"},"south":{"uv":[4.9375,1.25,3.6875,0],"rotation":270,"texture":"#0"},"west":{"uv":[0,0,0,56],"texture":"#missing"},"up":{"uv":[0,0,0,88],"rotation":90,"texture":"#missing"},"down":{"uv":[0,0,0,88],"rotation":90,"texture":"#missing"}}},{"from":[-2.7,2.5,-2.2],"to":[7.3,12.5,-2.2],"rotation":{"angle":22.5,"axis":"x","origin":[8.05,7.5,-2.2]},"faces":{"north":{"uv":[4.9375,1.25,3.6875,0],"rotation":270,"texture":"#0"},"east":{"uv":[0,0,0,56],"texture":"#missing"},"south":{"uv":[4.9375,0,3.6875,1.25],"rotation":270,"texture":"#0"},"west":{"uv":[0,0,0,56],"rotation":180,"texture":"#missing"},"up":{"uv":[0,88,0,0],"rotation":90,"texture":"#missing"},"down":{"uv":[0,88,0,0],"rotation":90,"texture":"#missing"}}},{"from":[-9.9,12,8.5],"to":[-2.9,22,8.5],"rotation":{"angle":0,"axis":"y","origin":[0,-1.5,16]},"faces":{"north":{"uv":[2.125,0.0625,3,1.3125],"texture":"#0"},"east":{"uv":[0,0,0,88],"texture":"#missing"},"south":{"uv":[3,0.0625,2.125,1.3125],"texture":"#0"},"west":{"uv":[0,0,0,88],"texture":"#missing"},"up":{"uv":[0,56,0,0],"rotation":90,"texture":"#missing"},"down":{"uv":[0,56,0,0],"rotation":270,"texture":"#missing"}}},{"from":[18.9,12,8.5],"to":[25.9,22,8.5],"rotation":{"angle":0,"axis":"y","origin":[16,-1.5,16]},"faces":{"north":{"uv":[3,0.0625,2.125,1.3125],"texture":"#0"},"east":{"uv":[0,0,0,88],"texture":"#missing"},"south":{"uv":[2.125,0.0625,3,1.3125],"texture":"#0"},"west":{"uv":[0,0,0,88],"texture":"#missing"},"up":{"uv":[0,0,0,56],"rotation":90,"texture":"#missing"},"down":{"uv":[0,0,0,56],"rotation":270,"texture":"#missing"}}},{"from":[18.4,18,7.5],"to":[22.4,21,9.5],"rotation":{"angle":0,"axis":"y","origin":[17.2,-1,2.5]},"faces":{"north":{"uv":[1.375,2,1.875,2.375],"texture":"#0"},"east":{"uv":[1.375,1.5,1.125,1.875],"texture":"#0"},"south":{"uv":[1.875,2,1.375,2.375],"texture":"#0"},"west":{"uv":[0.9375,2.3125,0.6875,2.6875],"texture":"#0"},"up":{"uv":[1.125,2.375,1.375,1.875],"rotation":90,"texture":"#0"},"down":{"uv":[1.125,2.375,1.375,1.875],"rotation":270,"texture":"#0"}}},{"from":[18.4,12.9,7.85],"to":[20.9,18,9.15],"rotation":{"angle":0,"axis":"y","origin":[17.2,-1,2.5]},"faces":{"north":{"uv":[1.375,1.25,1.6875,1.875],"texture":"#0"},"east":{"uv":[1.85,1.25,1.6875,1.875],"texture":"#0"},"south":{"uv":[1.6875,1.25,1.375,1.875],"texture":"#0"},"west":{"uv":[0.85,2.6875,0.6875,3.3125],"texture":"#0"}}},{"from":[15.9,12.9,7.85],"to":[18.4,18,9.15],"rotation":{"angle":0,"axis":"y","origin":[-1.2,-1,2.5]},"faces":{"north":{"uv":[1.6875,1.25,1.375,1.875],"texture":"#0"},"east":{"uv":[0.6875,2.6875,0.85,3.3125],"texture":"#0"},"south":{"uv":[1.375,1.25,1.6875,1.875],"texture":"#0"},"west":{"uv":[1.6875,1.25,1.85,1.875],"texture":"#0"}}},{"from":[-2.4,12.9,7.85],"to":[0.1,18,9.15],"rotation":{"angle":0,"axis":"y","origin":[17.2,-1,2.5]},"faces":{"north":{"uv":[1.375,1.25,1.6875,1.875],"texture":"#0"},"east":{"uv":[1.85,1.25,1.6875,1.875],"texture":"#0"},"south":{"uv":[1.6875,1.25,1.375,1.875],"texture":"#0"},"west":{"uv":[0.85,2.6875,0.6875,3.3125],"texture":"#0"}}},{"from":[-2.7,2.5,18.7],"to":[7.3,12.5,18.7],"rotation":{"angle":-22.5,"axis":"x","origin":[8.05,7.5,18.7]},"faces":{"north":{"uv":[4.9375,1.25,3.6875,0],"rotation":270,"texture":"#0"},"east":{"uv":[0,0,0,56],"texture":"#missing"},"south":{"uv":[4.9375,0,3.6875,1.25],"rotation":270,"texture":"#0"},"west":{"uv":[0,0,0,56],"rotation":180,"texture":"#missing"},"up":{"uv":[0,88,0,0],"rotation":90,"texture":"#missing"},"down":{"uv":[0,88,0,0],"rotation":90,"texture":"#missing"}}},{"from":[8.8,2.5,18.7],"to":[18.8,12.5,18.7],"rotation":{"angle":-22.5,"axis":"x","origin":[8.05,7.5,18.7]},"faces":{"north":{"uv":[4.9375,0,3.6875,1.25],"rotation":270,"texture":"#0"},"east":{"uv":[0,0,0,56],"rotation":180,"texture":"#missing"},"south":{"uv":[4.9375,1.25,3.6875,0],"rotation":270,"texture":"#0"},"west":{"uv":[0,0,0,56],"texture":"#missing"},"up":{"uv":[0,0,0,88],"rotation":90,"texture":"#missing"},"down":{"uv":[0,0,0,88],"rotation":90,"texture":"#missing"}}},{"from":[-3.95,2.5,7.95],"to":[-3.95,12.5,17.95],"rotation":{"angle":-22.5,"axis":"z","origin":[-3.95,7.5,6.2]},"faces":{"north":{"uv":[0,0,0,56],"texture":"#missing"},"east":{"uv":[4.9375,0,3.6875,1.25],"rotation":270,"texture":"#0"},"south":{"uv":[0,0,0,56],"rotation":180,"texture":"#missing"},"west":{"uv":[4.9375,1.25,3.6875,0],"rotation":270,"texture":"#0"},"up":{"uv":[0,0,0,88],"rotation":180,"texture":"#missing"},"down":{"uv":[0,0,0,88],"texture":"#missing"}}},{"from":[-3.95,2.5,-1.55],"to":[-3.95,12.5,8.45],"rotation":{"angle":-22.5,"axis":"z","origin":[-3.95,7.5,6.2]},"faces":{"north":{"uv":[0,0,0,56],"rotation":180,"texture":"#missing"},"east":{"uv":[4.9375,1.25,3.6875,0],"rotation":270,"texture":"#0"},"south":{"uv":[0,0,0,56],"texture":"#missing"},"west":{"uv":[4.9375,0,3.6875,1.25],"rotation":270,"texture":"#0"},"up":{"uv":[0,88,0,0],"rotation":180,"texture":"#missing"},"down":{"uv":[0,88,0,0],"texture":"#missing"}}},{"from":[0.05,18.2,0],"to":[0.05,28.2,10],"rotation":{"angle":0,"axis":"y","origin":[0.05,23.5,4.45]},"faces":{"north":{"uv":[0,0,0,56],"rotation":180,"texture":"#missing"},"east":{"uv":[3.6875,1.25,4.9375,0],"rotation":270,"texture":"#0"},"south":{"uv":[0,0,0,56],"texture":"#missing"},"west":{"uv":[3.6875,0,4.9375,1.25],"rotation":270,"texture":"#0"},"up":{"uv":[0,88,0,0],"rotation":180,"texture":"#missing"},"down":{"uv":[0,88,0,0],"texture":"#missing"}}},{"from":[15.95,18.2,0],"to":[15.95,28.2,10],"rotation":{"angle":0,"axis":"y","origin":[15.95,23.5,4.45]},"faces":{"north":{"uv":[0,0,0,56],"rotation":180,"texture":"#missing"},"east":{"uv":[3.6875,1.25,4.9375,0],"rotation":270,"texture":"#0"},"south":{"uv":[0,0,0,56],"texture":"#missing"},"west":{"uv":[3.6875,0,4.9375,1.25],"rotation":270,"texture":"#0"},"up":{"uv":[0,88,0,0],"rotation":180,"texture":"#missing"},"down":{"uv":[0,88,0,0],"texture":"#missing"}}},{"from":[19.55,2.5,7.95],"to":[19.55,12.5,17.95],"rotation":{"angle":22.5,"axis":"z","origin":[19.55,7.5,6.2]},"faces":{"north":{"uv":[0,0,0,56],"texture":"#missing"},"east":{"uv":[4.9375,0,3.6875,1.25],"rotation":270,"texture":"#0"},"south":{"uv":[0,0,0,56],"rotation":180,"texture":"#missing"},"west":{"uv":[4.9375,1.25,3.6875,0],"rotation":270,"texture":"#0"},"up":{"uv":[0,0,0,88],"rotation":180,"texture":"#missing"},"down":{"uv":[0,0,0,88],"texture":"#missing"}}},{"from":[19.55,2.5,-1.55],"to":[19.55,12.5,8.45],"rotation":{"angle":22.5,"axis":"z","origin":[19.55,7.5,6.2]},"faces":{"north":{"uv":[0,0,0,56],"rotation":180,"texture":"#missing"},"east":{"uv":[4.9375,1.25,3.6875,0],"rotation":270,"texture":"#0"},"south":{"uv":[0,0,0,56],"texture":"#missing"},"west":{"uv":[4.9375,0,3.6875,1.25],"rotation":270,"texture":"#0"},"up":{"uv":[0,88,0,0],"rotation":180,"texture":"#missing"},"down":{"uv":[0,88,0,0],"texture":"#missing"}}},{"from":[13.5,0,-3.75],"to":[21,5.5,3.75],"rotation":{"angle":0,"axis":"y","origin":[8.05,10.9,7]},"faces":{"north":{"uv":[5.5625,5.1875,4.625,5.875],"texture":"#0"},"east":{"uv":[5.5625,5.1875,4.625,5.875],"texture":"#0"},"south":{"uv":[5.5625,5.1875,4.625,5.875],"texture":"#0"},"west":{"uv":[5.5625,5.1875,4.625,5.875],"texture":"#0"},"up":{"uv":[4.625,5.1875,5.5625,4.25],"rotation":270,"texture":"#0"},"down":{"uv":[4.625,5.1875,5.5625,4.25],"rotation":90,"texture":"#0"}}},{"from":[-5,0,12.25],"to":[2.5,5.5,19.75],"rotation":{"angle":0,"axis":"y","origin":[8.05,10.9,7]},"faces":{"north":{"uv":[5.5625,5.1875,4.625,5.875],"texture":"#0"},"east":{"uv":[5.5625,5.1875,4.625,5.875],"texture":"#0"},"south":{"uv":[5.5625,5.1875,4.625,5.875],"texture":"#0"},"west":{"uv":[5.5625,5.1875,4.625,5.875],"texture":"#0"},"up":{"uv":[5.5625,4.25,4.625,5.1875],"rotation":270,"texture":"#0"},"down":{"uv":[5.5625,4.25,4.625,5.1875],"rotation":90,"texture":"#0"}}},{"from":[13.5,0,12.25],"to":[21,5.5,19.75],"rotation":{"angle":0,"axis":"y","origin":[8.05,10.9,7]},"faces":{"north":{"uv":[4.625,5.1875,5.5625,5.875],"texture":"#0"},"east":{"uv":[4.625,5.1875,5.5625,5.875],"texture":"#0"},"south":{"uv":[4.625,5.1875,5.5625,5.875],"texture":"#0"},"west":{"uv":[4.625,5.1875,5.5625,5.875],"texture":"#0"},"up":{"uv":[5.5625,5.1875,4.625,4.25],"rotation":270,"texture":"#0"},"down":{"uv":[5.5625,5.1875,4.625,4.25],"rotation":90,"texture":"#0"}}},{"from":[-0.95,2,0.25],"to":[17.05,10,16.25],"rotation":{"angle":0,"axis":"y","origin":[8.05,10.9,7]},"faces":{"north":{"uv":[2.5,7.75,4.75,8.75],"texture":"#0"},"east":{"uv":[2.5,8.75,4.5,9.75],"texture":"#0"},"south":{"uv":[2.5,7.75,4.75,8.75],"texture":"#0"},"west":{"uv":[2.5,8.75,4.5,9.75],"texture":"#0"}}},{"from":[-0.95,12.5,2.65],"to":[17.05,21.5,13.85],"rotation":{"angle":0,"axis":"y","origin":[8.05,10.9,7]},"faces":{"north":{"uv":[6.8125,4.375,9.0625,5.5],"texture":"#0"},"east":{"uv":[6.8125,3.25,8.1875,4.375],"texture":"#0"},"south":{"uv":[6.8125,4.375,9.0625,5.5],"texture":"#0"},"west":{"uv":[6.8125,3.25,8.1875,4.375],"texture":"#0"},"up":{"uv":[7.1875,1,8.5625,3.25],"rotation":270,"texture":"#0"},"down":{"uv":[7.1875,1,8.5625,3.25],"rotation":90,"texture":"#0"}}},{"from":[7,9.84939,-4.75],"to":[9,11.84939,-0.75],"rotation":{"angle":45,"axis":"z","origin":[8.05,10.9,7]},"faces":{"north":{"uv":[0,0,0.25,0.25],"texture":"#0"},"east":{"uv":[0.75,0,0.25,0.25],"texture":"#0"},"south":{"uv":[0.25,0,0,0.25],"texture":"#0"},"west":{"uv":[0.75,0,0.25,0.25],"texture":"#0"},"up":{"uv":[0.75,0.25,0.25,0],"rotation":270,"texture":"#0"},"down":{"uv":[0.75,0,0.25,0.25],"rotation":90,"texture":"#0"}}},{"from":[-0.51899,11.8015,-2.55],"to":[4.48101,14.8015,-2.55],"rotation":{"angle":-22.5,"axis":"z","origin":[8.05,10.9,7]},"faces":{"north":{"uv":[3.6875,0,3.0625,0.375],"texture":"#0"},"east":{"uv":[0.5625,2.1875,0.6875,5.3125],"texture":"#0"},"south":{"uv":[3.6875,0,3.0625,0.375],"texture":"#0"},"west":{"uv":[0.5625,2.1875,0.6875,5.3125],"texture":"#0"},"up":{"uv":[1.5,0.875,1.625,0.3125],"rotation":270,"texture":"#0"},"down":{"uv":[1.5,0.875,1.625,0.3125],"rotation":90,"texture":"#0"}}},{"from":[-0.48825,11.30599,-3.25],"to":[3.01175,12.80599,-2.25],"rotation":{"angle":-22.5,"axis":"z","origin":[8.05,10.9,7]},"faces":{"north":{"uv":[0.6875,1.3125,0.5,0.875],"rotation":270,"texture":"#0"},"east":{"uv":[0.5,1.5,0.625,1.3125],"texture":"#0"},"south":{"uv":[0.6875,0.875,0.5,1.3125],"rotation":270,"texture":"#0"},"west":{"uv":[0.5,1.5,0.625,1.3125],"texture":"#0"},"up":{"uv":[0.8125,0.875,0.6875,1.3125],"rotation":270,"texture":"#0"},"down":{"uv":[0.6875,0.25,0.5625,0.6875],"rotation":90,"texture":"#0"}}},{"from":[3.54813,11.79058,-3.5],"to":[6.04813,15.79058,-2],"rotation":{"angle":22.5,"axis":"z","origin":[8.05,10.9,7]},"faces":{"north":{"uv":[0.75,0.3125,1.0625,0.8125],"texture":"#0"},"east":{"uv":[2.5625,1.75,2.375,2.25],"texture":"#0"},"south":{"uv":[1.0625,0.3125,0.75,0.8125],"texture":"#0"},"west":{"uv":[1.25,0.3125,1.0625,0.8125],"texture":"#0"},"up":{"uv":[1.25,0.625,1.4375,0.3125],"rotation":270,"texture":"#0"},"down":{"uv":[1.25,0.625,1.4375,0.3125],"rotation":90,"texture":"#0"}}},{"from":[6.85,8.33597,-3.75],"to":[11.85,10.83597,-1.75],"rotation":{"angle":22.5,"axis":"z","origin":[8.05,10.9,7]},"faces":{"north":{"uv":[1.375,0,0.75,0.3125],"texture":"#0"},"east":{"uv":[1.375,0,1.625,0.3125],"texture":"#0"},"south":{"uv":[0.75,0,1.375,0.3125],"texture":"#0"},"west":{"uv":[1.375,0,1.625,0.3125],"texture":"#0"},"up":{"uv":[2.125,1.75,2.375,2.375],"rotation":270,"texture":"#0"},"down":{"uv":[0.5,0.25,0.75,0.875],"rotation":90,"texture":"#0"}}},{"from":[4.2,8.33597,-3.75],"to":[9.2,10.83597,-1.75],"rotation":{"angle":-22.5,"axis":"z","origin":[8.05,10.9,7]},"faces":{"north":{"uv":[0.75,0,1.375,0.3125],"texture":"#0"},"east":{"uv":[1.625,0,1.375,0.3125],"texture":"#0"},"south":{"uv":[1.375,0,0.75,0.3125],"texture":"#0"},"west":{"uv":[1.625,0,1.375,0.3125],"texture":"#0"},"up":{"uv":[2.125,2.375,2.375,1.75],"rotation":270,"texture":"#0"},"down":{"uv":[0.5,0.875,0.75,0.25],"rotation":90,"texture":"#0"}}},{"from":[6,8.84939,-4.25],"to":[10,12.84939,-1.25],"rotation":{"angle":45,"axis":"z","origin":[8.05,10.9,7]},"faces":{"north":{"uv":[0,0.25,0.5,0.75],"rotation":90,"texture":"#0"},"east":{"uv":[0.5,0.75,0,1.125],"rotation":90,"texture":"#0"},"south":{"uv":[0,0.75,0.5,0.25],"rotation":90,"texture":"#0"},"west":{"uv":[0.5,1.125,0,1.5],"rotation":90,"texture":"#0"},"up":{"uv":[0,0.75,0.5,1.125],"texture":"#0"},"down":{"uv":[0.5,1.125,0,1.5],"rotation":180,"texture":"#0"}}},{"from":[10.05187,11.79058,-3.5],"to":[12.55187,15.79058,-2],"rotation":{"angle":-22.5,"axis":"z","origin":[8.05,10.9,7]},"faces":{"north":{"uv":[1.0625,0.3125,0.75,0.8125],"texture":"#0"},"east":{"uv":[1.0625,0.3125,1.25,0.8125],"texture":"#0"},"south":{"uv":[0.75,0.3125,1.0625,0.8125],"texture":"#0"},"west":{"uv":[2.375,1.75,2.5625,2.25],"texture":"#0"},"up":{"uv":[1.25,0.3125,1.4375,0.625],"rotation":270,"texture":"#0"},"down":{"uv":[1.25,0.3125,1.4375,0.625],"rotation":90,"texture":"#0"}}},{"from":[13.08825,11.30599,-3.25],"to":[16.58825,12.80599,-2.25],"rotation":{"angle":22.5,"axis":"z","origin":[8.05,10.9,7]},"faces":{"north":{"uv":[0.6875,0.875,0.5,1.3125],"rotation":270,"texture":"#0"},"east":{"uv":[0.625,1.5,0.5,1.3125],"texture":"#0"},"south":{"uv":[0.6875,1.3125,0.5,0.875],"rotation":270,"texture":"#0"},"west":{"uv":[0.625,1.5,0.5,1.3125],"texture":"#0"},"up":{"uv":[0.8125,1.3125,0.6875,0.875],"rotation":270,"texture":"#0"},"down":{"uv":[0.6875,0.6875,0.5625,0.25],"rotation":90,"texture":"#0"}}},{"from":[11.61899,11.8015,-2.55],"to":[16.61899,14.8015,-2.55],"rotation":{"angle":22.5,"axis":"z","origin":[8.05,10.9,7]},"faces":{"north":{"uv":[3.0625,0,3.6875,0.375],"texture":"#0"},"east":{"uv":[0.6875,2.1875,0.5625,5.3125],"texture":"#0"},"south":{"uv":[3.0625,0,3.6875,0.375],"texture":"#0"},"west":{"uv":[0.6875,2.1875,0.5625,5.3125],"texture":"#0"},"up":{"uv":[1.5,0.3125,1.625,0.875],"rotation":270,"texture":"#0"},"down":{"uv":[1.5,0.3125,1.625,0.875],"rotation":90,"texture":"#0"}}},{"from":[0,9.87435,-0.9637],"to":[16,18.97435,-0.9637],"rotation":{"angle":22.5,"axis":"x","origin":[8.05,10.9,7]},"faces":{"north":{"uv":[6.6875,5.5,8.6875,6.625],"texture":"#0"},"east":{"uv":[0,0,0,16],"texture":"#missing"},"south":{"uv":[6.6875,5.5,8.6875,6.625],"texture":"#0"},"west":{"uv":[0,0,0,16],"texture":"#missing"},"up":{"uv":[0,0,0,16],"rotation":270,"texture":"#missing"},"down":{"uv":[0,0,0,16],"rotation":90,"texture":"#missing"}}},{"from":[0,9.5,17.5],"to":[16,18.6,17.5],"rotation":{"angle":-22.5,"axis":"x","origin":[8.05,10.9,9]},"faces":{"north":{"uv":[8.6875,5.5,6.6875,6.625],"texture":"#0"},"east":{"uv":[0,0,0,16],"texture":"#missing"},"south":{"uv":[8.6875,5.5,6.6875,6.625],"texture":"#0"},"west":{"uv":[0,0,0,16],"texture":"#missing"},"up":{"uv":[0,0,0,16],"rotation":270,"texture":"#missing"},"down":{"uv":[0,0,0,16],"rotation":90,"texture":"#missing"}}},{"from":[5.5,11.2,-3],"to":[10.5,15.2,-3],"rotation":{"angle":0,"axis":"y","origin":[0,-2.5,16.5]},"faces":{"north":{"uv":[3.6875,0,3.0625,0.5],"texture":"#0"},"east":{"uv":[0.5625,2.1875,0.6875,5.3125],"texture":"#0"},"south":{"uv":[3.6875,0,3.0625,0.5],"texture":"#0"},"west":{"uv":[0.5625,2.1875,0.6875,5.3125],"texture":"#0"},"up":{"uv":[1.5,0.875,1.625,0.3125],"rotation":90,"texture":"#0"},"down":{"uv":[1.5,0.875,1.625,0.3125],"rotation":270,"texture":"#0"}}},{"from":[5.5,6.2,-3],"to":[10.5,10.2,-3],"rotation":{"angle":0,"axis":"y","origin":[0,18.5,16.5]},"faces":{"north":{"uv":[3.6875,0.5,3.0625,0],"texture":"#0"},"east":{"uv":[0.5625,5.3125,0.6875,2.1875],"texture":"#0"},"south":{"uv":[3.6875,0.5,3.0625,0],"texture":"#0"},"west":{"uv":[0.5625,5.3125,0.6875,2.1875],"texture":"#0"},"up":{"uv":[1.625,0.875,1.5,0.3125],"rotation":270,"texture":"#0"},"down":{"uv":[1.625,0.875,1.5,0.3125],"rotation":90,"texture":"#0"}}}],"gui_light":"front","display":{"thirdperson_righthand":{"rotation":[50,0,0],"translation":[0,3.25,1.75],"scale":[0.4,0.4,0.4]},"thirdperson_lefthand":{"rotation":[50,0,0],"translation":[0,3.25,1.75],"scale":[0.4,0.4,0.4]},"firstperson_righthand":{"rotation":[0,137,0],"translation":[1.25,1.5,-3],"scale":[0.4,0.4,0.4]},"firstperson_lefthand":{"rotation":[0,137,0],"translation":[1.25,1.5,-3],"scale":[0.4,0.4,0.4]},"ground":{"translation":[0,1.75,0],"scale":[0.33242,0.33242,0.33242]},"gui":{"rotation":[9,157,0],"translation":[0,-1.5,-1.5],"scale":[0.38672,0.38672,0.38672]},"head":{"translation":[0,-37.25,0],"scale":[0.94961,0.94961,0.94961]},"fixed":{"rotation":[-90,0,0],"translation":[0.5,0.75,-10.25],"scale":[1.27188,1.27188,1.27188]}}}