{"credit":"Made with Blockbench","texture_size":[128,128],"textures":{"0":"elitecreatures:vinland_animated_weapon/vinland_texture_01","1":"elitecreatures:vinland_animated_weapon/vinland_animation_01","2":"elitecreatures:vinland_animated_weapon/vinland_animation_02","3":"elitecreatures:vinland_animated_weapon/vinland_animation_03","particle":"elitecreatures:vinland_animated_weapon/vinland_texture_01"},"elements":[{"from":[7,-13,7],"to":[9,-3,9],"rotation":{"angle":0,"axis":"y","origin":[0,-1,0]},"faces":{"north":{"uv":[2.125,0,1.875,1.25],"texture":"#0"},"east":{"uv":[1.625,0,1.875,1.25],"texture":"#0"},"south":{"uv":[2.125,0,1.875,1.25],"texture":"#0"},"west":{"uv":[1.625,0,1.875,1.25],"texture":"#0"},"up":{"uv":[1.125,1.25,1.375,1.5],"texture":"#0"},"down":{"uv":[1.125,1.25,1.375,1.5],"texture":"#0"}}},{"from":[7.5,0,5.75],"to":[8.5,25,10.25],"rotation":{"angle":0,"axis":"y","origin":[0,-2,-0.5]},"faces":{"north":{"uv":[0.6875,2.1875,0.5625,5.3125],"texture":"#0"},"east":{"uv":[0,2.1875,0.5625,5.3125],"texture":"#0"},"south":{"uv":[0.6875,2.1875,0.5625,5.3125],"texture":"#0"},"west":{"uv":[0,2.1875,0.5625,5.3125],"texture":"#0"},"up":{"uv":[1.5,0.3125,1.625,0.875],"texture":"#0"},"down":{"uv":[1.5,0.3125,1.625,0.875],"texture":"#0"}}},{"from":[7.8,25,5.5],"to":[7.8,29,10.5],"rotation":{"angle":0,"axis":"y","origin":[0,-2,16.5]},"faces":{"north":{"uv":[0.5625,2.1875,0.6875,5.3125],"texture":"#0"},"east":{"uv":[3.6875,0,3.0625,0.5],"texture":"#0"},"south":{"uv":[0.5625,2.1875,0.6875,5.3125],"texture":"#0"},"west":{"uv":[3.6875,0,3.0625,0.5],"texture":"#0"},"up":{"uv":[1.5,0.875,1.625,0.3125],"texture":"#0"},"down":{"uv":[1.5,0.875,1.625,0.3125],"texture":"#0"}}},{"from":[7.9,6.5,3.2],"to":[7.9,11.5,6.2],"rotation":{"angle":0,"axis":"y","origin":[7.8,6.5,2]},"faces":{"north":{"uv":[1.5,0.875,1.625,0.3125],"rotation":180,"texture":"#0"},"east":{"uv":[3.6875,0,3.0625,0.375],"rotation":90,"texture":"#0"},"south":{"uv":[1.5,0.875,1.625,0.3125],"texture":"#0"},"west":{"uv":[3.6875,0,3.0625,0.375],"rotation":270,"texture":"#0"},"up":{"uv":[0.5625,2.1875,0.6875,5.3125],"texture":"#0"},"down":{"uv":[0.5625,2.1875,0.6875,5.3125],"rotation":180,"texture":"#0"}}},{"from":[7.9,6.5,9.8],"to":[7.9,11.5,12.8],"rotation":{"angle":0,"axis":"y","origin":[7.8,6.5,14]},"faces":{"north":{"uv":[1.625,0.875,1.5,0.3125],"texture":"#0"},"east":{"uv":[3.6875,0.375,3.0625,0],"rotation":90,"texture":"#0"},"south":{"uv":[1.625,0.875,1.5,0.3125],"rotation":180,"texture":"#0"},"west":{"uv":[3.6875,0.375,3.0625,0],"rotation":270,"texture":"#0"},"up":{"uv":[0.5625,5.3125,0.6875,2.1875],"texture":"#0"},"down":{"uv":[0.5625,5.3125,0.6875,2.1875],"rotation":180,"texture":"#0"}}},{"from":[8.1,6.5,9.8],"to":[8.1,11.5,12.8],"rotation":{"angle":0,"axis":"y","origin":[8.2,6.5,14]},"faces":{"north":{"uv":[1.5,0.875,1.625,0.3125],"texture":"#0"},"east":{"uv":[3.6875,0,3.0625,0.375],"rotation":270,"texture":"#0"},"south":{"uv":[1.5,0.875,1.625,0.3125],"rotation":180,"texture":"#0"},"west":{"uv":[3.6875,0,3.0625,0.375],"rotation":90,"texture":"#0"},"up":{"uv":[0.6875,5.3125,0.5625,2.1875],"texture":"#0"},"down":{"uv":[0.6875,5.3125,0.5625,2.1875],"rotation":180,"texture":"#0"}}},{"from":[8.1,6.5,3.2],"to":[8.1,11.5,6.2],"rotation":{"angle":0,"axis":"y","origin":[8.2,6.5,2]},"faces":{"north":{"uv":[1.625,0.875,1.5,0.3125],"rotation":180,"texture":"#0"},"east":{"uv":[3.6875,0.375,3.0625,0],"rotation":270,"texture":"#0"},"south":{"uv":[1.625,0.875,1.5,0.3125],"texture":"#0"},"west":{"uv":[3.6875,0.375,3.0625,0],"rotation":90,"texture":"#0"},"up":{"uv":[0.6875,2.1875,0.5625,5.3125],"texture":"#0"},"down":{"uv":[0.6875,2.1875,0.5625,5.3125],"rotation":180,"texture":"#0"}}},{"from":[8.2,3.6,1.5],"to":[8.2,6.6,6.5],"rotation":{"angle":22.5,"axis":"x","origin":[8.2,6.5,2]},"faces":{"north":{"uv":[0.6875,2.1875,0.5625,5.3125],"texture":"#0"},"east":{"uv":[3.0625,0,3.6875,0.375],"texture":"#0"},"south":{"uv":[0.6875,2.1875,0.5625,5.3125],"texture":"#0"},"west":{"uv":[3.0625,0,3.6875,0.375],"texture":"#0"},"up":{"uv":[1.625,0.875,1.5,0.3125],"texture":"#0"},"down":{"uv":[1.625,0.875,1.5,0.3125],"texture":"#0"}}},{"from":[8.2,3.6,9.5],"to":[8.2,6.6,14.5],"rotation":{"angle":-22.5,"axis":"x","origin":[8.2,6.5,14]},"faces":{"north":{"uv":[0.5625,2.1875,0.6875,5.3125],"texture":"#0"},"east":{"uv":[3.6875,0,3.0625,0.375],"texture":"#0"},"south":{"uv":[0.5625,2.1875,0.6875,5.3125],"texture":"#0"},"west":{"uv":[3.6875,0,3.0625,0.375],"texture":"#0"},"up":{"uv":[1.625,0.3125,1.5,0.875],"texture":"#0"},"down":{"uv":[1.625,0.3125,1.5,0.875],"texture":"#0"}}},{"from":[8.2,25,5.5],"to":[8.2,29,10.5],"rotation":{"angle":0,"axis":"y","origin":[16,-2,16.5]},"faces":{"north":{"uv":[0.6875,2.1875,0.5625,5.3125],"texture":"#0"},"east":{"uv":[3.0625,0,3.6875,0.5],"texture":"#0"},"south":{"uv":[0.6875,2.1875,0.5625,5.3125],"texture":"#0"},"west":{"uv":[3.0625,0,3.6875,0.5],"texture":"#0"},"up":{"uv":[1.625,0.875,1.5,0.3125],"texture":"#0"},"down":{"uv":[1.625,0.875,1.5,0.3125],"texture":"#0"}}},{"from":[7.4,23.1,6.25],"to":[8.6,26.6,9.75],"rotation":{"angle":-45,"axis":"x","origin":[8,24.85,8]},"faces":{"north":{"uv":[2.625,1.75,2.75,1.3125],"texture":"#0"},"east":{"uv":[0.6875,1.875,1.125,2.3125],"texture":"#0"},"south":{"uv":[1.875,1.25,2,1.6875],"texture":"#0"},"west":{"uv":[1.125,1.875,0.6875,2.3125],"texture":"#0"},"up":{"uv":[1.875,1.6875,2,1.25],"texture":"#0"},"down":{"uv":[2.625,1.75,2.75,1.3125],"texture":"#0"}}},{"from":[8,3,2.25],"to":[8,32,14.25],"rotation":{"angle":0,"axis":"y","origin":[0,-2,0]},"faces":{"north":{"uv":[4,0,0,20],"texture":"#missing"},"east":{"uv":[16,0,14.5625,3.625],"texture":"#0"},"south":{"uv":[4,0,0,20],"texture":"#missing"},"west":{"uv":[14.5625,0,16,3.625],"texture":"#0"},"up":{"uv":[0,20,4,24],"texture":"#missing"},"down":{"uv":[0,20,4,24],"texture":"#missing"}}},{"from":[6.75,-5,6.75],"to":[9.25,-1.5,9.25],"rotation":{"angle":0,"axis":"y","origin":[7,2.5,8]},"faces":{"north":{"uv":[1.125,0.8125,1.4375,1.25],"texture":"#0"},"east":{"uv":[0.8125,0.8125,1.125,1.25],"texture":"#0"},"south":{"uv":[1.125,0.8125,1.4375,1.25],"texture":"#0"},"west":{"uv":[0.8125,0.8125,1.125,1.25],"texture":"#0"},"up":{"uv":[0.8125,1.25,1.125,1.5625],"texture":"#0"},"down":{"uv":[0.8125,1.25,1.125,1.5625],"texture":"#0"}}},{"from":[6.75,-13.5,6.75],"to":[9.25,-11,9.25],"rotation":{"angle":0,"axis":"y","origin":[7,11.5,8]},"faces":{"north":{"uv":[2,1.75,2.3125,1.4375],"texture":"#0"},"east":{"uv":[2,1.75,2.3125,1.4375],"texture":"#0"},"south":{"uv":[2,1.75,2.3125,1.4375],"texture":"#0"},"west":{"uv":[2,1.75,2.3125,1.4375],"texture":"#0"},"up":{"uv":[2.3125,1.75,2.625,1.4375],"texture":"#0"},"down":{"uv":[2.3125,1.75,2.625,1.4375],"texture":"#0"}}},{"from":[7.35,0,4.3],"to":[8.65,6,6.8],"rotation":{"angle":0,"axis":"y","origin":[8,-1,3.5]},"faces":{"north":{"uv":[1.875,1.25,1.6875,2],"texture":"#0"},"east":{"uv":[1.6875,1.25,1.375,2],"texture":"#0"},"south":{"uv":[0.875,2.6875,0.6875,3.4375],"texture":"#0"},"west":{"uv":[1.375,1.25,1.6875,2],"texture":"#0"}}},{"from":[7,6,2.8],"to":[9,9,6.8],"rotation":{"angle":0,"axis":"y","origin":[8,-1,3.5]},"faces":{"north":{"uv":[1.375,1.5,1.125,1.875],"texture":"#0"},"east":{"uv":[1.875,2,1.375,2.375],"texture":"#0"},"south":{"uv":[0.9375,2.3125,0.6875,2.6875],"texture":"#0"},"west":{"uv":[1.375,2,1.875,2.375],"texture":"#0"},"up":{"uv":[1.125,2.375,1.375,1.875],"texture":"#0"},"down":{"uv":[1.125,2.375,1.375,1.875],"texture":"#0"}}},{"from":[7,6,9.2],"to":[9,9,13.2],"rotation":{"angle":0,"axis":"y","origin":[8,-1,12.5]},"faces":{"north":{"uv":[0.6875,2.3125,0.9375,2.6875],"texture":"#0"},"east":{"uv":[1.375,2,1.875,2.375],"texture":"#0"},"south":{"uv":[1.125,1.5,1.375,1.875],"texture":"#0"},"west":{"uv":[1.875,2,1.375,2.375],"texture":"#0"},"up":{"uv":[1.125,1.875,1.375,2.375],"texture":"#0"},"down":{"uv":[1.125,1.875,1.375,2.375],"texture":"#0"}}},{"from":[6.5,5,-5],"to":[6.5,9,3],"rotation":{"angle":-22.5,"axis":"x","origin":[8,13,-2.5]},"faces":{"north":{"uv":[0,0,0,8],"texture":"#3"},"east":{"uv":[0,0,16,8],"texture":"#3"},"south":{"uv":[0,0,0,8],"texture":"#3"},"west":{"uv":[0,0,16,8],"texture":"#3"},"up":{"uv":[0,14,0,0],"texture":"#3"},"down":{"uv":[0,0,0,14],"texture":"#3"}}},{"from":[7.3,23,4],"to":[7.3,27,12],"rotation":{"angle":0,"axis":"y","origin":[8,13,-2.5]},"faces":{"north":{"uv":[0,0,0,8],"texture":"#3"},"east":{"uv":[0,0,16,8],"texture":"#3"},"south":{"uv":[0,0,0,8],"texture":"#3"},"west":{"uv":[0,0,16,8],"texture":"#3"},"up":{"uv":[0,14,0,0],"texture":"#3"},"down":{"uv":[0,0,0,14],"texture":"#3"}}},{"from":[8.7,23,4],"to":[8.7,27,12],"rotation":{"angle":0,"axis":"y","origin":[8,13,-2.5]},"faces":{"north":{"uv":[0,0,0,8],"texture":"#3"},"east":{"uv":[16,0,0,8],"texture":"#3"},"south":{"uv":[0,0,0,8],"texture":"#3"},"west":{"uv":[16,0,0,8],"texture":"#3"},"up":{"uv":[0,14,0,0],"texture":"#3"},"down":{"uv":[0,0,0,14],"texture":"#3"}}},{"from":[9,15,10],"to":[9,19,18],"rotation":{"angle":22.5,"axis":"x","origin":[8,13,-2.5]},"faces":{"north":{"uv":[0,0,0,8],"texture":"#3"},"east":{"uv":[0,0,16,8],"texture":"#3"},"south":{"uv":[0,0,0,8],"texture":"#3"},"west":{"uv":[0,0,16,8],"texture":"#3"},"up":{"uv":[0,14,0,0],"texture":"#3"},"down":{"uv":[0,0,0,14],"texture":"#3"}}},{"from":[7.35,0,9.2],"to":[8.65,6,11.7],"rotation":{"angle":0,"axis":"y","origin":[8,-1,12.5]},"faces":{"north":{"uv":[0.6875,2.6875,0.875,3.4375],"texture":"#0"},"east":{"uv":[1.375,1.25,1.6875,2],"texture":"#0"},"south":{"uv":[1.6875,1.25,1.875,2],"texture":"#0"},"west":{"uv":[1.6875,1.25,1.375,2],"texture":"#0"}}},{"from":[7.5,2.8,12.5],"to":[8.5,4.3,16],"rotation":{"angle":-22.5,"axis":"x","origin":[7.5,2.5,14]},"faces":{"north":{"uv":[0.625,1.5,0.5,1.3125],"texture":"#0"},"east":{"uv":[0.6875,0.875,0.5,1.3125],"rotation":270,"texture":"#0"},"south":{"uv":[0.625,1.5,0.5,1.3125],"texture":"#0"},"west":{"uv":[0.6875,1.3125,0.5,0.875],"rotation":270,"texture":"#0"},"up":{"uv":[0.8125,1.3125,0.6875,0.875],"texture":"#0"},"down":{"uv":[0.6875,0.6875,0.5625,0.25],"texture":"#0"}}},{"from":[7.25,-1,10],"to":[8.75,3,12.5],"rotation":{"angle":22.5,"axis":"x","origin":[8,-1,12.5]},"faces":{"north":{"uv":[2.375,1.75,2.5625,2.25],"texture":"#0"},"east":{"uv":[1.0625,0.3125,0.75,0.8125],"texture":"#0"},"south":{"uv":[1.0625,0.3125,1.25,0.8125],"texture":"#0"},"west":{"uv":[0.75,0.3125,1.0625,0.8125],"texture":"#0"},"up":{"uv":[1.25,0.3125,1.4375,0.625],"texture":"#0"},"down":{"uv":[1.25,0.3125,1.4375,0.625],"texture":"#0"}}},{"from":[7.25,-14.5,7],"to":[8.75,-11,9.5],"rotation":{"angle":-22.5,"axis":"x","origin":[8,-11,9.5]},"faces":{"north":{"uv":[2.375,2.1875,2.5625,1.75],"texture":"#0"},"east":{"uv":[1.0625,0.75,0.75,0.3125],"texture":"#0"},"south":{"uv":[1.0625,0.75,1.25,0.3125],"texture":"#0"},"west":{"uv":[0.75,0.75,1.0625,0.3125],"texture":"#0"},"up":{"uv":[1.25,0.625,1.4375,0.3125],"texture":"#0"},"down":{"uv":[1.25,0.625,1.4375,0.3125],"texture":"#0"}}},{"from":[7.25,-14.5,6.5],"to":[8.75,-11,9],"rotation":{"angle":22.5,"axis":"x","origin":[8,-11,6.5]},"faces":{"north":{"uv":[1.25,0.75,1.0625,0.3125],"texture":"#0"},"east":{"uv":[0.75,0.75,1.0625,0.3125],"texture":"#0"},"south":{"uv":[2.5625,2.1875,2.375,1.75],"texture":"#0"},"west":{"uv":[1.0625,0.75,0.75,0.3125],"texture":"#0"},"up":{"uv":[1.25,0.3125,1.4375,0.625],"texture":"#0"},"down":{"uv":[1.25,0.3125,1.4375,0.625],"texture":"#0"}}},{"from":[7,-3,7.5],"to":[9,-0.5,12.5],"rotation":{"angle":-22.5,"axis":"x","origin":[7,-2,7.5]},"faces":{"north":{"uv":[1.375,0,1.625,0.3125],"texture":"#0"},"east":{"uv":[1.375,0,0.75,0.3125],"texture":"#0"},"south":{"uv":[1.375,0,1.625,0.3125],"texture":"#0"},"west":{"uv":[0.75,0,1.375,0.3125],"texture":"#0"},"up":{"uv":[2.125,1.75,2.375,2.375],"texture":"#0"},"down":{"uv":[0.5,0.25,0.75,0.875],"texture":"#0"}}},{"from":[7.5,2.8,0],"to":[8.5,4.3,3.5],"rotation":{"angle":22.5,"axis":"x","origin":[7.5,2.5,2]},"faces":{"north":{"uv":[0.5,1.5,0.625,1.3125],"texture":"#0"},"east":{"uv":[0.6875,1.3125,0.5,0.875],"rotation":270,"texture":"#0"},"south":{"uv":[0.5,1.5,0.625,1.3125],"texture":"#0"},"west":{"uv":[0.6875,0.875,0.5,1.3125],"rotation":270,"texture":"#0"},"up":{"uv":[0.8125,0.875,0.6875,1.3125],"texture":"#0"},"down":{"uv":[0.6875,0.25,0.5625,0.6875],"texture":"#0"}}},{"from":[7.25,-1,3.5],"to":[8.75,3,6],"rotation":{"angle":-22.5,"axis":"x","origin":[8,-1,3.5]},"faces":{"north":{"uv":[1.25,0.3125,1.0625,0.8125],"texture":"#0"},"east":{"uv":[0.75,0.3125,1.0625,0.8125],"texture":"#0"},"south":{"uv":[2.5625,1.75,2.375,2.25],"texture":"#0"},"west":{"uv":[1.0625,0.3125,0.75,0.8125],"texture":"#0"},"up":{"uv":[1.25,0.625,1.4375,0.3125],"texture":"#0"},"down":{"uv":[1.25,0.625,1.4375,0.3125],"texture":"#0"}}},{"from":[7,-3,3.5],"to":[9,-0.5,8.5],"rotation":{"angle":22.5,"axis":"x","origin":[7,-2,8.5]},"faces":{"north":{"uv":[1.625,0,1.375,0.3125],"texture":"#0"},"east":{"uv":[0.75,0,1.375,0.3125],"texture":"#0"},"south":{"uv":[1.625,0,1.375,0.3125],"texture":"#0"},"west":{"uv":[1.375,0,0.75,0.3125],"texture":"#0"},"up":{"uv":[2.125,2.375,2.375,1.75],"texture":"#0"},"down":{"uv":[0.5,0.875,0.75,0.25],"texture":"#0"}}},{"from":[6,-1.79289,8.5],"to":[10,0.20711,10.5],"rotation":{"angle":-45,"axis":"x","origin":[8,-2.29289,8]},"faces":{"north":{"uv":[0.75,0,0.25,0.25],"texture":"#0"},"east":{"uv":[0,0,0.25,0.25],"texture":"#0"},"south":{"uv":[0.75,0,0.25,0.25],"texture":"#0"},"west":{"uv":[0.25,0,0,0.25],"texture":"#0"},"up":{"uv":[0.75,0.25,0.25,0],"texture":"#0"},"down":{"uv":[0.75,0,0.25,0.25],"texture":"#0"}}},{"from":[6.9,-16,8.5],"to":[6.9,-13.20711,11.5],"rotation":{"angle":45,"axis":"x","origin":[8,-12.70711,8]},"faces":{"north":{"uv":[0,10,0,0],"texture":"#1"},"east":{"uv":[10,10,0,0],"texture":"#1"},"south":{"uv":[0,10,0,0],"texture":"#1"},"west":{"uv":[0,10,10,0],"texture":"#1"},"up":{"uv":[0,10,0,0],"texture":"#1"},"down":{"uv":[0,0,0,10],"texture":"#1"}}},{"from":[9.1,-16,8.5],"to":[9.1,-13.20711,11.5],"rotation":{"angle":45,"axis":"x","origin":[8,-12.70711,8]},"faces":{"north":{"uv":[0,10,0,0],"texture":"#1"},"east":{"uv":[10,10,0,0],"texture":"#1"},"south":{"uv":[0,10,0,0],"texture":"#1"},"west":{"uv":[0,10,10,0],"texture":"#1"},"up":{"uv":[0,10,0,0],"texture":"#1"},"down":{"uv":[0,0,0,10],"texture":"#1"}}},{"from":[5.9,-1.79289,7.5],"to":[5.9,3.20711,12.5],"rotation":{"angle":-45,"axis":"x","origin":[8,-1.29289,8]},"faces":{"north":{"uv":[0,0,0,10],"texture":"#1"},"east":{"uv":[10,0,0,10],"texture":"#1"},"south":{"uv":[0,0,0,10],"texture":"#1"},"west":{"uv":[0,0,10,10],"texture":"#1"},"up":{"uv":[0,10,0,0],"texture":"#1"},"down":{"uv":[0,0,0,10],"texture":"#1"}}},{"from":[6.5,-3,8],"to":[9.5,1,12],"rotation":{"angle":-45,"axis":"x","origin":[8,-3,8]},"faces":{"north":{"uv":[0.5,1.125,0,1.5],"rotation":90,"texture":"#0"},"east":{"uv":[0,0.25,0.5,0.75],"rotation":90,"texture":"#0"},"south":{"uv":[0.5,0.75,0,1.125],"rotation":90,"texture":"#0"},"west":{"uv":[0,0.75,0.5,0.25],"rotation":90,"texture":"#0"},"up":{"uv":[0,0.75,0.5,1.125],"rotation":90,"texture":"#0"},"down":{"uv":[0.5,1.125,0,1.5],"rotation":90,"texture":"#0"}}},{"from":[8,-4,-2],"to":[8,6,8],"rotation":{"angle":22.5,"axis":"x","origin":[0,-1,0]},"faces":{"north":{"uv":[0,0,0,56],"rotation":180,"texture":"#missing"},"east":{"uv":[4.9375,1.25,3.6875,0],"rotation":270,"texture":"#0"},"south":{"uv":[0,0,0,56],"texture":"#missing"},"west":{"uv":[4.9375,0,3.6875,1.25],"rotation":270,"texture":"#0"},"up":{"uv":[0,0,0,88],"texture":"#missing"},"down":{"uv":[0,0,0,88],"rotation":180,"texture":"#missing"}}},{"from":[8,-4,8],"to":[8,6,18],"rotation":{"angle":-22.5,"axis":"x","origin":[0,-1,16]},"faces":{"north":{"uv":[0,0,0,56],"texture":"#missing"},"east":{"uv":[4.9375,0,3.6875,1.25],"rotation":270,"texture":"#0"},"south":{"uv":[0,0,0,56],"rotation":180,"texture":"#missing"},"west":{"uv":[4.9375,1.25,3.6875,0],"rotation":270,"texture":"#0"},"up":{"uv":[0,88,0,0],"texture":"#missing"},"down":{"uv":[0,88,0,0],"rotation":180,"texture":"#missing"}}},{"from":[7,-15.4,7],"to":[9,-12.9,9],"rotation":{"angle":0,"axis":"y","origin":[7,5.5,8]},"faces":{"north":{"uv":[1.875,1.75,2.125,2.0625],"texture":"#0"},"east":{"uv":[1.875,1.75,2.125,2.0625],"texture":"#0"},"south":{"uv":[1.875,1.75,2.125,2.0625],"texture":"#0"},"west":{"uv":[1.875,1.75,2.125,2.0625],"texture":"#0"},"up":{"uv":[1.875,2.0625,2.125,2.3125],"texture":"#0"},"down":{"uv":[1.875,2.0625,2.125,2.3125],"texture":"#0"}}},{"from":[7.3,3.5,7.25],"to":[7.3,22.5,8.75],"faces":{"north":{"uv":[0,0,0,9.5],"texture":"#2"},"east":{"uv":[1,0,0,9.5],"texture":"#2"},"south":{"uv":[0,0,0,9.5],"texture":"#2"},"west":{"uv":[0,0,1,9.5],"texture":"#2"},"up":{"uv":[0,1,0,0],"texture":"#2"},"down":{"uv":[0,0,0,1],"texture":"#2"}}},{"from":[8.7,3.5,7.25],"to":[8.7,22.5,8.75],"rotation":{"angle":0,"axis":"y","origin":[16,0,0]},"faces":{"north":{"uv":[0,0,0,9.5],"texture":"#2"},"east":{"uv":[1,0,0,9.5],"texture":"#2"},"south":{"uv":[0,0,0,9.5],"texture":"#2"},"west":{"uv":[0,0,1,9.5],"texture":"#2"},"up":{"uv":[0,1,0,0],"texture":"#2"},"down":{"uv":[0,0,0,1],"texture":"#2"}}},{"from":[10.1,-1.79289,7.5],"to":[10.1,3.20711,12.5],"rotation":{"angle":-45,"axis":"x","origin":[8,-1.29289,8]},"faces":{"north":{"uv":[0,0,0,10],"texture":"#1"},"east":{"uv":[10,0,0,10],"texture":"#1"},"south":{"uv":[0,0,0,10],"texture":"#1"},"west":{"uv":[0,0,10,10],"texture":"#1"},"up":{"uv":[0,10,0,0],"texture":"#1"},"down":{"uv":[0,0,0,10],"texture":"#1"}}}],"gui_light":"front","display":{"thirdperson_righthand":{"translation":[0,9.25,1.75],"scale":[0.7,0.7,0.7]},"thirdperson_lefthand":{"translation":[0,9.25,1.75],"scale":[0.7,0.7,0.7]},"firstperson_righthand":{"rotation":[-10,10,0],"translation":[0,5.5,0],"scale":[0.46523,0.46523,0.46523]},"firstperson_lefthand":{"rotation":[-10,10,0],"translation":[0,5.5,0],"scale":[0.46523,0.46523,0.46523]},"ground":{"rotation":[0,0,80],"translation":[-2,-1.5,0],"scale":[0.45352,0.45352,0.45352]},"gui":{"rotation":[-90,-45,-90],"translation":[0.25,0,-1.5],"scale":[0.43945,0.43945,0.43945]},"head":{"rotation":[-77.97,-13.17,-87.22],"translation":[3,13.25,1.75],"scale":[0.6,0.6,0.6]},"fixed":{"rotation":[-90,-45,-90],"translation":[2.25,0.75,-1.5],"scale":[1.04531,1.04531,1.04531]}}}