{"credit":"Made with Blockbench","texture_size":[128,128],"textures":{"0":"elitecreatures:vinland_animated_weapon/vinland_texture_01","1":"elitecreatures:vinland_animated_weapon/vinland_animation_01","3":"elitecreatures:vinland_animated_weapon/vinland_animation_03","particle":"elitecreatures:vinland_animated_weapon/vinland_texture_01"},"elements":[{"from":[7,-13,7],"to":[9,-3,9],"rotation":{"angle":0,"axis":"y","origin":[0,-1,0]},"faces":{"north":{"uv":[2.125,0,1.875,1.25],"texture":"#0"},"east":{"uv":[1.625,0,1.875,1.25],"texture":"#0"},"south":{"uv":[2.125,0,1.875,1.25],"texture":"#0"},"west":{"uv":[1.625,0,1.875,1.25],"texture":"#0"},"up":{"uv":[1.125,1.25,1.375,1.5],"texture":"#0"},"down":{"uv":[1.125,1.25,1.375,1.5],"texture":"#0"}}},{"from":[7.35,0,5.5],"to":[8.65,5,8],"rotation":{"angle":0,"axis":"y","origin":[8,-1,3.5]},"faces":{"north":{"uv":[1.85,1.25,1.6875,1.875],"texture":"#0"},"east":{"uv":[1.6875,1.25,1.375,1.875],"texture":"#0"},"south":{"uv":[0.85,2.6875,0.6875,3.3125],"texture":"#0"},"west":{"uv":[1.375,1.25,1.6875,1.875],"texture":"#0"}}},{"from":[7,5,4],"to":[9,8,8],"rotation":{"angle":0,"axis":"y","origin":[8,-1,3.5]},"faces":{"north":{"uv":[1.375,1.5,1.125,1.875],"texture":"#0"},"east":{"uv":[1.875,2,1.375,2.375],"texture":"#0"},"south":{"uv":[0.9375,2.3125,0.6875,2.6875],"texture":"#0"},"west":{"uv":[1.375,2,1.875,2.375],"texture":"#0"},"up":{"uv":[1.125,2.375,1.375,1.875],"texture":"#0"},"down":{"uv":[1.125,2.375,1.375,1.875],"texture":"#0"}}},{"from":[7.35,0,8],"to":[8.65,5,10.5],"rotation":{"angle":0,"axis":"y","origin":[8,-1,12.5]},"faces":{"north":{"uv":[0.6875,2.6875,0.85,3.3125],"texture":"#0"},"east":{"uv":[1.375,1.25,1.6875,1.875],"texture":"#0"},"south":{"uv":[1.6875,1.25,1.85,1.875],"texture":"#0"},"west":{"uv":[1.6875,1.25,1.375,1.875],"texture":"#0"}}},{"from":[7,5,8],"to":[9,8,12],"rotation":{"angle":0,"axis":"y","origin":[8,-1,12.5]},"faces":{"north":{"uv":[0.6875,2.3125,0.9375,2.6875],"texture":"#0"},"east":{"uv":[1.375,2,1.875,2.375],"texture":"#0"},"south":{"uv":[1.125,1.5,1.375,1.875],"texture":"#0"},"west":{"uv":[1.875,2,1.375,2.375],"texture":"#0"},"up":{"uv":[1.125,1.875,1.375,2.375],"texture":"#0"},"down":{"uv":[1.125,1.875,1.375,2.375],"texture":"#0"}}},{"from":[9,13,10],"to":[9,17,18],"rotation":{"angle":22.5,"axis":"x","origin":[8,11,-2.5]},"faces":{"north":{"uv":[0,0,0,8],"texture":"#3"},"east":{"uv":[0,0,16,8],"texture":"#3"},"south":{"uv":[0,0,0,8],"texture":"#3"},"west":{"uv":[0,0,16,8],"texture":"#3"},"up":{"uv":[0,14,0,0],"texture":"#3"},"down":{"uv":[0,0,0,14],"texture":"#3"}}},{"from":[6.5,25,4],"to":[6.5,29,12],"rotation":{"angle":0,"axis":"y","origin":[8,11,-2.5]},"faces":{"north":{"uv":[0,0,0,8],"texture":"#3"},"east":{"uv":[0,0,16,8],"texture":"#3"},"south":{"uv":[0,0,0,8],"texture":"#3"},"west":{"uv":[0,0,16,8],"texture":"#3"},"up":{"uv":[0,14,0,0],"texture":"#3"},"down":{"uv":[0,0,0,14],"texture":"#3"}}},{"from":[9.5,25,4],"to":[9.5,29,12],"rotation":{"angle":0,"axis":"y","origin":[8,11,-2.5]},"faces":{"north":{"uv":[0,0,0,8],"texture":"#3"},"east":{"uv":[16,0,0,8],"texture":"#3"},"south":{"uv":[0,0,0,8],"texture":"#3"},"west":{"uv":[16,0,0,8],"texture":"#3"},"up":{"uv":[0,14,0,0],"texture":"#3"},"down":{"uv":[0,0,0,14],"texture":"#3"}}},{"from":[6.5,3,-5],"to":[6.5,7,3],"rotation":{"angle":-22.5,"axis":"x","origin":[8,11,-2.5]},"faces":{"north":{"uv":[0,0,0,8],"texture":"#3"},"east":{"uv":[0,0,16,8],"texture":"#3"},"south":{"uv":[0,0,0,8],"texture":"#3"},"west":{"uv":[0,0,16,8],"texture":"#3"},"up":{"uv":[0,14,0,0],"texture":"#3"},"down":{"uv":[0,0,0,14],"texture":"#3"}}},{"from":[6.8,24.6,6.25],"to":[8,28.1,9.75],"rotation":{"angle":-45,"axis":"x","origin":[8,26.35,8]},"faces":{"north":{"uv":[2.625,1.75,2.75,1.3125],"texture":"#0"},"east":{"uv":[0.6875,1.875,1.125,2.3125],"texture":"#0"},"south":{"uv":[1.875,1.25,2,1.6875],"texture":"#0"},"west":{"uv":[1.125,1.875,0.6875,2.3125],"texture":"#0"},"up":{"uv":[1.875,1.6875,2,1.25],"texture":"#0"},"down":{"uv":[2.625,1.75,2.75,1.3125],"texture":"#0"}}},{"from":[8,24.6,6.25],"to":[9.2,28.1,9.75],"rotation":{"angle":-45,"axis":"x","origin":[8,26.35,8]},"faces":{"north":{"uv":[2.75,1.75,2.625,1.3125],"texture":"#0"},"east":{"uv":[0.6875,1.875,1.125,2.3125],"texture":"#0"},"south":{"uv":[2,1.25,1.875,1.6875],"texture":"#0"},"west":{"uv":[1.125,1.875,0.6875,2.3125],"texture":"#0"},"up":{"uv":[2,1.6875,1.875,1.25],"texture":"#0"},"down":{"uv":[2.75,1.75,2.625,1.3125],"texture":"#0"}}},{"from":[6.75,-5,6.75],"to":[9.25,-1.5,9.25],"rotation":{"angle":0,"axis":"y","origin":[7,2.5,8]},"faces":{"north":{"uv":[1.125,0.8125,1.4375,1.25],"texture":"#0"},"east":{"uv":[0.8125,0.8125,1.125,1.25],"texture":"#0"},"south":{"uv":[1.125,0.8125,1.4375,1.25],"texture":"#0"},"west":{"uv":[0.8125,0.8125,1.125,1.25],"texture":"#0"},"up":{"uv":[0.8125,1.25,1.125,1.5625],"texture":"#0"},"down":{"uv":[0.8125,1.25,1.125,1.5625],"texture":"#0"}}},{"from":[6.75,-13.5,6.75],"to":[9.25,-11,9.25],"rotation":{"angle":0,"axis":"y","origin":[7,11.5,8]},"faces":{"north":{"uv":[2,1.75,2.3125,1.4375],"texture":"#0"},"east":{"uv":[2,1.75,2.3125,1.4375],"texture":"#0"},"south":{"uv":[2,1.75,2.3125,1.4375],"texture":"#0"},"west":{"uv":[2,1.75,2.3125,1.4375],"texture":"#0"},"up":{"uv":[2.3125,1.75,2.625,1.4375],"texture":"#0"},"down":{"uv":[2.3125,1.75,2.625,1.4375],"texture":"#0"}}},{"from":[7.25,-1,10],"to":[8.75,3,12.5],"rotation":{"angle":0,"axis":"y","origin":[8,-1,12.5]},"faces":{"north":{"uv":[2.375,1.75,2.5625,2.25],"texture":"#0"},"east":{"uv":[1.0625,0.3125,0.75,0.8125],"texture":"#0"},"south":{"uv":[1.0625,0.3125,1.25,0.8125],"texture":"#0"},"west":{"uv":[0.75,0.3125,1.0625,0.8125],"texture":"#0"},"up":{"uv":[1.25,0.3125,1.4375,0.625],"texture":"#0"},"down":{"uv":[1.25,0.3125,1.4375,0.625],"texture":"#0"}}},{"from":[7.25,-1,3.5],"to":[8.75,3,6],"rotation":{"angle":0,"axis":"y","origin":[8,-1,3.5]},"faces":{"north":{"uv":[1.25,0.3125,1.0625,0.8125],"texture":"#0"},"east":{"uv":[0.75,0.3125,1.0625,0.8125],"texture":"#0"},"south":{"uv":[2.5625,1.75,2.375,2.25],"texture":"#0"},"west":{"uv":[1.0625,0.3125,0.75,0.8125],"texture":"#0"},"up":{"uv":[1.25,0.625,1.4375,0.3125],"texture":"#0"},"down":{"uv":[1.25,0.625,1.4375,0.3125],"texture":"#0"}}},{"from":[7.25,-14.5,7],"to":[8.75,-11,9.5],"rotation":{"angle":-22.5,"axis":"x","origin":[8,-11,9.5]},"faces":{"north":{"uv":[2.375,2.1875,2.5625,1.75],"texture":"#0"},"east":{"uv":[1.0625,0.75,0.75,0.3125],"texture":"#0"},"south":{"uv":[1.0625,0.75,1.25,0.3125],"texture":"#0"},"west":{"uv":[0.75,0.75,1.0625,0.3125],"texture":"#0"},"up":{"uv":[1.25,0.625,1.4375,0.3125],"texture":"#0"},"down":{"uv":[1.25,0.625,1.4375,0.3125],"texture":"#0"}}},{"from":[7.25,-14.5,6.5],"to":[8.75,-11,9],"rotation":{"angle":22.5,"axis":"x","origin":[8,-11,6.5]},"faces":{"north":{"uv":[1.25,0.75,1.0625,0.3125],"texture":"#0"},"east":{"uv":[0.75,0.75,1.0625,0.3125],"texture":"#0"},"south":{"uv":[2.5625,2.1875,2.375,1.75],"texture":"#0"},"west":{"uv":[1.0625,0.75,0.75,0.3125],"texture":"#0"},"up":{"uv":[1.25,0.3125,1.4375,0.625],"texture":"#0"},"down":{"uv":[1.25,0.3125,1.4375,0.625],"texture":"#0"}}},{"from":[7,-3,7.5],"to":[9,-0.5,12.5],"rotation":{"angle":-22.5,"axis":"x","origin":[7,-2,7.5]},"faces":{"north":{"uv":[1.375,0,1.625,0.3125],"texture":"#0"},"east":{"uv":[1.375,0,0.75,0.3125],"texture":"#0"},"south":{"uv":[1.375,0,1.625,0.3125],"texture":"#0"},"west":{"uv":[0.75,0,1.375,0.3125],"texture":"#0"},"up":{"uv":[2.125,1.75,2.375,2.375],"texture":"#0"},"down":{"uv":[0.5,0.25,0.75,0.875],"texture":"#0"}}},{"from":[7,-3,3.5],"to":[9,-0.5,8.5],"rotation":{"angle":22.5,"axis":"x","origin":[7,-2,8.5]},"faces":{"north":{"uv":[1.625,0,1.375,0.3125],"texture":"#0"},"east":{"uv":[0.75,0,1.375,0.3125],"texture":"#0"},"south":{"uv":[1.625,0,1.375,0.3125],"texture":"#0"},"west":{"uv":[1.375,0,0.75,0.3125],"texture":"#0"},"up":{"uv":[2.125,2.375,2.375,1.75],"texture":"#0"},"down":{"uv":[0.5,0.875,0.75,0.25],"texture":"#0"}}},{"from":[6,-1.79289,8.5],"to":[10,0.20711,10.5],"rotation":{"angle":-45,"axis":"x","origin":[8,-2.29289,8]},"faces":{"north":{"uv":[0.75,0,0.25,0.25],"texture":"#0"},"east":{"uv":[0,0,0.25,0.25],"texture":"#0"},"south":{"uv":[0.75,0,0.25,0.25],"texture":"#0"},"west":{"uv":[0.25,0,0,0.25],"texture":"#0"},"up":{"uv":[0.75,0.25,0.25,0],"texture":"#0"},"down":{"uv":[0.75,0,0.25,0.25],"texture":"#0"}}},{"from":[6.9,-16,8.5],"to":[6.9,-13.20711,11.5],"rotation":{"angle":45,"axis":"x","origin":[8,-12.70711,8]},"faces":{"north":{"uv":[0,10,0,0],"texture":"#1"},"east":{"uv":[10,10,0,0],"texture":"#1"},"south":{"uv":[0,10,0,0],"texture":"#1"},"west":{"uv":[0,10,10,0],"texture":"#1"},"up":{"uv":[0,10,0,0],"texture":"#1"},"down":{"uv":[0,0,0,10],"texture":"#1"}}},{"from":[9.1,-16,8.5],"to":[9.1,-13.20711,11.5],"rotation":{"angle":45,"axis":"x","origin":[8,-12.70711,8]},"faces":{"north":{"uv":[0,10,0,0],"texture":"#1"},"east":{"uv":[10,10,0,0],"texture":"#1"},"south":{"uv":[0,10,0,0],"texture":"#1"},"west":{"uv":[0,10,10,0],"texture":"#1"},"up":{"uv":[0,10,0,0],"texture":"#1"},"down":{"uv":[0,0,0,10],"texture":"#1"}}},{"from":[6.5,-3,8],"to":[9.5,1,12],"rotation":{"angle":-45,"axis":"x","origin":[8,-3,8]},"faces":{"north":{"uv":[0.5,1.125,0,1.5],"rotation":90,"texture":"#0"},"east":{"uv":[0,0.25,0.5,0.75],"rotation":90,"texture":"#0"},"south":{"uv":[0.5,0.75,0,1.125],"rotation":90,"texture":"#0"},"west":{"uv":[0,0.75,0.5,0.25],"rotation":90,"texture":"#0"},"up":{"uv":[0,0.75,0.5,1.125],"rotation":90,"texture":"#0"},"down":{"uv":[0.5,1.125,0,1.5],"rotation":90,"texture":"#0"}}},{"from":[7,-15.4,7],"to":[9,-12.9,9],"rotation":{"angle":0,"axis":"y","origin":[7,5.5,8]},"faces":{"north":{"uv":[1.875,1.75,2.125,2.0625],"texture":"#0"},"east":{"uv":[1.875,1.75,2.125,2.0625],"texture":"#0"},"south":{"uv":[1.875,1.75,2.125,2.0625],"texture":"#0"},"west":{"uv":[1.875,1.75,2.125,2.0625],"texture":"#0"},"up":{"uv":[1.875,2.0625,2.125,2.3125],"texture":"#0"},"down":{"uv":[1.875,2.0625,2.125,2.3125],"texture":"#0"}}},{"from":[10.1,-1.79289,7.5],"to":[10.1,3.20711,12.5],"rotation":{"angle":-45,"axis":"x","origin":[8,-1.29289,8]},"faces":{"north":{"uv":[0,0,0,10],"texture":"#1"},"east":{"uv":[10,0,0,10],"texture":"#1"},"south":{"uv":[0,0,0,10],"texture":"#1"},"west":{"uv":[0,0,10,10],"texture":"#1"},"up":{"uv":[0,10,0,0],"texture":"#1"},"down":{"uv":[0,0,0,10],"texture":"#1"}}},{"from":[5.9,-1.79289,7.5],"to":[5.9,3.20711,12.5],"rotation":{"angle":-45,"axis":"x","origin":[8,-1.29289,8]},"faces":{"north":{"uv":[0,0,0,10],"texture":"#1"},"east":{"uv":[10,0,0,10],"texture":"#1"},"south":{"uv":[0,0,0,10],"texture":"#1"},"west":{"uv":[0,0,10,10],"texture":"#1"},"up":{"uv":[0,10,0,0],"texture":"#1"},"down":{"uv":[0,0,0,10],"texture":"#1"}}},{"from":[7,17,7],"to":[9,25.5,9],"rotation":{"angle":0,"axis":"y","origin":[0,3,0]},"faces":{"north":{"uv":[3.5625,2.1875,3.3125,3.25],"texture":"#0"},"east":{"uv":[3.3125,2.1875,3.5625,3.25],"texture":"#0"},"south":{"uv":[3.5625,2.1875,3.3125,3.25],"texture":"#0"},"west":{"uv":[3.3125,2.1875,3.5625,3.25],"texture":"#0"},"up":{"uv":[1.125,1.25,1.375,1.5],"texture":"#0"},"down":{"uv":[1.125,1.25,1.375,1.5],"texture":"#0"}}},{"from":[7,9,7],"to":[9,17.5,9],"rotation":{"angle":0,"axis":"y","origin":[0,3,0]},"faces":{"north":{"uv":[3.5625,2.1875,3.3125,3.25],"texture":"#0"},"east":{"uv":[3.3125,2.1875,3.5625,3.25],"texture":"#0"},"south":{"uv":[3.5625,2.1875,3.3125,3.25],"texture":"#0"},"west":{"uv":[3.3125,2.1875,3.5625,3.25],"texture":"#0"},"up":{"uv":[1.125,1.25,1.375,1.5],"texture":"#0"},"down":{"uv":[1.125,1.25,1.375,1.5],"texture":"#0"}}},{"from":[8,-5.05064,-4.15064],"to":[8,-0.05064,0.34936],"rotation":{"angle":22.5,"axis":"x","origin":[7.05313,7.44936,8]},"faces":{"north":{"uv":[0,0,2.5,0],"rotation":90,"texture":"#missing"},"east":{"uv":[1.625,2.875,1,3.4375],"rotation":90,"texture":"#0"},"south":{"uv":[0,0,2.5,0],"rotation":270,"texture":"#missing"},"west":{"uv":[1,2.875,1.625,3.4375],"rotation":270,"texture":"#0"},"up":{"uv":[7.5625,0,7.625,0],"rotation":90,"texture":"#missing"},"down":{"uv":[7.5625,0,7.625,0],"rotation":270,"texture":"#missing"}}},{"from":[6.75,0.89348,-3.79951],"to":[9.25,1.89348,-1.29951],"rotation":{"angle":22.5,"axis":"x","origin":[7.05313,7.44936,7]},"faces":{"north":{"uv":[1.75,2.875,1.625,3.1875],"rotation":90,"texture":"#0"},"east":{"uv":[1.625,2.875,1.75,3.1875],"rotation":90,"texture":"#0"},"south":{"uv":[1.75,2.875,1.625,3.1875],"rotation":270,"texture":"#0"},"west":{"uv":[1.625,2.875,1.75,3.1875],"rotation":270,"texture":"#0"},"up":{"uv":[1.75,2.875,2.0625,3.1875],"rotation":90,"texture":"#0"},"down":{"uv":[1.75,2.875,2.0625,3.1875],"rotation":270,"texture":"#0"}}},{"from":[8,-0.5,10],"to":[8,4.5,14],"rotation":{"angle":0,"axis":"y","origin":[0,-2.5,16.5]},"faces":{"north":{"uv":[1.5,0.875,1.625,0.3125],"rotation":180,"texture":"#0"},"east":{"uv":[3.6875,0,3.0625,0.5],"rotation":270,"texture":"#0"},"south":{"uv":[1.5,0.875,1.625,0.3125],"texture":"#0"},"west":{"uv":[3.6875,0,3.0625,0.5],"rotation":90,"texture":"#0"},"up":{"uv":[0.5625,2.1875,0.6875,5.3125],"rotation":180,"texture":"#0"},"down":{"uv":[0.5625,2.1875,0.6875,5.3125],"texture":"#0"}}},{"from":[8,26.5,5.5],"to":[8,30.5,10.5],"rotation":{"angle":0,"axis":"y","origin":[0,-2.5,16.5]},"faces":{"north":{"uv":[0.5625,2.1875,0.6875,5.3125],"texture":"#0"},"east":{"uv":[3.6875,0,3.0625,0.5],"texture":"#0"},"south":{"uv":[0.5625,2.1875,0.6875,5.3125],"texture":"#0"},"west":{"uv":[3.6875,0,3.0625,0.5],"texture":"#0"},"up":{"uv":[1.5,0.875,1.625,0.3125],"texture":"#0"},"down":{"uv":[1.5,0.875,1.625,0.3125],"texture":"#0"}}},{"from":[8,-0.5,2],"to":[8,4.5,6],"rotation":{"angle":0,"axis":"y","origin":[0,-2.5,-0.5]},"faces":{"north":{"uv":[1.625,0.875,1.5,0.3125],"texture":"#0"},"east":{"uv":[3.6875,0.5,3.0625,0],"rotation":270,"texture":"#0"},"south":{"uv":[1.625,0.875,1.5,0.3125],"rotation":180,"texture":"#0"},"west":{"uv":[3.6875,0.5,3.0625,0],"rotation":90,"texture":"#0"},"up":{"uv":[0.5625,5.3125,0.6875,2.1875],"rotation":180,"texture":"#0"},"down":{"uv":[0.5625,5.3125,0.6875,2.1875],"texture":"#0"}}},{"from":[8.05313,1.89348,-2.79951],"to":[8.05313,21.89348,-2.29951],"rotation":{"angle":22.5,"axis":"x","origin":[7.05313,7.44936,7]},"faces":{"north":{"uv":[0,0,2.5,0],"rotation":90,"texture":"#0"},"east":{"uv":[8.0625,0,10.5625,0.0625],"rotation":90,"texture":"#0"},"south":{"uv":[0,0,2.5,0],"rotation":270,"texture":"#0"},"west":{"uv":[8.0625,0,10.5625,0.0625],"rotation":270,"texture":"#0"},"up":{"uv":[7.5625,0,7.625,0],"rotation":90,"texture":"#0"},"down":{"uv":[7.5625,0,7.625,0],"rotation":270,"texture":"#0"}}},{"from":[6.75,17,6.75],"to":[9.25,19.5,9.25],"rotation":{"angle":0,"axis":"y","origin":[7,11.5,8]},"faces":{"north":{"uv":[2,1.75,2.3125,1.4375],"texture":"#0"},"east":{"uv":[2,1.75,2.3125,1.4375],"texture":"#0"},"south":{"uv":[2,1.75,2.3125,1.4375],"texture":"#0"},"west":{"uv":[2,1.75,2.3125,1.4375],"texture":"#0"},"up":{"uv":[2.3125,1.75,2.625,1.4375],"texture":"#0"},"down":{"uv":[2.3125,1.75,2.625,1.4375],"texture":"#0"}}},{"from":[6.75,7,6.75],"to":[9.25,9.5,9.25],"rotation":{"angle":0,"axis":"y","origin":[7,11.5,8]},"faces":{"north":{"uv":[2,1.75,2.3125,1.4375],"texture":"#0"},"east":{"uv":[2,1.75,2.3125,1.4375],"texture":"#0"},"south":{"uv":[2,1.75,2.3125,1.4375],"texture":"#0"},"west":{"uv":[2,1.75,2.3125,1.4375],"texture":"#0"},"up":{"uv":[2.3125,1.75,2.625,1.4375],"texture":"#0"},"down":{"uv":[2.3125,1.75,2.625,1.4375],"texture":"#0"}}},{"from":[7.5,19.5,1.5],"to":[7.5,29.5,7.5],"rotation":{"angle":0,"axis":"y","origin":[-0.1,11,0]},"faces":{"north":{"uv":[0,88,0,0],"rotation":180,"texture":"#missing"},"east":{"uv":[4.9375,0,4.1875,1.25],"rotation":180,"texture":"#0"},"south":{"uv":[0,88,0,0],"rotation":180,"texture":"#missing"},"west":{"uv":[4.1875,0,4.9375,1.25],"rotation":180,"texture":"#0"},"up":{"uv":[0,56,0,0],"rotation":180,"texture":"#missing"},"down":{"uv":[0,56,0,0],"rotation":180,"texture":"#missing"}}},{"from":[8.5,19.5,1.5],"to":[8.5,29.5,7.5],"rotation":{"angle":0,"axis":"y","origin":[16.1,11,0]},"faces":{"north":{"uv":[0,88,0,0],"rotation":180,"texture":"#missing"},"east":{"uv":[4.9375,0,4.1875,1.25],"rotation":180,"texture":"#0"},"south":{"uv":[0,88,0,0],"rotation":180,"texture":"#missing"},"west":{"uv":[4.1875,0,4.9375,1.25],"rotation":180,"texture":"#0"},"up":{"uv":[0,56,0,0],"rotation":180,"texture":"#missing"},"down":{"uv":[0,56,0,0],"rotation":180,"texture":"#missing"}}},{"from":[7.5,19.5,8.5],"to":[7.5,29.5,14.5],"rotation":{"angle":0,"axis":"y","origin":[-0.1,11,16]},"faces":{"north":{"uv":[0,88,0,0],"rotation":180,"texture":"#missing"},"east":{"uv":[4.1875,0,4.9375,1.25],"rotation":180,"texture":"#0"},"south":{"uv":[0,88,0,0],"rotation":180,"texture":"#missing"},"west":{"uv":[4.9375,0,4.1875,1.25],"rotation":180,"texture":"#0"},"up":{"uv":[0,0,0,56],"rotation":180,"texture":"#missing"},"down":{"uv":[0,0,0,56],"rotation":180,"texture":"#missing"}}},{"from":[8.5,19.5,8.5],"to":[8.5,29.5,14.5],"rotation":{"angle":0,"axis":"y","origin":[16.1,11,16]},"faces":{"north":{"uv":[0,88,0,0],"rotation":180,"texture":"#missing"},"east":{"uv":[4.1875,0,4.9375,1.25],"rotation":180,"texture":"#0"},"south":{"uv":[0,88,0,0],"rotation":180,"texture":"#missing"},"west":{"uv":[4.9375,0,4.1875,1.25],"rotation":180,"texture":"#0"},"up":{"uv":[0,0,0,56],"rotation":180,"texture":"#missing"},"down":{"uv":[0,0,0,56],"rotation":180,"texture":"#missing"}}},{"from":[8,7.5,10],"to":[8,26.5,10.5],"rotation":{"angle":0,"axis":"y","origin":[7.05313,7.44936,8]},"faces":{"north":{"uv":[0,0,2.375,0],"rotation":90,"texture":"#0"},"east":{"uv":[10.4375,0,8.0625,0.0625],"rotation":270,"texture":"#0"},"south":{"uv":[0,0,2.375,0],"rotation":270,"texture":"#0"},"west":{"uv":[10.4375,0,8.0625,0.0625],"rotation":270,"texture":"#0"},"up":{"uv":[7.5625,0,7.625,0],"rotation":90,"texture":"#0"},"down":{"uv":[7.5625,0,7.625,0],"rotation":270,"texture":"#0"}}},{"from":[7.25,9,9.2],"to":[8.75,9,11.7],"faces":{"north":{"uv":[7.625,1.5,7.8125,1.5],"texture":"#0"},"east":{"uv":[7,1.5,7.3125,1.5],"texture":"#0"},"south":{"uv":[7.3125,1.5,7.5,1.5],"texture":"#0"},"west":{"uv":[7,1.5,7.3125,1.5],"texture":"#0"},"up":{"uv":[2.0625,2.875,2.25,3.1875],"texture":"#0"},"down":{"uv":[2.25,3.1875,2.0625,2.875],"texture":"#0"}}},{"from":[7.25,19,9.2],"to":[8.75,19,11.7],"faces":{"north":{"uv":[7.625,1.5,7.8125,1.5],"texture":"#0"},"east":{"uv":[7,1.5,7.3125,1.5],"texture":"#0"},"south":{"uv":[7.3125,1.5,7.5,1.5],"texture":"#0"},"west":{"uv":[7,1.5,7.3125,1.5],"texture":"#0"},"up":{"uv":[2.0625,2.875,2.25,3.1875],"texture":"#0"},"down":{"uv":[2.25,3.1875,2.0625,2.875],"texture":"#0"}}}],"gui_light":"front","display":{"thirdperson_righthand":{"translation":[0,5.5,1.75],"scale":[0.5,0.5,0.5]},"thirdperson_lefthand":{"translation":[0,5.5,1.75],"scale":[0.5,0.5,0.5]},"firstperson_righthand":{"rotation":[-10,0,0],"translation":[1.25,4.5,0],"scale":[0.41055,0.41055,0.41055]},"firstperson_lefthand":{"rotation":[-10,0,0],"translation":[1.25,4.5,0],"scale":[0.41055,0.41055,0.41055]},"ground":{"rotation":[0,0,80],"translation":[-0.25,-1.5,0],"scale":[0.45352,0.45352,0.45352]},"gui":{"rotation":[-90,-45,-90],"translation":[0.25,0,-1.5],"scale":[0.40625,0.40625,0.40625]},"head":{"rotation":[-77.97,-13.17,-87.22],"translation":[3,13.25,1.75],"scale":[0.6,0.6,0.6]},"fixed":{"rotation":[-90,-45,-90],"translation":[2.25,0.75,-1.5],"scale":[1.04531,1.04531,1.04531]}}}