{"credit":"Made with Blockbench","texture_size":[128,128],"textures":{"0":"elitecreatures:vinland_animated_weapon/vinland_texture_01","1":"elitecreatures:vinland_animated_weapon/vinland_animation_01","3":"elitecreatures:vinland_animated_weapon/vinland_animation_03","particle":"elitecreatures:vinland_animated_weapon/vinland_texture_01"},"elements":[{"from":[6.75,-1,6.75],"to":[9.25,2.5,9.25],"rotation":{"angle":0,"axis":"y","origin":[7,-3.5,8]},"faces":{"north":{"uv":[1.125,0.8125,1.4375,1.25],"texture":"#0"},"east":{"uv":[0.8125,0.8125,1.125,1.25],"texture":"#0"},"south":{"uv":[1.125,0.8125,1.4375,1.25],"texture":"#0"},"west":{"uv":[0.8125,0.8125,1.125,1.25],"texture":"#0"},"up":{"uv":[0.8125,1.25,1.125,1.5625],"texture":"#0"},"down":{"uv":[0.8125,1.25,1.125,1.5625],"texture":"#0"}}},{"from":[6.75,-9,6.75],"to":[9.25,-6.5,9.25],"rotation":{"angle":0,"axis":"y","origin":[7,2.5,8]},"faces":{"north":{"uv":[2,1.75,2.3125,1.4375],"texture":"#0"},"east":{"uv":[2,1.75,2.3125,1.4375],"texture":"#0"},"south":{"uv":[2,1.75,2.3125,1.4375],"texture":"#0"},"west":{"uv":[2,1.75,2.3125,1.4375],"texture":"#0"},"up":{"uv":[2.3125,1.75,2.625,1.4375],"texture":"#0"},"down":{"uv":[2.3125,1.75,2.625,1.4375],"texture":"#0"}}},{"from":[4.55,-1,9.95],"to":[7.05,1.5,12.45],"rotation":{"angle":0,"axis":"y","origin":[7,2.5,8]},"faces":{"north":{"uv":[2,1.75,2.3125,1.4375],"texture":"#0"},"east":{"uv":[2,1.75,2.3125,1.4375],"texture":"#0"},"south":{"uv":[2,1.75,2.3125,1.4375],"texture":"#0"},"west":{"uv":[2,1.75,2.3125,1.4375],"texture":"#0"},"up":{"uv":[2.3125,1.75,2.625,1.4375],"texture":"#0"},"down":{"uv":[2.3125,1.75,2.625,1.4375],"texture":"#0"}}},{"from":[4.55,-1,3.55],"to":[7.05,1.5,6.05],"rotation":{"angle":0,"axis":"y","origin":[7,2.5,8]},"faces":{"north":{"uv":[2.3125,1.75,2,1.4375],"texture":"#0"},"east":{"uv":[2.3125,1.75,2,1.4375],"texture":"#0"},"south":{"uv":[2.3125,1.75,2,1.4375],"texture":"#0"},"west":{"uv":[2.3125,1.75,2,1.4375],"texture":"#0"},"up":{"uv":[2.3125,1.4375,2.625,1.75],"texture":"#0"},"down":{"uv":[2.3125,1.4375,2.625,1.75],"texture":"#0"}}},{"from":[7.25,3,10],"to":[8.75,7,12.5],"rotation":{"angle":22.5,"axis":"x","origin":[8,3,12.5]},"faces":{"north":{"uv":[2.375,1.75,2.5625,2.25],"texture":"#0"},"east":{"uv":[1.0625,0.3125,0.75,0.8125],"texture":"#0"},"south":{"uv":[1.0625,0.3125,1.25,0.8125],"texture":"#0"},"west":{"uv":[0.75,0.3125,1.0625,0.8125],"texture":"#0"},"up":{"uv":[1.25,0.3125,1.4375,0.625],"texture":"#0"},"down":{"uv":[1.25,0.3125,1.4375,0.625],"texture":"#0"}}},{"from":[7,1,7.5],"to":[9,3.5,12.5],"rotation":{"angle":-22.5,"axis":"x","origin":[7,2,7.5]},"faces":{"north":{"uv":[1.375,0,1.625,0.3125],"texture":"#0"},"east":{"uv":[1.375,0,0.75,0.3125],"texture":"#0"},"south":{"uv":[1.375,0,1.625,0.3125],"texture":"#0"},"west":{"uv":[0.75,0,1.375,0.3125],"texture":"#0"},"up":{"uv":[2.125,1.75,2.375,2.375],"texture":"#0"},"down":{"uv":[0.5,0.25,0.75,0.875],"texture":"#0"}}},{"from":[7.25,3,3.5],"to":[8.75,7,6],"rotation":{"angle":-22.5,"axis":"x","origin":[8,3,3.5]},"faces":{"north":{"uv":[1.25,0.3125,1.0625,0.8125],"texture":"#0"},"east":{"uv":[0.75,0.3125,1.0625,0.8125],"texture":"#0"},"south":{"uv":[2.5625,1.75,2.375,2.25],"texture":"#0"},"west":{"uv":[1.0625,0.3125,0.75,0.8125],"texture":"#0"},"up":{"uv":[1.25,0.625,1.4375,0.3125],"texture":"#0"},"down":{"uv":[1.25,0.625,1.4375,0.3125],"texture":"#0"}}},{"from":[7,1,3.5],"to":[9,3.5,8.5],"rotation":{"angle":22.5,"axis":"x","origin":[7,2,8.5]},"faces":{"north":{"uv":[1.625,0,1.375,0.3125],"texture":"#0"},"east":{"uv":[0.75,0,1.375,0.3125],"texture":"#0"},"south":{"uv":[1.625,0,1.375,0.3125],"texture":"#0"},"west":{"uv":[1.375,0,0.75,0.3125],"texture":"#0"},"up":{"uv":[2.125,2.375,2.375,1.75],"texture":"#0"},"down":{"uv":[0.5,0.875,0.75,0.25],"texture":"#0"}}},{"from":[7,2.20711,8.5],"to":[10,4.20711,10.5],"rotation":{"angle":-45,"axis":"x","origin":[8,1.70711,8]},"faces":{"north":{"uv":[0.625,0,0.25,0.25],"texture":"#0"},"east":{"uv":[0,0,0.25,0.25],"texture":"#0"},"south":{"uv":[0.625,0,0.25,0.25],"texture":"#0"},"west":{"uv":[0.25,0,0,0.25],"texture":"#0"},"up":{"uv":[0.625,0.25,0.25,0],"texture":"#0"},"down":{"uv":[0.625,0,0.25,0.25],"texture":"#0"}}},{"from":[6.5,1,8],"to":[9.5,5,12],"rotation":{"angle":-45,"axis":"x","origin":[8,1,8]},"faces":{"north":{"uv":[0.5,1.125,0,1.5],"rotation":90,"texture":"#0"},"east":{"uv":[0,0.25,0.5,0.75],"rotation":90,"texture":"#0"},"south":{"uv":[0.5,0.75,0,1.125],"rotation":90,"texture":"#0"},"west":{"uv":[0,0.75,0.5,0.25],"rotation":90,"texture":"#0"},"up":{"uv":[0,0.75,0.5,1.125],"rotation":90,"texture":"#0"},"down":{"uv":[0.5,1.125,0,1.5],"rotation":90,"texture":"#0"}}},{"from":[4,6.5,10],"to":[8,10.5,13],"rotation":{"angle":0,"axis":"y","origin":[7,7,10.125]},"faces":{"north":{"uv":[5.875,5.875,5.375,6.375],"texture":"#0"},"east":{"uv":[6.625,5.875,6.25,6.375],"texture":"#0"},"south":{"uv":[5.375,5.875,5.875,6.375],"texture":"#0"},"west":{"uv":[6.25,5.875,5.875,6.375],"texture":"#0"},"up":{"uv":[5.375,6.875,5.75,6.375],"rotation":270,"texture":"#0"},"down":{"uv":[5.375,6.875,5.75,6.375],"rotation":270,"texture":"#0"}}},{"from":[5.5,1.5,10],"to":[8,6.5,12.3],"rotation":{"angle":0,"axis":"y","origin":[7,7,10.125]},"faces":{"north":{"uv":[1.6875,1.25,1.375,1.875],"texture":"#0"},"east":{"uv":[5.725,6.875,5.4375,7.5],"texture":"#0"},"south":{"uv":[1.375,1.25,1.6875,1.875],"texture":"#0"},"west":{"uv":[5.4125,6.875,5.125,7.5],"texture":"#0"}}},{"from":[4,6.5,3],"to":[8,10.5,6],"rotation":{"angle":0,"axis":"y","origin":[7,7,5.875]},"faces":{"north":{"uv":[5.875,5.875,5.375,6.375],"texture":"#0"},"east":{"uv":[6.25,5.875,6.625,6.375],"texture":"#0"},"south":{"uv":[5.375,5.875,5.875,6.375],"texture":"#0"},"west":{"uv":[5.875,5.875,6.25,6.375],"texture":"#0"},"up":{"uv":[5.75,6.875,5.375,6.375],"rotation":270,"texture":"#0"},"down":{"uv":[5.75,6.875,5.375,6.375],"rotation":270,"texture":"#0"}}},{"from":[4.5,8,6],"to":[8.5,12,10],"rotation":{"angle":0,"axis":"y","origin":[7,7,5.875]},"faces":{"north":{"uv":[5.875,5.875,5.375,6.375],"texture":"#0"},"east":{"uv":[6.25,6.875,6.75,7.375],"texture":"#0"},"south":{"uv":[5.375,5.875,5.875,6.375],"texture":"#0"},"west":{"uv":[5.75,6.375,6.25,6.875],"texture":"#0"},"up":{"uv":[6.25,7.375,5.75,6.875],"rotation":270,"texture":"#0"},"down":{"uv":[6.25,7.375,5.75,6.875],"rotation":270,"texture":"#0"}}},{"from":[5.5,1.5,3.7],"to":[8,6.5,6],"rotation":{"angle":0,"axis":"y","origin":[7,7,5.875]},"faces":{"north":{"uv":[1.6875,1.25,1.375,1.875],"texture":"#0"},"east":{"uv":[5.4375,6.875,5.725,7.5],"texture":"#0"},"south":{"uv":[1.375,1.25,1.6875,1.875],"texture":"#0"},"west":{"uv":[5.125,6.875,5.4125,7.5],"texture":"#0"}}},{"from":[5.5,1.5,10],"to":[8,6.5,12.3],"rotation":{"angle":0,"axis":"y","origin":[7,7,10.125]},"faces":{"north":{"uv":[1.6875,1.25,1.375,1.875],"texture":"#0"},"east":{"uv":[5.725,6.875,5.4375,7.5],"texture":"#0"},"south":{"uv":[1.375,1.25,1.6875,1.875],"texture":"#0"},"west":{"uv":[5.4125,6.875,5.125,7.5],"texture":"#0"}}},{"from":[5.5,1.5,3.7],"to":[8,6.5,6],"rotation":{"angle":0,"axis":"y","origin":[7,7,5.875]},"faces":{"north":{"uv":[1.6875,1.25,1.375,1.875],"texture":"#0"},"east":{"uv":[5.4375,6.875,5.725,7.5],"texture":"#0"},"south":{"uv":[1.375,1.25,1.6875,1.875],"texture":"#0"},"west":{"uv":[5.125,6.875,5.4125,7.5],"texture":"#0"}}},{"from":[6,3,6],"to":[8.5,8,10],"rotation":{"angle":0,"axis":"y","origin":[7,7,5.875]},"faces":{"north":{"uv":[1.6875,1.25,1.375,1.875],"texture":"#0"},"east":{"uv":[5.125,7.5,5.625,8.125],"texture":"#0"},"south":{"uv":[1.375,1.25,1.6875,1.875],"texture":"#0"},"west":{"uv":[5.625,7.5,6.125,8.125],"texture":"#0"}}},{"from":[7.5,-3,-1.5],"to":[7.5,7,8.5],"rotation":{"angle":22.5,"axis":"y","origin":[7.5,2,4.5]},"faces":{"north":{"uv":[0,0,0,88],"texture":"#missing"},"east":{"uv":[4.9375,0,3.6875,1.25],"rotation":180,"texture":"#0"},"south":{"uv":[0,0,0,88],"texture":"#missing"},"west":{"uv":[4.9375,1.25,3.6875,0],"texture":"#0"},"up":{"uv":[0,0,0,56],"texture":"#missing"},"down":{"uv":[0,0,0,56],"texture":"#missing"}}},{"from":[9,-13.5,8],"to":[9,-5.5,13],"rotation":{"angle":-22.5,"axis":"y","origin":[9,-9.5,8]},"faces":{"north":{"uv":[0,0,0,56],"rotation":180,"texture":"#missing"},"east":{"uv":[3.6875,0.625,4.6875,0],"rotation":90,"texture":"#0"},"south":{"uv":[0,0,0,56],"texture":"#missing"},"west":{"uv":[3.6875,0,4.6875,0.625],"rotation":90,"texture":"#0"},"up":{"uv":[0,0,0,88],"rotation":180,"texture":"#missing"},"down":{"uv":[0,0,0,88],"texture":"#missing"}}},{"from":[9,-13.5,3],"to":[9,-5.5,8],"rotation":{"angle":22.5,"axis":"y","origin":[9,-9.5,8]},"faces":{"north":{"uv":[0,0,0,56],"texture":"#missing"},"east":{"uv":[3.6875,0,4.6875,0.625],"rotation":90,"texture":"#0"},"south":{"uv":[0,0,0,56],"rotation":180,"texture":"#missing"},"west":{"uv":[3.6875,0.625,4.6875,0],"rotation":90,"texture":"#0"},"up":{"uv":[0,88,0,0],"rotation":180,"texture":"#missing"},"down":{"uv":[0,88,0,0],"texture":"#missing"}}},{"from":[7.5,-3,7.5],"to":[7.5,7,17.5],"rotation":{"angle":-22.5,"axis":"y","origin":[7.5,2,11.5]},"faces":{"north":{"uv":[0,0,0,88],"texture":"#missing"},"east":{"uv":[3.6875,0,4.9375,1.25],"rotation":180,"texture":"#0"},"south":{"uv":[0,0,0,88],"texture":"#missing"},"west":{"uv":[3.6875,1.25,4.9375,0],"texture":"#0"},"up":{"uv":[0,56,0,0],"texture":"#missing"},"down":{"uv":[0,56,0,0],"texture":"#missing"}}},{"from":[7,-9,7],"to":[9,-0.5,9],"rotation":{"angle":0,"axis":"y","origin":[0,-10,0]},"faces":{"north":{"uv":[3.5625,2.1875,3.3125,3.25],"texture":"#0"},"east":{"uv":[3.3125,2.1875,3.5625,3.25],"texture":"#0"},"south":{"uv":[3.5625,2.1875,3.3125,3.25],"texture":"#0"},"west":{"uv":[3.3125,2.1875,3.5625,3.25],"texture":"#0"},"up":{"uv":[1.125,1.25,1.375,1.5],"texture":"#0"},"down":{"uv":[1.125,1.25,1.375,1.5],"texture":"#0"}}},{"from":[6.5,-8,8.5],"to":[8.5,-5,12.5],"rotation":{"angle":0,"axis":"y","origin":[8,8,12.5]},"faces":{"north":{"uv":[0.6875,2.6875,0.9375,2.3125],"texture":"#0"},"east":{"uv":[1.375,2.375,1.875,2],"texture":"#0"},"south":{"uv":[1.125,1.875,1.375,1.5],"texture":"#0"},"west":{"uv":[1.875,2.375,1.375,2],"texture":"#0"},"up":{"uv":[1.125,2.375,1.375,1.875],"texture":"#0"},"down":{"uv":[1.125,2.375,1.375,1.875],"texture":"#0"}}},{"from":[6.5,-8,3.5],"to":[8.5,-5,7.5],"rotation":{"angle":0,"axis":"y","origin":[8,8,3.5]},"faces":{"north":{"uv":[1.375,1.875,1.125,1.5],"texture":"#0"},"east":{"uv":[1.875,2.375,1.375,2],"texture":"#0"},"south":{"uv":[0.9375,2.6875,0.6875,2.3125],"texture":"#0"},"west":{"uv":[1.375,2.375,1.875,2],"texture":"#0"},"up":{"uv":[1.125,1.875,1.375,2.375],"texture":"#0"},"down":{"uv":[1.125,1.875,1.375,2.375],"texture":"#0"}}},{"from":[6.85,-5,5],"to":[8.15,0,7.5],"rotation":{"angle":0,"axis":"y","origin":[8,8,3.5]},"faces":{"north":{"uv":[1.85,1.875,1.6875,1.25],"texture":"#0"},"east":{"uv":[1.6875,1.875,1.375,1.25],"texture":"#0"},"south":{"uv":[0.85,3.3125,0.6875,2.6875],"texture":"#0"},"west":{"uv":[1.375,1.875,1.6875,1.25],"texture":"#0"}}},{"from":[6.85,-5,8.5],"to":[8.15,0,11],"rotation":{"angle":0,"axis":"y","origin":[8,8,12.5]},"faces":{"north":{"uv":[0.6875,3.3125,0.85,2.6875],"texture":"#0"},"east":{"uv":[1.375,1.875,1.6875,1.25],"texture":"#0"},"south":{"uv":[1.6875,1.875,1.85,1.25],"texture":"#0"},"west":{"uv":[1.6875,1.875,1.375,1.25],"texture":"#0"}}},{"from":[6.85,0,8.5],"to":[8.15,5,11],"rotation":{"angle":0,"axis":"y","origin":[8,8,12.5]},"faces":{"north":{"uv":[0.6875,3.3125,0.85,2.6875],"texture":"#0"},"east":{"uv":[1.375,1.875,1.6875,1.25],"texture":"#0"},"south":{"uv":[1.6875,1.875,1.85,1.25],"texture":"#0"},"west":{"uv":[1.6875,1.875,1.375,1.25],"texture":"#0"}}},{"from":[6.85,0,5],"to":[8.15,5,7.5],"rotation":{"angle":0,"axis":"y","origin":[8,8,3.5]},"faces":{"north":{"uv":[1.85,1.875,1.6875,1.25],"texture":"#0"},"east":{"uv":[1.6875,1.875,1.375,1.25],"texture":"#0"},"south":{"uv":[0.85,3.3125,0.6875,2.6875],"texture":"#0"},"west":{"uv":[1.375,1.875,1.6875,1.25],"texture":"#0"}}},{"from":[5,12,7.1],"to":[8,12.5,8.9],"rotation":{"angle":0,"axis":"y","origin":[6.5,12.4,8]},"faces":{"north":{"uv":[3.4375,1.875,3.0625,1.9375],"texture":"#0"},"east":{"uv":[3.3125,1.9375,3.0625,2],"texture":"#0"},"south":{"uv":[3.4375,1.875,3.0625,1.9375],"texture":"#0"},"west":{"uv":[3.3125,1.9375,3.0625,2],"texture":"#0"},"up":{"uv":[2.75,2.375,3,2],"rotation":90,"texture":"#0"},"down":{"uv":[2.75,2.375,3,2],"rotation":270,"texture":"#0"}}},{"from":[5.7,11.75607,7.25],"to":[7.2,13.25607,8.75],"rotation":{"angle":-45,"axis":"z","origin":[6.5,12.4,8]},"faces":{"north":{"uv":[2.75,1.75,2.5625,1.9375],"rotation":90,"texture":"#0"},"east":{"uv":[2.75,1.9375,2.5625,2.125],"rotation":180,"texture":"#0"},"south":{"uv":[2.5625,1.75,2.75,1.9375],"rotation":270,"texture":"#0"},"west":{"uv":[2.75,1.9375,2.5625,2.125],"texture":"#0"},"up":{"uv":[2.75,1.9375,2.5625,2.125],"rotation":270,"texture":"#0"},"down":{"uv":[2.75,1.9375,2.5625,2.125],"rotation":270,"texture":"#0"}}},{"from":[5.2,10.25607,3.75],"to":[6.7,11.75607,5.25],"rotation":{"angle":-45,"axis":"z","origin":[6,10.9,4.5]},"faces":{"north":{"uv":[2.75,1.75,2.5625,1.9375],"rotation":90,"texture":"#0"},"east":{"uv":[2.75,1.9375,2.5625,2.125],"rotation":180,"texture":"#0"},"south":{"uv":[2.5625,1.75,2.75,1.9375],"rotation":270,"texture":"#0"},"west":{"uv":[2.75,1.9375,2.5625,2.125],"texture":"#0"},"up":{"uv":[2.75,1.9375,2.5625,2.125],"rotation":270,"texture":"#0"},"down":{"uv":[2.75,1.9375,2.5625,2.125],"rotation":270,"texture":"#0"}}},{"from":[4.5,10.5,3.6],"to":[7.5,11,5.4],"rotation":{"angle":0,"axis":"y","origin":[6,10.9,4.5]},"faces":{"north":{"uv":[3.4375,1.875,3.0625,1.9375],"texture":"#0"},"east":{"uv":[3.3125,1.9375,3.0625,2],"texture":"#0"},"south":{"uv":[3.4375,1.875,3.0625,1.9375],"texture":"#0"},"west":{"uv":[3.3125,1.9375,3.0625,2],"texture":"#0"},"up":{"uv":[2.75,2.375,3,2],"rotation":90,"texture":"#0"},"down":{"uv":[2.75,2.375,3,2],"rotation":270,"texture":"#0"}}},{"from":[5.2,10.25607,10.75],"to":[6.7,11.75607,12.25],"rotation":{"angle":-45,"axis":"z","origin":[6,10.9,11.5]},"faces":{"north":{"uv":[2.5625,1.9375,2.75,1.75],"rotation":270,"texture":"#0"},"east":{"uv":[2.5625,1.9375,2.75,2.125],"rotation":180,"texture":"#0"},"south":{"uv":[2.75,1.9375,2.5625,1.75],"rotation":90,"texture":"#0"},"west":{"uv":[2.5625,1.9375,2.75,2.125],"texture":"#0"},"up":{"uv":[2.5625,1.9375,2.75,2.125],"rotation":270,"texture":"#0"},"down":{"uv":[2.5625,1.9375,2.75,2.125],"rotation":270,"texture":"#0"}}},{"from":[4.5,10.5,10.6],"to":[7.5,11,12.4],"rotation":{"angle":0,"axis":"y","origin":[6,10.9,11.5]},"faces":{"north":{"uv":[3.0625,1.875,3.4375,1.9375],"texture":"#0"},"east":{"uv":[3.0625,1.9375,3.3125,2],"texture":"#0"},"south":{"uv":[3.0625,1.875,3.4375,1.9375],"texture":"#0"},"west":{"uv":[3.0625,1.9375,3.3125,2],"texture":"#0"},"up":{"uv":[3,2.375,2.75,2],"rotation":90,"texture":"#0"},"down":{"uv":[3,2.375,2.75,2],"rotation":270,"texture":"#0"}}},{"from":[9,3.5,5.5],"to":[9,7.5,10.5],"rotation":{"angle":0,"axis":"y","origin":[16,-2,-0.5]},"faces":{"north":{"uv":[0.5625,2.1875,0.6875,5.3125],"texture":"#0"},"east":{"uv":[3.6875,0,3.0625,0.5],"texture":"#0"},"south":{"uv":[0.5625,2.1875,0.6875,5.3125],"texture":"#0"},"west":{"uv":[3.6875,0,3.0625,0.5],"texture":"#0"},"up":{"uv":[1.625,0.3125,1.5,0.875],"texture":"#0"},"down":{"uv":[1.625,0.3125,1.5,0.875],"texture":"#0"}}},{"from":[10.1,2.20711,7.5],"to":[10.1,7.20711,12.5],"rotation":{"angle":-45,"axis":"x","origin":[8,2.70711,8]},"faces":{"north":{"uv":[0,0,0,10],"texture":"#1"},"east":{"uv":[10,0,0,10],"texture":"#1"},"south":{"uv":[0,0,0,10],"texture":"#1"},"west":{"uv":[0,0,10,10],"texture":"#1"},"up":{"uv":[0,10,0,0],"texture":"#1"},"down":{"uv":[0,0,0,10],"texture":"#1"}}},{"from":[7.9,5,0],"to":[7.9,9,8],"rotation":{"angle":0,"axis":"y","origin":[8,18,-3.5]},"faces":{"north":{"uv":[0,0,0,8],"texture":"#3"},"east":{"uv":[16,0,0,8],"texture":"#3"},"south":{"uv":[0,0,0,8],"texture":"#3"},"west":{"uv":[16,0,0,8],"texture":"#3"},"up":{"uv":[0,14,0,0],"texture":"#3"},"down":{"uv":[0,0,0,14],"texture":"#3"}}},{"from":[8.9,12,4],"to":[12.9,12,12],"rotation":{"angle":45,"axis":"z","origin":[10.9,11,8]},"faces":{"north":{"uv":[0,0,0,8],"rotation":270,"texture":"#3"},"east":{"uv":[0,14,0,0],"rotation":90,"texture":"#3"},"south":{"uv":[0,0,0,8],"rotation":90,"texture":"#3"},"west":{"uv":[0,0,0,14],"rotation":90,"texture":"#3"},"up":{"uv":[16,0,0,8],"rotation":90,"texture":"#3"},"down":{"uv":[16,0,0,8],"rotation":90,"texture":"#3"}}},{"from":[9.9,-10,4],"to":[9.9,-6,12],"rotation":{"angle":0,"axis":"y","origin":[10.9,11,8]},"faces":{"north":{"uv":[0,0,0,8],"rotation":180,"texture":"#3"},"east":{"uv":[16,0,0,8],"rotation":180,"texture":"#3"},"south":{"uv":[0,0,0,8],"rotation":180,"texture":"#3"},"west":{"uv":[16,0,0,8],"rotation":180,"texture":"#3"},"up":{"uv":[0,0,0,14],"rotation":180,"texture":"#3"},"down":{"uv":[0,14,0,0],"rotation":180,"texture":"#3"}}},{"from":[7.9,5,8],"to":[7.9,9,16],"rotation":{"angle":0,"axis":"y","origin":[8,18,19.5]},"faces":{"north":{"uv":[0,0,0,8],"texture":"#3"},"east":{"uv":[0,0,16,8],"texture":"#3"},"south":{"uv":[0,0,0,8],"texture":"#3"},"west":{"uv":[0,0,16,8],"texture":"#3"},"up":{"uv":[0,0,0,14],"texture":"#3"},"down":{"uv":[0,14,0,0],"texture":"#3"}}}],"gui_light":"front","display":{"thirdperson_righthand":{"rotation":[-90,0,0],"translation":[3.5,-2,0],"scale":[0.7,0.7,0.7]},"thirdperson_lefthand":{"rotation":[-90,180,0],"translation":[3.5,-2,0],"scale":[0.7,0.7,0.7]},"firstperson_righthand":{"rotation":[20.51,-76.71,70.12],"translation":[1.25,5.5,-2.25],"scale":[0.6,0.6,0.6]},"firstperson_lefthand":{"rotation":[30,101,-92.53],"translation":[-1.5,5.5,-2.25],"scale":[0.6,0.6,0.6]},"ground":{"rotation":[0,0,74],"translation":[-4,0.75,0],"scale":[0.6,0.6,0.6]},"gui":{"rotation":[-139,123,-90],"translation":[-2.25,-2.25,-1.5],"scale":[0.61719,0.61719,0.61719]},"head":{"rotation":[-41,-155,101],"translation":[6.5,12.5,1.75],"scale":[0.725,0.725,0.725]},"fixed":{"rotation":[-90,127,90],"translation":[6.5,6.5,-3.25],"scale":[1.20352,1.20352,1.20352]}}}