{
	"credit": "Made with Blockbench",
	"texture_size": [128, 128],
	"textures": {
		"0": "elitecreatures:vinland_animated_weapon/vinland_texture_01",
		"1": "elitecreatures:vinland_animated_weapon/vinland_animation_01",
		"3": "elitecreatures:vinland_animated_weapon/vinland_animation_03",
		"particle": "elitecreatures:vinland_animated_weapon/vinland_texture_01"
	},
	"elements": [
		{
			"from": [6.75, 8, 6.75],
			"to": [9.25, 11.5, 9.25],
			"rotation": {"angle": 0, "axis": "y", "origin": [7, 5.5, 8]},
			"faces": {
				"north": {"uv": [1.125, 0.8125, 1.4375, 1.25], "texture": "#0"},
				"east": {"uv": [0.8125, 0.8125, 1.125, 1.25], "texture": "#0"},
				"south": {"uv": [1.125, 0.8125, 1.4375, 1.25], "texture": "#0"},
				"west": {"uv": [0.8125, 0.8125, 1.125, 1.25], "texture": "#0"},
				"up": {"uv": [0.8125, 1.25, 1.125, 1.5625], "texture": "#0"},
				"down": {"uv": [0.8125, 1.25, 1.125, 1.5625], "texture": "#0"}
			}
		},
		{
			"from": [6.75, -13.5, 6.75],
			"to": [9.25, -11, 9.25],
			"rotation": {"angle": 0, "axis": "y", "origin": [7, 11.5, 8]},
			"faces": {
				"north": {"uv": [2, 1.75, 2.3125, 1.4375], "texture": "#0"},
				"east": {"uv": [2, 1.75, 2.3125, 1.4375], "texture": "#0"},
				"south": {"uv": [2, 1.75, 2.3125, 1.4375], "texture": "#0"},
				"west": {"uv": [2, 1.75, 2.3125, 1.4375], "texture": "#0"},
				"up": {"uv": [2.3125, 1.75, 2.625, 1.4375], "texture": "#0"},
				"down": {"uv": [2.3125, 1.75, 2.625, 1.4375], "texture": "#0"}
			}
		},
		{
			"from": [6.75, 0, 6.75],
			"to": [9.25, 2.5, 9.25],
			"rotation": {"angle": 0, "axis": "y", "origin": [7, 11.5, 8]},
			"faces": {
				"north": {"uv": [2, 1.75, 2.3125, 1.4375], "texture": "#0"},
				"east": {"uv": [2, 1.75, 2.3125, 1.4375], "texture": "#0"},
				"south": {"uv": [2, 1.75, 2.3125, 1.4375], "texture": "#0"},
				"west": {"uv": [2, 1.75, 2.3125, 1.4375], "texture": "#0"},
				"up": {"uv": [2.3125, 1.75, 2.625, 1.4375], "texture": "#0"},
				"down": {"uv": [2.3125, 1.75, 2.625, 1.4375], "texture": "#0"}
			}
		},
		{
			"from": [7.25, 12, 10],
			"to": [8.75, 16, 12.5],
			"rotation": {"angle": 22.5, "axis": "x", "origin": [8, 12, 12.5]},
			"faces": {
				"north": {"uv": [2.375, 1.75, 2.5625, 2.25], "texture": "#0"},
				"east": {"uv": [1.0625, 0.3125, 0.75, 0.8125], "texture": "#0"},
				"south": {"uv": [1.0625, 0.3125, 1.25, 0.8125], "texture": "#0"},
				"west": {"uv": [0.75, 0.3125, 1.0625, 0.8125], "texture": "#0"},
				"up": {"uv": [1.25, 0.3125, 1.4375, 0.625], "texture": "#0"},
				"down": {"uv": [1.25, 0.3125, 1.4375, 0.625], "texture": "#0"}
			}
		},
		{
			"from": [7.25, -14.5, 7],
			"to": [8.75, -11, 9.5],
			"rotation": {"angle": -22.5, "axis": "x", "origin": [8, -11, 9.5]},
			"faces": {
				"north": {"uv": [2.375, 2.1875, 2.5625, 1.75], "texture": "#0"},
				"east": {"uv": [1.0625, 0.75, 0.75, 0.3125], "texture": "#0"},
				"south": {"uv": [1.0625, 0.75, 1.25, 0.3125], "texture": "#0"},
				"west": {"uv": [0.75, 0.75, 1.0625, 0.3125], "texture": "#0"},
				"up": {"uv": [1.25, 0.625, 1.4375, 0.3125], "texture": "#0"},
				"down": {"uv": [1.25, 0.625, 1.4375, 0.3125], "texture": "#0"}
			}
		},
		{
			"from": [7.25, -14.5, 6.5],
			"to": [8.75, -11, 9],
			"rotation": {"angle": 22.5, "axis": "x", "origin": [8, -11, 6.5]},
			"faces": {
				"north": {"uv": [1.25, 0.75, 1.0625, 0.3125], "texture": "#0"},
				"east": {"uv": [0.75, 0.75, 1.0625, 0.3125], "texture": "#0"},
				"south": {"uv": [2.5625, 2.1875, 2.375, 1.75], "texture": "#0"},
				"west": {"uv": [1.0625, 0.75, 0.75, 0.3125], "texture": "#0"},
				"up": {"uv": [1.25, 0.3125, 1.4375, 0.625], "texture": "#0"},
				"down": {"uv": [1.25, 0.3125, 1.4375, 0.625], "texture": "#0"}
			}
		},
		{
			"from": [7, 10, 7.5],
			"to": [9, 12.5, 12.5],
			"rotation": {"angle": -22.5, "axis": "x", "origin": [7, 11, 7.5]},
			"faces": {
				"north": {"uv": [1.375, 0, 1.625, 0.3125], "texture": "#0"},
				"east": {"uv": [1.375, 0, 0.75, 0.3125], "texture": "#0"},
				"south": {"uv": [1.375, 0, 1.625, 0.3125], "texture": "#0"},
				"west": {"uv": [0.75, 0, 1.375, 0.3125], "texture": "#0"},
				"up": {"uv": [2.125, 1.75, 2.375, 2.375], "texture": "#0"},
				"down": {"uv": [0.5, 0.25, 0.75, 0.875], "texture": "#0"}
			}
		},
		{
			"from": [7.25, 12, 3.5],
			"to": [8.75, 16, 6],
			"rotation": {"angle": -22.5, "axis": "x", "origin": [8, 12, 3.5]},
			"faces": {
				"north": {"uv": [1.25, 0.3125, 1.0625, 0.8125], "texture": "#0"},
				"east": {"uv": [0.75, 0.3125, 1.0625, 0.8125], "texture": "#0"},
				"south": {"uv": [2.5625, 1.75, 2.375, 2.25], "texture": "#0"},
				"west": {"uv": [1.0625, 0.3125, 0.75, 0.8125], "texture": "#0"},
				"up": {"uv": [1.25, 0.625, 1.4375, 0.3125], "texture": "#0"},
				"down": {"uv": [1.25, 0.625, 1.4375, 0.3125], "texture": "#0"}
			}
		},
		{
			"from": [7, 10, 3.5],
			"to": [9, 12.5, 8.5],
			"rotation": {"angle": 22.5, "axis": "x", "origin": [7, 11, 8.5]},
			"faces": {
				"north": {"uv": [1.625, 0, 1.375, 0.3125], "texture": "#0"},
				"east": {"uv": [0.75, 0, 1.375, 0.3125], "texture": "#0"},
				"south": {"uv": [1.625, 0, 1.375, 0.3125], "texture": "#0"},
				"west": {"uv": [1.375, 0, 0.75, 0.3125], "texture": "#0"},
				"up": {"uv": [2.125, 2.375, 2.375, 1.75], "texture": "#0"},
				"down": {"uv": [0.5, 0.875, 0.75, 0.25], "texture": "#0"}
			}
		},
		{
			"from": [6, 11.20711, 8.5],
			"to": [10, 13.20711, 10.5],
			"rotation": {"angle": -45, "axis": "x", "origin": [8, 10.70711, 8]},
			"faces": {
				"north": {"uv": [0.75, 0, 0.25, 0.25], "texture": "#0"},
				"east": {"uv": [0, 0, 0.25, 0.25], "texture": "#0"},
				"south": {"uv": [0.75, 0, 0.25, 0.25], "texture": "#0"},
				"west": {"uv": [0.25, 0, 0, 0.25], "texture": "#0"},
				"up": {"uv": [0.75, 0.25, 0.25, 0], "texture": "#0"},
				"down": {"uv": [0.75, 0, 0.25, 0.25], "texture": "#0"}
			}
		},
		{
			"from": [6.9, -16, 8.5],
			"to": [6.9, -13.20711, 11.5],
			"rotation": {"angle": 45, "axis": "x", "origin": [8, -12.70711, 8]},
			"faces": {
				"north": {"uv": [0, 10, 0, 0], "texture": "#1"},
				"east": {"uv": [10, 10, 0, 0], "texture": "#1"},
				"south": {"uv": [0, 10, 0, 0], "texture": "#1"},
				"west": {"uv": [0, 10, 10, 0], "texture": "#1"},
				"up": {"uv": [0, 10, 0, 0], "texture": "#1"},
				"down": {"uv": [0, 0, 0, 10], "texture": "#1"}
			}
		},
		{
			"from": [9.1, -16, 8.5],
			"to": [9.1, -13.20711, 11.5],
			"rotation": {"angle": 45, "axis": "x", "origin": [8, -12.70711, 8]},
			"faces": {
				"north": {"uv": [0, 10, 0, 0], "texture": "#1"},
				"east": {"uv": [10, 10, 0, 0], "texture": "#1"},
				"south": {"uv": [0, 10, 0, 0], "texture": "#1"},
				"west": {"uv": [0, 10, 10, 0], "texture": "#1"},
				"up": {"uv": [0, 10, 0, 0], "texture": "#1"},
				"down": {"uv": [0, 0, 0, 10], "texture": "#1"}
			}
		},
		{
			"from": [6.5, 10, 8],
			"to": [9.5, 14, 12],
			"rotation": {"angle": -45, "axis": "x", "origin": [8, 10, 8]},
			"faces": {
				"north": {"uv": [0.5, 1.125, 0, 1.5], "rotation": 90, "texture": "#0"},
				"east": {"uv": [0, 0.25, 0.5, 0.75], "rotation": 90, "texture": "#0"},
				"south": {"uv": [0.5, 0.75, 0, 1.125], "rotation": 90, "texture": "#0"},
				"west": {"uv": [0, 0.75, 0.5, 0.25], "rotation": 90, "texture": "#0"},
				"up": {"uv": [0, 0.75, 0.5, 1.125], "rotation": 90, "texture": "#0"},
				"down": {"uv": [0.5, 1.125, 0, 1.5], "rotation": 90, "texture": "#0"}
			}
		},
		{
			"from": [7, -15.4, 7],
			"to": [9, -12.9, 9],
			"rotation": {"angle": 0, "axis": "y", "origin": [7, 5.5, 8]},
			"faces": {
				"north": {"uv": [1.875, 1.75, 2.125, 2.0625], "texture": "#0"},
				"east": {"uv": [1.875, 1.75, 2.125, 2.0625], "texture": "#0"},
				"south": {"uv": [1.875, 1.75, 2.125, 2.0625], "texture": "#0"},
				"west": {"uv": [1.875, 1.75, 2.125, 2.0625], "texture": "#0"},
				"up": {"uv": [1.875, 2.0625, 2.125, 2.3125], "texture": "#0"},
				"down": {"uv": [1.875, 2.0625, 2.125, 2.3125], "texture": "#0"}
			}
		},
		{
			"from": [5.5, 10, 1.5],
			"to": [10.5, 18, 3.5],
			"rotation": {"angle": 0, "axis": "y", "origin": [0, -4, 32]},
			"faces": {
				"north": {"uv": [4.1875, 1.75, 3.5625, 2.75], "texture": "#0"},
				"east": {"uv": [4.1875, 1.75, 4.4375, 2.75], "texture": "#0"},
				"south": {"uv": [4.1875, 1.75, 3.5625, 2.75], "texture": "#0"},
				"west": {"uv": [4.4375, 1.75, 4.1875, 2.75], "texture": "#0"},
				"up": {"uv": [4.4375, 2.5, 5.0625, 2.25], "texture": "#0"},
				"down": {"uv": [4.4375, 1.875, 5.0625, 1.625], "texture": "#0"}
			}
		},
		{
			"from": [6.75, 14, 6.25],
			"to": [9.25, 17, 9.75],
			"rotation": {"angle": 0, "axis": "y", "origin": [0, -5, 32]},
			"faces": {
				"north": {"uv": [5.0625, 1.25, 4.75, 1.625], "texture": "#0"},
				"east": {"uv": [4.75, 1.25, 4.3125, 1.625], "texture": "#0"},
				"south": {"uv": [5.0625, 1.25, 4.75, 1.625], "texture": "#0"},
				"west": {"uv": [4.75, 1.25, 4.3125, 1.625], "texture": "#0"},
				"up": {"uv": [2.75, 2, 3.0625, 1.5625], "texture": "#0"},
				"down": {"uv": [2.75, 2, 3.0625, 1.5625], "texture": "#0"}
			}
		},
		{
			"from": [7.1, 17, 6.5],
			"to": [8.9, 17.5, 9.5],
			"rotation": {"angle": 0, "axis": "y", "origin": [0, -5, 32]},
			"faces": {
				"north": {"uv": [3.3125, 1.9375, 3.0625, 2], "texture": "#0"},
				"east": {"uv": [3.4375, 1.875, 3.0625, 1.9375], "texture": "#0"},
				"south": {"uv": [3.3125, 1.9375, 3.0625, 2], "texture": "#0"},
				"west": {"uv": [3.4375, 1.875, 3.0625, 1.9375], "texture": "#0"},
				"up": {"uv": [2.75, 2.375, 3, 2], "texture": "#0"},
				"down": {"uv": [2.75, 2.375, 3, 2], "texture": "#0"}
			}
		},
		{
			"from": [7.25, 16.8, 7.25],
			"to": [8.75, 18.3, 8.75],
			"rotation": {"angle": 45, "axis": "x", "origin": [8, 17.55, 8]},
			"faces": {
				"north": {"uv": [2.75, 1.9375, 2.5625, 2.125], "texture": "#0"},
				"east": {"uv": [2.75, 1.75, 2.5625, 1.9375], "texture": "#0"},
				"south": {"uv": [2.75, 1.9375, 2.5625, 2.125], "texture": "#0"},
				"west": {"uv": [2.75, 1.75, 2.5625, 1.9375], "texture": "#0"},
				"up": {"uv": [2.75, 1.9375, 2.5625, 2.125], "texture": "#0"},
				"down": {"uv": [2.75, 1.9375, 2.5625, 2.125], "texture": "#0"}
			}
		},
		{
			"from": [9.25, 16.8, -6.75607],
			"to": [10.75, 18.3, -5.25607],
			"rotation": {"angle": -45, "axis": "x", "origin": [10, 17.5, -5.9]},
			"faces": {
				"north": {"uv": [2.75, 1.9375, 2.5625, 2.125], "texture": "#0"},
				"east": {"uv": [2.75, 1.75, 2.5625, 1.9375], "texture": "#0"},
				"south": {"uv": [2.75, 1.9375, 2.5625, 2.125], "texture": "#0"},
				"west": {"uv": [2.75, 1.75, 2.5625, 1.9375], "texture": "#0"},
				"up": {"uv": [2.75, 1.9375, 2.5625, 2.125], "texture": "#0"},
				"down": {"uv": [2.75, 1.9375, 2.5625, 2.125], "texture": "#0"}
			}
		},
		{
			"from": [9.1, 16, -6],
			"to": [10.9, 19, -5.5],
			"rotation": {"angle": 0, "axis": "y", "origin": [10, 17.5, -5.9]},
			"faces": {
				"north": {"uv": [2.75, 2.375, 3, 2], "rotation": 180, "texture": "#0"},
				"east": {"uv": [3.4375, 1.875, 3.0625, 1.9375], "rotation": 90, "texture": "#0"},
				"south": {"uv": [2.75, 2.375, 3, 2], "texture": "#0"},
				"west": {"uv": [3.4375, 1.875, 3.0625, 1.9375], "rotation": 270, "texture": "#0"},
				"up": {"uv": [3.3125, 1.9375, 3.0625, 2], "texture": "#0"},
				"down": {"uv": [3.3125, 1.9375, 3.0625, 2], "rotation": 180, "texture": "#0"}
			}
		},
		{
			"from": [5.1, 16, -6],
			"to": [6.9, 19, -5.5],
			"rotation": {"angle": 0, "axis": "y", "origin": [6, 17.5, -5.9]},
			"faces": {
				"north": {"uv": [2.75, 2.375, 3, 2], "rotation": 180, "texture": "#0"},
				"east": {"uv": [3.4375, 1.875, 3.0625, 1.9375], "rotation": 90, "texture": "#0"},
				"south": {"uv": [2.75, 2.375, 3, 2], "texture": "#0"},
				"west": {"uv": [3.4375, 1.875, 3.0625, 1.9375], "rotation": 270, "texture": "#0"},
				"up": {"uv": [3.3125, 1.9375, 3.0625, 2], "texture": "#0"},
				"down": {"uv": [3.3125, 1.9375, 3.0625, 2], "rotation": 180, "texture": "#0"}
			}
		},
		{
			"from": [5.25, 16.8, -6.75607],
			"to": [6.75, 18.3, -5.25607],
			"rotation": {"angle": -45, "axis": "x", "origin": [6, 17.5, -5.9]},
			"faces": {
				"north": {"uv": [2.75, 1.9375, 2.5625, 2.125], "texture": "#0"},
				"east": {"uv": [2.75, 1.75, 2.5625, 1.9375], "texture": "#0"},
				"south": {"uv": [2.75, 1.9375, 2.5625, 2.125], "texture": "#0"},
				"west": {"uv": [2.75, 1.75, 2.5625, 1.9375], "texture": "#0"},
				"up": {"uv": [2.75, 1.9375, 2.5625, 2.125], "texture": "#0"},
				"down": {"uv": [2.75, 1.9375, 2.5625, 2.125], "texture": "#0"}
			}
		},
		{
			"from": [5.25, 8.8, -4.75607],
			"to": [6.75, 10.3, -3.25607],
			"rotation": {"angle": -45, "axis": "x", "origin": [6, 9.5, -3.9]},
			"faces": {
				"north": {"uv": [2.75, 1.9375, 2.5625, 2.125], "texture": "#0"},
				"east": {"uv": [2.75, 1.75, 2.5625, 1.9375], "texture": "#0"},
				"south": {"uv": [2.75, 1.9375, 2.5625, 2.125], "texture": "#0"},
				"west": {"uv": [2.75, 1.75, 2.5625, 1.9375], "texture": "#0"},
				"up": {"uv": [2.75, 1.9375, 2.5625, 2.125], "texture": "#0"},
				"down": {"uv": [2.75, 1.9375, 2.5625, 2.125], "texture": "#0"}
			}
		},
		{
			"from": [9.25, 8.8, -4.75607],
			"to": [10.75, 10.3, -3.25607],
			"rotation": {"angle": -45, "axis": "x", "origin": [10, 9.5, -3.9]},
			"faces": {
				"north": {"uv": [2.75, 1.9375, 2.5625, 2.125], "texture": "#0"},
				"east": {"uv": [2.75, 1.75, 2.5625, 1.9375], "texture": "#0"},
				"south": {"uv": [2.75, 1.9375, 2.5625, 2.125], "texture": "#0"},
				"west": {"uv": [2.75, 1.75, 2.5625, 1.9375], "texture": "#0"},
				"up": {"uv": [2.75, 1.9375, 2.5625, 2.125], "texture": "#0"},
				"down": {"uv": [2.75, 1.9375, 2.5625, 2.125], "texture": "#0"}
			}
		},
		{
			"from": [9.1, 7.8, -4],
			"to": [10.9, 11, -3.5],
			"rotation": {"angle": 0, "axis": "y", "origin": [10, 9.5, -3.9]},
			"faces": {
				"north": {"uv": [2.75, 2.375, 3, 2], "rotation": 180, "texture": "#0"},
				"east": {"uv": [3.4375, 1.875, 3.0625, 1.9375], "rotation": 90, "texture": "#0"},
				"south": {"uv": [2.75, 2.375, 3, 2], "texture": "#0"},
				"west": {"uv": [3.4375, 1.875, 3.0625, 1.9375], "rotation": 270, "texture": "#0"},
				"up": {"uv": [3.3125, 1.9375, 3.0625, 2], "texture": "#0"},
				"down": {"uv": [3.3125, 1.9375, 3.0625, 2], "rotation": 180, "texture": "#0"}
			}
		},
		{
			"from": [5.1, 7.8, -4],
			"to": [6.9, 11, -3.5],
			"rotation": {"angle": 0, "axis": "y", "origin": [6, 9.5, -3.9]},
			"faces": {
				"north": {"uv": [2.75, 2.375, 3, 2], "rotation": 180, "texture": "#0"},
				"east": {"uv": [3.4375, 1.875, 3.0625, 1.9375], "rotation": 90, "texture": "#0"},
				"south": {"uv": [2.75, 2.375, 3, 2], "texture": "#0"},
				"west": {"uv": [3.4375, 1.875, 3.0625, 1.9375], "rotation": 270, "texture": "#0"},
				"up": {"uv": [3.3125, 1.9375, 3.0625, 2], "texture": "#0"},
				"down": {"uv": [3.3125, 1.9375, 3.0625, 2], "rotation": 180, "texture": "#0"}
			}
		},
		{
			"from": [5.1, 7.8, -3.5],
			"to": [6.9, 10.9, -2],
			"rotation": {"angle": 0, "axis": "y", "origin": [6, 9.4, -3.9]},
			"faces": {
				"north": {"uv": [2.75, 2.375, 2.975, 2], "rotation": 180, "texture": "#0"},
				"east": {"uv": [3.375, 2, 3, 2.1875], "rotation": 270, "texture": "#0"},
				"south": {"uv": [2.75, 2.375, 2.975, 2], "texture": "#0"},
				"west": {"uv": [3.375, 2, 3, 2.1875], "rotation": 270, "texture": "#0"},
				"up": {"uv": [3.225, 2.1875, 3, 2.375], "rotation": 180, "texture": "#0"},
				"down": {"uv": [3.225, 2.1875, 3, 2.375], "rotation": 180, "texture": "#0"}
			}
		},
		{
			"from": [9.1, 7.8, -3.5],
			"to": [10.9, 10.9, -2],
			"rotation": {"angle": 0, "axis": "y", "origin": [6, 9.4, -3.9]},
			"faces": {
				"north": {"uv": [2.75, 2.375, 2.975, 2], "rotation": 180, "texture": "#0"},
				"east": {"uv": [3.375, 2, 3, 2.1875], "rotation": 270, "texture": "#0"},
				"south": {"uv": [2.75, 2.375, 2.975, 2], "texture": "#0"},
				"west": {"uv": [3.375, 2, 3, 2.1875], "rotation": 270, "texture": "#0"},
				"up": {"uv": [3.225, 2.1875, 3, 2.375], "rotation": 180, "texture": "#0"},
				"down": {"uv": [3, 2.1875, 3.225, 2.375], "rotation": 180, "texture": "#0"}
			}
		},
		{
			"from": [5.1, 7.8, 18],
			"to": [6.9, 10.9, 19.5],
			"rotation": {"angle": 0, "axis": "y", "origin": [6, 9.4, 19.9]},
			"faces": {
				"north": {"uv": [2.975, 2.375, 2.75, 2], "texture": "#0"},
				"east": {"uv": [3.375, 2.1875, 3, 2], "rotation": 270, "texture": "#0"},
				"south": {"uv": [2.975, 2.375, 2.75, 2], "rotation": 180, "texture": "#0"},
				"west": {"uv": [3.375, 2.1875, 3, 2], "rotation": 270, "texture": "#0"},
				"up": {"uv": [3.225, 2.375, 3, 2.1875], "rotation": 180, "texture": "#0"},
				"down": {"uv": [3.225, 2.375, 3, 2.1875], "rotation": 180, "texture": "#0"}
			}
		},
		{
			"from": [9.1, 7.8, 18],
			"to": [10.9, 10.9, 19.5],
			"rotation": {"angle": 0, "axis": "y", "origin": [6, 9.4, 19.9]},
			"faces": {
				"north": {"uv": [2.975, 2.375, 2.75, 2], "texture": "#0"},
				"east": {"uv": [3.375, 2.1875, 3, 2], "rotation": 270, "texture": "#0"},
				"south": {"uv": [2.975, 2.375, 2.75, 2], "rotation": 180, "texture": "#0"},
				"west": {"uv": [3.375, 2.1875, 3, 2], "rotation": 270, "texture": "#0"},
				"up": {"uv": [3.225, 2.375, 3, 2.1875], "rotation": 180, "texture": "#0"},
				"down": {"uv": [3, 2.375, 3.225, 2.1875], "rotation": 180, "texture": "#0"}
			}
		},
		{
			"from": [5.25, 12.85607, -5.75607],
			"to": [6.75, 14.35607, -4.25607],
			"rotation": {"angle": -45, "axis": "x", "origin": [6, 13.5, -4.9]},
			"faces": {
				"north": {"uv": [2.75, 1.9375, 2.5625, 2.125], "texture": "#0"},
				"east": {"uv": [2.75, 1.75, 2.5625, 1.9375], "texture": "#0"},
				"south": {"uv": [2.75, 1.9375, 2.5625, 2.125], "texture": "#0"},
				"west": {"uv": [2.75, 1.75, 2.5625, 1.9375], "texture": "#0"},
				"up": {"uv": [2.75, 1.9375, 2.5625, 2.125], "texture": "#0"},
				"down": {"uv": [2.75, 1.9375, 2.5625, 2.125], "texture": "#0"}
			}
		},
		{
			"from": [5.1, 12, -5],
			"to": [6.9, 15, -4.5],
			"rotation": {"angle": 0, "axis": "y", "origin": [6, 13.5, -4.9]},
			"faces": {
				"north": {"uv": [2.75, 2.375, 3, 2], "rotation": 180, "texture": "#0"},
				"east": {"uv": [3.4375, 1.875, 3.0625, 1.9375], "rotation": 90, "texture": "#0"},
				"south": {"uv": [2.75, 2.375, 3, 2], "texture": "#0"},
				"west": {"uv": [3.4375, 1.875, 3.0625, 1.9375], "rotation": 270, "texture": "#0"},
				"up": {"uv": [3.3125, 1.9375, 3.0625, 2], "texture": "#0"},
				"down": {"uv": [3.3125, 1.9375, 3.0625, 2], "rotation": 180, "texture": "#0"}
			}
		},
		{
			"from": [9.25, 12.85607, -5.75607],
			"to": [10.75, 14.35607, -4.25607],
			"rotation": {"angle": -45, "axis": "x", "origin": [10, 13.5, -4.9]},
			"faces": {
				"north": {"uv": [2.75, 1.9375, 2.5625, 2.125], "texture": "#0"},
				"east": {"uv": [2.75, 1.75, 2.5625, 1.9375], "texture": "#0"},
				"south": {"uv": [2.75, 1.9375, 2.5625, 2.125], "texture": "#0"},
				"west": {"uv": [2.75, 1.75, 2.5625, 1.9375], "texture": "#0"},
				"up": {"uv": [2.75, 1.9375, 2.5625, 2.125], "texture": "#0"},
				"down": {"uv": [2.75, 1.9375, 2.5625, 2.125], "texture": "#0"}
			}
		},
		{
			"from": [9.1, 12, -5],
			"to": [10.9, 15, -4.5],
			"rotation": {"angle": 0, "axis": "y", "origin": [10, 13.5, -4.9]},
			"faces": {
				"north": {"uv": [2.75, 2.375, 3, 2], "rotation": 180, "texture": "#0"},
				"east": {"uv": [3.4375, 1.875, 3.0625, 1.9375], "rotation": 90, "texture": "#0"},
				"south": {"uv": [2.75, 2.375, 3, 2], "texture": "#0"},
				"west": {"uv": [3.4375, 1.875, 3.0625, 1.9375], "rotation": 270, "texture": "#0"},
				"up": {"uv": [3.3125, 1.9375, 3.0625, 2], "texture": "#0"},
				"down": {"uv": [3.3125, 1.9375, 3.0625, 2], "rotation": 180, "texture": "#0"}
			}
		},
		{
			"from": [5.25, 16.7, 21.25607],
			"to": [6.75, 18.2, 22.75607],
			"rotation": {"angle": 45, "axis": "x", "origin": [6, 17.4, 21.9]},
			"faces": {
				"north": {"uv": [2.5625, 1.9375, 2.75, 2.125], "texture": "#0"},
				"east": {"uv": [2.5625, 1.75, 2.75, 1.9375], "texture": "#0"},
				"south": {"uv": [2.5625, 1.9375, 2.75, 2.125], "texture": "#0"},
				"west": {"uv": [2.5625, 1.75, 2.75, 1.9375], "texture": "#0"},
				"up": {"uv": [2.75, 2.125, 2.5625, 1.9375], "texture": "#0"},
				"down": {"uv": [2.75, 2.125, 2.5625, 1.9375], "texture": "#0"}
			}
		},
		{
			"from": [5.1, 15.9, 21.5],
			"to": [6.9, 18.9, 22],
			"rotation": {"angle": 0, "axis": "y", "origin": [6, 17.4, 21.9]},
			"faces": {
				"north": {"uv": [3, 2.375, 2.75, 2], "texture": "#0"},
				"east": {"uv": [3.4375, 1.9375, 3.0625, 1.875], "rotation": 90, "texture": "#0"},
				"south": {"uv": [3, 2.375, 2.75, 2], "rotation": 180, "texture": "#0"},
				"west": {"uv": [3.4375, 1.9375, 3.0625, 1.875], "rotation": 270, "texture": "#0"},
				"up": {"uv": [3.3125, 2, 3.0625, 1.9375], "texture": "#0"},
				"down": {"uv": [3.3125, 2, 3.0625, 1.9375], "rotation": 180, "texture": "#0"}
			}
		},
		{
			"from": [9.25, 16.7, 21.25607],
			"to": [10.75, 18.2, 22.75607],
			"rotation": {"angle": 45, "axis": "x", "origin": [10, 17.4, 21.9]},
			"faces": {
				"north": {"uv": [2.5625, 1.9375, 2.75, 2.125], "texture": "#0"},
				"east": {"uv": [2.5625, 1.75, 2.75, 1.9375], "texture": "#0"},
				"south": {"uv": [2.5625, 1.9375, 2.75, 2.125], "texture": "#0"},
				"west": {"uv": [2.5625, 1.75, 2.75, 1.9375], "texture": "#0"},
				"up": {"uv": [2.75, 2.125, 2.5625, 1.9375], "texture": "#0"},
				"down": {"uv": [2.75, 2.125, 2.5625, 1.9375], "texture": "#0"}
			}
		},
		{
			"from": [9.1, 15.9, 21.5],
			"to": [10.9, 18.9, 22],
			"rotation": {"angle": 0, "axis": "y", "origin": [10, 17.4, 21.9]},
			"faces": {
				"north": {"uv": [3, 2.375, 2.75, 2], "texture": "#0"},
				"east": {"uv": [3.4375, 1.9375, 3.0625, 1.875], "rotation": 90, "texture": "#0"},
				"south": {"uv": [3, 2.375, 2.75, 2], "rotation": 180, "texture": "#0"},
				"west": {"uv": [3.4375, 1.9375, 3.0625, 1.875], "rotation": 270, "texture": "#0"},
				"up": {"uv": [3.3125, 2, 3.0625, 1.9375], "texture": "#0"},
				"down": {"uv": [3.3125, 2, 3.0625, 1.9375], "rotation": 180, "texture": "#0"}
			}
		},
		{
			"from": [9.25, 12.75607, 20.25607],
			"to": [10.75, 14.25607, 21.75607],
			"rotation": {"angle": 45, "axis": "x", "origin": [10, 13.4, 20.9]},
			"faces": {
				"north": {"uv": [2.5625, 1.9375, 2.75, 2.125], "texture": "#0"},
				"east": {"uv": [2.5625, 1.75, 2.75, 1.9375], "texture": "#0"},
				"south": {"uv": [2.5625, 1.9375, 2.75, 2.125], "texture": "#0"},
				"west": {"uv": [2.5625, 1.75, 2.75, 1.9375], "texture": "#0"},
				"up": {"uv": [2.75, 2.125, 2.5625, 1.9375], "texture": "#0"},
				"down": {"uv": [2.75, 2.125, 2.5625, 1.9375], "texture": "#0"}
			}
		},
		{
			"from": [9.1, 11.9, 20.5],
			"to": [10.9, 14.9, 21],
			"rotation": {"angle": 0, "axis": "y", "origin": [10, 13.4, 20.9]},
			"faces": {
				"north": {"uv": [3, 2.375, 2.75, 2], "texture": "#0"},
				"east": {"uv": [3.4375, 1.9375, 3.0625, 1.875], "rotation": 90, "texture": "#0"},
				"south": {"uv": [3, 2.375, 2.75, 2], "rotation": 180, "texture": "#0"},
				"west": {"uv": [3.4375, 1.9375, 3.0625, 1.875], "rotation": 270, "texture": "#0"},
				"up": {"uv": [3.3125, 2, 3.0625, 1.9375], "texture": "#0"},
				"down": {"uv": [3.3125, 2, 3.0625, 1.9375], "rotation": 180, "texture": "#0"}
			}
		},
		{
			"from": [5.25, 12.75607, 20.25607],
			"to": [6.75, 14.25607, 21.75607],
			"rotation": {"angle": 45, "axis": "x", "origin": [6, 13.4, 20.9]},
			"faces": {
				"north": {"uv": [2.5625, 1.9375, 2.75, 2.125], "texture": "#0"},
				"east": {"uv": [2.5625, 1.75, 2.75, 1.9375], "texture": "#0"},
				"south": {"uv": [2.5625, 1.9375, 2.75, 2.125], "texture": "#0"},
				"west": {"uv": [2.5625, 1.75, 2.75, 1.9375], "texture": "#0"},
				"up": {"uv": [2.75, 2.125, 2.5625, 1.9375], "texture": "#0"},
				"down": {"uv": [2.75, 2.125, 2.5625, 1.9375], "texture": "#0"}
			}
		},
		{
			"from": [5.1, 11.9, 20.5],
			"to": [6.9, 14.9, 21],
			"rotation": {"angle": 0, "axis": "y", "origin": [6, 13.4, 20.9]},
			"faces": {
				"north": {"uv": [3, 2.375, 2.75, 2], "texture": "#0"},
				"east": {"uv": [3.4375, 1.9375, 3.0625, 1.875], "rotation": 90, "texture": "#0"},
				"south": {"uv": [3, 2.375, 2.75, 2], "rotation": 180, "texture": "#0"},
				"west": {"uv": [3.4375, 1.9375, 3.0625, 1.875], "rotation": 270, "texture": "#0"},
				"up": {"uv": [3.3125, 2, 3.0625, 1.9375], "texture": "#0"},
				"down": {"uv": [3.3125, 2, 3.0625, 1.9375], "rotation": 180, "texture": "#0"}
			}
		},
		{
			"from": [9.25, 8.7, 19.25607],
			"to": [10.75, 10.2, 20.75607],
			"rotation": {"angle": 45, "axis": "x", "origin": [10, 9.4, 19.9]},
			"faces": {
				"north": {"uv": [2.5625, 1.9375, 2.75, 2.125], "texture": "#0"},
				"east": {"uv": [2.5625, 1.75, 2.75, 1.9375], "texture": "#0"},
				"south": {"uv": [2.5625, 1.9375, 2.75, 2.125], "texture": "#0"},
				"west": {"uv": [2.5625, 1.75, 2.75, 1.9375], "texture": "#0"},
				"up": {"uv": [2.75, 2.125, 2.5625, 1.9375], "texture": "#0"},
				"down": {"uv": [2.75, 2.125, 2.5625, 1.9375], "texture": "#0"}
			}
		},
		{
			"from": [9.1, 7.9, 19.5],
			"to": [10.9, 10.9, 20],
			"rotation": {"angle": 0, "axis": "y", "origin": [10, 9.4, 19.9]},
			"faces": {
				"north": {"uv": [3, 2.375, 2.75, 2], "texture": "#0"},
				"east": {"uv": [3.4375, 1.9375, 3.0625, 1.875], "rotation": 90, "texture": "#0"},
				"south": {"uv": [3, 2.375, 2.75, 2], "rotation": 180, "texture": "#0"},
				"west": {"uv": [3.4375, 1.9375, 3.0625, 1.875], "rotation": 270, "texture": "#0"},
				"up": {"uv": [3.3125, 2, 3.0625, 1.9375], "texture": "#0"},
				"down": {"uv": [3.3125, 2, 3.0625, 1.9375], "rotation": 180, "texture": "#0"}
			}
		},
		{
			"from": [5.25, 8.7, 19.25607],
			"to": [6.75, 10.2, 20.75607],
			"rotation": {"angle": 45, "axis": "x", "origin": [6, 9.4, 19.9]},
			"faces": {
				"north": {"uv": [2.5625, 1.9375, 2.75, 2.125], "texture": "#0"},
				"east": {"uv": [2.5625, 1.75, 2.75, 1.9375], "texture": "#0"},
				"south": {"uv": [2.5625, 1.9375, 2.75, 2.125], "texture": "#0"},
				"west": {"uv": [2.5625, 1.75, 2.75, 1.9375], "texture": "#0"},
				"up": {"uv": [2.75, 2.125, 2.5625, 1.9375], "texture": "#0"},
				"down": {"uv": [2.75, 2.125, 2.5625, 1.9375], "texture": "#0"}
			}
		},
		{
			"from": [5.1, 7.9, 19.5],
			"to": [6.9, 10.9, 20],
			"rotation": {"angle": 0, "axis": "y", "origin": [6, 9.4, 19.9]},
			"faces": {
				"north": {"uv": [3, 2.375, 2.75, 2], "texture": "#0"},
				"east": {"uv": [3.4375, 1.9375, 3.0625, 1.875], "rotation": 90, "texture": "#0"},
				"south": {"uv": [3, 2.375, 2.75, 2], "rotation": 180, "texture": "#0"},
				"west": {"uv": [3.4375, 1.9375, 3.0625, 1.875], "rotation": 270, "texture": "#0"},
				"up": {"uv": [3.3125, 2, 3.0625, 1.9375], "texture": "#0"},
				"down": {"uv": [3.3125, 2, 3.0625, 1.9375], "rotation": 180, "texture": "#0"}
			}
		},
		{
			"from": [4, 8, -3.5],
			"to": [12, 11, 1.5],
			"rotation": {"angle": 0, "axis": "y", "origin": [0, -4, -16]},
			"faces": {
				"north": {"uv": [6.0625, 1.875, 7.0625, 2.25], "texture": "#0"},
				"east": {"uv": [5.0625, 1.875, 4.4375, 2.25], "texture": "#0"},
				"south": {"uv": [5.8125, 3.375, 6.8125, 3.75], "texture": "#0"},
				"west": {"uv": [4.4375, 1.875, 5.0625, 2.25], "texture": "#0"},
				"up": {"uv": [6.0625, 1.875, 7.0625, 1.25], "texture": "#0"},
				"down": {"uv": [6.0625, 1.875, 7.0625, 1.25], "texture": "#0"}
			}
		},
		{
			"from": [3.5, 10, -6],
			"to": [3.5, 14, 2],
			"rotation": {"angle": -22.5, "axis": "x", "origin": [8, 18, -3.5]},
			"faces": {
				"north": {"uv": [0, 0, 0, 8], "texture": "#3"},
				"east": {"uv": [0, 0, 16, 8], "texture": "#3"},
				"south": {"uv": [0, 0, 0, 8], "texture": "#3"},
				"west": {"uv": [0, 0, 16, 8], "texture": "#3"},
				"up": {"uv": [0, 14, 0, 0], "texture": "#3"},
				"down": {"uv": [0, 0, 0, 14], "texture": "#3"}
			}
		},
		{
			"from": [12.5, 10, -6],
			"to": [12.5, 14, 2],
			"rotation": {"angle": -22.5, "axis": "x", "origin": [8, 18, -3.5]},
			"faces": {
				"north": {"uv": [0, 0, 0, 8], "texture": "#3"},
				"east": {"uv": [16, 0, 0, 8], "texture": "#3"},
				"south": {"uv": [0, 0, 0, 8], "texture": "#3"},
				"west": {"uv": [16, 0, 0, 8], "texture": "#3"},
				"up": {"uv": [0, 14, 0, 0], "texture": "#3"},
				"down": {"uv": [0, 0, 0, 14], "texture": "#3"}
			}
		},
		{
			"from": [12.5, 20, 11],
			"to": [12.5, 24, 19],
			"rotation": {"angle": 22.5, "axis": "x", "origin": [8, 18, -1.5]},
			"faces": {
				"north": {"uv": [0, 0, 0, 8], "texture": "#3"},
				"east": {"uv": [0, 0, 16, 8], "texture": "#3"},
				"south": {"uv": [0, 0, 0, 8], "texture": "#3"},
				"west": {"uv": [0, 0, 16, 8], "texture": "#3"},
				"up": {"uv": [0, 14, 0, 0], "texture": "#3"},
				"down": {"uv": [0, 0, 0, 14], "texture": "#3"}
			}
		},
		{
			"from": [3.5, 20, 11],
			"to": [3.5, 24, 19],
			"rotation": {"angle": 22.5, "axis": "x", "origin": [8, 18, -1.5]},
			"faces": {
				"north": {"uv": [0, 0, 0, 8], "texture": "#3"},
				"east": {"uv": [16, 0, 0, 8], "texture": "#3"},
				"south": {"uv": [0, 0, 0, 8], "texture": "#3"},
				"west": {"uv": [16, 0, 0, 8], "texture": "#3"},
				"up": {"uv": [0, 14, 0, 0], "texture": "#3"},
				"down": {"uv": [0, 0, 0, 14], "texture": "#3"}
			}
		},
		{
			"from": [7.35, 12, 8.5],
			"to": [8.65, 17, 11],
			"rotation": {"angle": 0, "axis": "y", "origin": [8, -1, 12.5]},
			"faces": {
				"north": {"uv": [0.6875, 2.6875, 0.85, 3.3125], "texture": "#0"},
				"east": {"uv": [1.375, 1.25, 1.6875, 1.875], "texture": "#0"},
				"south": {"uv": [1.6875, 1.25, 1.85, 1.875], "texture": "#0"},
				"west": {"uv": [1.6875, 1.25, 1.375, 1.875], "texture": "#0"}
			}
		},
		{
			"from": [7, 17, 8.5],
			"to": [9, 20, 12.5],
			"rotation": {"angle": 0, "axis": "y", "origin": [8, -1, 12.5]},
			"faces": {
				"north": {"uv": [0.6875, 2.3125, 0.9375, 2.6875], "texture": "#0"},
				"east": {"uv": [1.375, 2, 1.875, 2.375], "texture": "#0"},
				"south": {"uv": [1.125, 1.5, 1.375, 1.875], "texture": "#0"},
				"west": {"uv": [1.875, 2, 1.375, 2.375], "texture": "#0"},
				"up": {"uv": [1.125, 1.875, 1.375, 2.375], "texture": "#0"},
				"down": {"uv": [1.125, 1.875, 1.375, 2.375], "texture": "#0"}
			}
		},
		{
			"from": [7, 17, 3.5],
			"to": [9, 20, 7.5],
			"rotation": {"angle": 0, "axis": "y", "origin": [8, -1, 3.5]},
			"faces": {
				"north": {"uv": [1.375, 1.5, 1.125, 1.875], "texture": "#0"},
				"east": {"uv": [1.875, 2, 1.375, 2.375], "texture": "#0"},
				"south": {"uv": [0.9375, 2.3125, 0.6875, 2.6875], "texture": "#0"},
				"west": {"uv": [1.375, 2, 1.875, 2.375], "texture": "#0"},
				"up": {"uv": [1.125, 2.375, 1.375, 1.875], "texture": "#0"},
				"down": {"uv": [1.125, 2.375, 1.375, 1.875], "texture": "#0"}
			}
		},
		{
			"from": [7.35, 12, 5],
			"to": [8.65, 17, 7.5],
			"rotation": {"angle": 0, "axis": "y", "origin": [8, -1, 3.5]},
			"faces": {
				"north": {"uv": [1.85, 1.25, 1.6875, 1.875], "texture": "#0"},
				"east": {"uv": [1.6875, 1.25, 1.375, 1.875], "texture": "#0"},
				"south": {"uv": [0.85, 2.6875, 0.6875, 3.3125], "texture": "#0"},
				"west": {"uv": [1.375, 1.25, 1.6875, 1.875], "texture": "#0"}
			}
		},
		{
			"from": [4, 11, -4.5],
			"to": [12, 15, 1.5],
			"rotation": {"angle": 0, "axis": "y", "origin": [0, -4, -16]},
			"faces": {
				"north": {"uv": [6.0625, 0.75, 7.0625, 1.25], "texture": "#0"},
				"east": {"uv": [5.8125, 2.25, 5.0625, 2.75], "texture": "#0"},
				"south": {"uv": [5.8125, 2.875, 6.8125, 3.375], "texture": "#0"},
				"west": {"uv": [5.0625, 2.25, 5.8125, 2.75], "texture": "#0"},
				"up": {"uv": [6.0625, 0.75, 7.0625, 0], "texture": "#0"},
				"down": {"uv": [6.0625, 0.75, 7.0625, 0], "texture": "#0"}
			}
		},
		{
			"from": [4, 15, -5.5],
			"to": [12, 20, 2.5],
			"rotation": {"angle": 0, "axis": "y", "origin": [0, -4, -16]},
			"faces": {
				"north": {"uv": [5.0625, 1, 6.0625, 1.625], "texture": "#0"},
				"east": {"uv": [6.0625, 1.625, 5.0625, 2.25], "texture": "#0"},
				"south": {"uv": [5.8125, 2.25, 6.8125, 2.875], "texture": "#0"},
				"west": {"uv": [5.0625, 1.625, 6.0625, 2.25], "texture": "#0"},
				"up": {"uv": [5.0625, 0, 6.0625, 1], "texture": "#0"},
				"down": {"uv": [7.0625, 0, 8.0625, 1], "texture": "#0"}
			}
		},
		{
			"from": [4, 15, 13.5],
			"to": [12, 20, 21.5],
			"rotation": {"angle": 0, "axis": "y", "origin": [0, -4, 32]},
			"faces": {
				"north": {"uv": [6.8125, 2.25, 5.8125, 2.875], "texture": "#0"},
				"east": {"uv": [5.0625, 1.625, 6.0625, 2.25], "texture": "#0"},
				"south": {"uv": [6.0625, 1, 5.0625, 1.625], "texture": "#0"},
				"west": {"uv": [6.0625, 1.625, 5.0625, 2.25], "texture": "#0"},
				"up": {"uv": [5.0625, 1, 6.0625, 0], "texture": "#0"},
				"down": {"uv": [7.0625, 1, 8.0625, 0], "texture": "#0"}
			}
		},
		{
			"from": [4, 11, 14.5],
			"to": [12, 15, 20.5],
			"rotation": {"angle": 0, "axis": "y", "origin": [0, -4, 32]},
			"faces": {
				"north": {"uv": [6.8125, 2.875, 5.8125, 3.375], "texture": "#0"},
				"east": {"uv": [5.0625, 2.25, 5.8125, 2.75], "texture": "#0"},
				"south": {"uv": [7.0625, 0.75, 6.0625, 1.25], "texture": "#0"},
				"west": {"uv": [5.8125, 2.25, 5.0625, 2.75], "texture": "#0"},
				"up": {"uv": [6.0625, 0, 7.0625, 0.75], "texture": "#0"},
				"down": {"uv": [6.0625, 0, 7.0625, 0.75], "texture": "#0"}
			}
		},
		{
			"from": [4, 8, 14.5],
			"to": [12, 11, 19.5],
			"rotation": {"angle": 0, "axis": "y", "origin": [0, -4, 32]},
			"faces": {
				"north": {"uv": [6.8125, 3.375, 5.8125, 3.75], "texture": "#0"},
				"east": {"uv": [4.4375, 1.875, 5.0625, 2.25], "texture": "#0"},
				"south": {"uv": [7.0625, 1.875, 6.0625, 2.25], "texture": "#0"},
				"west": {"uv": [5.0625, 1.875, 4.4375, 2.25], "texture": "#0"},
				"up": {"uv": [6.0625, 1.25, 7.0625, 1.875], "texture": "#0"},
				"down": {"uv": [6.0625, 1.25, 7.0625, 1.875], "texture": "#0"}
			}
		},
		{
			"from": [7.4, 6.5, 5.5],
			"to": [7.4, 16.5, 15.5],
			"rotation": {"angle": 0, "axis": "y", "origin": [-0.1, 11, 16]},
			"faces": {
				"north": {"uv": [0, 0, 0, 56], "texture": "#missing"},
				"east": {"uv": [4.9375, 0, 3.6875, 1.25], "rotation": 270, "texture": "#0"},
				"south": {"uv": [0, 0, 0, 56], "rotation": 180, "texture": "#missing"},
				"west": {"uv": [4.9375, 1.25, 3.6875, 0], "rotation": 270, "texture": "#0"},
				"up": {"uv": [0, 88, 0, 0], "texture": "#missing"},
				"down": {"uv": [0, 88, 0, 0], "rotation": 180, "texture": "#missing"}
			}
		},
		{
			"from": [8.6, 6.5, 5.5],
			"to": [8.6, 16.5, 15.5],
			"rotation": {"angle": 0, "axis": "y", "origin": [16.1, 11, 16]},
			"faces": {
				"north": {"uv": [0, 0, 0, 56], "texture": "#missing"},
				"east": {"uv": [4.9375, 0, 3.6875, 1.25], "rotation": 270, "texture": "#0"},
				"south": {"uv": [0, 0, 0, 56], "rotation": 180, "texture": "#missing"},
				"west": {"uv": [4.9375, 1.25, 3.6875, 0], "rotation": 270, "texture": "#0"},
				"up": {"uv": [0, 88, 0, 0], "texture": "#missing"},
				"down": {"uv": [0, 88, 0, 0], "rotation": 180, "texture": "#missing"}
			}
		},
		{
			"from": [7.4, 6.5, 0.5],
			"to": [7.4, 16.5, 10.5],
			"rotation": {"angle": 0, "axis": "y", "origin": [-0.1, 11, 0]},
			"faces": {
				"north": {"uv": [0, 0, 0, 56], "rotation": 180, "texture": "#missing"},
				"east": {"uv": [4.9375, 1.25, 3.6875, 0], "rotation": 270, "texture": "#0"},
				"south": {"uv": [0, 0, 0, 56], "texture": "#missing"},
				"west": {"uv": [4.9375, 0, 3.6875, 1.25], "rotation": 270, "texture": "#0"},
				"up": {"uv": [0, 0, 0, 88], "texture": "#missing"},
				"down": {"uv": [0, 0, 0, 88], "rotation": 180, "texture": "#missing"}
			}
		},
		{
			"from": [8.6, 6.5, 0.5],
			"to": [8.6, 16.5, 10.5],
			"rotation": {"angle": 0, "axis": "y", "origin": [16.1, 11, 0]},
			"faces": {
				"north": {"uv": [0, 0, 0, 56], "rotation": 180, "texture": "#missing"},
				"east": {"uv": [4.9375, 1.25, 3.6875, 0], "rotation": 270, "texture": "#0"},
				"south": {"uv": [0, 0, 0, 56], "texture": "#missing"},
				"west": {"uv": [4.9375, 0, 3.6875, 1.25], "rotation": 270, "texture": "#0"},
				"up": {"uv": [0, 0, 0, 88], "texture": "#missing"},
				"down": {"uv": [0, 0, 0, 88], "rotation": 180, "texture": "#missing"}
			}
		},
		{
			"from": [7, -11, 7],
			"to": [9, 0, 9],
			"rotation": {"angle": 0, "axis": "y", "origin": [0, -1, 0]},
			"faces": {
				"north": {"uv": [3.3125, 0.5, 3.5625, 1.875], "texture": "#0"},
				"east": {"uv": [3.0625, 0.5, 3.3125, 1.875], "texture": "#0"},
				"south": {"uv": [3.3125, 0.5, 3.5625, 1.875], "texture": "#0"},
				"west": {"uv": [3.0625, 0.5, 3.3125, 1.875], "texture": "#0"},
				"up": {"uv": [1.125, 1.25, 1.375, 1.5], "texture": "#0"},
				"down": {"uv": [1.125, 1.25, 1.375, 1.5], "texture": "#0"}
			}
		},
		{
			"from": [5.5, 10, 12.5],
			"to": [10.5, 18, 14.5],
			"rotation": {"angle": 0, "axis": "y", "origin": [0, -4, -16]},
			"faces": {
				"north": {"uv": [3.5625, 1.75, 4.1875, 2.75], "texture": "#0"},
				"east": {"uv": [4.1875, 1.75, 4.4375, 2.75], "texture": "#0"},
				"south": {"uv": [3.5625, 1.75, 4.1875, 2.75], "texture": "#0"},
				"west": {"uv": [4.1875, 1.75, 4.4375, 2.75], "texture": "#0"},
				"up": {"uv": [4.4375, 1.625, 5.0625, 1.875], "texture": "#0"},
				"down": {"uv": [4.4375, 1.625, 5.0625, 1.875], "texture": "#0"}
			}
		},
		{
			"from": [5.9, 11.20711, 7.5],
			"to": [5.9, 16.20711, 12.5],
			"rotation": {"angle": -45, "axis": "x", "origin": [8, 11.70711, 8]},
			"faces": {
				"north": {"uv": [0, 0, 0, 10], "texture": "#1"},
				"east": {"uv": [10, 0, 0, 10], "texture": "#1"},
				"south": {"uv": [0, 0, 0, 10], "texture": "#1"},
				"west": {"uv": [0, 0, 10, 10], "texture": "#1"},
				"up": {"uv": [0, 10, 0, 0], "texture": "#1"},
				"down": {"uv": [0, 0, 0, 10], "texture": "#1"}
			}
		},
		{
			"from": [10.1, 11.20711, 7.5],
			"to": [10.1, 16.20711, 12.5],
			"rotation": {"angle": -45, "axis": "x", "origin": [8, 11.70711, 8]},
			"faces": {
				"north": {"uv": [0, 0, 0, 10], "texture": "#1"},
				"east": {"uv": [10, 0, 0, 10], "texture": "#1"},
				"south": {"uv": [0, 0, 0, 10], "texture": "#1"},
				"west": {"uv": [0, 0, 10, 10], "texture": "#1"},
				"up": {"uv": [0, 10, 0, 0], "texture": "#1"},
				"down": {"uv": [0, 0, 0, 10], "texture": "#1"}
			}
		},
		{
			"from": [6, 18.5, 14],
			"to": [6, 22.5, 19],
			"rotation": {"angle": 0, "axis": "y", "origin": [0, -2, 16.5]},
			"faces": {
				"north": {"uv": [0.5625, 2.1875, 0.6875, 5.3125], "texture": "#0"},
				"east": {"uv": [3.6875, 0, 3.0625, 0.5], "texture": "#0"},
				"south": {"uv": [0.5625, 2.1875, 0.6875, 5.3125], "texture": "#0"},
				"west": {"uv": [3.6875, 0, 3.0625, 0.5], "texture": "#0"},
				"up": {"uv": [1.5, 0.875, 1.625, 0.3125], "texture": "#0"},
				"down": {"uv": [1.5, 0.875, 1.625, 0.3125], "texture": "#0"}
			}
		},
		{
			"from": [10, 18.5, 14],
			"to": [10, 22.5, 19],
			"rotation": {"angle": 0, "axis": "y", "origin": [16, -2, 16.5]},
			"faces": {
				"north": {"uv": [0.6875, 2.1875, 0.5625, 5.3125], "texture": "#0"},
				"east": {"uv": [3.0625, 0, 3.6875, 0.5], "texture": "#0"},
				"south": {"uv": [0.6875, 2.1875, 0.5625, 5.3125], "texture": "#0"},
				"west": {"uv": [3.0625, 0, 3.6875, 0.5], "texture": "#0"},
				"up": {"uv": [1.625, 0.875, 1.5, 0.3125], "texture": "#0"},
				"down": {"uv": [1.625, 0.875, 1.5, 0.3125], "texture": "#0"}
			}
		},
		{
			"from": [10, 18.5, -3],
			"to": [10, 22.5, 2],
			"rotation": {"angle": 0, "axis": "y", "origin": [16, -2, -0.5]},
			"faces": {
				"north": {"uv": [0.5625, 2.1875, 0.6875, 5.3125], "texture": "#0"},
				"east": {"uv": [3.6875, 0, 3.0625, 0.5], "texture": "#0"},
				"south": {"uv": [0.5625, 2.1875, 0.6875, 5.3125], "texture": "#0"},
				"west": {"uv": [3.6875, 0, 3.0625, 0.5], "texture": "#0"},
				"up": {"uv": [1.625, 0.3125, 1.5, 0.875], "texture": "#0"},
				"down": {"uv": [1.625, 0.3125, 1.5, 0.875], "texture": "#0"}
			}
		},
		{
			"from": [6, 18.5, -3],
			"to": [6, 22.5, 2],
			"rotation": {"angle": 0, "axis": "y", "origin": [0, -2, -0.5]},
			"faces": {
				"north": {"uv": [0.6875, 2.1875, 0.5625, 5.3125], "texture": "#0"},
				"east": {"uv": [3.0625, 0, 3.6875, 0.5], "texture": "#0"},
				"south": {"uv": [0.6875, 2.1875, 0.5625, 5.3125], "texture": "#0"},
				"west": {"uv": [3.0625, 0, 3.6875, 0.5], "texture": "#0"},
				"up": {"uv": [1.5, 0.3125, 1.625, 0.875], "texture": "#0"},
				"down": {"uv": [1.5, 0.3125, 1.625, 0.875], "texture": "#0"}
			}
		},
		{
			"from": [7, 0, 7],
			"to": [9, 8.5, 9],
			"rotation": {"angle": 0, "axis": "y", "origin": [0, -1, 0]},
			"faces": {
				"north": {"uv": [3.5625, 2.1875, 3.3125, 3.25], "texture": "#0"},
				"east": {"uv": [3.3125, 2.1875, 3.5625, 3.25], "texture": "#0"},
				"south": {"uv": [3.5625, 2.1875, 3.3125, 3.25], "texture": "#0"},
				"west": {"uv": [3.3125, 2.1875, 3.5625, 3.25], "texture": "#0"},
				"up": {"uv": [1.125, 1.25, 1.375, 1.5], "texture": "#0"},
				"down": {"uv": [1.125, 1.25, 1.375, 1.5], "texture": "#0"}
			}
		}
	],
	"gui_light": "front",
	"display": {
		"thirdperson_righthand": {
			"translation": [0, 7.5, 1.75],
			"scale": [0.7, 0.7, 0.7]
		},
		"thirdperson_lefthand": {
			"translation": [0, 7.5, 1.75],
			"scale": [0.7, 0.7, 0.7]
		},
		"firstperson_righthand": {
			"rotation": [-12, 12, 0],
			"translation": [4.75, 5.5, -7],
			"scale": [0.6, 0.6, 0.6]
		},
		"firstperson_lefthand": {
			"rotation": [-12, 12, 0],
			"translation": [4.75, 5.5, -7],
			"scale": [0.6, 0.6, 0.6]
		},
		"ground": {
			"rotation": [0, 0, 80],
			"translation": [-4.25, -1.5, 0],
			"scale": [0.45352, 0.45352, 0.45352]
		},
		"gui": {
			"rotation": [-90, -45, -90],
			"translation": [0, 0.25, -1.5],
			"scale": [0.42969, 0.42969, 0.42969]
		},
		"head": {
			"rotation": [-77.97, -13.17, -87.22],
			"translation": [3, 13.25, 1.75],
			"scale": [0.6, 0.6, 0.6]
		},
		"fixed": {
			"rotation": [-90, -45, -90],
			"translation": [2.25, 0.75, -1.5],
			"scale": [1.04531, 1.04531, 1.04531]
		}
	}
}