{"credit":"Made with Blockbench","texture_size":[128,128],"textures":{"0":"elitecreatures:vinland_animated_weapon/vinland_texture_01","1":"elitecreatures:vinland_animated_weapon/vinland_animation_01","3":"elitecreatures:vinland_animated_weapon/vinland_animation_03","particle":"elitecreatures:vinland_animated_weapon/vinland_texture_01"},"elements":[{"from":[6.75,8,6.75],"to":[9.25,11.5,9.25],"rotation":{"angle":0,"axis":"y","origin":[8,5.5,7]},"faces":{"north":{"uv":[0.8125,0.8125,1.125,1.25],"texture":"#0"},"east":{"uv":[1.125,0.8125,1.4375,1.25],"texture":"#0"},"south":{"uv":[0.8125,0.8125,1.125,1.25],"texture":"#0"},"west":{"uv":[1.125,0.8125,1.4375,1.25],"texture":"#0"},"up":{"uv":[0.8125,1.25,1.125,1.5625],"rotation":90,"texture":"#0"},"down":{"uv":[0.8125,1.25,1.125,1.5625],"rotation":270,"texture":"#0"}}},{"from":[3.5,12,7.25],"to":[6,16,8.75],"rotation":{"angle":22.5,"axis":"z","origin":[3.5,12,8]},"faces":{"north":{"uv":[0.75,0.3125,1.0625,0.8125],"texture":"#0"},"east":{"uv":[2.375,1.75,2.5625,2.25],"texture":"#0"},"south":{"uv":[1.0625,0.3125,0.75,0.8125],"texture":"#0"},"west":{"uv":[1.0625,0.3125,1.25,0.8125],"texture":"#0"},"up":{"uv":[1.25,0.3125,1.4375,0.625],"rotation":90,"texture":"#0"},"down":{"uv":[1.25,0.3125,1.4375,0.625],"rotation":270,"texture":"#0"}}},{"from":[3.5,10,7],"to":[8.5,12.5,9],"rotation":{"angle":-22.5,"axis":"z","origin":[8.5,11,7]},"faces":{"north":{"uv":[0.75,0,1.375,0.3125],"texture":"#0"},"east":{"uv":[1.375,0,1.625,0.3125],"texture":"#0"},"south":{"uv":[1.375,0,0.75,0.3125],"texture":"#0"},"west":{"uv":[1.375,0,1.625,0.3125],"texture":"#0"},"up":{"uv":[2.125,1.75,2.375,2.375],"rotation":90,"texture":"#0"},"down":{"uv":[0.5,0.25,0.75,0.875],"rotation":270,"texture":"#0"}}},{"from":[10,12,7.25],"to":[12.5,16,8.75],"rotation":{"angle":-22.5,"axis":"z","origin":[12.5,12,8]},"faces":{"north":{"uv":[1.0625,0.3125,0.75,0.8125],"texture":"#0"},"east":{"uv":[1.25,0.3125,1.0625,0.8125],"texture":"#0"},"south":{"uv":[0.75,0.3125,1.0625,0.8125],"texture":"#0"},"west":{"uv":[2.5625,1.75,2.375,2.25],"texture":"#0"},"up":{"uv":[1.25,0.625,1.4375,0.3125],"rotation":90,"texture":"#0"},"down":{"uv":[1.25,0.625,1.4375,0.3125],"rotation":270,"texture":"#0"}}},{"from":[7.5,10,7],"to":[12.5,12.5,9],"rotation":{"angle":22.5,"axis":"z","origin":[7.5,11,7]},"faces":{"north":{"uv":[1.375,0,0.75,0.3125],"texture":"#0"},"east":{"uv":[1.625,0,1.375,0.3125],"texture":"#0"},"south":{"uv":[0.75,0,1.375,0.3125],"texture":"#0"},"west":{"uv":[1.625,0,1.375,0.3125],"texture":"#0"},"up":{"uv":[2.125,2.375,2.375,1.75],"rotation":90,"texture":"#0"},"down":{"uv":[0.5,0.875,0.75,0.25],"rotation":270,"texture":"#0"}}},{"from":[5.5,11.20711,6],"to":[7.5,13.20711,10],"rotation":{"angle":-45,"axis":"z","origin":[8,10.70711,8]},"faces":{"north":{"uv":[0.25,0,0,0.25],"texture":"#0"},"east":{"uv":[0.75,0,0.25,0.25],"texture":"#0"},"south":{"uv":[0,0,0.25,0.25],"texture":"#0"},"west":{"uv":[0.75,0,0.25,0.25],"texture":"#0"},"up":{"uv":[0.75,0.25,0.25,0],"rotation":90,"texture":"#0"},"down":{"uv":[0.75,0,0.25,0.25],"rotation":270,"texture":"#0"}}},{"from":[4,10,6.5],"to":[8,14,9.5],"rotation":{"angle":-45,"axis":"z","origin":[8,10,8]},"faces":{"north":{"uv":[0,0.75,0.5,0.25],"rotation":90,"texture":"#0"},"east":{"uv":[0.5,1.125,0,1.5],"rotation":90,"texture":"#0"},"south":{"uv":[0,0.25,0.5,0.75],"rotation":90,"texture":"#0"},"west":{"uv":[0.5,0.75,0,1.125],"rotation":90,"texture":"#0"},"up":{"uv":[0,0.75,0.5,1.125],"rotation":180,"texture":"#0"},"down":{"uv":[0.5,1.125,0,1.5],"texture":"#0"}}},{"from":[6.25,13.5,7.5],"to":[9.75,16.5,10],"rotation":{"angle":0,"axis":"y","origin":[-16,-5,0]},"faces":{"north":{"uv":[4.75,1.25,4.3125,1.625],"texture":"#0"},"east":{"uv":[5.0625,1.25,4.75,1.625],"texture":"#0"},"south":{"uv":[4.75,1.25,4.3125,1.625],"texture":"#0"},"west":{"uv":[5.0625,1.25,4.75,1.625],"texture":"#0"},"up":{"uv":[2.75,2,3.0625,1.5625],"rotation":90,"texture":"#0"},"down":{"uv":[2.75,2,3.0625,1.5625],"rotation":270,"texture":"#0"}}},{"from":[4.8,12,8.35],"to":[7.3,17,9.65],"rotation":{"angle":0,"axis":"y","origin":[3.5,-1,8]},"faces":{"north":{"uv":[1.6875,1.25,1.375,1.875],"texture":"#0"},"east":{"uv":[0.6875,2.6875,0.85,3.3125],"texture":"#0"},"south":{"uv":[1.375,1.25,1.6875,1.875],"texture":"#0"},"west":{"uv":[1.6875,1.25,1.85,1.875],"texture":"#0"}}},{"from":[3.3,17,8],"to":[7.3,20,10],"rotation":{"angle":0,"axis":"y","origin":[3.5,-1,8]},"faces":{"north":{"uv":[1.875,2,1.375,2.375],"texture":"#0"},"east":{"uv":[0.6875,2.3125,0.9375,2.6875],"texture":"#0"},"south":{"uv":[1.375,2,1.875,2.375],"texture":"#0"},"west":{"uv":[1.125,1.5,1.375,1.875],"texture":"#0"},"up":{"uv":[1.125,1.875,1.375,2.375],"rotation":90,"texture":"#0"},"down":{"uv":[1.125,1.875,1.375,2.375],"rotation":270,"texture":"#0"}}},{"from":[8.7,17,8],"to":[12.7,20,10],"rotation":{"angle":0,"axis":"y","origin":[12.5,-1,8]},"faces":{"north":{"uv":[1.375,2,1.875,2.375],"texture":"#0"},"east":{"uv":[1.375,1.5,1.125,1.875],"texture":"#0"},"south":{"uv":[1.875,2,1.375,2.375],"texture":"#0"},"west":{"uv":[0.9375,2.3125,0.6875,2.6875],"texture":"#0"},"up":{"uv":[1.125,2.375,1.375,1.875],"rotation":90,"texture":"#0"},"down":{"uv":[1.125,2.375,1.375,1.875],"rotation":270,"texture":"#0"}}},{"from":[8.7,12,8.35],"to":[11.2,17,9.65],"rotation":{"angle":0,"axis":"y","origin":[12.5,-1,8]},"faces":{"north":{"uv":[1.375,1.25,1.6875,1.875],"texture":"#0"},"east":{"uv":[1.85,1.25,1.6875,1.875],"texture":"#0"},"south":{"uv":[1.6875,1.25,1.375,1.875],"texture":"#0"},"west":{"uv":[0.85,2.6875,0.6875,3.3125],"texture":"#0"}}},{"from":[-0.5,6.5,7.4],"to":[7.5,16.5,7.4],"rotation":{"angle":22.5,"axis":"y","origin":[5.5,11.5,7.4]},"faces":{"north":{"uv":[4.9375,0.25,3.6875,1.25],"rotation":270,"texture":"#0"},"east":{"uv":[0,0,0,56],"texture":"#missing"},"south":{"uv":[4.9375,1.25,3.6875,0.25],"rotation":270,"texture":"#0"},"west":{"uv":[0,0,0,56],"rotation":180,"texture":"#missing"},"up":{"uv":[0,88,0,0],"rotation":90,"texture":"#missing"},"down":{"uv":[0,88,0,0],"rotation":90,"texture":"#missing"}}},{"from":[8.5,6.5,7.4],"to":[16.5,16.5,7.4],"rotation":{"angle":-22.5,"axis":"y","origin":[10.5,11.5,7.4]},"faces":{"north":{"uv":[4.9375,1.25,3.6875,0.25],"rotation":270,"texture":"#0"},"east":{"uv":[0,0,0,56],"rotation":180,"texture":"#missing"},"south":{"uv":[4.9375,0.25,3.6875,1.25],"rotation":270,"texture":"#0"},"west":{"uv":[0,0,0,56],"texture":"#missing"},"up":{"uv":[0,0,0,88],"rotation":90,"texture":"#missing"},"down":{"uv":[0,0,0,88],"rotation":90,"texture":"#missing"}}},{"from":[-0.2,1.5,15],"to":[-0.2,20.5,25],"rotation":{"angle":22.5,"axis":"y","origin":[0.8,11,14]},"faces":{"north":{"uv":[0,0,0,56],"rotation":180,"texture":"#missing"},"east":{"uv":[11.125,6.4375,13.5,5.1875],"rotation":270,"texture":"#0"},"south":{"uv":[0,0,0,56],"texture":"#missing"},"west":{"uv":[11.125,5.1875,13.5,6.4375],"rotation":270,"texture":"#0"},"up":{"uv":[0,0,0,88],"texture":"#missing"},"down":{"uv":[0,0,0,88],"rotation":180,"texture":"#missing"}}},{"from":[-1,1.5,3.8],"to":[-1,20.5,8.2],"rotation":{"angle":-45,"axis":"y","origin":[-1.87771,11,13.11096]},"faces":{"north":{"uv":[0,0,0,56],"rotation":180,"texture":"#missing"},"east":{"uv":[11.125,4.675,13.5,4.125],"rotation":270,"texture":"#0"},"south":{"uv":[0,0,0,56],"texture":"#missing"},"west":{"uv":[11.125,4.125,13.5,4.675],"rotation":270,"texture":"#0"},"up":{"uv":[0,0,0,88],"texture":"#missing"},"down":{"uv":[0,0,0,88],"rotation":180,"texture":"#missing"}}},{"from":[2.25147,1.5,10.24975],"to":[2.25147,20.5,15.24975],"rotation":{"angle":-22.5,"axis":"y","origin":[2.22229,11,10.21096]},"faces":{"north":{"uv":[0,0,0,56],"rotation":180,"texture":"#missing"},"east":{"uv":[11.125,5.1875,13.5,4.6875],"rotation":270,"texture":"#0"},"south":{"uv":[0,0,0,56],"texture":"#missing"},"west":{"uv":[11.125,4.6875,13.5,5.1875],"rotation":270,"texture":"#0"},"up":{"uv":[0,0,0,88],"texture":"#missing"},"down":{"uv":[0,0,0,88],"rotation":180,"texture":"#missing"}}},{"from":[17,1.5,3.8],"to":[17,20.5,8.2],"rotation":{"angle":45,"axis":"y","origin":[17.87771,11,13.11096]},"faces":{"north":{"uv":[0,0,0,56],"rotation":180,"texture":"#missing"},"east":{"uv":[11.125,4.675,13.5,4.125],"rotation":270,"texture":"#0"},"south":{"uv":[0,0,0,56],"texture":"#missing"},"west":{"uv":[11.125,4.125,13.5,4.675],"rotation":270,"texture":"#0"},"up":{"uv":[0,0,0,88],"texture":"#missing"},"down":{"uv":[0,0,0,88],"rotation":180,"texture":"#missing"}}},{"from":[13.74853,1.5,10.24975],"to":[13.74853,20.5,15.74975],"rotation":{"angle":22.5,"axis":"y","origin":[13.77771,11,10.21096]},"faces":{"north":{"uv":[0,0,0,56],"rotation":180,"texture":"#missing"},"east":{"uv":[11.125,5.1875,13.5,4.6875],"rotation":270,"texture":"#0"},"south":{"uv":[0,0,0,56],"texture":"#missing"},"west":{"uv":[11.125,4.6875,13.5,5.1875],"rotation":270,"texture":"#0"},"up":{"uv":[0,0,0,88],"texture":"#missing"},"down":{"uv":[0,0,0,88],"rotation":180,"texture":"#missing"}}},{"from":[16.2,1.5,15],"to":[16.2,20.5,25],"rotation":{"angle":-22.5,"axis":"y","origin":[15.2,11,14]},"faces":{"north":{"uv":[0,0,0,56],"rotation":180,"texture":"#missing"},"east":{"uv":[11.125,6.4375,13.5,5.1875],"rotation":270,"texture":"#0"},"south":{"uv":[0,0,0,56],"texture":"#missing"},"west":{"uv":[11.125,5.1875,13.5,6.4375],"rotation":270,"texture":"#0"},"up":{"uv":[0,0,0,88],"texture":"#missing"},"down":{"uv":[0,0,0,88],"rotation":180,"texture":"#missing"}}},{"from":[9.5,15.6,7.9],"to":[14.5,18.6,7.9],"rotation":{"angle":22.5,"axis":"z","origin":[14,19.5,7.9]},"faces":{"north":{"uv":[3.6875,0,3.0625,0.375],"texture":"#0"},"east":{"uv":[0.5625,2.1875,0.6875,5.3125],"texture":"#0"},"south":{"uv":[3.6875,0,3.0625,0.375],"texture":"#0"},"west":{"uv":[0.5625,2.1875,0.6875,5.3125],"texture":"#0"},"up":{"uv":[1.5,0.875,1.625,0.3125],"rotation":90,"texture":"#0"},"down":{"uv":[1.5,0.875,1.625,0.3125],"rotation":270,"texture":"#0"}}},{"from":[12.5,14.8,7.7],"to":[16,16.3,8.7],"rotation":{"angle":22.5,"axis":"z","origin":[14,15.5,7.7]},"faces":{"north":{"uv":[0.6875,0.875,0.5,1.3125],"rotation":270,"texture":"#0"},"east":{"uv":[0.5,1.5,0.625,1.3125],"texture":"#0"},"south":{"uv":[0.6875,1.3125,0.5,0.875],"rotation":270,"texture":"#0"},"west":{"uv":[0.5,1.5,0.625,1.3125],"texture":"#0"},"up":{"uv":[0.8125,0.875,0.6875,1.3125],"rotation":90,"texture":"#0"},"down":{"uv":[0.6875,0.25,0.5625,0.6875],"rotation":270,"texture":"#0"}}},{"from":[1.5,15.6,7.9],"to":[6.5,18.6,7.9],"rotation":{"angle":-22.5,"axis":"z","origin":[2,19.5,7.9]},"faces":{"north":{"uv":[3.0625,0,3.6875,0.375],"texture":"#0"},"east":{"uv":[0.6875,2.1875,0.5625,5.3125],"texture":"#0"},"south":{"uv":[3.0625,0,3.6875,0.375],"texture":"#0"},"west":{"uv":[0.6875,2.1875,0.5625,5.3125],"texture":"#0"},"up":{"uv":[1.5,0.3125,1.625,0.875],"rotation":90,"texture":"#0"},"down":{"uv":[1.5,0.3125,1.625,0.875],"rotation":270,"texture":"#0"}}},{"from":[0,14.8,7.7],"to":[3.5,16.3,8.7],"rotation":{"angle":-22.5,"axis":"z","origin":[2,15.5,7.7]},"faces":{"north":{"uv":[0.6875,1.3125,0.5,0.875],"rotation":270,"texture":"#0"},"east":{"uv":[0.625,1.5,0.5,1.3125],"texture":"#0"},"south":{"uv":[0.6875,0.875,0.5,1.3125],"rotation":270,"texture":"#0"},"west":{"uv":[0.625,1.5,0.5,1.3125],"texture":"#0"},"up":{"uv":[0.8125,1.3125,0.6875,0.875],"rotation":90,"texture":"#0"},"down":{"uv":[0.6875,0.6875,0.5625,0.25],"rotation":270,"texture":"#0"}}},{"from":[4.2,10.70711,5.9],"to":[9.2,15.70711,5.9],"rotation":{"angle":-45,"axis":"z","origin":[8.7,12.20711,10]},"faces":{"north":{"uv":[0,0,10,10],"texture":"#1"},"east":{"uv":[0,0,0,10],"texture":"#1"},"south":{"uv":[10,0,0,10],"texture":"#1"},"west":{"uv":[0,0,0,10],"texture":"#1"},"up":{"uv":[0,10,0,0],"rotation":90,"texture":"#1"},"down":{"uv":[0,0,0,10],"rotation":270,"texture":"#1"}}},{"from":[4,18,7.5],"to":[12,22,7.5],"rotation":{"angle":0,"axis":"y","origin":[15,25,-2.5]},"faces":{"north":{"uv":[0,0,16,8],"texture":"#3"},"east":{"uv":[0,0,0,8],"texture":"#3"},"south":{"uv":[0,0,16,8],"texture":"#3"},"west":{"uv":[0,0,0,8],"texture":"#3"},"up":{"uv":[0,14,0,0],"rotation":270,"texture":"#3"},"down":{"uv":[0,0,0,14],"rotation":90,"texture":"#3"}}}],"gui_light":"front","display":{"thirdperson_righthand":{"rotation":[58.76,3.25,7.85],"translation":[0,1.25,-2.75],"scale":[0.44258,0.44258,0.44258]},"thirdperson_lefthand":{"rotation":[58.76,3.25,7.85],"translation":[0,1.25,-2.75],"scale":[0.44258,0.44258,0.44258]},"firstperson_righthand":{"rotation":[-180,63,-180],"translation":[0.25,1,-5.5],"scale":[0.79492,0.79492,0.79492]},"firstperson_lefthand":{"rotation":[-180,63,-180],"translation":[0.25,1,-5.5],"scale":[0.79492,0.79492,0.79492]},"ground":{"rotation":[54,49,-19],"translation":[-2.25,3.25,-1.5],"scale":[0.5,0.5,0.5]},"gui":{"rotation":[22,180,-0.85],"translation":[0.25,-3.5,-2],"scale":[0.64336,0.64336,0.64336]},"head":{"translation":[0,-1.75,-9.75],"scale":[1.33164,1.33164,1.33164]},"fixed":{"translation":[0,-5.5,-8.5],"scale":[1.54508,1.54508,1.54508]}}}