{
	"credit": "Made with Blockbench",
	"texture_size": [8, 8],
	"textures": {
		"0": "elitecreatures:vinland_animated_weapon/vinland_texture_01",
		"1": "elitecreatures:vinland_animated_weapon/vinland_animation_01",
		"3": "elitecreatures:vinland_animated_weapon/vinland_animation_03",
		"particle": "elitecreatures:vinland_animated_weapon/vinland_texture_01"
	},
	"elements": [
		{
			"from": [8, -3.9, 0],
			"to": [9, 14.1, 8],
			"rotation": {"angle": 22.5, "axis": "y", "origin": [9, 5.1, 8]},
			"faces": {
				"north": {"uv": [1, 7.6875, 1.125, 5.4375], "texture": "#0"},
				"east": {"uv": [0, 7.6875, 1, 5.4375], "texture": "#0"},
				"south": {"uv": [1, 7.6875, 1.125, 5.4375], "texture": "#0"},
				"west": {"uv": [1, 7.6875, 0, 5.4375], "texture": "#0"},
				"up": {"uv": [0.875, 3.9375, 0.75, 4.9375], "texture": "#0"},
				"down": {"uv": [0.875, 3.9375, 0.75, 4.9375], "texture": "#0"}
			}
		},
		{
			"from": [9, 8.4, 5.5],
			"to": [9, 12.4, 10.5],
			"rotation": {"angle": 0, "axis": "y", "origin": [0, 2, -0.5]},
			"faces": {
				"north": {"uv": [0.6875, 2.1875, 0.5625, 5.3125], "texture": "#0"},
				"east": {"uv": [3.0625, 0, 3.6875, 0.5], "texture": "#0"},
				"south": {"uv": [0.6875, 2.1875, 0.5625, 5.3125], "texture": "#0"},
				"west": {"uv": [3.0625, 0, 3.6875, 0.5], "texture": "#0"},
				"up": {"uv": [1.5, 0.3125, 1.625, 0.875], "texture": "#0"},
				"down": {"uv": [1.5, 0.3125, 1.625, 0.875], "texture": "#0"}
			}
		},
		{
			"from": [9, 5.4, 5.5],
			"to": [9, 9.4, 10.5],
			"rotation": {"angle": 0, "axis": "y", "origin": [0, 22, -0.5]},
			"faces": {
				"north": {"uv": [0.6875, 5.3125, 0.5625, 2.1875], "texture": "#0"},
				"east": {"uv": [3.0625, 0.5, 3.6875, 0], "texture": "#0"},
				"south": {"uv": [0.6875, 5.3125, 0.5625, 2.1875], "texture": "#0"},
				"west": {"uv": [3.0625, 0.5, 3.6875, 0], "texture": "#0"},
				"up": {"uv": [1.5, 0.875, 1.625, 0.3125], "texture": "#0"},
				"down": {"uv": [1.5, 0.875, 1.625, 0.3125], "texture": "#0"}
			}
		},
		{
			"from": [7, 14.5, -1.6],
			"to": [10, 17, 8.4],
			"rotation": {"angle": 22.5, "axis": "y", "origin": [9, 15.5, 8]},
			"faces": {
				"north": {"uv": [3.3125, 3.875, 2.9375, 4.1875], "texture": "#0"},
				"east": {"uv": [1.6875, 3.875, 2.9375, 4.1875], "texture": "#0"},
				"south": {"uv": [3.3125, 3.875, 2.9375, 4.1875], "texture": "#0"},
				"west": {"uv": [2.9375, 3.875, 1.6875, 4.1875], "texture": "#0"},
				"up": {"uv": [1.25, 5.4375, 0.875, 4.1875], "texture": "#0"},
				"down": {"uv": [0.875, 5.4375, 1.25, 4.1875], "texture": "#0"}
			}
		},
		{
			"from": [7, 14.5, 7.6],
			"to": [10, 17, 17.6],
			"rotation": {"angle": -22.5, "axis": "y", "origin": [9, 15.5, 8]},
			"faces": {
				"north": {"uv": [2.9375, 3.875, 3.3125, 4.1875], "texture": "#0"},
				"east": {"uv": [2.9375, 3.875, 1.6875, 4.1875], "texture": "#0"},
				"south": {"uv": [2.9375, 3.875, 3.3125, 4.1875], "texture": "#0"},
				"west": {"uv": [1.6875, 3.875, 2.9375, 4.1875], "texture": "#0"},
				"up": {"uv": [1.25, 4.1875, 0.875, 5.4375], "texture": "#0"},
				"down": {"uv": [0.875, 4.1875, 1.25, 5.4375], "texture": "#0"}
			}
		},
		{
			"from": [7, 7.20711, 8.5],
			"to": [10, 9.20711, 10.5],
			"rotation": {"angle": -45, "axis": "x", "origin": [8, 6.70711, 8]},
			"faces": {
				"north": {"uv": [0.75, 0, 0.25, 0.25], "texture": "#0"},
				"east": {"uv": [0, 0, 0.25, 0.25], "texture": "#0"},
				"south": {"uv": [0.75, 0, 0.25, 0.25], "texture": "#0"},
				"west": {"uv": [0.25, 0, 0, 0.25], "texture": "#0"},
				"up": {"uv": [0.75, 0.25, 0.25, 0], "texture": "#0"},
				"down": {"uv": [0.75, 0, 0.25, 0.25], "texture": "#0"}
			}
		},
		{
			"from": [7.5, 13, 3.5],
			"to": [9.5, 15.5, 8.5],
			"rotation": {"angle": 22.5, "axis": "x", "origin": [7.5, 14, 8.5]},
			"faces": {
				"north": {"uv": [1.625, 0, 1.375, 0.3125], "texture": "#0"},
				"east": {"uv": [0.75, 0, 1.375, 0.3125], "texture": "#0"},
				"south": {"uv": [1.625, 0, 1.375, 0.3125], "texture": "#0"},
				"west": {"uv": [1.375, 0, 0.75, 0.3125], "texture": "#0"},
				"up": {"uv": [2.125, 2.375, 2.375, 1.75], "texture": "#0"},
				"down": {"uv": [0.5, 0.875, 0.75, 0.25], "texture": "#0"}
			}
		},
		{
			"from": [8.3, 19.6, 1.5],
			"to": [8.3, 22.6, 6.5],
			"rotation": {"angle": 22.5, "axis": "x", "origin": [8.3, 22.5, 2]},
			"faces": {
				"north": {"uv": [0.5625, 2.1875, 0.6875, 5.3125], "texture": "#0"},
				"east": {"uv": [3.6875, 0, 3.0625, 0.375], "texture": "#0"},
				"south": {"uv": [0.5625, 2.1875, 0.6875, 5.3125], "texture": "#0"},
				"west": {"uv": [3.6875, 0, 3.0625, 0.375], "texture": "#0"},
				"up": {"uv": [1.5, 0.875, 1.625, 0.3125], "texture": "#0"},
				"down": {"uv": [1.5, 0.875, 1.625, 0.3125], "texture": "#0"}
			}
		},
		{
			"from": [7.75, 15, 3.5],
			"to": [9.25, 19, 6],
			"rotation": {"angle": -22.5, "axis": "x", "origin": [8.5, 15, 3.5]},
			"faces": {
				"north": {"uv": [1.25, 0.3125, 1.0625, 0.8125], "texture": "#0"},
				"east": {"uv": [0.75, 0.3125, 1.0625, 0.8125], "texture": "#0"},
				"south": {"uv": [2.5625, 1.75, 2.375, 2.25], "texture": "#0"},
				"west": {"uv": [1.0625, 0.3125, 0.75, 0.8125], "texture": "#0"},
				"up": {"uv": [1.25, 0.625, 1.4375, 0.3125], "texture": "#0"},
				"down": {"uv": [1.25, 0.625, 1.4375, 0.3125], "texture": "#0"}
			}
		},
		{
			"from": [5.7, 7.5, -0.7],
			"to": [5.7, 17.5, 9.3],
			"rotation": {"angle": 22.5, "axis": "y", "origin": [-0.1, 10.5, 0]},
			"faces": {
				"north": {"uv": [0, 0, 0, 56], "rotation": 180, "texture": "#missing"},
				"east": {"uv": [3.6875, 0, 4.9375, 1.25], "rotation": 270, "texture": "#0"},
				"south": {"uv": [0, 0, 0, 56], "texture": "#missing"},
				"west": {"uv": [4.9375, 0, 3.6875, 1.25], "rotation": 270, "texture": "#0"},
				"up": {"uv": [0, 0, 0, 88], "texture": "#missing"},
				"down": {"uv": [0, 0, 0, 88], "rotation": 180, "texture": "#missing"}
			}
		},
		{
			"from": [10.9, 14.20711, 7.5],
			"to": [10.9, 19.20711, 12.5],
			"rotation": {"angle": -45, "axis": "x", "origin": [9, 14.70711, 8]},
			"faces": {
				"north": {"uv": [0, 0, 0, 10], "texture": "#1"},
				"east": {"uv": [10, 0, 0, 10], "texture": "#1"},
				"south": {"uv": [0, 0, 0, 10], "texture": "#1"},
				"west": {"uv": [0, 0, 10, 10], "texture": "#1"},
				"up": {"uv": [0, 10, 0, 0], "texture": "#1"},
				"down": {"uv": [0, 0, 0, 10], "texture": "#1"}
			}
		},
		{
			"from": [8.6, 8.5, -1.3],
			"to": [8.6, 18.5, 5.7],
			"rotation": {"angle": -22.5, "axis": "x", "origin": [0.6, 13.5, 0]},
			"faces": {
				"north": {"uv": [0, 0, 0, 88], "texture": "#missing"},
				"east": {"uv": [2.125, 0.0625, 3, 1.3125], "texture": "#0"},
				"south": {"uv": [0, 0, 0, 88], "texture": "#missing"},
				"west": {"uv": [3, 0.0625, 2.125, 1.3125], "texture": "#0"},
				"up": {"uv": [0, 0, 0, 56], "texture": "#missing"},
				"down": {"uv": [0, 0, 0, 56], "texture": "#missing"}
			}
		},
		{
			"from": [8.6, 8.5, 10.3],
			"to": [8.6, 18.5, 17.3],
			"rotation": {"angle": 22.5, "axis": "x", "origin": [0.6, 13.5, 16]},
			"faces": {
				"north": {"uv": [0, 0, 0, 88], "texture": "#missing"},
				"east": {"uv": [3, 0.0625, 2.125, 1.3125], "texture": "#0"},
				"south": {"uv": [0, 0, 0, 88], "texture": "#missing"},
				"west": {"uv": [2.125, 0.0625, 3, 1.3125], "texture": "#0"},
				"up": {"uv": [0, 56, 0, 0], "texture": "#missing"},
				"down": {"uv": [0, 56, 0, 0], "texture": "#missing"}
			}
		},
		{
			"from": [5.7, 7.5, 6.7],
			"to": [5.7, 17.5, 16.7],
			"rotation": {"angle": -22.5, "axis": "y", "origin": [-0.1, 10.5, 16]},
			"faces": {
				"north": {"uv": [0, 0, 0, 56], "texture": "#missing"},
				"east": {"uv": [3.6875, 1.25, 4.9375, 0], "rotation": 270, "texture": "#0"},
				"south": {"uv": [0, 0, 0, 56], "rotation": 180, "texture": "#missing"},
				"west": {"uv": [4.9375, 1.25, 3.6875, 0], "rotation": 270, "texture": "#0"},
				"up": {"uv": [0, 88, 0, 0], "texture": "#missing"},
				"down": {"uv": [0, 88, 0, 0], "rotation": 180, "texture": "#missing"}
			}
		},
		{
			"from": [8, 18.8, 0],
			"to": [9, 20.3, 3.5],
			"rotation": {"angle": 22.5, "axis": "x", "origin": [8, 18.5, 2]},
			"faces": {
				"north": {"uv": [0.5, 1.5, 0.625, 1.3125], "texture": "#0"},
				"east": {"uv": [0.6875, 1.3125, 0.5, 0.875], "rotation": 270, "texture": "#0"},
				"south": {"uv": [0.5, 1.5, 0.625, 1.3125], "texture": "#0"},
				"west": {"uv": [0.6875, 0.875, 0.5, 1.3125], "rotation": 270, "texture": "#0"},
				"up": {"uv": [0.8125, 0.875, 0.6875, 1.3125], "texture": "#0"},
				"down": {"uv": [0.6875, 0.25, 0.5625, 0.6875], "texture": "#0"}
			}
		},
		{
			"from": [8, 18.8, 12.5],
			"to": [9, 20.3, 16],
			"rotation": {"angle": -22.5, "axis": "x", "origin": [8, 18.5, 14]},
			"faces": {
				"north": {"uv": [0.625, 1.5, 0.5, 1.3125], "texture": "#0"},
				"east": {"uv": [0.6875, 0.875, 0.5, 1.3125], "rotation": 270, "texture": "#0"},
				"south": {"uv": [0.625, 1.5, 0.5, 1.3125], "texture": "#0"},
				"west": {"uv": [0.6875, 1.3125, 0.5, 0.875], "rotation": 270, "texture": "#0"},
				"up": {"uv": [0.8125, 1.3125, 0.6875, 0.875], "texture": "#0"},
				"down": {"uv": [0.6875, 0.6875, 0.5625, 0.25], "texture": "#0"}
			}
		},
		{
			"from": [6.5, 6, 8],
			"to": [9.5, 10, 12],
			"rotation": {"angle": -45, "axis": "x", "origin": [8, 6, 8]},
			"faces": {
				"north": {"uv": [0, 0.75, 0.5, 1.125], "rotation": 90, "texture": "#0"},
				"east": {"uv": [0, 0.25, 0.5, 0.75], "rotation": 90, "texture": "#0"},
				"south": {"uv": [0.5, 0.75, 0, 1.125], "rotation": 90, "texture": "#0"},
				"west": {"uv": [0, 0.75, 0.5, 0.25], "rotation": 90, "texture": "#0"},
				"up": {"uv": [0, 0.75, 0.5, 1.125], "rotation": 90, "texture": "#0"},
				"down": {"uv": [0, 0.75, 0.5, 1.125], "rotation": 90, "texture": "#0"}
			}
		},
		{
			"from": [7.5, 14.20711, 8.5],
			"to": [10.5, 16.20711, 10.5],
			"rotation": {"angle": -45, "axis": "x", "origin": [8.5, 13.70711, 8]},
			"faces": {
				"north": {"uv": [0.75, 0, 0.25, 0.25], "texture": "#0"},
				"east": {"uv": [0, 0, 0.25, 0.25], "texture": "#0"},
				"south": {"uv": [0.75, 0, 0.25, 0.25], "texture": "#0"},
				"west": {"uv": [0.25, 0, 0, 0.25], "texture": "#0"},
				"up": {"uv": [0.75, 0.25, 0.25, 0], "texture": "#0"},
				"down": {"uv": [0.75, 0, 0.25, 0.25], "texture": "#0"}
			}
		},
		{
			"from": [7, 13, 8],
			"to": [10, 17, 12],
			"rotation": {"angle": -45, "axis": "x", "origin": [8.5, 13, 8]},
			"faces": {
				"north": {"uv": [0.5, 1.125, 0, 1.5], "rotation": 90, "texture": "#0"},
				"east": {"uv": [0, 0.25, 0.5, 0.75], "rotation": 90, "texture": "#0"},
				"south": {"uv": [0.5, 0.75, 0, 1.125], "rotation": 90, "texture": "#0"},
				"west": {"uv": [0, 0.75, 0.5, 0.25], "rotation": 90, "texture": "#0"},
				"up": {"uv": [0, 0.75, 0.5, 1.125], "rotation": 90, "texture": "#0"},
				"down": {"uv": [0.5, 1.125, 0, 1.5], "rotation": 90, "texture": "#0"}
			}
		},
		{
			"from": [7.5, 13, 7.5],
			"to": [9.5, 15.5, 12.5],
			"rotation": {"angle": -22.5, "axis": "x", "origin": [7.5, 14, 7.5]},
			"faces": {
				"north": {"uv": [1.375, 0, 1.625, 0.3125], "texture": "#0"},
				"east": {"uv": [1.375, 0, 0.75, 0.3125], "texture": "#0"},
				"south": {"uv": [1.375, 0, 1.625, 0.3125], "texture": "#0"},
				"west": {"uv": [0.75, 0, 1.375, 0.3125], "texture": "#0"},
				"up": {"uv": [2.125, 1.75, 2.375, 2.375], "texture": "#0"},
				"down": {"uv": [0.5, 0.25, 0.75, 0.875], "texture": "#0"}
			}
		},
		{
			"from": [7.75, 15, 10],
			"to": [9.25, 19, 12.5],
			"rotation": {"angle": 22.5, "axis": "x", "origin": [8.5, 15, 12.5]},
			"faces": {
				"north": {"uv": [2.375, 1.75, 2.5625, 2.25], "texture": "#0"},
				"east": {"uv": [1.0625, 0.3125, 0.75, 0.8125], "texture": "#0"},
				"south": {"uv": [1.0625, 0.3125, 1.25, 0.8125], "texture": "#0"},
				"west": {"uv": [0.75, 0.3125, 1.0625, 0.8125], "texture": "#0"},
				"up": {"uv": [1.25, 0.3125, 1.4375, 0.625], "texture": "#0"},
				"down": {"uv": [1.25, 0.3125, 1.4375, 0.625], "texture": "#0"}
			}
		},
		{
			"from": [8.3, 19.6, 9.5],
			"to": [8.3, 22.6, 14.5],
			"rotation": {"angle": -22.5, "axis": "x", "origin": [8.3, 22.5, 14]},
			"faces": {
				"north": {"uv": [0.6875, 2.1875, 0.5625, 5.3125], "texture": "#0"},
				"east": {"uv": [3.0625, 0, 3.6875, 0.375], "texture": "#0"},
				"south": {"uv": [0.6875, 2.1875, 0.5625, 5.3125], "texture": "#0"},
				"west": {"uv": [3.0625, 0, 3.6875, 0.375], "texture": "#0"},
				"up": {"uv": [1.5, 0.3125, 1.625, 0.875], "texture": "#0"},
				"down": {"uv": [1.5, 0.3125, 1.625, 0.875], "texture": "#0"}
			}
		},
		{
			"from": [9, -7.9, 1],
			"to": [9, -3.9, 8],
			"rotation": {"angle": 22.5, "axis": "y", "origin": [9, 5.1, 8]},
			"faces": {
				"north": {"uv": [1.0625, 3.75, 1.0625, 3.375], "texture": "#missing"},
				"east": {"uv": [1.6875, 3.75, 2.5625, 3.25], "texture": "#0"},
				"south": {"uv": [1.0625, 3.75, 1.0625, 3.375], "texture": "#missing"},
				"west": {"uv": [2.5625, 3.75, 1.6875, 3.25], "texture": "#0"},
				"up": {"uv": [1.1875, 3.375, 1.1875, 4.375], "texture": "#missing"},
				"down": {"uv": [1.1875, 3.375, 1.1875, 4.375], "texture": "#missing"}
			}
		},
		{
			"from": [9, -7.9, 8],
			"to": [9, -3.9, 15],
			"rotation": {"angle": -22.5, "axis": "y", "origin": [9, 5.1, 8]},
			"faces": {
				"north": {"uv": [1.0625, 3.75, 1.0625, 3.375], "texture": "#missing"},
				"east": {"uv": [2.5625, 3.75, 1.6875, 3.25], "texture": "#0"},
				"south": {"uv": [1.0625, 3.75, 1.0625, 3.375], "texture": "#missing"},
				"west": {"uv": [1.6875, 3.75, 2.5625, 3.25], "texture": "#0"},
				"up": {"uv": [1.1875, 4.375, 1.1875, 3.375], "texture": "#missing"},
				"down": {"uv": [1.1875, 4.375, 1.1875, 3.375], "texture": "#missing"}
			}
		},
		{
			"from": [2.6, 3.9, 7.1],
			"to": [4.4, 14.8, 8.9],
			"rotation": {"angle": 0, "axis": "y", "origin": [18, 1.8, 0]},
			"faces": {
				"north": {"uv": [3.0625, 0.5, 3.3125, 1.875], "texture": "#0"},
				"east": {"uv": [3.3125, 0.5, 3.5625, 1.875], "texture": "#0"},
				"south": {"uv": [3.0625, 0.5, 3.3125, 1.875], "texture": "#0"},
				"west": {"uv": [3.3125, 0.5, 3.5625, 1.875], "texture": "#0"},
				"up": {"uv": [1.125, 1.25, 1.375, 1.5], "rotation": 90, "texture": "#0"},
				"down": {"uv": [1.125, 1.25, 1.375, 1.5], "rotation": 270, "texture": "#0"}
			}
		},
		{
			"from": [8, -3.9, 8],
			"to": [9, 14.1, 16],
			"rotation": {"angle": -22.5, "axis": "y", "origin": [9, 5.1, 8]},
			"faces": {
				"north": {"uv": [1.125, 7.6875, 1, 5.4375], "texture": "#0"},
				"east": {"uv": [1, 7.6875, 0, 5.4375], "texture": "#0"},
				"south": {"uv": [1.125, 7.6875, 1, 5.4375], "texture": "#0"},
				"west": {"uv": [0, 7.6875, 1, 5.4375], "texture": "#0"},
				"up": {"uv": [0.875, 4.9375, 0.75, 3.9375], "texture": "#0"},
				"down": {"uv": [0.875, 4.9375, 0.75, 3.9375], "texture": "#0"}
			}
		},
		{
			"from": [5.7, 18, -2],
			"to": [7.7, 21, 2],
			"rotation": {"angle": 22.5, "axis": "y", "origin": [8, -1, 3.5]},
			"faces": {
				"north": {"uv": [1.375, 1.5, 1.125, 1.875], "texture": "#0"},
				"east": {"uv": [1.875, 2, 1.375, 2.375], "texture": "#0"},
				"south": {"uv": [0.9375, 2.3125, 0.6875, 2.6875], "texture": "#0"},
				"west": {"uv": [1.375, 2, 1.875, 2.375], "texture": "#0"},
				"up": {"uv": [1.125, 2.375, 1.375, 1.875], "texture": "#0"},
				"down": {"uv": [1.125, 2.375, 1.375, 1.875], "texture": "#0"}
			}
		},
		{
			"from": [6.05, 13, -0.5],
			"to": [7.35, 18, 2],
			"rotation": {"angle": 22.5, "axis": "y", "origin": [8, -1, 3.5]},
			"faces": {
				"north": {"uv": [1.85, 1.25, 1.6875, 1.875], "texture": "#0"},
				"east": {"uv": [1.6875, 1.25, 1.375, 1.875], "texture": "#0"},
				"south": {"uv": [0.85, 2.6875, 0.6875, 3.3125], "texture": "#0"},
				"west": {"uv": [1.375, 1.25, 1.6875, 1.875], "texture": "#0"},
				"up": {"uv": [0.75, 3.625, 0.9125, 3.9375], "texture": "#0"},
				"down": {"uv": [0.9125, 3.625, 0.75, 3.9375], "texture": "#0"}
			}
		},
		{
			"from": [5.7, 18, 14],
			"to": [7.7, 21, 18],
			"rotation": {"angle": -22.5, "axis": "y", "origin": [8, -1, 12.5]},
			"faces": {
				"north": {"uv": [0.6875, 2.3125, 0.9375, 2.6875], "texture": "#0"},
				"east": {"uv": [1.375, 2, 1.875, 2.375], "texture": "#0"},
				"south": {"uv": [1.125, 1.5, 1.375, 1.875], "texture": "#0"},
				"west": {"uv": [1.875, 2, 1.375, 2.375], "texture": "#0"},
				"up": {"uv": [1.125, 1.875, 1.375, 2.375], "texture": "#0"},
				"down": {"uv": [1.125, 1.875, 1.375, 2.375], "texture": "#0"}
			}
		},
		{
			"from": [6.05, 13, 14],
			"to": [7.35, 18, 16.5],
			"rotation": {"angle": -22.5, "axis": "y", "origin": [8, -1, 12.5]},
			"faces": {
				"north": {"uv": [0.6875, 2.6875, 0.85, 3.3125], "texture": "#0"},
				"east": {"uv": [1.375, 1.25, 1.6875, 1.875], "texture": "#0"},
				"south": {"uv": [1.6875, 1.25, 1.85, 1.875], "texture": "#0"},
				"west": {"uv": [1.6875, 1.25, 1.375, 1.875], "texture": "#0"},
				"up": {"uv": [0.75, 3.9375, 0.9125, 3.625], "texture": "#0"},
				"down": {"uv": [0.9125, 3.9375, 0.75, 3.625], "texture": "#0"}
			}
		},
		{
			"from": [3, 14, 7],
			"to": [9.5, 16, 9],
			"rotation": {"angle": 0, "axis": "y", "origin": [16, -1, 0]},
			"faces": {
				"north": {"uv": [3.3125, 3, 3.5625, 2.1875], "rotation": 90, "texture": "#0"},
				"east": {"uv": [1.375, 1.25, 1.125, 1.5], "texture": "#0"},
				"south": {"uv": [3.3125, 3, 3.5625, 2.1875], "rotation": 270, "texture": "#0"},
				"west": {"uv": [1.375, 1.25, 1.125, 1.5], "rotation": 180, "texture": "#0"},
				"up": {"uv": [3.5625, 3, 3.3125, 2.1875], "rotation": 270, "texture": "#0"},
				"down": {"uv": [3.5625, 3, 3.3125, 2.1875], "rotation": 270, "texture": "#0"}
			}
		},
		{
			"from": [2.2, 13.75, 6.75],
			"to": [4.7, 16.25, 9.25],
			"rotation": {"angle": 0, "axis": "y", "origin": [3.45, 15, 8]},
			"faces": {
				"north": {"uv": [2, 1.4375, 2.3125, 1.75], "rotation": 180, "texture": "#0"},
				"east": {"uv": [2, 1.4375, 2.3125, 1.75], "rotation": 180, "texture": "#0"},
				"south": {"uv": [2, 1.4375, 2.3125, 1.75], "rotation": 180, "texture": "#0"},
				"west": {"uv": [2, 1.4375, 2.3125, 1.75], "rotation": 180, "texture": "#0"},
				"up": {"uv": [2.625, 1.75, 2.3125, 1.4375], "rotation": 270, "texture": "#0"},
				"down": {"uv": [2.625, 1.75, 2.3125, 1.4375], "rotation": 90, "texture": "#0"}
			}
		},
		{
			"from": [2.2, 1.75, 6.75],
			"to": [4.7, 4.25, 9.25],
			"rotation": {"angle": 0, "axis": "y", "origin": [3.45, 3, 8]},
			"faces": {
				"north": {"uv": [2, 1.4375, 2.3125, 1.75], "rotation": 180, "texture": "#0"},
				"east": {"uv": [2, 1.4375, 2.3125, 1.75], "rotation": 180, "texture": "#0"},
				"south": {"uv": [2, 1.4375, 2.3125, 1.75], "rotation": 180, "texture": "#0"},
				"west": {"uv": [2, 1.4375, 2.3125, 1.75], "rotation": 180, "texture": "#0"},
				"up": {"uv": [2.625, 1.75, 2.3125, 1.4375], "rotation": 270, "texture": "#0"},
				"down": {"uv": [2.625, 1.75, 2.3125, 1.4375], "rotation": 90, "texture": "#0"}
			}
		},
		{
			"from": [10.5, 7.5, 4],
			"to": [10.5, 11.5, 12],
			"rotation": {"angle": 0, "axis": "y", "origin": [15, 25, -2.5]},
			"faces": {
				"north": {"uv": [0, 0, 0, 8], "texture": "#3"},
				"east": {"uv": [0, 0, 16, 8], "texture": "#3"},
				"south": {"uv": [0, 0, 0, 8], "texture": "#3"},
				"west": {"uv": [0, 0, 16, 8], "texture": "#3"},
				"up": {"uv": [0, 14, 0, 0], "texture": "#3"},
				"down": {"uv": [0, 0, 0, 14], "texture": "#3"}
			}
		},
		{
			"from": [5, 18, 13.2],
			"to": [5, 22, 20.2],
			"rotation": {"angle": -22.5, "axis": "y", "origin": [5, 20, 17]},
			"faces": {
				"north": {"uv": [0, 0, 0, 8], "texture": "#3"},
				"east": {"uv": [16, 0, 2, 8], "texture": "#3"},
				"south": {"uv": [0, 0, 0, 8], "texture": "#3"},
				"west": {"uv": [2, 0, 16, 8], "texture": "#3"},
				"up": {"uv": [0, 14, 0, 0], "texture": "#3"},
				"down": {"uv": [0, 0, 0, 14], "texture": "#3"}
			}
		},
		{
			"from": [5, 18, -4.2],
			"to": [5, 22, 2.8],
			"rotation": {"angle": 22.5, "axis": "y", "origin": [5, 20, -1]},
			"faces": {
				"north": {"uv": [0, 0, 0, 8], "texture": "#3"},
				"east": {"uv": [2, 0, 16, 8], "texture": "#3"},
				"south": {"uv": [0, 0, 0, 8], "texture": "#3"},
				"west": {"uv": [16, 0, 2, 8], "texture": "#3"},
				"up": {"uv": [0, 0, 0, 14], "texture": "#3"},
				"down": {"uv": [0, 14, 0, 0], "texture": "#3"}
			}
		}
	],
	"gui_light": "front",
	"display": {
		"thirdperson_righthand": {
			"rotation": [45, 45, 0],
			"translation": [3, 1.25, -2],
			"scale": [0.7, 0.7, 0.7]
		},
		"thirdperson_lefthand": {
			"rotation": [45, -130, 0],
			"translation": [3, 1.25, -2],
			"scale": [0.7, 0.7, 0.7]
		},
		"firstperson_righthand": {
			"rotation": [-80.59, 78.46, 94.99],
			"translation": [-5.25, 3.5, 0],
			"scale": [0.6, 0.6, 0.6]
		},
		"firstperson_lefthand": {
			"rotation": [90, -75, 82],
			"translation": [-5, 2.5, 0],
			"scale": [0.6, 0.6, 0.6]
		},
		"ground": {
			"translation": [0, 11.25, 0],
			"scale": [0.6, 0.6, 0.6]
		},
		"gui": {
			"rotation": [0, -90, 0],
			"translation": [0, 0.25, -1.5],
			"scale": [0.5, 0.5, 0.5]
		},
		"head": {
			"rotation": [-180, 0, 0],
			"translation": [0, 15.5, 1.75],
			"scale": [0.6, 0.6, 0.6]
		},
		"fixed": {
			"rotation": [-90, -45, -90],
			"translation": [0.5, 0.75, 0.25],
			"scale": [0.6, 0.6, 0.6]
		}
	}
}