{"textures":{"0":"modelengine:entity/bs_vm_penguin_texture"},"elements":[{"from":[5.0,7.481579,4.4147153],"to":[11.0,10.481579,6.4147153],"faces":{"east":{"uv":[2.0,9.0,2.5,9.75],"tintindex":0,"rotation":0,"texture":"#0"},"south":{"uv":[7.75,3.25,9.25,4.0],"tintindex":0,"rotation":0,"texture":"#0"},"north":{"uv":[4.5,2.0,6.0,2.75],"tintindex":0,"rotation":0,"texture":"#0"},"west":{"uv":[2.5,9.0,3.0,9.75],"tintindex":0,"rotation":0,"texture":"#0"},"up":{"uv":[9.75,1.75,8.25,1.25],"tintindex":0,"rotation":0,"texture":"#0"},"down":{"uv":[6.5,8.75,5.0,9.25],"tintindex":0,"rotation":0,"texture":"#0"}},"rotation":{"origin":[8.0,7.856579,5.514715],"angle":22.5,"axis":"x"}},{"from":[3.5,7.856579,-2.4852848],"to":[12.5,19.856579,5.514715],"faces":{"east":{"uv":[0.0,3.0,2.0,6.0],"tintindex":0,"rotation":0,"texture":"#0"},"south":{"uv":[2.25,0.0,4.5,3.0],"tintindex":0,"rotation":0,"texture":"#0"},"north":{"uv":[0.0,0.0,2.25,3.0],"tintindex":0,"rotation":0,"texture":"#0"},"west":{"uv":[2.0,3.0,4.0,6.0],"tintindex":0,"rotation":0,"texture":"#0"},"up":{"uv":[6.25,5.0,4.0,3.0],"tintindex":0,"rotation":0,"texture":"#0"},"down":{"uv":[6.75,0.0,4.5,2.0],"tintindex":0,"rotation":0,"texture":"#0"}}}],"display":{"gui":{"rotation":[30,225,0]}}}