{"credit":"MadewithBlockbench","texture_size":[36,36],"textures":{"1":"abyss_pack:abyss_pack/abyss_eff_01","2":"abyss_pack:abyss_pack/abyss_pickaxe","3":"abyss_pack:abyss_pack/abyss_eff_02","particle":"abyss_pack:abyss_pack/abyss_pickaxe"},"elements":[{"from":[8,-14,2.5],"to":[8,-9,7.5],"rotation":{"angle":0,"axis":"y","origin":[8,1.34828,8]},"faces":{"north":{"uv":[4.34568,0,0,0],"rotation":270,"texture":"#1"},"east":{"uv":[0,0,16,16],"rotation":90,"texture":"#1"},"south":{"uv":[4.34568,0,0,0],"rotation":270,"texture":"#1"},"west":{"uv":[16,0,0,16],"rotation":270,"texture":"#1"},"up":{"uv":[0,0,0,2.37037],"texture":"#1"},"down":{"uv":[0,0,0,2.37037],"rotation":180,"texture":"#1"}}},{"from":[8,4.5,-3],"to":[8,16.5,19],"rotation":{"angle":0,"axis":"y","origin":[8,1.34828,8]},"faces":{"north":{"uv":[0,0,0,5.33333],"texture":"#2"},"east":{"uv":[0,0,9.77778,5.33333],"texture":"#2"},"south":{"uv":[0,0,0,5.33333],"texture":"#2"},"west":{"uv":[0,5.33333,9.77778,10.66667],"texture":"#2"},"up":{"uv":[9.77778,0,0,0],"rotation":90,"texture":"#2"},"down":{"uv":[9.77778,0,0,0],"rotation":270,"texture":"#2"}}},{"from":[7,5.96597,0.38231],"to":[9,8.96597,3.38231],"rotation":{"angle":45,"axis":"x","origin":[8,1.34828,8]},"faces":{"north":{"uv":[10.66667,1.33333,11.55556,2.66667],"texture":"#2"},"east":{"uv":[0,10.66667,1.33333,12],"texture":"#2"},"south":{"uv":[1.33333,10.66667,2.22222,12],"texture":"#2"},"west":{"uv":[10.66667,0,12,1.33333],"texture":"#2"},"up":{"uv":[3.55556,11.55556,2.22222,10.66667],"rotation":90,"texture":"#2"},"down":{"uv":[12,2.66667,10.66667,3.55556],"rotation":270,"texture":"#2"}}},{"from":[7,-7.17616,14.52444],"to":[9,-5.17616,16.52444],"rotation":{"angle":45,"axis":"x","origin":[8,1.34828,8]},"faces":{"north":{"uv":[10.66667,4.44444,11.55556,5.33333],"texture":"#2"},"east":{"uv":[3.55556,10.66667,4.44444,11.55556],"texture":"#2"},"south":{"uv":[10.66667,3.55556,11.55556,4.44444],"texture":"#2"},"west":{"uv":[4.44444,10.66667,5.33333,11.55556],"texture":"#2"},"up":{"uv":[6.22222,11.55556,5.33333,10.66667],"rotation":90,"texture":"#2"},"down":{"uv":[11.55556,5.33333,10.66667,6.22222],"rotation":270,"texture":"#2"}}},{"from":[7.5,-8.5,7.5],"to":[8.5,8.5,8.5],"rotation":{"angle":0,"axis":"z","origin":[8,1.34828,8]},"faces":{"north":{"uv":[10.22222,7.55556,10.66667,15.11111],"texture":"#2"},"east":{"uv":[9.77778,0,10.22222,7.55556],"texture":"#2"},"south":{"uv":[9.77778,7.55556,10.22222,15.11111],"texture":"#2"},"west":{"uv":[10.22222,0,10.66667,7.55556],"texture":"#2"},"up":{"uv":[12.44444,3.55556,12,3.11111],"rotation":90,"texture":"#2"},"down":{"uv":[13.77778,1.33333,13.33333,1.77778],"rotation":270,"texture":"#2"}}},{"from":[7.25,5.5,7.25],"to":[8.75,7.5,8.75],"rotation":{"angle":0,"axis":"z","origin":[8,1.34828,8]},"faces":{"north":{"uv":[8.88889,10.66667,9.55556,11.55556],"texture":"#2"},"east":{"uv":[10.66667,7.55556,11.33333,8.44444],"texture":"#2"},"south":{"uv":[8,10.66667,8.66667,11.55556],"texture":"#2"},"west":{"uv":[10.66667,8.44444,11.33333,9.33333],"texture":"#2"},"up":{"uv":[12.22222,10.88889,11.55556,10.22222],"rotation":90,"texture":"#2"},"down":{"uv":[12.22222,11.11111,11.55556,11.77778],"rotation":270,"texture":"#2"}}},{"from":[7.25,7.75,7.25],"to":[8.75,8.5,8.75],"rotation":{"angle":0,"axis":"z","origin":[8,1.34828,8]},"faces":{"north":{"uv":[11.55556,12.88889,12.22222,13.22222],"texture":"#2"},"east":{"uv":[12.88889,8.44444,13.55556,8.77778],"texture":"#2"},"south":{"uv":[12.88889,8.88889,13.55556,9.22222],"texture":"#2"},"west":{"uv":[10.66667,12.88889,11.33333,13.22222],"texture":"#2"},"up":{"uv":[0.66667,12.66667,0,12],"rotation":90,"texture":"#2"},"down":{"uv":[12.66667,0,12,0.66667],"rotation":270,"texture":"#2"}}},{"from":[7.25,4.5,7.25],"to":[8.75,5.25,8.75],"rotation":{"angle":0,"axis":"z","origin":[8,1.34828,8]},"faces":{"north":{"uv":[13.33333,0.88889,14,1.22222],"texture":"#2"},"east":{"uv":[12.44444,12.88889,13.11111,13.22222],"texture":"#2"},"south":{"uv":[0,13.33333,0.66667,13.66667],"texture":"#2"},"west":{"uv":[0.88889,13.33333,1.55556,13.66667],"texture":"#2"},"up":{"uv":[1.55556,12.66667,0.88889,12],"rotation":90,"texture":"#2"},"down":{"uv":[12.66667,2.22222,12,2.88889],"rotation":270,"texture":"#2"}}},{"from":[7.25,-8.5,7.25],"to":[8.75,-7.75,8.75],"rotation":{"angle":0,"axis":"z","origin":[8,1.34828,8]},"faces":{"north":{"uv":[13.33333,0.88889,14,1.22222],"texture":"#2"},"east":{"uv":[12.44444,12.88889,13.11111,13.22222],"texture":"#2"},"south":{"uv":[0,13.33333,0.66667,13.66667],"texture":"#2"},"west":{"uv":[0.88889,13.33333,1.55556,13.66667],"texture":"#2"},"up":{"uv":[1.55556,12.66667,0.88889,12],"rotation":90,"texture":"#2"},"down":{"uv":[12.66667,2.22222,12,2.88889],"rotation":270,"texture":"#2"}}},{"from":[7.25,-7.5,7.25],"to":[8.75,-5.5,8.75],"rotation":{"angle":0,"axis":"z","origin":[8,1.34828,8]},"faces":{"north":{"uv":[13.33333,5.77778,14,6.66667],"texture":"#2"},"east":{"uv":[13.33333,5.77778,14,6.66667],"texture":"#2"},"south":{"uv":[13.33333,5.77778,14,6.66667],"texture":"#2"},"west":{"uv":[13.33333,5.77778,14,6.66667],"texture":"#2"},"up":{"uv":[12.22222,10.88889,11.55556,10.22222],"rotation":90,"texture":"#2"},"down":{"uv":[12.22222,11.11111,11.55556,11.77778],"rotation":270,"texture":"#2"}}},{"from":[7.25,-5.25,7.25],"to":[8.75,-4.5,8.75],"rotation":{"angle":0,"axis":"z","origin":[8,1.34828,8]},"faces":{"north":{"uv":[11.55556,12.88889,12.22222,13.22222],"texture":"#2"},"east":{"uv":[12.88889,8.44444,13.55556,8.77778],"texture":"#2"},"south":{"uv":[12.88889,8.88889,13.55556,9.22222],"texture":"#2"},"west":{"uv":[10.66667,12.88889,11.33333,13.22222],"texture":"#2"},"up":{"uv":[0.66667,12.66667,0,12],"rotation":90,"texture":"#2"},"down":{"uv":[12.66667,0,12,0.66667],"rotation":270,"texture":"#2"}}},{"from":[8.25,9.56216,-0.26414],"to":[8.25,14.56216,4.73586],"rotation":{"angle":45,"axis":"x","origin":[8,1.34828,8]},"faces":{"north":{"uv":[0,2.37037,0,0],"rotation":180,"texture":"#3"},"east":{"uv":[0,16,16,0],"rotation":180,"texture":"#3"},"south":{"uv":[0,2.37037,0,0],"rotation":180,"texture":"#3"},"west":{"uv":[16,16,0,0],"rotation":180,"texture":"#3"},"up":{"uv":[4.34568,0,0,0],"rotation":270,"texture":"#3"},"down":{"uv":[4.34568,0,0,0],"rotation":90,"texture":"#3"}}},{"from":[8.25,9.56216,11.26414],"to":[8.25,14.56216,16.26414],"rotation":{"angle":-45,"axis":"x","origin":[8,1.34828,8]},"faces":{"north":{"uv":[0,2.37037,0,0],"rotation":180,"texture":"#3"},"east":{"uv":[16,16,0,0],"rotation":180,"texture":"#3"},"south":{"uv":[0,2.37037,0,0],"rotation":180,"texture":"#3"},"west":{"uv":[0,16,16,0],"rotation":180,"texture":"#3"},"up":{"uv":[0,0,4.34568,0],"rotation":270,"texture":"#3"},"down":{"uv":[0,0,4.34568,0],"rotation":90,"texture":"#3"}}},{"from":[7.75,9.56216,11.26414],"to":[7.75,14.56216,16.26414],"rotation":{"angle":-45,"axis":"x","origin":[8,1.34828,8]},"faces":{"north":{"uv":[0,2.37037,0,0],"rotation":180,"texture":"#3"},"east":{"uv":[16,16,0,0],"rotation":180,"texture":"#3"},"south":{"uv":[0,2.37037,0,0],"rotation":180,"texture":"#3"},"west":{"uv":[0,16,16,0],"rotation":180,"texture":"#3"},"up":{"uv":[0,0,4.34568,0],"rotation":270,"texture":"#3"},"down":{"uv":[0,0,4.34568,0],"rotation":90,"texture":"#3"}}},{"from":[7.75,9.56216,-0.26414],"to":[7.75,14.56216,4.73586],"rotation":{"angle":45,"axis":"x","origin":[8,1.34828,8]},"faces":{"north":{"uv":[0,2.37037,0,0],"rotation":180,"texture":"#3"},"east":{"uv":[0,16,16,0],"rotation":180,"texture":"#3"},"south":{"uv":[0,2.37037,0,0],"rotation":180,"texture":"#3"},"west":{"uv":[16,16,0,0],"rotation":180,"texture":"#3"},"up":{"uv":[4.34568,0,0,0],"rotation":270,"texture":"#3"},"down":{"uv":[4.34568,0,0,0],"rotation":90,"texture":"#3"}}},{"from":[8,-14,8.5],"to":[8,-9,13.5],"rotation":{"angle":0,"axis":"y","origin":[8,1.34828,8]},"faces":{"north":{"uv":[4.34568,0,0,0],"rotation":270,"texture":"#1"},"east":{"uv":[0,16,16,0],"rotation":90,"texture":"#1"},"south":{"uv":[4.34568,0,0,0],"rotation":270,"texture":"#1"},"west":{"uv":[16,16,0,0],"rotation":270,"texture":"#1"},"up":{"uv":[0,2.37037,0,0],"texture":"#1"},"down":{"uv":[0,2.37037,0,0],"rotation":180,"texture":"#1"}}},{"from":[7.2,9.31995,-1.58365],"to":[8.8,10.91995,0.01635],"rotation":{"angle":22.5,"axis":"x","origin":[8,1.34828,8]},"faces":{"north":{"uv":[11.33333,10.22222,10.66667,10.88889],"texture":"#2"},"east":{"uv":[11.33333,9.33333,10.66667,10],"texture":"#2"},"south":{"uv":[7.77778,11.11111,7.11111,11.77778],"texture":"#2"},"west":{"uv":[6.88889,11.11111,6.22222,11.77778],"texture":"#2"},"up":{"uv":[10.66667,11.77778,11.33333,11.11111],"rotation":90,"texture":"#2"},"down":{"uv":[11.55556,1.33333,12.22222,2],"rotation":270,"texture":"#2"}}},{"from":[7.4,14.16177,7.35153],"to":[8.6,15.76177,8.55153],"rotation":{"angle":-22.5,"axis":"x","origin":[8,1.34828,8]},"faces":{"north":{"uv":[13,3.11111,12.44444,3.77778],"texture":"#2"},"east":{"uv":[3.22222,12.44444,2.66667,13.11111],"texture":"#2"},"south":{"uv":[13,4,12.44444,4.66667],"texture":"#2"},"west":{"uv":[4.11111,12.44444,3.55556,13.11111],"texture":"#2"},"up":{"uv":[12.44444,9.88889,13,9.33333],"rotation":90,"texture":"#2"},"down":{"uv":[12.44444,10.22222,13,10.77778],"rotation":270,"texture":"#2"}}},{"from":[7.56,11.06588,-4.22615],"to":[8.44,11.94588,-1.02615],"rotation":{"angle":22.5,"axis":"x","origin":[8,1.34828,8]},"faces":{"north":{"uv":[12,2.22222,11.55556,2.66667],"texture":"#2"},"east":{"uv":[7.66667,10.66667,6.22222,11.11111],"texture":"#2"},"south":{"uv":[6.22222,11.55556,5.77778,12],"texture":"#2"},"west":{"uv":[12.11111,6.22222,10.66667,6.66667],"texture":"#2"},"up":{"uv":[10.66667,7.11111,12.11111,6.66667],"rotation":90,"texture":"#2"},"down":{"uv":[10.66667,7.11111,12.11111,7.55556],"rotation":270,"texture":"#2"}}},{"from":[7.64,5.71987,-8.14062],"to":[8.36,6.35987,-6.94062],"rotation":{"angle":45,"axis":"x","origin":[8,1.34828,8]},"faces":{"north":{"uv":[4.33333,13.33333,4,13.66667],"texture":"#2"},"east":{"uv":[2.77778,13.33333,2.22222,13.66667],"texture":"#2"},"south":{"uv":[13.66667,4,13.33333,4.33333],"texture":"#2"},"west":{"uv":[3.66667,13.33333,3.11111,13.66667],"texture":"#2"},"up":{"uv":[13.33333,3.44444,13.88889,3.11111],"rotation":90,"texture":"#2"},"down":{"uv":[13.33333,3.55556,13.88889,3.88889],"rotation":270,"texture":"#2"}}},{"from":[7.2,2.70024,0.01277],"to":[8.8,4.30024,1.61277],"rotation":{"angle":45,"axis":"x","origin":[8,1.34828,8]},"faces":{"north":{"uv":[3.77778,11.55556,3.11111,12.22222],"texture":"#2"},"east":{"uv":[2.88889,11.55556,2.22222,12.22222],"texture":"#2"},"south":{"uv":[4.66667,11.55556,4,12.22222],"texture":"#2"},"west":{"uv":[12.22222,3.55556,11.55556,4.22222],"texture":"#2"},"up":{"uv":[11.55556,5.11111,12.22222,4.44444],"rotation":90,"texture":"#2"},"down":{"uv":[4.88889,11.55556,5.55556,12.22222],"rotation":270,"texture":"#2"}}},{"from":[7.56,3.73289,1.93167],"to":[8.44,5.49289,2.81167],"rotation":{"angle":22.5,"axis":"x","origin":[8,1.34828,8]},"faces":{"north":{"uv":[5.77778,12.44444,5.33333,13.22222],"texture":"#2"},"east":{"uv":[8,12,7.55556,12.77778],"texture":"#2"},"south":{"uv":[8.44444,12.44444,8,13.22222],"texture":"#2"},"west":{"uv":[12.88889,7.55556,12.44444,8.33333],"texture":"#2"},"up":{"uv":[12,1.33333,12.44444,0.88889],"rotation":90,"texture":"#2"},"down":{"uv":[1.77778,12,2.22222,12.44444],"rotation":270,"texture":"#2"}}},{"from":[7.64,-13.34316,12.01021],"to":[8.36,-11.34316,12.65021],"rotation":{"angle":22.5,"axis":"x","origin":[8,1.34828,8]},"faces":{"north":{"uv":[7.44444,12.88889,7.11111,13.77778],"texture":"#2"},"east":{"uv":[7,12.88889,6.66667,13.77778],"texture":"#2"},"south":{"uv":[13.22222,7.55556,12.88889,8.44444],"texture":"#2"},"west":{"uv":[7.88889,12.88889,7.55556,13.77778],"texture":"#2"},"up":{"uv":[5.33333,13.66667,5.66667,13.33333],"rotation":90,"texture":"#2"},"down":{"uv":[13.33333,5.33333,13.66667,5.66667],"rotation":270,"texture":"#2"}}},{"from":[7.64,-9.65944,-0.66215],"to":[8.36,-9.01944,1.33785],"rotation":{"angle":-22.5,"axis":"x","origin":[8,1.34828,8]},"faces":{"north":{"uv":[13.66667,5.66667,13.33333,5.33333],"rotation":270,"texture":"#2"},"east":{"uv":[6.66667,13.77778,7,12.88889],"rotation":90,"texture":"#2"},"south":{"uv":[5.66667,13.33333,5.33333,13.66667],"rotation":270,"texture":"#2"},"west":{"uv":[7.55556,13.77778,7.88889,12.88889],"rotation":270,"texture":"#2"},"up":{"uv":[7.11111,13.77778,7.44444,12.88889],"texture":"#2"},"down":{"uv":[12.88889,8.44444,13.22222,7.55556],"rotation":180,"texture":"#2"}}},{"from":[7.64,6.78134,3.9753],"to":[8.36,7.42134,5.9753],"rotation":{"angle":-22.5,"axis":"x","origin":[8,1.34828,8]},"faces":{"north":{"uv":[13.66667,5.66667,13.33333,5.33333],"rotation":270,"texture":"#2"},"east":{"uv":[6.66667,13.77778,7,12.88889],"rotation":90,"texture":"#2"},"south":{"uv":[5.66667,13.33333,5.33333,13.66667],"rotation":270,"texture":"#2"},"west":{"uv":[7.55556,13.77778,7.88889,12.88889],"rotation":270,"texture":"#2"},"up":{"uv":[7.11111,13.77778,7.44444,12.88889],"texture":"#2"},"down":{"uv":[12.88889,8.44444,13.22222,7.55556],"rotation":180,"texture":"#2"}}},{"from":[7.56,-11.17167,10.27788],"to":[8.44,-9.41167,11.15788],"rotation":{"angle":22.5,"axis":"x","origin":[8,1.34828,8]},"faces":{"north":{"uv":[12.88889,8.44444,12.44444,9.22222],"texture":"#2"},"east":{"uv":[8.88889,12.44444,8.44444,13.22222],"texture":"#2"},"south":{"uv":[9.77778,12.44444,9.33333,13.22222],"texture":"#2"},"west":{"uv":[9.33333,12.44444,8.88889,13.22222],"texture":"#2"},"up":{"uv":[1.77778,13.77778,2.22222,13.33333],"rotation":90,"texture":"#2"},"down":{"uv":[13.33333,1.77778,13.77778,2.22222],"rotation":270,"texture":"#2"}}},{"from":[7.2,-7.87584,13.42739],"to":[8.8,-6.27584,15.02739],"rotation":{"angle":45,"axis":"x","origin":[8,1.34828,8]},"faces":{"north":{"uv":[7.33333,12,6.66667,12.66667],"texture":"#2"},"east":{"uv":[6.44444,12,5.77778,12.66667],"texture":"#2"},"south":{"uv":[12.22222,12,11.55556,12.66667],"texture":"#2"},"west":{"uv":[11.33333,12,10.66667,12.66667],"texture":"#2"},"up":{"uv":[12.44444,1.55556,13.11111,0.88889],"rotation":90,"texture":"#2"},"down":{"uv":[1.77778,12.44444,2.44444,13.11111],"rotation":270,"texture":"#2"}}},{"from":[7.2,11.15165,9.04994],"to":[8.8,12.75165,10.64994],"rotation":{"angle":-22.5,"axis":"x","origin":[8,1.34828,8]},"faces":{"north":{"uv":[12.22222,7.55556,11.55556,8.22222],"texture":"#2"},"east":{"uv":[12.22222,5.33333,11.55556,6],"texture":"#2"},"south":{"uv":[12.22222,8.44444,11.55556,9.11111],"texture":"#2"},"west":{"uv":[8.66667,11.55556,8,12.22222],"texture":"#2"},"up":{"uv":[8.88889,12.22222,9.55556,11.55556],"rotation":90,"texture":"#2"},"down":{"uv":[11.55556,9.33333,12.22222,10],"rotation":270,"texture":"#2"}}},{"from":[7.4,9.51409,-0.18961],"to":[8.6,10.71409,1.41039],"rotation":{"angle":22.5,"axis":"x","origin":[8,1.34828,8]},"faces":{"north":{"uv":[13,11.11111,12.44444,11.66667],"texture":"#2"},"east":{"uv":[5.11111,12.44444,4.44444,13],"texture":"#2"},"south":{"uv":[13,12,12.44444,12.55556],"texture":"#2"},"west":{"uv":[13.11111,4.88889,12.44444,5.44444],"texture":"#2"},"up":{"uv":[12.44444,6.33333,13.11111,5.77778],"rotation":90,"texture":"#2"},"down":{"uv":[12.44444,6.66667,13.11111,7.22222],"rotation":270,"texture":"#2"}}},{"from":[7.2,9.31995,15.98365],"to":[8.8,10.91995,17.58365],"rotation":{"angle":-22.5,"axis":"x","origin":[8,1.34828,8]},"faces":{"north":{"uv":[7.11111,11.11111,7.77778,11.77778],"texture":"#2"},"east":{"uv":[10.66667,9.33333,11.33333,10],"texture":"#2"},"south":{"uv":[10.66667,10.22222,11.33333,10.88889],"texture":"#2"},"west":{"uv":[6.22222,11.11111,6.88889,11.77778],"texture":"#2"},"up":{"uv":[11.33333,11.77778,10.66667,11.11111],"rotation":90,"texture":"#2"},"down":{"uv":[12.22222,1.33333,11.55556,2],"rotation":270,"texture":"#2"}}},{"from":[7.4,14.16177,7.44847],"to":[8.6,15.76177,8.64847],"rotation":{"angle":22.5,"axis":"x","origin":[8,1.34828,8]},"faces":{"north":{"uv":[12.44444,4,13,4.66667],"texture":"#2"},"east":{"uv":[2.66667,12.44444,3.22222,13.11111],"texture":"#2"},"south":{"uv":[12.44444,3.11111,13,3.77778],"texture":"#2"},"west":{"uv":[3.55556,12.44444,4.11111,13.11111],"texture":"#2"},"up":{"uv":[13,9.88889,12.44444,9.33333],"rotation":90,"texture":"#2"},"down":{"uv":[13,10.22222,12.44444,10.77778],"rotation":270,"texture":"#2"}}},{"from":[7.56,11.06588,17.02615],"to":[8.44,11.94588,20.22615],"rotation":{"angle":-22.5,"axis":"x","origin":[8,1.34828,8]},"faces":{"north":{"uv":[5.77778,11.55556,6.22222,12],"texture":"#2"},"east":{"uv":[6.22222,10.66667,7.66667,11.11111],"texture":"#2"},"south":{"uv":[11.55556,2.22222,12,2.66667],"texture":"#2"},"west":{"uv":[10.66667,6.22222,12.11111,6.66667],"texture":"#2"},"up":{"uv":[12.11111,7.11111,10.66667,6.66667],"rotation":90,"texture":"#2"},"down":{"uv":[12.11111,7.11111,10.66667,7.55556],"rotation":270,"texture":"#2"}}},{"from":[7.64,5.71987,22.94062],"to":[8.36,6.35987,24.14062],"rotation":{"angle":-45,"axis":"x","origin":[8,1.34828,8]},"faces":{"north":{"uv":[13.33333,4,13.66667,4.33333],"texture":"#2"},"east":{"uv":[2.22222,13.33333,2.77778,13.66667],"texture":"#2"},"south":{"uv":[4,13.33333,4.33333,13.66667],"texture":"#2"},"west":{"uv":[3.11111,13.33333,3.66667,13.66667],"texture":"#2"},"up":{"uv":[13.88889,3.44444,13.33333,3.11111],"rotation":90,"texture":"#2"},"down":{"uv":[13.88889,3.55556,13.33333,3.88889],"rotation":270,"texture":"#2"}}},{"from":[7.2,2.70024,14.38723],"to":[8.8,4.30024,15.98723],"rotation":{"angle":-45,"axis":"x","origin":[8,1.34828,8]},"faces":{"north":{"uv":[4,11.55556,4.66667,12.22222],"texture":"#2"},"east":{"uv":[2.22222,11.55556,2.88889,12.22222],"texture":"#2"},"south":{"uv":[3.11111,11.55556,3.77778,12.22222],"texture":"#2"},"west":{"uv":[11.55556,3.55556,12.22222,4.22222],"texture":"#2"},"up":{"uv":[12.22222,5.11111,11.55556,4.44444],"rotation":90,"texture":"#2"},"down":{"uv":[5.55556,11.55556,4.88889,12.22222],"rotation":270,"texture":"#2"}}},{"from":[7.56,3.73289,13.18833],"to":[8.44,5.49289,14.06833],"rotation":{"angle":-22.5,"axis":"x","origin":[8,1.34828,8]},"faces":{"north":{"uv":[8,12.44444,8.44444,13.22222],"texture":"#2"},"east":{"uv":[7.55556,12,8,12.77778],"texture":"#2"},"south":{"uv":[5.33333,12.44444,5.77778,13.22222],"texture":"#2"},"west":{"uv":[12.44444,7.55556,12.88889,8.33333],"texture":"#2"},"up":{"uv":[12.44444,1.33333,12,0.88889],"rotation":90,"texture":"#2"},"down":{"uv":[2.22222,12,1.77778,12.44444],"rotation":270,"texture":"#2"}}},{"from":[7.64,-13.34316,3.34979],"to":[8.36,-11.34316,3.98979],"rotation":{"angle":-22.5,"axis":"x","origin":[8,1.34828,8]},"faces":{"north":{"uv":[12.88889,7.55556,13.22222,8.44444],"texture":"#2"},"east":{"uv":[6.66667,12.88889,7,13.77778],"texture":"#2"},"south":{"uv":[7.11111,12.88889,7.44444,13.77778],"texture":"#2"},"west":{"uv":[7.55556,12.88889,7.88889,13.77778],"texture":"#2"},"up":{"uv":[5.66667,13.66667,5.33333,13.33333],"rotation":90,"texture":"#2"},"down":{"uv":[13.66667,5.33333,13.33333,5.66667],"rotation":270,"texture":"#2"}}},{"from":[7.64,-9.65944,14.66215],"to":[8.36,-9.01944,16.66215],"rotation":{"angle":22.5,"axis":"x","origin":[8,1.34828,8]},"faces":{"north":{"uv":[5.66667,13.66667,5.33333,13.33333],"rotation":270,"texture":"#2"},"east":{"uv":[6.66667,12.88889,7,13.77778],"rotation":90,"texture":"#2"},"south":{"uv":[13.66667,5.33333,13.33333,5.66667],"rotation":270,"texture":"#2"},"west":{"uv":[7.55556,12.88889,7.88889,13.77778],"rotation":270,"texture":"#2"},"up":{"uv":[7.11111,12.88889,7.44444,13.77778],"texture":"#2"},"down":{"uv":[12.88889,7.55556,13.22222,8.44444],"rotation":180,"texture":"#2"}}},{"from":[7.64,6.78134,10.0247],"to":[8.36,7.42134,12.0247],"rotation":{"angle":22.5,"axis":"x","origin":[8,1.34828,8]},"faces":{"north":{"uv":[5.66667,13.66667,5.33333,13.33333],"rotation":270,"texture":"#2"},"east":{"uv":[6.66667,12.88889,7,13.77778],"rotation":90,"texture":"#2"},"south":{"uv":[13.66667,5.33333,13.33333,5.66667],"rotation":270,"texture":"#2"},"west":{"uv":[7.55556,12.88889,7.88889,13.77778],"rotation":270,"texture":"#2"},"up":{"uv":[7.11111,12.88889,7.44444,13.77778],"texture":"#2"},"down":{"uv":[12.88889,7.55556,13.22222,8.44444],"rotation":180,"texture":"#2"}}},{"from":[7.56,-11.17167,4.84212],"to":[8.44,-9.41167,5.72212],"rotation":{"angle":-22.5,"axis":"x","origin":[8,1.34828,8]},"faces":{"north":{"uv":[9.33333,12.44444,9.77778,13.22222],"texture":"#2"},"east":{"uv":[8.44444,12.44444,8.88889,13.22222],"texture":"#2"},"south":{"uv":[12.44444,8.44444,12.88889,9.22222],"texture":"#2"},"west":{"uv":[8.88889,12.44444,9.33333,13.22222],"texture":"#2"},"up":{"uv":[2.22222,13.77778,1.77778,13.33333],"rotation":90,"texture":"#2"},"down":{"uv":[13.77778,1.77778,13.33333,2.22222],"rotation":270,"texture":"#2"}}},{"from":[7.2,-7.87584,0.97261],"to":[8.8,-6.27584,2.57261],"rotation":{"angle":-45,"axis":"x","origin":[8,1.34828,8]},"faces":{"north":{"uv":[11.55556,12,12.22222,12.66667],"texture":"#2"},"east":{"uv":[5.77778,12,6.44444,12.66667],"texture":"#2"},"south":{"uv":[6.66667,12,7.33333,12.66667],"texture":"#2"},"west":{"uv":[10.66667,12,11.33333,12.66667],"texture":"#2"},"up":{"uv":[13.11111,1.55556,12.44444,0.88889],"rotation":90,"texture":"#2"},"down":{"uv":[2.44444,12.44444,1.77778,13.11111],"rotation":270,"texture":"#2"}}},{"from":[7.2,11.15165,5.35006],"to":[8.8,12.75165,6.95006],"rotation":{"angle":22.5,"axis":"x","origin":[8,1.34828,8]},"faces":{"north":{"uv":[11.55556,8.44444,12.22222,9.11111],"texture":"#2"},"east":{"uv":[11.55556,5.33333,12.22222,6],"texture":"#2"},"south":{"uv":[11.55556,7.55556,12.22222,8.22222],"texture":"#2"},"west":{"uv":[8,11.55556,8.66667,12.22222],"texture":"#2"},"up":{"uv":[9.55556,12.22222,8.88889,11.55556],"rotation":90,"texture":"#2"},"down":{"uv":[12.22222,9.33333,11.55556,10],"rotation":270,"texture":"#2"}}},{"from":[7.4,9.51409,14.58961],"to":[8.6,10.71409,16.18961],"rotation":{"angle":-22.5,"axis":"x","origin":[8,1.34828,8]},"faces":{"north":{"uv":[12.44444,12,13,12.55556],"texture":"#2"},"east":{"uv":[4.44444,12.44444,5.11111,13],"texture":"#2"},"south":{"uv":[12.44444,11.11111,13,11.66667],"texture":"#2"},"west":{"uv":[12.44444,4.88889,13.11111,5.44444],"texture":"#2"},"up":{"uv":[13.11111,6.33333,12.44444,5.77778],"rotation":90,"texture":"#2"},"down":{"uv":[13.11111,6.66667,12.44444,7.22222],"rotation":270,"texture":"#2"}}}],"gui_light":"front","display":{"thirdperson_righthand":{"rotation":[0,2,0],"translation":[0,6,2.5],"scale":[0.8,0.8,0.8]},"thirdperson_lefthand":{"rotation":[0,2,0],"translation":[0,6,2.5],"scale":[0.8,0.8,0.8]},"firstperson_righthand":{"rotation":[-19.76,-1.15,-0.46],"translation":[5.75,4,-6.25],"scale":[1.24141,1.24141,1.24141]},"firstperson_lefthand":{"rotation":[-19.76,-1.15,-0.46],"translation":[5.75,4,-6.25],"scale":[1.24141,1.24141,1.24141]},"ground":{"rotation":[0,0,-26],"translation":[0,9,0],"scale":[0.6,0.6,0.6]},"gui":{"rotation":[-90,50,90],"translation":[-1.5,1.5,-3.25],"scale":[0.54297,0.54297,0.54297]},"head":{"scale":[0,0,0]},"fixed":{"rotation":[0,-90,0],"translation":[0,7.5,-3.25],"scale":[1.41211,1.41211,1.41211]}}}