{"credit":"Made by PolygonMC","textures":{"1":"merry_christmasset:bow","2":"merry_christmasset:detail"},"elements":[{"from":[7.25,10.4,7.25],"to":[8.75,11.9,8.75],"rotation":{"angle":45,"axis":"x","origin":[8,11.15,8]},"faces":{"north":{"uv":[11.33333,11.33333,12.33333,12.33333],"texture":"#1"},"east":{"uv":[12,0,13,1],"texture":"#1"},"south":{"uv":[12,1.33333,13,2.33333],"texture":"#1"},"west":{"uv":[12,6,13,7],"texture":"#1"},"up":{"uv":[13,8.33333,12,7.33333],"texture":"#1"},"down":{"uv":[9.66667,12,8.66667,13],"texture":"#1"}}},{"from":[6.25,9.9,6.375],"to":[7.25,10.9,7.375],"rotation":{"angle":0,"axis":"y","origin":[6.25,9.9,6.375]},"faces":{"north":{"uv":[9.33333,4.66667,10,5.33333],"texture":"#1"},"east":{"uv":[10.66667,8.66667,11.33333,9.33333],"texture":"#1"},"south":{"uv":[11.33333,6,12,6.66667],"texture":"#1"},"west":{"uv":[12,2.66667,12.66667,3.33333],"texture":"#1"},"up":{"uv":[13.33333,9.33333,12.66667,8.66667],"texture":"#1"},"down":{"uv":[13.33333,9.33333,12.66667,10],"texture":"#1"}}},{"from":[7,11.1,5],"to":[7.03,15.1,7.5],"rotation":{"angle":-22.5,"axis":"x","origin":[6.515,13.5,7.5]},"faces":{"east":{"uv":[6.33333,8,4.66667,10.66667],"texture":"#1"},"west":{"uv":[4.66667,8,6.33333,10.66667],"texture":"#1"}}},{"from":[7.1,10.05627,3.423],"to":[7.13,12.55627,7.423],"rotation":{"angle":22.5,"axis":"x","origin":[7.115,11.30627,5.423]},"faces":{"east":{"uv":[6.33333,10.66667,4.66667,8],"rotation":270,"texture":"#1"},"west":{"uv":[4.66667,8,6.33333,10.66667],"rotation":270,"texture":"#1"}}},{"from":[6.85,11.25,6.33579],"to":[7.35,12.75,7.83579],"rotation":{"angle":45,"axis":"x","origin":[6.85,11,6.08579]},"faces":{"north":{"uv":[13.33333,8,13.66667,9],"texture":"#1"},"east":{"uv":[10.66667,2,11.66667,3],"texture":"#1"},"south":{"uv":[8.66667,13.33333,9,14.33333],"texture":"#1"},"west":{"uv":[11.33333,3.33333,12.33333,4.33333],"texture":"#1"},"up":{"uv":[9.66667,14.33333,9.33333,13.33333],"texture":"#1"},"down":{"uv":[13.66667,9.33333,13.33333,10.33333],"texture":"#1"}}},{"from":[6.25,9.9,7.625],"to":[7.25,10.9,8.625],"rotation":{"angle":0,"axis":"y","origin":[6.25,9.9,8.625]},"faces":{"north":{"uv":[10,12.66667,10.66667,13.33333],"texture":"#1"},"east":{"uv":[12.66667,10,13.33333,10.66667],"texture":"#1"},"south":{"uv":[10.66667,12.66667,11.33333,13.33333],"texture":"#1"},"west":{"uv":[12.66667,10.66667,13.33333,11.33333],"texture":"#1"},"up":{"uv":[12,13.33333,11.33333,12.66667],"texture":"#1"},"down":{"uv":[13.33333,11.33333,12.66667,12],"texture":"#1"}}},{"from":[6.25,11.15,7],"to":[7.25,12.15,8],"rotation":{"angle":0,"axis":"y","origin":[6.25,11.15,7]},"faces":{"north":{"uv":[12,12.66667,12.66667,13.33333],"texture":"#1"},"east":{"uv":[12.66667,12,13.33333,12.66667],"texture":"#1"},"south":{"uv":[12.66667,12.66667,13.33333,13.33333],"texture":"#1"},"west":{"uv":[13.33333,0,14,0.66667],"texture":"#1"},"up":{"uv":[14,1.33333,13.33333,0.66667],"texture":"#1"},"down":{"uv":[14,1.33333,13.33333,2],"texture":"#1"}}},{"from":[8.75,9.9,6.375],"to":[9.75,10.9,7.375],"rotation":{"angle":0,"axis":"y","origin":[9.75,9.9,6.375]},"faces":{"north":{"uv":[10,4.66667,9.33333,5.33333],"texture":"#1"},"east":{"uv":[12.66667,2.66667,12,3.33333],"texture":"#1"},"south":{"uv":[12,6,11.33333,6.66667],"texture":"#1"},"west":{"uv":[11.33333,8.66667,10.66667,9.33333],"texture":"#1"},"up":{"uv":[12.66667,9.33333,13.33333,8.66667],"texture":"#1"},"down":{"uv":[12.66667,9.33333,13.33333,10],"texture":"#1"}}},{"from":[8.97,11.1,5],"to":[9,15.1,7.5],"rotation":{"angle":-22.5,"axis":"x","origin":[9.485,13.5,7.5]},"faces":{"east":{"uv":[6.33333,8,4.66667,10.66667],"texture":"#1"},"west":{"uv":[4.66667,8,6.33333,10.66667],"texture":"#1"}}},{"from":[8.65,11.25,6.33579],"to":[9.15,12.75,7.83579],"rotation":{"angle":45,"axis":"x","origin":[9.15,11,6.08579]},"faces":{"north":{"uv":[13.66667,8,13.33333,9],"texture":"#1"},"east":{"uv":[12.33333,3.33333,11.33333,4.33333],"texture":"#1"},"south":{"uv":[9,13.33333,8.66667,14.33333],"texture":"#1"},"west":{"uv":[11.66667,2,10.66667,3],"texture":"#1"},"up":{"uv":[9.33333,14.33333,9.66667,13.33333],"texture":"#1"},"down":{"uv":[13.33333,9.33333,13.66667,10.33333],"texture":"#1"}}},{"from":[8.75,9.9,7.625],"to":[9.75,10.9,8.625],"rotation":{"angle":0,"axis":"y","origin":[9.75,9.9,8.625]},"faces":{"north":{"uv":[10.66667,12.66667,10,13.33333],"texture":"#1"},"east":{"uv":[13.33333,10.66667,12.66667,11.33333],"texture":"#1"},"south":{"uv":[11.33333,12.66667,10.66667,13.33333],"texture":"#1"},"west":{"uv":[13.33333,10,12.66667,10.66667],"texture":"#1"},"up":{"uv":[11.33333,13.33333,12,12.66667],"texture":"#1"},"down":{"uv":[12.66667,11.33333,13.33333,12],"texture":"#1"}}},{"from":[8.75,11.15,7],"to":[9.75,12.15,8],"rotation":{"angle":0,"axis":"y","origin":[9.75,11.15,7]},"faces":{"north":{"uv":[12.66667,12.66667,12,13.33333],"texture":"#1"},"east":{"uv":[14,0,13.33333,0.66667],"texture":"#1"},"south":{"uv":[13.33333,12.66667,12.66667,13.33333],"texture":"#1"},"west":{"uv":[13.33333,12,12.66667,12.66667],"texture":"#1"},"up":{"uv":[13.33333,1.33333,14,0.66667],"texture":"#1"},"down":{"uv":[13.33333,1.33333,14,2],"texture":"#1"}}},{"from":[8.87,10.05627,3.423],"to":[8.9,12.55627,7.423],"rotation":{"angle":22.5,"axis":"x","origin":[8.885,11.30627,5.423]},"faces":{"east":{"uv":[4.66667,10.66667,6.33333,8],"rotation":270,"texture":"#1"},"west":{"uv":[6.33333,8,4.66667,10.66667],"rotation":270,"texture":"#1"}}},{"from":[6.25,5.1,6.375],"to":[7.25,6.1,7.375],"rotation":{"angle":0,"axis":"y","origin":[6.25,6.1,6.375]},"faces":{"north":{"uv":[9.33333,5.33333,10,4.66667],"texture":"#1"},"east":{"uv":[10.66667,9.33333,11.33333,8.66667],"texture":"#1"},"south":{"uv":[11.33333,6.66667,12,6],"texture":"#1"},"west":{"uv":[12,3.33333,12.66667,2.66667],"texture":"#1"},"up":{"uv":[13.33333,10,12.66667,9.33333],"texture":"#1"},"down":{"uv":[13.33333,8.66667,12.66667,9.33333],"texture":"#1"}}},{"from":[7,0.9,5],"to":[7.03,4.9,7.5],"rotation":{"angle":22.5,"axis":"x","origin":[6.515,2.5,7.5]},"faces":{"east":{"uv":[6.33333,10.66667,4.66667,8],"texture":"#1"},"west":{"uv":[4.66667,10.66667,6.33333,8],"texture":"#1"}}},{"from":[6.85,3.25,6.33579],"to":[7.35,4.75,7.83579],"rotation":{"angle":-45,"axis":"x","origin":[6.85,5,6.08579]},"faces":{"north":{"uv":[13.33333,9,13.66667,8],"texture":"#1"},"east":{"uv":[10.66667,3,11.66667,2],"texture":"#1"},"south":{"uv":[8.66667,14.33333,9,13.33333],"texture":"#1"},"west":{"uv":[11.33333,4.33333,12.33333,3.33333],"texture":"#1"},"up":{"uv":[13.66667,10.33333,13.33333,9.33333],"texture":"#1"},"down":{"uv":[9.66667,13.33333,9.33333,14.33333],"texture":"#1"}}},{"from":[6.25,5.1,7.625],"to":[7.25,6.1,8.625],"rotation":{"angle":0,"axis":"y","origin":[6.25,6.1,8.625]},"faces":{"north":{"uv":[10,13.33333,10.66667,12.66667],"texture":"#1"},"east":{"uv":[12.66667,10.66667,13.33333,10],"texture":"#1"},"south":{"uv":[10.66667,13.33333,11.33333,12.66667],"texture":"#1"},"west":{"uv":[12.66667,11.33333,13.33333,10.66667],"texture":"#1"},"up":{"uv":[13.33333,12,12.66667,11.33333],"texture":"#1"},"down":{"uv":[12,12.66667,11.33333,13.33333],"texture":"#1"}}},{"from":[6.25,3.85,7],"to":[7.25,4.85,8],"rotation":{"angle":0,"axis":"y","origin":[6.25,4.85,7]},"faces":{"north":{"uv":[12,13.33333,12.66667,12.66667],"texture":"#1"},"east":{"uv":[12.66667,12.66667,13.33333,12],"texture":"#1"},"south":{"uv":[12.66667,13.33333,13.33333,12.66667],"texture":"#1"},"west":{"uv":[13.33333,0.66667,14,0],"texture":"#1"},"up":{"uv":[14,2,13.33333,1.33333],"texture":"#1"},"down":{"uv":[14,0.66667,13.33333,1.33333],"texture":"#1"}}},{"from":[7.1,3.44373,3.423],"to":[7.13,5.94373,7.423],"rotation":{"angle":-22.5,"axis":"x","origin":[7.115,4.69373,5.423]},"faces":{"east":{"uv":[4.66667,10.66667,6.33333,8],"rotation":270,"texture":"#1"},"west":{"uv":[6.33333,8,4.66667,10.66667],"rotation":270,"texture":"#1"}}},{"from":[8.87,3.44373,3.423],"to":[8.9,5.94373,7.423],"rotation":{"angle":-22.5,"axis":"x","origin":[8.885,4.69373,5.423]},"faces":{"east":{"uv":[6.33333,10.66667,4.66667,8],"rotation":270,"texture":"#1"},"west":{"uv":[4.66667,8,6.33333,10.66667],"rotation":270,"texture":"#1"}}},{"from":[8.75,3.85,7],"to":[9.75,4.85,8],"rotation":{"angle":0,"axis":"y","origin":[9.75,4.85,7]},"faces":{"north":{"uv":[12.66667,13.33333,12,12.66667],"texture":"#1"},"east":{"uv":[14,0.66667,13.33333,0],"texture":"#1"},"south":{"uv":[13.33333,13.33333,12.66667,12.66667],"texture":"#1"},"west":{"uv":[13.33333,12.66667,12.66667,12],"texture":"#1"},"up":{"uv":[13.33333,2,14,1.33333],"texture":"#1"},"down":{"uv":[13.33333,0.66667,14,1.33333],"texture":"#1"}}},{"from":[8.75,5.1,7.625],"to":[9.75,6.1,8.625],"rotation":{"angle":0,"axis":"y","origin":[9.75,6.1,8.625]},"faces":{"north":{"uv":[10.66667,13.33333,10,12.66667],"texture":"#1"},"east":{"uv":[13.33333,11.33333,12.66667,10.66667],"texture":"#1"},"south":{"uv":[11.33333,13.33333,10.66667,12.66667],"texture":"#1"},"west":{"uv":[13.33333,10.66667,12.66667,10],"texture":"#1"},"up":{"uv":[12.66667,12,13.33333,11.33333],"texture":"#1"},"down":{"uv":[11.33333,12.66667,12,13.33333],"texture":"#1"}}},{"from":[8.65,3.25,6.33579],"to":[9.15,4.75,7.83579],"rotation":{"angle":-45,"axis":"x","origin":[9.15,5,6.08579]},"faces":{"north":{"uv":[13.66667,9,13.33333,8],"texture":"#1"},"east":{"uv":[12.33333,4.33333,11.33333,3.33333],"texture":"#1"},"south":{"uv":[9,14.33333,8.66667,13.33333],"texture":"#1"},"west":{"uv":[11.66667,3,10.66667,2],"texture":"#1"},"up":{"uv":[13.33333,10.33333,13.66667,9.33333],"texture":"#1"},"down":{"uv":[9.33333,13.33333,9.66667,14.33333],"texture":"#1"}}},{"from":[8.97,0.9,5],"to":[9,4.9,7.5],"rotation":{"angle":22.5,"axis":"x","origin":[9.485,2.5,7.5]},"faces":{"east":{"uv":[6.33333,10.66667,4.66667,8],"texture":"#1"},"west":{"uv":[4.66667,10.66667,6.33333,8],"texture":"#1"}}},{"from":[8.75,5.1,6.375],"to":[9.75,6.1,7.375],"rotation":{"angle":0,"axis":"y","origin":[9.75,6.1,6.375]},"faces":{"north":{"uv":[10,5.33333,9.33333,4.66667],"texture":"#1"},"east":{"uv":[12.66667,3.33333,12,2.66667],"texture":"#1"},"south":{"uv":[12,6.66667,11.33333,6],"texture":"#1"},"west":{"uv":[11.33333,9.33333,10.66667,8.66667],"texture":"#1"},"up":{"uv":[12.66667,10,13.33333,9.33333],"texture":"#1"},"down":{"uv":[12.66667,8.66667,13.33333,9.33333],"texture":"#1"}}},{"from":[7.985,-3,9.33727],"to":[8.015,19,16.33727],"rotation":{"angle":0,"axis":"y","origin":[7.985,3,9.13727]},"faces":{"east":{"uv":[4.66667,0,0,14.66667],"texture":"#1"},"west":{"uv":[0,0,4.66667,14.66667],"texture":"#1"}}},{"from":[7.2725,11.15,7.43934],"to":[8.7275,16,8.89434],"rotation":{"angle":-22.5,"axis":"x","origin":[7.2725,11.15,7.43934]},"faces":{"north":{"uv":[8.66667,5.33333,9.66667,8.66667],"texture":"#1"},"east":{"uv":[8.66667,8.66667,9.66667,12],"texture":"#1"},"south":{"uv":[9.33333,0,10.33333,3.33333],"texture":"#1"},"west":{"uv":[10,3.33333,11,6.66667],"texture":"#1"},"up":{"uv":[12.33333,5.66667,11.33333,4.66667],"texture":"#1"},"down":{"uv":[12.33333,8.66667,11.33333,9.66667],"texture":"#1"}}},{"from":[7.25,14.92748,6.57678],"to":[8.75,17.42748,8.07678],"rotation":{"angle":22.5,"axis":"x","origin":[8,17.77637,7.848]},"faces":{"north":{"uv":[10,9.33333,11,11],"texture":"#1"},"east":{"uv":[10.66667,0,11.66667,1.66667],"texture":"#1"},"south":{"uv":[4.66667,10.66667,5.66667,12.33333],"texture":"#1"},"west":{"uv":[10.66667,6.66667,11.66667,8.33333],"texture":"#1"},"up":{"uv":[13.66667,3.66667,12.66667,2.66667],"texture":"#1"},"down":{"uv":[13.66667,4,12.66667,5],"texture":"#1"}}},{"from":[7.4,16.94749,6.91296],"to":[8.6,18.94749,8.11296],"rotation":{"angle":45,"axis":"x","origin":[8,17.77637,7.848]},"faces":{"north":{"uv":[9.33333,3.33333,10,4.66667],"texture":"#1"},"east":{"uv":[6,10.66667,6.66667,12],"texture":"#1"},"south":{"uv":[6,12,6.66667,13.33333],"texture":"#1"},"west":{"uv":[4.66667,12.66667,5.33333,14],"texture":"#1"},"up":{"uv":[14,2.66667,13.33333,2],"texture":"#1"}}},{"from":[7.508,18.0464,8.52715],"to":[8.492,19.0304,10.16715],"rotation":{"angle":-22.5,"axis":"x","origin":[8,17.77637,7.848]},"faces":{"east":{"uv":[12.66667,5.33333,13.66667,6],"texture":"#1"},"south":{"uv":[6,13.33333,6.66667,14],"texture":"#1"},"west":{"uv":[6.66667,12.66667,7.66667,13.33333],"texture":"#1"},"up":{"uv":[6,13.66667,5.33333,12.66667],"texture":"#1"},"down":{"uv":[8.66667,12.66667,8,13.66667],"texture":"#1"}}},{"from":[7.985,15,3.5],"to":[8.015,23,7],"rotation":{"angle":22.5,"axis":"x","origin":[7.985,15,4]},"faces":{"east":{"uv":[9,0,6.66667,5.33333],"texture":"#1"},"west":{"uv":[6.66667,0,9,5.33333],"texture":"#1"}}},{"from":[7.5,10,3.5],"to":[7.53,17,6],"rotation":{"angle":-22.5,"axis":"x","origin":[8,15,4]},"faces":{"east":{"uv":[8.33333,5.33333,6.66667,10],"texture":"#1"},"west":{"uv":[6.66667,5.33333,8.33333,10],"texture":"#1"}}},{"from":[7.5,6,7.5],"to":[8.5,10,8.5],"rotation":{"angle":0,"axis":"y","origin":[8.5,5,7.5]},"faces":{"north":{"uv":[7.33333,10,6.66667,12.66667],"texture":"#1"},"east":{"uv":[8.66667,10,8,12.66667],"texture":"#1"},"south":{"uv":[8,10,7.33333,12.66667],"texture":"#1"},"west":{"uv":[10.66667,6.66667,10,9.33333],"texture":"#1"}}},{"from":[7.3,10,7.3],"to":[8.7,10.5,8.7],"rotation":{"angle":0,"axis":"y","origin":[8.5,10.5,7.5]},"faces":{"north":{"uv":[11,13.33333,10,13.66667],"texture":"#1"},"east":{"uv":[14.33333,11.33333,13.33333,11.66667],"texture":"#1"},"south":{"uv":[12.33333,13.33333,11.33333,13.66667],"texture":"#1"},"west":{"uv":[14.33333,10.66667,13.33333,11],"texture":"#1"},"up":{"uv":[10,12.33333,11,11.33333],"texture":"#1"},"down":{"uv":[11.33333,10,12.33333,11],"texture":"#1"}}},{"from":[8.47,10,3.5],"to":[8.5,17,6],"rotation":{"angle":-22.5,"axis":"x","origin":[8,15,4]},"faces":{"east":{"uv":[8.33333,5.33333,6.66667,10],"texture":"#1"},"west":{"uv":[6.66667,5.33333,8.33333,10],"texture":"#1"}}},{"from":[7.613,19.4002,9.21522],"to":[8.403,20.1902,10.00522],"rotation":{"angle":-45,"axis":"x","origin":[8.008,19.93868,10.07365]},"faces":{"east":{"uv":[13.33333,6,14,6.66667],"texture":"#1"},"south":{"uv":[6.66667,13.33333,7.33333,14],"texture":"#1"},"west":{"uv":[13.33333,6.66667,14,7.33333],"texture":"#1"},"up":{"uv":[8,14,7.33333,13.33333],"texture":"#1"},"down":{"uv":[14,7.33333,13.33333,8],"texture":"#1"}}},{"from":[7.69595,19.67594,9.86113],"to":[8.32005,20.30004,10.48523],"rotation":{"angle":22.5,"axis":"x","origin":[8.008,19.93868,10.07365]},"faces":{"north":{"uv":[13.33333,12,13.66667,12.33333],"texture":"#1"},"east":{"uv":[12.66667,13.33333,13,13.66667],"texture":"#1"},"south":{"uv":[13.33333,12.66667,13.66667,13],"texture":"#1"},"west":{"uv":[13.33333,13.33333,13.66667,13.66667],"texture":"#1"},"up":{"uv":[14.33333,0.33333,14,0],"texture":"#1"}}},{"from":[7.76772,20.12755,10.05961],"to":[8.24828,20.6081,10.54017],"rotation":{"angle":0,"axis":"x","origin":[8.008,19.93868,10.07365]},"faces":{"north":{"uv":[14,0.66667,14.33333,1],"texture":"#1"},"east":{"uv":[14,1.33333,14.33333,1.66667],"texture":"#1"},"south":{"uv":[14,2,14.33333,2.33333],"texture":"#1"},"west":{"uv":[14,2.66667,14.33333,3],"texture":"#1"},"up":{"uv":[14.33333,3.66667,14,3.33333],"texture":"#1"}}},{"from":[7.2725,0,7.43934],"to":[8.7275,4.85,8.89434],"rotation":{"angle":22.5,"axis":"x","origin":[7.2725,4.85,7.43934]},"faces":{"north":{"uv":[8.66667,8.66667,9.66667,5.33333],"texture":"#1"},"east":{"uv":[8.66667,12,9.66667,8.66667],"texture":"#1"},"south":{"uv":[9.33333,3.33333,10.33333,0],"texture":"#1"},"west":{"uv":[10,6.66667,11,3.33333],"texture":"#1"},"up":{"uv":[12.33333,9.66667,11.33333,8.66667],"texture":"#1"},"down":{"uv":[12.33333,4.66667,11.33333,5.66667],"texture":"#1"}}},{"from":[7.3,5.5,7.3],"to":[8.7,6,8.7],"rotation":{"angle":0,"axis":"y","origin":[7.5,5.5,7.5]},"faces":{"north":{"uv":[10,13.66667,11,13.33333],"texture":"#1"},"east":{"uv":[13.33333,11,14.33333,10.66667],"texture":"#1"},"south":{"uv":[11.33333,13.66667,12.33333,13.33333],"texture":"#1"},"west":{"uv":[13.33333,11.66667,14.33333,11.33333],"texture":"#1"},"up":{"uv":[12.33333,11,11.33333,10],"texture":"#1"},"down":{"uv":[11,11.33333,10,12.33333],"texture":"#1"}}},{"from":[7.25,4.1,7.25],"to":[8.75,5.6,8.75],"rotation":{"angle":-45,"axis":"x","origin":[8,4.85,8]},"faces":{"north":{"uv":[11.33333,12.33333,12.33333,11.33333],"texture":"#1"},"east":{"uv":[12,1,13,0],"texture":"#1"},"south":{"uv":[12,2.33333,13,1.33333],"texture":"#1"},"west":{"uv":[12,7,13,6],"texture":"#1"},"up":{"uv":[9.66667,13,8.66667,12],"texture":"#1"},"down":{"uv":[13,7.33333,12,8.33333],"texture":"#1"}}},{"from":[7.25,-1.42748,6.57678],"to":[8.75,1.07252,8.07678],"rotation":{"angle":-22.5,"axis":"x","origin":[8,-1.77637,7.848]},"faces":{"north":{"uv":[10,11,11,9.33333],"texture":"#1"},"east":{"uv":[10.66667,1.66667,11.66667,0],"texture":"#1"},"south":{"uv":[4.66667,12.33333,5.66667,10.66667],"texture":"#1"},"west":{"uv":[10.66667,8.33333,11.66667,6.66667],"texture":"#1"},"up":{"uv":[13.66667,5,12.66667,4],"texture":"#1"},"down":{"uv":[13.66667,2.66667,12.66667,3.66667],"texture":"#1"}}},{"from":[7.4,-2.94749,6.91296],"to":[8.6,-0.94749,8.11296],"rotation":{"angle":-45,"axis":"x","origin":[8,-1.77637,7.848]},"faces":{"north":{"uv":[9.33333,4.66667,10,3.33333],"texture":"#1"},"east":{"uv":[6,12,6.66667,10.66667],"texture":"#1"},"south":{"uv":[6,13.33333,6.66667,12],"texture":"#1"},"west":{"uv":[4.66667,14,5.33333,12.66667],"texture":"#1"},"down":{"uv":[14,2,13.33333,2.66667],"texture":"#1"}}},{"from":[7.508,-3.0304,8.52715],"to":[8.492,-2.0464,10.16715],"rotation":{"angle":22.5,"axis":"x","origin":[8,-1.77637,7.848]},"faces":{"east":{"uv":[12.66667,6,13.66667,5.33333],"texture":"#1"},"south":{"uv":[6,14,6.66667,13.33333],"texture":"#1"},"west":{"uv":[6.66667,13.33333,7.66667,12.66667],"texture":"#1"},"up":{"uv":[8.66667,13.66667,8,12.66667],"texture":"#1"},"down":{"uv":[6,12.66667,5.33333,13.66667],"texture":"#1"}}},{"from":[7.985,-7,3.5],"to":[8.015,1,7],"rotation":{"angle":-22.5,"axis":"x","origin":[7.985,1,4]},"faces":{"east":{"uv":[9,5.33333,6.66667,0],"texture":"#1"},"west":{"uv":[6.66667,5.33333,9,0],"texture":"#1"}}},{"from":[7.613,-4.1902,9.21522],"to":[8.403,-3.4002,10.00522],"rotation":{"angle":45,"axis":"x","origin":[8.008,-3.93868,10.07365]},"faces":{"east":{"uv":[13.33333,6.66667,14,6],"texture":"#1"},"south":{"uv":[6.66667,14,7.33333,13.33333],"texture":"#1"},"west":{"uv":[13.33333,7.33333,14,6.66667],"texture":"#1"},"up":{"uv":[14,8,13.33333,7.33333],"texture":"#1"},"down":{"uv":[8,13.33333,7.33333,14],"texture":"#1"}}},{"from":[7.69595,-4.30004,9.86113],"to":[8.32005,-3.67594,10.48523],"rotation":{"angle":-22.5,"axis":"x","origin":[8.008,-3.93868,10.07365]},"faces":{"north":{"uv":[13.33333,12.33333,13.66667,12],"texture":"#1"},"east":{"uv":[12.66667,13.66667,13,13.33333],"texture":"#1"},"south":{"uv":[13.33333,13,13.66667,12.66667],"texture":"#1"},"west":{"uv":[13.33333,13.66667,13.66667,13.33333],"texture":"#1"},"down":{"uv":[14.33333,0,14,0.33333],"texture":"#1"}}},{"from":[7.76772,-4.6081,10.05961],"to":[8.24828,-4.12755,10.54017],"rotation":{"angle":0,"axis":"x","origin":[8.008,-3.93868,10.07365]},"faces":{"north":{"uv":[14,1,14.33333,0.66667],"texture":"#1"},"east":{"uv":[14,1.66667,14.33333,1.33333],"texture":"#1"},"south":{"uv":[14,2.33333,14.33333,2],"texture":"#1"},"west":{"uv":[14,3,14.33333,2.66667],"texture":"#1"},"down":{"uv":[14.33333,3.33333,14,3.66667],"texture":"#1"}}},{"from":[7.5,-1,3.5],"to":[7.53,6,6],"rotation":{"angle":22.5,"axis":"x","origin":[8,1,4]},"faces":{"east":{"uv":[8.33333,10,6.66667,5.33333],"texture":"#1"},"west":{"uv":[6.66667,10,8.33333,5.33333],"texture":"#1"}}},{"from":[8.47,-1,3.5],"to":[8.5,6,6],"rotation":{"angle":22.5,"axis":"x","origin":[8,1,4]},"faces":{"east":{"uv":[8.33333,10,6.66667,5.33333],"texture":"#1"},"west":{"uv":[6.66667,10,8.33333,5.33333],"texture":"#1"}}},{"from":[7.15,2.91304,2.4287],"to":[8.85,3.76304,4.1287],"rotation":{"angle":22.5,"axis":"x","origin":[8,3.44429,3.2787]},"faces":{"north":{"uv":[4,8,5.5,9],"texture":"#2"},"east":{"uv":[6,8,7.5,9],"texture":"#2"},"south":{"uv":[8,8,9.5,9],"texture":"#2"},"west":{"uv":[0,9,1.5,10],"texture":"#2"},"up":{"uv":[8.5,5.5,7,4],"texture":"#2"},"down":{"uv":[8.5,6,7,7.5],"texture":"#2"}}},{"from":[7.3625,3.76304,2.6412],"to":[8.6375,5.03804,3.9162],"rotation":{"angle":22.5,"axis":"x","origin":[8,3.44429,3.2787]},"faces":{"north":{"uv":[5,4,6.5,5.5],"texture":"#2"},"east":{"uv":[6,0,7.5,1.5],"texture":"#2"},"south":{"uv":[6,2,7.5,3.5],"texture":"#2"},"west":{"uv":[5,6,6.5,7.5],"texture":"#2"},"up":{"uv":[1.5,8.5,0,7],"texture":"#2"}}},{"from":[7.3625,10.96196,2.6412],"to":[8.6375,12.23696,3.9162],"rotation":{"angle":-22.5,"axis":"x","origin":[8,12.55571,3.2787]},"faces":{"north":{"uv":[5,5.5,6.5,4],"texture":"#2"},"east":{"uv":[6,1.5,7.5,0],"texture":"#2"},"south":{"uv":[6,3.5,7.5,2],"texture":"#2"},"west":{"uv":[5,7.5,6.5,6],"texture":"#2"},"down":{"uv":[1.5,7,0,8.5],"texture":"#2"}}},{"from":[7.15,12.23696,2.4287],"to":[8.85,13.08696,4.1287],"rotation":{"angle":-22.5,"axis":"x","origin":[8,12.55571,3.2787]},"faces":{"north":{"uv":[4,9,5.5,8],"texture":"#2"},"east":{"uv":[6,9,7.5,8],"texture":"#2"},"south":{"uv":[8,9,9.5,8],"texture":"#2"},"west":{"uv":[0,10,1.5,9],"texture":"#2"},"up":{"uv":[8.5,7.5,7,6],"texture":"#2"},"down":{"uv":[8.5,4,7,5.5],"texture":"#2"}}},{"from":[7.15,-2.45619,5.58993],"to":[7.18,1.04381,9.08993],"rotation":{"angle":-22.5,"axis":"x","origin":[7.15,-2.45619,5.58993]},"faces":{"east":{"uv":[3.5,0,0,3.5],"texture":"#2"},"west":{"uv":[0,0,3.5,3.5],"texture":"#2"}}},{"from":[7.15,-4.25,8.25],"to":[7.18,-1.75,10.75],"rotation":{"angle":22.5,"axis":"x","origin":[7.165,-3,9.5]},"faces":{"east":{"uv":[2.5,4,0,6.5],"texture":"#2"},"west":{"uv":[0,4,2.5,6.5],"texture":"#2"}}},{"from":[7.15,14.4197,4.78702],"to":[7.18,17.9197,8.28702],"rotation":{"angle":22.5,"axis":"x","origin":[7.165,16.1697,6.53702]},"faces":{"east":{"uv":[3.5,3.5,0,0],"rotation":180,"texture":"#2"},"west":{"uv":[0,3.5,3.5,0],"rotation":180,"texture":"#2"}}},{"from":[7.15,17.75,8.25],"to":[7.18,20.25,10.75],"rotation":{"angle":-22.5,"axis":"x","origin":[7.165,19,9.5]},"faces":{"east":{"uv":[2.5,6.5,0,4],"rotation":180,"texture":"#2"},"west":{"uv":[0,6.5,2.5,4],"rotation":180,"texture":"#2"}}},{"from":[8.82,14.4197,4.78702],"to":[8.85,17.9197,8.28702],"rotation":{"angle":22.5,"axis":"x","origin":[8.835,16.1697,6.53702]},"faces":{"east":{"uv":[3.5,3.5,0,0],"rotation":180,"texture":"#2"},"west":{"uv":[0,3.5,3.5,0],"rotation":180,"texture":"#2"}}},{"from":[8.82,17.75,8.25],"to":[8.85,20.25,10.75],"rotation":{"angle":-22.5,"axis":"x","origin":[8.835,19,9.5]},"faces":{"east":{"uv":[2.5,6.5,0,4],"rotation":180,"texture":"#2"},"west":{"uv":[0,6.5,2.5,4],"rotation":180,"texture":"#2"}}},{"from":[8.82,-4.25,8.25],"to":[8.85,-1.75,10.75],"rotation":{"angle":22.5,"axis":"x","origin":[8.835,-3,9.5]},"faces":{"east":{"uv":[2.5,4,0,6.5],"texture":"#2"},"west":{"uv":[0,4,2.5,6.5],"texture":"#2"}}},{"from":[8.82,-2.45619,5.58993],"to":[8.85,1.04381,9.08993],"rotation":{"angle":-22.5,"axis":"x","origin":[8.85,-2.45619,5.58993]},"faces":{"east":{"uv":[3.5,0,0,3.5],"texture":"#2"},"west":{"uv":[0,0,3.5,3.5],"texture":"#2"}}},{"from":[7.525,6.24202,3.69457],"to":[8.475,7.19202,5.59457],"rotation":{"angle":0,"axis":"x","origin":[8,5.82639,4.94144]},"faces":{"north":{"uv":[2,9,3,10],"rotation":180,"texture":"#2"},"east":{"uv":[3,8,4,10],"rotation":90,"texture":"#2"},"south":{"uv":[9,3,10,2],"texture":"#2"},"west":{"uv":[8,0,9,2],"rotation":270,"texture":"#2"},"up":{"uv":[2,7,3,9],"texture":"#2"},"down":{"uv":[8,2,9,4],"rotation":180,"texture":"#2"}}},{"from":[7.525,5.76702,3.69457],"to":[8.475,6.24202,4.64457],"rotation":{"angle":0,"axis":"x","origin":[8,5.82639,4.94144]},"faces":{"north":{"uv":[9,4,10,4.5],"rotation":180,"texture":"#2"},"east":{"uv":[4,9,4.5,10],"rotation":90,"texture":"#2"},"south":{"uv":[5,9.5,6,9],"texture":"#2"},"west":{"uv":[9,3,9.5,4],"rotation":270,"texture":"#2"}}},{"from":[7.525,4.81702,3.69457],"to":[8.475,5.76702,7.49457],"rotation":{"angle":0,"axis":"x","origin":[8,5.82639,4.94144]},"faces":{"north":{"uv":[9,0,10,1],"rotation":180,"texture":"#2"},"east":{"uv":[5,0,6,4],"rotation":90,"texture":"#2"},"south":{"uv":[9,2,10,1],"texture":"#2"},"west":{"uv":[3,4,4,8],"rotation":270,"texture":"#2"},"up":{"uv":[4,0,5,4],"texture":"#2"},"down":{"uv":[4,4,5,8],"rotation":180,"texture":"#2"}}},{"from":[7.525,8.80798,3.69457],"to":[8.475,9.75798,5.59457],"rotation":{"angle":0,"axis":"x","origin":[8,10.17361,4.94144]},"faces":{"north":{"uv":[2,10,3,9],"rotation":180,"texture":"#2"},"east":{"uv":[4,8,3,10],"rotation":90,"texture":"#2"},"south":{"uv":[9,2,10,3],"texture":"#2"},"west":{"uv":[9,0,8,2],"rotation":270,"texture":"#2"},"up":{"uv":[8,4,9,2],"rotation":180,"texture":"#2"},"down":{"uv":[2,9,3,7],"texture":"#2"}}},{"from":[7.525,9.75798,3.69457],"to":[8.475,10.23298,4.64457],"rotation":{"angle":0,"axis":"x","origin":[8,10.17361,4.94144]},"faces":{"north":{"uv":[9,4.5,10,4],"rotation":180,"texture":"#2"},"east":{"uv":[4.5,9,4,10],"rotation":90,"texture":"#2"},"south":{"uv":[5,9,6,9.5],"texture":"#2"},"west":{"uv":[9.5,3,9,4],"rotation":270,"texture":"#2"}}},{"from":[7.525,10.23298,3.69457],"to":[8.475,11.18298,7.49457],"rotation":{"angle":0,"axis":"x","origin":[8,10.17361,4.94144]},"faces":{"north":{"uv":[9,1,10,0],"rotation":180,"texture":"#2"},"east":{"uv":[6,0,5,4],"rotation":90,"texture":"#2"},"south":{"uv":[9,1,10,2],"texture":"#2"},"west":{"uv":[4,4,3,8],"rotation":270,"texture":"#2"},"up":{"uv":[4,8,5,4],"rotation":180,"texture":"#2"},"down":{"uv":[4,4,5,0],"texture":"#2"}}}],"gui_light":"front","display":{"thirdperson_righthand":{"translation":[0,-2,1]},"thirdperson_lefthand":{"translation":[0,-2,1]},"firstperson_righthand":{"translation":[0,4,0]},"firstperson_lefthand":{"translation":[0,4,0]},"ground":{"rotation":[45,0,0],"translation":[0,3,0],"scale":[0.7,0.7,0.7]},"gui":{"rotation":[-90,135,90],"translation":[-0.5,0.5,0],"scale":[0.8,0.8,0.8]},"head":{"rotation":[90,-45,90]},"fixed":{"rotation":[0,-90,0],"translation":[0,0,-1.25],"scale":[2,2,2]}}}