{"credit":"Made by PolygonMC","textures":{"2":"merry_christmasset:detail","particle":"merry_christmasset:hoe"},"elements":[{"from":[7.5,2.25,7.5],"to":[8.5,6.25,8.5],"rotation":{"angle":0,"axis":"y","origin":[7.5,1.25,7.5]},"faces":{"north":{"uv":[6.66667,9.33333,7.33333,12],"texture":"#particle"},"east":{"uv":[7.33333,9.33333,8,12],"texture":"#particle"},"south":{"uv":[8,9.33333,8.66667,12],"texture":"#particle"},"west":{"uv":[0,10,0.66667,12.66667],"texture":"#particle"}}},{"from":[7.25,0.35,7.25],"to":[8.75,1.85,8.75],"rotation":{"angle":-45,"axis":"x","origin":[8,1.1,8]},"faces":{"north":{"uv":[10,10.66667,11,11.66667],"texture":"#particle"},"east":{"uv":[0.66667,11.33333,1.66667,12.33333],"texture":"#particle"},"south":{"uv":[4,11.33333,5,12.33333],"texture":"#particle"},"west":{"uv":[5.33333,11.33333,6.33333,12.33333],"texture":"#particle"},"up":{"uv":[12.33333,7.66667,11.33333,6.66667],"texture":"#particle"},"down":{"uv":[12.33333,8,11.33333,9],"texture":"#particle"}}},{"from":[7.3,1.75,7.3],"to":[8.7,2.25,8.7],"rotation":{"angle":0,"axis":"y","origin":[7.5,1.75,7.5]},"faces":{"north":{"uv":[8.66667,12.66667,9.66667,13],"texture":"#particle"},"east":{"uv":[12.66667,9.33333,13.66667,9.66667],"texture":"#particle"},"south":{"uv":[12.66667,10,13.66667,10.33333],"texture":"#particle"},"west":{"uv":[12.66667,10.66667,13.66667,11],"texture":"#particle"},"up":{"uv":[9.66667,12.33333,8.66667,11.33333],"texture":"#particle"},"down":{"uv":[12.33333,9.33333,11.33333,10.33333],"texture":"#particle"}}},{"from":[7.3,6.25,7.3],"to":[8.7,6.75,8.7],"rotation":{"angle":0,"axis":"y","origin":[7.5,2.75,7.5]},"faces":{"north":{"uv":[11.33333,12.66667,12.33333,13],"texture":"#particle"},"east":{"uv":[12.66667,11.33333,13.66667,11.66667],"texture":"#particle"},"south":{"uv":[12.66667,12,13.66667,12.33333],"texture":"#particle"},"west":{"uv":[12.66667,12.66667,13.66667,13],"texture":"#particle"},"down":{"uv":[12.33333,10.66667,11.33333,11.66667],"texture":"#particle"}}},{"from":[6.5,11.75,6.5],"to":[9.5,14.25,9.5],"rotation":{"angle":0,"axis":"y","origin":[6.5,3.25,6.5]},"faces":{"north":{"uv":[6.66667,7.33333,8.66667,9],"texture":"#particle"},"east":{"uv":[0,8,2,9.66667],"texture":"#particle"},"south":{"uv":[8,0,10,1.66667],"texture":"#particle"},"west":{"uv":[2,8,4,9.66667],"texture":"#particle"},"down":{"uv":[4.66667,6,2.66667,8],"texture":"#particle"}}},{"from":[6.25,14.25,6.25],"to":[9.75,15.25,9.75],"rotation":{"angle":0,"axis":"y","origin":[6.5,3.25,6.5]},"faces":{"north":{"uv":[10,1.33333,12.33333,2],"texture":"#particle"},"east":{"uv":[10,4.66667,12.33333,5.33333],"texture":"#particle"},"south":{"uv":[10,5.33333,12.33333,6],"texture":"#particle"},"west":{"uv":[10,6,12.33333,6.66667],"texture":"#particle"},"up":{"uv":[7,5,4.66667,2.66667],"texture":"#particle"},"down":{"uv":[7.66667,0,5.33333,2.33333],"texture":"#particle"}}},{"from":[6.15,8.15,6.875],"to":[7.15,9.15,7.875],"rotation":{"angle":0,"axis":"y","origin":[6.15,8.15,6.875]},"faces":{"north":{"uv":[7.33333,4.66667,8,5.33333],"texture":"#particle"},"east":{"uv":[8,2,8.66667,2.66667],"texture":"#particle"},"south":{"uv":[8,4.66667,8.66667,5.33333],"texture":"#particle"},"west":{"uv":[8.66667,2,9.33333,2.66667],"texture":"#particle"},"up":{"uv":[2.66667,12,2,11.33333],"texture":"#particle"},"down":{"uv":[12,12,11.33333,12.66667],"texture":"#particle"}}},{"from":[6.4,9.75,6.75],"to":[6.43,13.75,9.25],"rotation":{"angle":22.5,"axis":"z","origin":[6.415,11.75,8]},"faces":{"east":{"uv":[4.66667,5.33333,6.33333,8],"texture":"#particle"},"west":{"uv":[4.66667,5.33333,6.33333,8],"texture":"#particle"}}},{"from":[6.75,9.5,6.83579],"to":[7.25,11,8.33579],"rotation":{"angle":45,"axis":"x","origin":[6.75,9.25,6.58579]},"faces":{"north":{"uv":[0,13.33333,0.33333,14.33333],"texture":"#particle"},"east":{"uv":[12,0,13,1],"texture":"#particle"},"south":{"uv":[13.33333,0,13.66667,1],"texture":"#particle"},"west":{"uv":[2,12,3,13],"texture":"#particle"},"up":{"uv":[1,14.33333,0.66667,13.33333],"texture":"#particle"},"down":{"uv":[1.66667,13.33333,1.33333,14.33333],"texture":"#particle"}}},{"from":[7.175,8.25,4],"to":[7.205,12.25,12],"rotation":{"angle":0,"axis":"y","origin":[6.175,7,5]},"faces":{"east":{"uv":[5.33333,0,0,2.66667],"texture":"#particle"},"west":{"uv":[0,0,5.33333,2.66667],"texture":"#particle"}}},{"from":[6.15,8.15,8.125],"to":[7.15,9.15,9.125],"rotation":{"angle":0,"axis":"y","origin":[6.15,8.15,9.125]},"faces":{"north":{"uv":[12,12,12.66667,12.66667],"texture":"#particle"},"east":{"uv":[0,12.66667,0.66667,13.33333],"texture":"#particle"},"south":{"uv":[0.66667,12.66667,1.33333,13.33333],"texture":"#particle"},"west":{"uv":[1.33333,12.66667,2,13.33333],"texture":"#particle"},"up":{"uv":[13.33333,2,12.66667,1.33333],"texture":"#particle"},"down":{"uv":[4.66667,12.66667,4,13.33333],"texture":"#particle"}}},{"from":[6.15,9.4,7.5],"to":[7.15,10.4,8.5],"rotation":{"angle":0,"axis":"y","origin":[6.15,9.4,7.5]},"faces":{"north":{"uv":[4.66667,12.66667,5.33333,13.33333],"texture":"#particle"},"east":{"uv":[12.66667,4.66667,13.33333,5.33333],"texture":"#particle"},"south":{"uv":[5.33333,12.66667,6,13.33333],"texture":"#particle"},"west":{"uv":[12.66667,5.33333,13.33333,6],"texture":"#particle"},"up":{"uv":[6.66667,13.33333,6,12.66667],"texture":"#particle"},"down":{"uv":[13.33333,6,12.66667,6.66667],"texture":"#particle"}}},{"from":[6.9,7.51256,4.57322],"to":[6.93,10.01256,8.57322],"rotation":{"angle":-45,"axis":"x","origin":[6.75,8.01256,7.82322]},"faces":{"east":{"uv":[2.66667,6,0,7.66667],"texture":"#particle"},"west":{"uv":[0,6,2.66667,7.66667],"texture":"#particle"}}},{"from":[6.9,7.51256,7.42678],"to":[6.93,10.01256,11.42678],"rotation":{"angle":45,"axis":"x","origin":[6.75,8.01256,8.17678]},"faces":{"east":{"uv":[0,6,2.66667,7.66667],"texture":"#particle"},"west":{"uv":[2.66667,6,0,7.66667],"texture":"#particle"}}},{"from":[8.85,8.15,6.875],"to":[9.85,9.15,7.875],"rotation":{"angle":0,"axis":"y","origin":[9.85,8.15,6.875]},"faces":{"north":{"uv":[8,4.66667,7.33333,5.33333],"texture":"#particle"},"east":{"uv":[9.33333,2,8.66667,2.66667],"texture":"#particle"},"south":{"uv":[8.66667,4.66667,8,5.33333],"texture":"#particle"},"west":{"uv":[8.66667,2,8,2.66667],"texture":"#particle"},"up":{"uv":[2,12,2.66667,11.33333],"texture":"#particle"},"down":{"uv":[11.33333,12,12,12.66667],"texture":"#particle"}}},{"from":[9.57,9.75,6.75],"to":[9.6,13.75,9.25],"rotation":{"angle":-22.5,"axis":"z","origin":[9.585,11.75,8]},"faces":{"east":{"uv":[6.33333,5.33333,4.66667,8],"texture":"#particle"},"west":{"uv":[6.33333,5.33333,4.66667,8],"texture":"#particle"}}},{"from":[8.75,9.5,6.83579],"to":[9.25,11,8.33579],"rotation":{"angle":45,"axis":"x","origin":[9.25,9.25,6.58579]},"faces":{"north":{"uv":[0.33333,13.33333,0,14.33333],"texture":"#particle"},"east":{"uv":[3,12,2,13],"texture":"#particle"},"south":{"uv":[13.66667,0,13.33333,1],"texture":"#particle"},"west":{"uv":[13,0,12,1],"texture":"#particle"},"up":{"uv":[0.66667,14.33333,1,13.33333],"texture":"#particle"},"down":{"uv":[1.33333,13.33333,1.66667,14.33333],"texture":"#particle"}}},{"from":[8.795,8.25,4],"to":[8.825,12.25,12],"rotation":{"angle":0,"axis":"y","origin":[9.825,7,5]},"faces":{"east":{"uv":[5.33333,0,0,2.66667],"texture":"#particle"},"west":{"uv":[0,0,5.33333,2.66667],"texture":"#particle"}}},{"from":[8.85,8.15,8.125],"to":[9.85,9.15,9.125],"rotation":{"angle":0,"axis":"y","origin":[9.85,8.15,9.125]},"faces":{"north":{"uv":[12.66667,12,12,12.66667],"texture":"#particle"},"east":{"uv":[2,12.66667,1.33333,13.33333],"texture":"#particle"},"south":{"uv":[1.33333,12.66667,0.66667,13.33333],"texture":"#particle"},"west":{"uv":[0.66667,12.66667,0,13.33333],"texture":"#particle"},"up":{"uv":[12.66667,2,13.33333,1.33333],"texture":"#particle"},"down":{"uv":[4,12.66667,4.66667,13.33333],"texture":"#particle"}}},{"from":[8.85,9.4,7.5],"to":[9.85,10.4,8.5],"rotation":{"angle":0,"axis":"y","origin":[9.85,9.4,7.5]},"faces":{"north":{"uv":[5.33333,12.66667,4.66667,13.33333],"texture":"#particle"},"east":{"uv":[13.33333,5.33333,12.66667,6],"texture":"#particle"},"south":{"uv":[6,12.66667,5.33333,13.33333],"texture":"#particle"},"west":{"uv":[13.33333,4.66667,12.66667,5.33333],"texture":"#particle"},"up":{"uv":[6,13.33333,6.66667,12.66667],"texture":"#particle"},"down":{"uv":[12.66667,6,13.33333,6.66667],"texture":"#particle"}}},{"from":[9.07,7.51256,4.57322],"to":[9.1,10.01256,8.57322],"rotation":{"angle":-45,"axis":"x","origin":[9.25,8.01256,7.82322]},"faces":{"east":{"uv":[2.66667,6,0,7.66667],"texture":"#particle"},"west":{"uv":[0,6,2.66667,7.66667],"texture":"#particle"}}},{"from":[9.07,7.51256,7.42678],"to":[9.1,10.01256,11.42678],"rotation":{"angle":45,"axis":"x","origin":[9.25,8.01256,8.17678]},"faces":{"east":{"uv":[0,6,2.66667,7.66667],"texture":"#particle"},"west":{"uv":[2.66667,6,0,7.66667],"texture":"#particle"}}},{"from":[7.25,6.75,7.25],"to":[8.75,11.75,8.75],"rotation":{"angle":0,"axis":"y","origin":[7.25,6.75,7.25]},"faces":{"north":{"uv":[4,8,5,11.33333],"texture":"#particle"},"east":{"uv":[5.33333,8,6.33333,11.33333],"texture":"#particle"},"south":{"uv":[8.66667,4.66667,9.66667,8],"texture":"#particle"},"west":{"uv":[8.66667,8,9.66667,11.33333],"texture":"#particle"},"up":{"uv":[13,3,12,2],"texture":"#particle"},"down":{"uv":[13,3.33333,12,4.33333],"texture":"#particle"}}},{"from":[7.5,15.25,6.75],"to":[8.5,16.75,9.25],"rotation":{"angle":0,"axis":"y","origin":[7.5,16.25,7.25]},"faces":{"north":{"uv":[10,12,10.66667,13],"texture":"#particle"},"east":{"uv":[10,0,11.66667,1],"texture":"#particle"},"south":{"uv":[10.66667,12,11.33333,13],"texture":"#particle"},"west":{"uv":[0.66667,10,2.33333,11],"texture":"#particle"},"up":{"uv":[11.33333,8.33333,10.66667,6.66667],"texture":"#particle"},"down":{"uv":[11.33333,8.66667,10.66667,10.33333],"texture":"#particle"}}},{"from":[7.5,11.5,5.5],"to":[8.5,14.5,8.5],"rotation":{"angle":-45,"axis":"x","origin":[7.5,11.5,5.5]},"faces":{"north":{"uv":[2.66667,10,3.33333,12],"texture":"#particle"},"east":{"uv":[6.66667,5.33333,8.66667,7.33333],"texture":"#particle"},"south":{"uv":[3.33333,10,4,12],"texture":"#particle"},"west":{"uv":[7.33333,2.66667,9.33333,4.66667],"texture":"#particle"},"up":{"uv":[10.66667,8.66667,10,6.66667],"texture":"#particle"},"down":{"uv":[10.66667,8.66667,10,10.66667],"texture":"#particle"}}},{"from":[7.75,10.41859,1.34496],"to":[8.25,11.91859,4.84496],"rotation":{"angle":-45,"axis":"x","origin":[8,11,2.05644]},"faces":{"north":{"uv":[13.33333,1.33333,13.66667,2.33333],"texture":"#particle"},"east":{"uv":[9.33333,2,11.66667,3],"texture":"#particle"},"south":{"uv":[2,13.33333,2.33333,14.33333],"texture":"#particle"},"west":{"uv":[9.33333,3.33333,11.66667,4.33333],"texture":"#particle"},"up":{"uv":[7.66667,14.33333,7.33333,12],"texture":"#particle"},"down":{"uv":[8.33333,12,8,14.33333],"texture":"#particle"}}},{"from":[7.7535,9.14645,0.90381],"to":[8.2465,11.14645,1.97881],"rotation":{"angle":0,"axis":"x","origin":[8,11,2.05644]},"faces":{"north":{"uv":[12.66667,6.66667,13,8],"texture":"#particle"},"east":{"uv":[3.33333,12,4,13.33333],"texture":"#particle"},"south":{"uv":[12.66667,8,13,9.33333],"texture":"#particle"},"west":{"uv":[6.66667,12,7.33333,13.33333],"texture":"#particle"},"up":{"uv":[3,14,2.66667,13.33333],"texture":"#particle"},"down":{"uv":[13.66667,2.66667,13.33333,3.33333],"texture":"#particle"}}},{"from":[7.985,7.11612,-1.46231],"to":[8.015,11.61612,5.03769],"rotation":{"angle":-45,"axis":"x","origin":[8,10.61612,1.78769]},"faces":{"east":{"uv":[0,2.66667,4.33333,5.66667],"texture":"#particle"},"west":{"uv":[4.33333,2.66667,0,5.66667],"texture":"#particle"}}},{"from":[7.3625,6.26304,5.8912],"to":[8.6375,7.53804,7.1662],"rotation":{"angle":22.5,"axis":"x","origin":[8,5.94429,6.5287]},"faces":{"north":{"uv":[5,4,6.5,5.5],"texture":"#2"},"east":{"uv":[6,0,7.5,1.5],"texture":"#2"},"south":{"uv":[6,2,7.5,3.5],"texture":"#2"},"west":{"uv":[5,6,6.5,7.5],"texture":"#2"},"up":{"uv":[1.5,8.5,0,7],"texture":"#2"}}},{"from":[7.15,5.41304,5.6787],"to":[8.85,6.26304,7.3787],"rotation":{"angle":22.5,"axis":"x","origin":[8,5.94429,6.5287]},"faces":{"north":{"uv":[4,8,5.5,9],"texture":"#2"},"east":{"uv":[6,8,7.5,9],"texture":"#2"},"south":{"uv":[8,8,9.5,9],"texture":"#2"},"west":{"uv":[0,9,1.5,10],"texture":"#2"},"up":{"uv":[8.5,5.5,7,4],"texture":"#2"},"down":{"uv":[8.5,6,7,7.5],"texture":"#2"}}},{"from":[7.3625,6.26304,8.8338],"to":[8.6375,7.53804,10.1088],"rotation":{"angle":-22.5,"axis":"x","origin":[8,5.94429,9.4713]},"faces":{"north":{"uv":[7.5,2,6,3.5],"texture":"#2"},"east":{"uv":[7.5,0,6,1.5],"texture":"#2"},"south":{"uv":[6.5,4,5,5.5],"texture":"#2"},"west":{"uv":[6.5,6,5,7.5],"texture":"#2"},"up":{"uv":[1.5,7,0,8.5],"texture":"#2"}}},{"from":[7.15,5.41304,8.6213],"to":[8.85,6.26304,10.3213],"rotation":{"angle":-22.5,"axis":"x","origin":[8,5.94429,9.4713]},"faces":{"north":{"uv":[9.5,8,8,9],"texture":"#2"},"east":{"uv":[7.5,8,6,9],"texture":"#2"},"south":{"uv":[5.5,8,4,9],"texture":"#2"},"west":{"uv":[1.5,9,0,10],"texture":"#2"},"up":{"uv":[8.5,4,7,5.5],"texture":"#2"},"down":{"uv":[8.5,7.5,7,6],"texture":"#2"}}}],"gui_light":"front","display":{"thirdperson_righthand":{"translation":[0,1.75,1]},"thirdperson_lefthand":{"translation":[0,1.75,1]},"firstperson_righthand":{"rotation":[-10,0,0],"translation":[0,1.5,0]},"firstperson_lefthand":{"rotation":[-10,0,0],"translation":[0,1.5,0]},"ground":{"rotation":[-45,0,0],"translation":[0,3,0],"scale":[0.7,0.7,0.7]},"gui":{"rotation":[-90,45,90],"translation":[0.75,-1,0],"scale":[0.8,0.8,0.8]},"head":{"rotation":[0,-90,0]},"fixed":{"rotation":[0,-90,0],"translation":[0,0,-1.25],"scale":[2,2,2]}}}