{"credit":"Made with Blockbench","textures":{"1":"medieval1:medieval1fire","2":"medieval1:medieval1texture","3":"medieval1:medieval1crystals","particle":"medieval1:medieval1fire"},"elements":[{"from":[7.2581,9.80872,7.0016],"to":[9.42386,11.97448,8.9984],"rotation":{"angle":-45,"axis":"z","origin":[8,11.23257,8]},"faces":{"north":{"uv":[10.375,6,9.5,6.875],"texture":"#2"},"east":{"uv":[8.875,9.5,8,10.375],"texture":"#2"},"south":{"uv":[10.375,7,9.5,7.875],"texture":"#2"},"west":{"uv":[7.875,9.5,7,10.375],"texture":"#2"},"up":{"uv":[9.5,8.875,10.375,8],"texture":"#2"},"down":{"uv":[9.5,9,10.375,9.875],"texture":"#2"}}},{"from":[5.21426,11.41719,7.4409],"to":[7.4261,12.64599,8.5591],"rotation":{"angle":22.5,"axis":"z","origin":[8,11.23257,8]},"faces":{"north":{"uv":[11.375,3.5,10.5,4],"texture":"#2"},"east":{"uv":[13,4.5,12.5,5],"texture":"#2"},"south":{"uv":[8.875,10.5,8,11],"texture":"#2"},"west":{"uv":[10.5,5.5,10,6],"texture":"#2"},"up":{"uv":[10.5,8.5,11.375,8],"texture":"#2"},"down":{"uv":[10.5,8.5,11.375,9],"texture":"#2"}}},{"from":[5.03074,8.62635,7.4793],"to":[6.06754,10.26219,8.5207],"rotation":{"angle":-22.5,"axis":"z","origin":[8,11.23257,8]},"faces":{"north":{"uv":[13.375,4,13,4.625],"texture":"#2"},"east":{"uv":[13.375,5,13,5.625],"texture":"#2"},"south":{"uv":[5.375,13,5,13.625],"texture":"#2"},"west":{"uv":[4.875,13,4.5,13.625],"texture":"#2"},"up":{"uv":[14,3.375,14.375,3],"texture":"#2"},"down":{"uv":[3.5,14,3.875,14.375],"texture":"#2"}}},{"from":[4.52828,9.52183,7.5177],"to":[5.37308,11.15767,8.4823],"rotation":{"angle":-22.5,"axis":"z","origin":[8,11.23257,8]},"faces":{"north":{"uv":[13.375,8,13,8.625],"texture":"#2"},"east":{"uv":[13.375,9.5,13,10.125],"texture":"#2"},"south":{"uv":[9.875,13,9.5,13.625],"texture":"#2"},"west":{"uv":[8.875,13,8.5,13.625],"texture":"#2"},"up":{"uv":[5,14.375,5.375,14],"texture":"#2"},"down":{"uv":[14,5,14.375,5.375],"texture":"#2"}}},{"from":[5.30721,11.30583,7.5561],"to":[6.36705,12.15063,8.4439],"rotation":{"angle":0,"axis":"y","origin":[8,11.23257,8]},"faces":{"north":{"uv":[14,2,13.5,2.375],"texture":"#2"},"east":{"uv":[14.375,5.5,14,5.875],"texture":"#2"},"south":{"uv":[14,2.5,13.5,2.875],"texture":"#2"},"west":{"uv":[5.875,14,5.5,14.375],"texture":"#2"},"up":{"uv":[13.5,3.375,14,3],"texture":"#2"},"down":{"uv":[13.5,3.5,14,3.875],"texture":"#2"}}},{"from":[2.67008,6.69783,8],"to":[13.32992,13.33911,8],"rotation":{"angle":0,"axis":"y","origin":[8,11.23257,8]},"faces":{"north":{"uv":[8.4875,0,4.0125,2.75],"texture":"#2"},"east":{"uv":[0,0,0,2.75],"texture":"#2"},"south":{"uv":[8.4875,0,4.0125,2.75],"texture":"#2"},"west":{"uv":[0,0,0,2.75],"texture":"#2"},"up":{"uv":[0,0,4.5,0],"texture":"#2"},"down":{"uv":[0,0,4.5,0],"texture":"#2"}}},{"from":[3.68097,11.8804,7.5561],"to":[4.93281,12.5332,8.4439],"rotation":{"angle":22.5,"axis":"z","origin":[8,11.23257,8]},"faces":{"north":{"uv":[15,2.5,14.5,2.75],"texture":"#2"},"east":{"uv":[14.875,5.5,14.5,5.75],"texture":"#2"},"south":{"uv":[3.5,14.5,3,14.75],"texture":"#2"},"west":{"uv":[5.875,14.5,5.5,14.75],"texture":"#2"},"up":{"uv":[7.5,13.875,8,13.5],"texture":"#2"},"down":{"uv":[8,13.5,8.5,13.875],"texture":"#2"}}},{"from":[6.93386,11.89495,7.49005],"to":[8.7617,13.12375,8.50995],"rotation":{"angle":45,"axis":"z","origin":[8,11.23257,8]},"faces":{"north":{"uv":[12.25,2.5,11.5,3],"texture":"#2"},"east":{"uv":[13.875,8.5,13.5,9],"texture":"#2"},"south":{"uv":[12.25,9,11.5,9.5],"texture":"#2"},"west":{"uv":[13.875,8,13.5,8.5],"texture":"#2"},"up":{"uv":[12.5,2.875,13.25,2.5],"texture":"#2"},"down":{"uv":[4.5,12.5,5.25,12.875],"texture":"#2"}}},{"from":[6.54063,11.0633,7.20896],"to":[7.52367,13.76666,8.79104],"rotation":{"angle":-22.5,"axis":"z","origin":[8,11.23257,8]},"faces":{"north":{"uv":[6.875,11,6.5,12.125],"texture":"#2"},"east":{"uv":[9.625,10,9,11.125],"texture":"#2"},"south":{"uv":[8.375,11,8,12.125],"texture":"#2"},"west":{"uv":[10.625,4,10,5.125],"texture":"#2"},"up":{"uv":[10,13.625,10.375,13],"texture":"#2"},"down":{"uv":[10.5,13,10.875,13.625],"texture":"#2"}}},{"from":[8.47633,11.0633,7.20896],"to":[9.45937,13.76666,8.79104],"rotation":{"angle":22.5,"axis":"z","origin":[8,11.23257,8]},"faces":{"north":{"uv":[6.5,11,6.875,12.125],"texture":"#2"},"east":{"uv":[10,4,10.625,5.125],"texture":"#2"},"south":{"uv":[8,11,8.375,12.125],"texture":"#2"},"west":{"uv":[9,10,9.625,11.125],"texture":"#2"},"up":{"uv":[10.375,13.625,10,13],"texture":"#2"},"down":{"uv":[10.875,13,10.5,13.625],"texture":"#2"}}},{"from":[7.2383,11.89495,7.49005],"to":[9.06614,13.12375,8.50995],"rotation":{"angle":-45,"axis":"z","origin":[8,11.23257,8]},"faces":{"north":{"uv":[11.5,2.5,12.25,3],"texture":"#2"},"east":{"uv":[13.5,8,13.875,8.5],"texture":"#2"},"south":{"uv":[11.5,9,12.25,9.5],"texture":"#2"},"west":{"uv":[13.5,8.5,13.875,9],"texture":"#2"},"up":{"uv":[13.25,2.875,12.5,2.5],"texture":"#2"},"down":{"uv":[5.25,12.5,4.5,12.875],"texture":"#2"}}},{"from":[8.5739,11.41719,7.4409],"to":[10.78574,12.64599,8.5591],"rotation":{"angle":-22.5,"axis":"z","origin":[8,11.23257,8]},"faces":{"north":{"uv":[10.5,3.5,11.375,4],"texture":"#2"},"east":{"uv":[10,5.5,10.5,6],"texture":"#2"},"south":{"uv":[8,10.5,8.875,11],"texture":"#2"},"west":{"uv":[12.5,4.5,13,5],"texture":"#2"},"up":{"uv":[11.375,8.5,10.5,8],"texture":"#2"},"down":{"uv":[11.375,8.5,10.5,9],"texture":"#2"}}},{"from":[9.63295,11.30583,7.5561],"to":[10.69279,12.15063,8.4439],"rotation":{"angle":0,"axis":"y","origin":[8,11.23257,8]},"faces":{"north":{"uv":[13.5,2,14,2.375],"texture":"#2"},"east":{"uv":[5.5,14,5.875,14.375],"texture":"#2"},"south":{"uv":[13.5,2.5,14,2.875],"texture":"#2"},"west":{"uv":[14,5.5,14.375,5.875],"texture":"#2"},"up":{"uv":[14,3.375,13.5,3],"texture":"#2"},"down":{"uv":[14,3.5,13.5,3.875],"texture":"#2"}}},{"from":[10.62692,9.52183,7.5177],"to":[11.47172,11.15767,8.4823],"rotation":{"angle":22.5,"axis":"z","origin":[8,11.23257,8]},"faces":{"north":{"uv":[13,8,13.375,8.625],"texture":"#2"},"east":{"uv":[8.5,13,8.875,13.625],"texture":"#2"},"south":{"uv":[9.5,13,9.875,13.625],"texture":"#2"},"west":{"uv":[13,9.5,13.375,10.125],"texture":"#2"},"up":{"uv":[5.375,14.375,5,14],"texture":"#2"},"down":{"uv":[14.375,5,14,5.375],"texture":"#2"}}},{"from":[9.93246,8.62635,7.4793],"to":[10.96926,10.26219,8.5207],"rotation":{"angle":22.5,"axis":"z","origin":[8,11.23257,8]},"faces":{"north":{"uv":[13,4,13.375,4.625],"texture":"#2"},"east":{"uv":[4.5,13,4.875,13.625],"texture":"#2"},"south":{"uv":[5,13,5.375,13.625],"texture":"#2"},"west":{"uv":[13,5,13.375,5.625],"texture":"#2"},"up":{"uv":[14.375,3.375,14,3],"texture":"#2"},"down":{"uv":[3.875,14,3.5,14.375],"texture":"#2"}}},{"from":[11.06719,11.8804,7.5561],"to":[12.31903,12.5332,8.4439],"rotation":{"angle":-22.5,"axis":"z","origin":[8,11.23257,8]},"faces":{"north":{"uv":[14.5,2.5,15,2.75],"texture":"#2"},"east":{"uv":[5.5,14.5,5.875,14.75],"texture":"#2"},"south":{"uv":[3,14.5,3.5,14.75],"texture":"#2"},"west":{"uv":[14.5,5.5,14.875,5.75],"texture":"#2"},"up":{"uv":[8,13.875,7.5,13.5],"texture":"#2"},"down":{"uv":[8.5,13.5,8,13.875],"texture":"#2"}}},{"from":[9.7702,13.00278,7.12141],"to":[10.33054,13.56311,8.87859],"rotation":{"angle":45,"axis":"z","origin":[8,11.23257,8]},"faces":{"north":{"uv":[10.75,14.5,10.5,14.75],"texture":"#2"},"east":{"uv":[14.25,9.5,13.5,9.75],"texture":"#2"},"south":{"uv":[14.75,10.5,14.5,10.75],"texture":"#2"},"west":{"uv":[14.25,9,13.5,9.25],"texture":"#2"},"up":{"uv":[9,14.25,9.25,13.5],"texture":"#2"},"down":{"uv":[13.5,10,13.75,10.75],"texture":"#2"}}},{"from":[1.52641,8.26068,7.94],"to":[11.12641,17.86068,8.06],"rotation":{"angle":45,"axis":"z","origin":[8,11.23257,8]},"faces":{"north":{"uv":[0,16,16,0],"rotation":270,"texture":"#1"},"east":{"uv":[0.5,0.5,0,0],"rotation":90,"texture":"#1"},"south":{"uv":[16,16,0,0],"rotation":90,"texture":"#1"},"west":{"uv":[0.5,0.5,0,0],"rotation":90,"texture":"#1"},"up":{"uv":[0,0.625,0.5,0],"rotation":90,"texture":"#1"},"down":{"uv":[0,0.625,0.5,0],"rotation":90,"texture":"#1"}}},{"from":[3.2,13.54183,8],"to":[12.8,23.14183,8],"rotation":{"angle":0,"axis":"z","origin":[8,18.34183,8.06]},"faces":{"north":{"uv":[0,16,16,0],"rotation":180,"texture":"#3"},"east":{"uv":[0,0.625,0.5,0],"rotation":180,"texture":"#3"},"south":{"uv":[16,16,0,0],"rotation":180,"texture":"#3"},"west":{"uv":[0,0.625,0.5,0],"rotation":180,"texture":"#3"},"up":{"uv":[0.5,0.5,0,0],"rotation":180,"texture":"#3"},"down":{"uv":[0.5,0.5,0,0],"rotation":180,"texture":"#3"}}},{"from":[4.87359,8.26068,7.94],"to":[14.47359,17.86068,8.06],"rotation":{"angle":-45,"axis":"z","origin":[8,11.23257,8]},"faces":{"north":{"uv":[0,0,16,16],"rotation":270,"texture":"#1"},"east":{"uv":[0.5,0,0,0.5],"rotation":90,"texture":"#1"},"south":{"uv":[16,0,0,16],"rotation":90,"texture":"#1"},"west":{"uv":[0.5,0,0,0.5],"rotation":90,"texture":"#1"},"up":{"uv":[0,0,0.5,0.625],"rotation":90,"texture":"#1"},"down":{"uv":[0,0,0.5,0.625],"rotation":90,"texture":"#1"}}},{"from":[10.69932,11.34262,7.5177],"to":[11.54412,12.97846,8.4823],"rotation":{"angle":-45,"axis":"z","origin":[8,11.23257,8]},"faces":{"north":{"uv":[5.5,13,5.875,13.625],"texture":"#2"},"east":{"uv":[6,13,6.375,13.625],"texture":"#2"},"south":{"uv":[13,6,13.375,6.625],"texture":"#2"},"west":{"uv":[6.5,13,6.875,13.625],"texture":"#2"},"up":{"uv":[14.375,3.875,14,3.5],"texture":"#2"},"down":{"uv":[4.875,14,4.5,14.375],"texture":"#2"}}},{"from":[9.13464,7.721,7.5561],"to":[9.78744,8.78084,8.4439],"rotation":{"angle":22.5,"axis":"z","origin":[8,11.23257,8]},"faces":{"north":{"uv":[14,7.5,14.25,8],"texture":"#2"},"east":{"uv":[13.5,1.5,13.875,2],"texture":"#2"},"south":{"uv":[8,14,8.25,14.5],"texture":"#2"},"west":{"uv":[2,13.5,2.375,14],"texture":"#2"},"up":{"uv":[4.75,14.875,4.5,14.5],"texture":"#2"},"down":{"uv":[14.75,4.5,14.5,4.875],"texture":"#2"}}},{"from":[7.70445,6.68625,7.5945],"to":[8.31885,7.55409,8.4055],"rotation":{"angle":45,"axis":"z","origin":[8,11.23257,8]},"faces":{"north":{"uv":[6,14.5,6.25,14.875],"texture":"#2"},"east":{"uv":[6,14,6.375,14.375],"texture":"#2"},"south":{"uv":[14.5,6,14.75,6.375],"texture":"#2"},"west":{"uv":[14,6,14.375,6.375],"texture":"#2"},"up":{"uv":[6.75,14.875,6.5,14.5],"texture":"#2"},"down":{"uv":[14.75,6.5,14.5,6.875],"texture":"#2"}}},{"from":[4.45588,11.34262,7.5177],"to":[5.30068,12.97846,8.4823],"rotation":{"angle":45,"axis":"z","origin":[8,11.23257,8]},"faces":{"north":{"uv":[5.875,13,5.5,13.625],"texture":"#2"},"east":{"uv":[6.875,13,6.5,13.625],"texture":"#2"},"south":{"uv":[13.375,6,13,6.625],"texture":"#2"},"west":{"uv":[6.375,13,6,13.625],"texture":"#2"},"up":{"uv":[14,3.875,14.375,3.5],"texture":"#2"},"down":{"uv":[4.5,14,4.875,14.375],"texture":"#2"}}},{"from":[6.21256,7.721,7.5561],"to":[6.86536,8.78084,8.4439],"rotation":{"angle":-22.5,"axis":"z","origin":[8,11.23257,8]},"faces":{"north":{"uv":[14.25,7.5,14,8],"texture":"#2"},"east":{"uv":[2.375,13.5,2,14],"texture":"#2"},"south":{"uv":[8.25,14,8,14.5],"texture":"#2"},"west":{"uv":[13.875,1.5,13.5,2],"texture":"#2"},"up":{"uv":[4.5,14.875,4.75,14.5],"texture":"#2"},"down":{"uv":[14.5,4.5,14.75,4.875],"texture":"#2"}}},{"from":[7.68115,6.68625,7.5945],"to":[8.29555,7.55409,8.4055],"rotation":{"angle":-45,"axis":"z","origin":[8,11.23257,8]},"faces":{"north":{"uv":[6.25,14.5,6,14.875],"texture":"#2"},"east":{"uv":[14.375,6,14,6.375],"texture":"#2"},"south":{"uv":[14.75,6,14.5,6.375],"texture":"#2"},"west":{"uv":[6.375,14,6,14.375],"texture":"#2"},"up":{"uv":[6.5,14.875,6.75,14.5],"texture":"#2"},"down":{"uv":[14.5,6.5,14.75,6.875],"texture":"#2"}}},{"from":[10.23886,-6.32108,7.328],"to":[10.60366,-5.95628,8.672],"rotation":{"angle":-45,"axis":"z","origin":[8.06553,-3.69028,8]},"faces":{"north":{"uv":[11.125,14.5,11,14.625],"texture":"#2"},"east":{"uv":[15.125,7,14.5,7.125],"texture":"#2"},"south":{"uv":[14.625,11,14.5,11.125],"texture":"#2"},"west":{"uv":[7.625,14.5,7,14.625],"texture":"#2"},"up":{"uv":[14.5,8.125,14.625,7.5],"texture":"#2"},"down":{"uv":[8,14.5,8.125,15.125],"texture":"#2"}}},{"from":[10.23886,5.72892,7.328],"to":[10.60366,6.09372,8.672],"rotation":{"angle":-45,"axis":"z","origin":[8.06553,8.35972,8]},"faces":{"north":{"uv":[11.125,14.5,11,14.625],"texture":"#2"},"east":{"uv":[15.125,7,14.5,7.125],"texture":"#2"},"south":{"uv":[14.625,11,14.5,11.125],"texture":"#2"},"west":{"uv":[7.625,14.5,7,14.625],"texture":"#2"},"up":{"uv":[14.5,8.125,14.625,7.5],"texture":"#2"},"down":{"uv":[8,14.5,8.125,15.125],"texture":"#2"}}},{"from":[8.49743,-5.65485,7.296],"to":[9.93743,-5.01485,8.704],"rotation":{"angle":-45,"axis":"z","origin":[8.06553,-3.69028,8]},"faces":{"north":{"uv":[12.75,8,12,8.375],"texture":"#2"},"east":{"uv":[12.75,10,12,10.375],"texture":"#2"},"south":{"uv":[12.75,9.5,12,9.875],"texture":"#2"},"west":{"uv":[12.75,8.5,12,8.875],"texture":"#2"},"up":{"uv":[1.5,11.25,2.25,10.5],"texture":"#2"},"down":{"uv":[2.5,10.5,3.25,11.25],"texture":"#2"}}},{"from":[9.29743,-5.01485,7.296],"to":[9.93743,-4.21485,8.704],"rotation":{"angle":-45,"axis":"z","origin":[8.06553,-3.69028,8]},"faces":{"north":{"uv":[14.375,2.5,14,2.875],"texture":"#2"},"east":{"uv":[11.75,12,11,12.375],"texture":"#2"},"south":{"uv":[3.375,14,3,14.375],"texture":"#2"},"west":{"uv":[12.75,10.5,12,10.875],"texture":"#2"},"up":{"uv":[12,12.25,12.375,11.5],"texture":"#2"},"down":{"uv":[12.5,3.5,12.875,4.25],"texture":"#2"}}},{"from":[8.00839,-5.79305,7.36],"to":[8.64839,-4.67305,8.64],"rotation":{"angle":-22.5,"axis":"z","origin":[8.06553,-3.69028,8]},"faces":{"north":{"uv":[13.875,0.5,13.5,1],"texture":"#2"},"east":{"uv":[12.625,6.5,12,7],"texture":"#2"},"south":{"uv":[1.875,13.5,1.5,14],"texture":"#2"},"west":{"uv":[12.625,1.5,12,2],"texture":"#2"},"up":{"uv":[2.5,13.625,2.875,13],"texture":"#2"},"down":{"uv":[3,13,3.375,13.625],"texture":"#2"}}},{"from":[6.47732,-6.70935,7.36],"to":[7.11732,-4.94935,8.64],"rotation":{"angle":22.5,"axis":"z","origin":[8.06553,-3.69028,8]},"faces":{"north":{"uv":[10.375,11.5,10,12.375],"texture":"#2"},"east":{"uv":[11.125,7,10.5,7.875],"texture":"#2"},"south":{"uv":[10.875,11.5,10.5,12.375],"texture":"#2"},"west":{"uv":[7.625,10.5,7,11.375],"texture":"#2"},"up":{"uv":[13,3.625,13.375,3],"texture":"#2"},"down":{"uv":[3.5,13,3.875,13.625],"texture":"#2"}}},{"from":[6.5634,-8.62638,8],"to":[9.4366,-4.37198,8],"rotation":{"angle":0,"axis":"y","origin":[8,-6.49918,8]},"faces":{"north":{"uv":[8.375,3,7,5.125],"texture":"#2"},"east":{"uv":[0,0,0,2.125],"texture":"#2"},"south":{"uv":[8.375,3,7,5.125],"texture":"#2"},"west":{"uv":[0,0,0,2.125],"texture":"#2"},"up":{"uv":[0,0,1.5,0],"texture":"#2"},"down":{"uv":[0,0,1.5,0],"texture":"#2"}}},{"from":[6.36503,7.98264,7.50808],"to":[9.68023,11.23384,8.49192],"rotation":{"angle":-45,"axis":"z","origin":[8.02263,9.60824,8]},"faces":{"north":{"uv":[10.125,0,8.5,1.625],"rotation":180,"texture":"#2"},"east":{"uv":[0.25,11.5,0,13.125],"rotation":180,"texture":"#2"},"south":{"uv":[10.125,2,8.5,3.625],"rotation":180,"texture":"#2"},"west":{"uv":[11.75,0,11.5,1.625],"rotation":180,"texture":"#2"},"up":{"uv":[11.5,2,13.125,2.25],"rotation":180,"texture":"#2"},"down":{"uv":[1.5,11.75,3.125,11.5],"rotation":180,"texture":"#2"}}},{"from":[5.6704,10.59052,7.792],"to":[6.4256,13.58572,8.208],"rotation":{"angle":22.5,"axis":"z","origin":[7.584,13.40012,8.03392]},"faces":{"north":{"uv":[3.875,10.5,3.5,12],"texture":"#2"},"east":{"uv":[11.75,6.5,11.5,8],"texture":"#2"},"south":{"uv":[10.875,5.5,10.5,7],"texture":"#2"},"west":{"uv":[0.75,11.5,0.5,13],"texture":"#2"},"up":{"uv":[5,14.75,5.375,14.5],"texture":"#2"},"down":{"uv":[14.5,5,14.875,5.25],"texture":"#2"}}},{"from":[6.0544,11.96232,7.792],"to":[6.9376,14.59802,8.208],"rotation":{"angle":-22.5,"axis":"z","origin":[8.096,13.17192,8.03392]},"faces":{"north":{"uv":[9,4,8.5,5.375],"texture":"#2"},"east":{"uv":[11.75,9.5,11.5,10.875],"texture":"#2"},"south":{"uv":[10.5,10,10,11.375],"texture":"#2"},"west":{"uv":[9.75,11.5,9.5,12.875],"texture":"#2"},"up":{"uv":[14,8.75,14.5,8.5],"texture":"#2"},"down":{"uv":[9.5,14,10,14.25],"texture":"#2"}}},{"from":[7.55807,14.57251,7.792],"to":[8.44127,15.76821,8.208],"rotation":{"angle":-45,"axis":"z","origin":[7.99967,15.89036,8]},"faces":{"north":{"uv":[4,12,3.5,12.625],"texture":"#2"},"east":{"uv":[2.75,14,2.5,14.625],"texture":"#2"},"south":{"uv":[6.5,12,6,12.625],"texture":"#2"},"west":{"uv":[14.25,1.5,14,2.125],"texture":"#2"},"up":{"uv":[10,14.25,10.5,14],"texture":"#2"},"down":{"uv":[14,10,14.5,10.25],"texture":"#2"}}},{"from":[8.2624,15.59162,7.75808],"to":[8.8256,16.15482,8.24192],"rotation":{"angle":45,"axis":"z","origin":[8,15.32922,8.032]},"faces":{"north":{"uv":[9,14.5,9.25,14.75],"texture":"#2"},"east":{"uv":[14.5,9,14.75,9.25],"texture":"#2"},"south":{"uv":[9.5,14.5,9.75,14.75],"texture":"#2"},"west":{"uv":[14.5,9.5,14.75,9.75],"texture":"#2"},"up":{"uv":[10.25,14.75,10,14.5],"texture":"#2"},"down":{"uv":[14.75,10,14.5,10.25],"texture":"#2"}}},{"from":[7.55873,14.57251,7.792],"to":[8.44193,15.76821,8.208],"rotation":{"angle":45,"axis":"z","origin":[8.00033,15.89036,8]},"faces":{"north":{"uv":[3.5,12,4,12.625],"texture":"#2"},"east":{"uv":[14,1.5,14.25,2.125],"texture":"#2"},"south":{"uv":[6,12,6.5,12.625],"texture":"#2"},"west":{"uv":[2.5,14,2.75,14.625],"texture":"#2"},"up":{"uv":[10.5,14.25,10,14],"texture":"#2"},"down":{"uv":[14.5,10,14,10.25],"texture":"#2"}}},{"from":[9.0624,11.96232,7.792],"to":[9.9456,14.59802,8.208],"rotation":{"angle":22.5,"axis":"z","origin":[7.904,13.17192,8.03392]},"faces":{"north":{"uv":[8.5,4,9,5.375],"texture":"#2"},"east":{"uv":[9.5,11.5,9.75,12.875],"texture":"#2"},"south":{"uv":[10,10,10.5,11.375],"texture":"#2"},"west":{"uv":[11.5,9.5,11.75,10.875],"texture":"#2"},"up":{"uv":[14.5,8.75,14,8.5],"texture":"#2"},"down":{"uv":[10,14,9.5,14.25],"texture":"#2"}}},{"from":[9.5744,10.59052,7.792],"to":[10.3296,13.58572,8.208],"rotation":{"angle":-22.5,"axis":"z","origin":[8.416,13.40012,8.03392]},"faces":{"north":{"uv":[3.5,10.5,3.875,12],"texture":"#2"},"east":{"uv":[0.5,11.5,0.75,13],"texture":"#2"},"south":{"uv":[10.5,5.5,10.875,7],"texture":"#2"},"west":{"uv":[11.5,6.5,11.75,8],"texture":"#2"},"up":{"uv":[5.375,14.75,5,14.5],"texture":"#2"},"down":{"uv":[14.875,5,14.5,5.25],"texture":"#2"}}},{"from":[8.83607,7.62236,7.555],"to":[9.91927,9.20956,8.445],"rotation":{"angle":0,"axis":"y","origin":[9.00981,6.73758,7.997]},"faces":{"north":{"uv":[7.5,11.5,7,12.25],"rotation":180,"texture":"#2"},"east":{"uv":[13.75,5,13.5,5.75],"rotation":180,"texture":"#2"},"south":{"uv":[8,11.5,7.5,12.25],"rotation":180,"texture":"#2"},"west":{"uv":[13.75,6,13.5,6.75],"rotation":180,"texture":"#2"},"up":{"uv":[14.5,0.5,15,0.75],"rotation":180,"texture":"#2"},"down":{"uv":[0.5,14.75,1,14.5],"rotation":180,"texture":"#2"}}},{"from":[8.14886,6.93543,7.5484],"to":[9.03206,7.98983,8.4516],"rotation":{"angle":-45,"axis":"z","origin":[9.00981,6.73758,8]},"faces":{"north":{"uv":[13,6,12.5,6.5],"rotation":180,"texture":"#2"},"east":{"uv":[13.75,14,13.5,14.5],"rotation":180,"texture":"#2"},"south":{"uv":[7,12.5,6.5,13],"rotation":180,"texture":"#2"},"west":{"uv":[14.25,14,14,14.5],"rotation":180,"texture":"#2"},"up":{"uv":[14.5,0,15,0.25],"rotation":180,"texture":"#2"},"down":{"uv":[0,14.75,0.5,14.5],"rotation":180,"texture":"#2"}}},{"from":[8.35204,5.13477,7.558],"to":[9.23524,8.64197,8.442],"rotation":{"angle":0,"axis":"y","origin":[9.00981,6.73758,8]},"faces":{"north":{"uv":[6,9,5.5,10.75],"rotation":180,"texture":"#2"},"east":{"uv":[10.75,9,10.5,10.75],"rotation":180,"texture":"#2"},"south":{"uv":[6.5,9,6,10.75],"rotation":180,"texture":"#2"},"west":{"uv":[11.25,1,11,2.75],"rotation":180,"texture":"#2"},"up":{"uv":[8.5,14,9,14.25],"rotation":180,"texture":"#2"},"down":{"uv":[14,8.25,14.5,8],"rotation":180,"texture":"#2"}}},{"from":[9.42417,4.69276,7.5484],"to":[10.30737,5.74716,8.4516],"rotation":{"angle":-45,"axis":"z","origin":[9.00981,6.73758,8]},"faces":{"north":{"uv":[13,5,12.5,5.5],"rotation":180,"texture":"#2"},"east":{"uv":[14.25,12,14,12.5],"rotation":180,"texture":"#2"},"south":{"uv":[13,5.5,12.5,6],"rotation":180,"texture":"#2"},"west":{"uv":[12.75,14,12.5,14.5],"rotation":180,"texture":"#2"},"up":{"uv":[13,14,13.5,14.25],"rotation":180,"texture":"#2"},"down":{"uv":[14,12.75,14.5,12.5],"rotation":180,"texture":"#2"}}},{"from":[10.48607,12.79044,7.805],"to":[11.56927,14.37764,8.195],"rotation":{"angle":-22.5,"axis":"z","origin":[10.60981,15.26242,8]},"faces":{"north":{"uv":[7.5,12.25,7,11.5],"rotation":180,"texture":"#2"},"east":{"uv":[13.75,5.75,13.5,5],"rotation":180,"texture":"#2"},"south":{"uv":[8,12.25,7.5,11.5],"rotation":180,"texture":"#2"},"west":{"uv":[13.75,6.75,13.5,6],"rotation":180,"texture":"#2"},"up":{"uv":[0.5,14.5,1,14.75],"rotation":180,"texture":"#2"},"down":{"uv":[14.5,0.75,15,0.5],"rotation":180,"texture":"#2"}}},{"from":[9.78422,13.97481,7.7984],"to":[10.66742,15.02921,8.2016],"rotation":{"angle":22.5,"axis":"z","origin":[10.60981,15.26242,8]},"faces":{"north":{"uv":[13,6.5,12.5,6],"rotation":180,"texture":"#2"},"east":{"uv":[13.75,14.5,13.5,14],"rotation":180,"texture":"#2"},"south":{"uv":[7,13,6.5,12.5],"rotation":180,"texture":"#2"},"west":{"uv":[14.25,14.5,14,14],"rotation":180,"texture":"#2"},"up":{"uv":[0,14.5,0.5,14.75],"rotation":180,"texture":"#2"},"down":{"uv":[14.5,0.25,15,0],"rotation":180,"texture":"#2"}}},{"from":[10.00204,13.35803,7.808],"to":[10.88524,16.86523,8.192],"rotation":{"angle":-22.5,"axis":"z","origin":[10.60981,15.26242,8]},"faces":{"north":{"uv":[6,10.75,5.5,9],"rotation":180,"texture":"#2"},"east":{"uv":[10.75,10.75,10.5,9],"rotation":180,"texture":"#2"},"south":{"uv":[6.5,10.75,6,9],"rotation":180,"texture":"#2"},"west":{"uv":[11.25,2.75,11,1],"rotation":180,"texture":"#2"},"up":{"uv":[14,8,14.5,8.25],"rotation":180,"texture":"#2"},"down":{"uv":[8.5,14.25,9,14],"rotation":180,"texture":"#2"}}},{"from":[11.05953,16.21748,7.7984],"to":[11.94273,17.27188,8.2016],"rotation":{"angle":22.5,"axis":"z","origin":[10.60981,15.26242,8]},"faces":{"north":{"uv":[13,5.5,12.5,5],"rotation":180,"texture":"#2"},"east":{"uv":[14.25,12.5,14,12],"rotation":180,"texture":"#2"},"south":{"uv":[13,6,12.5,5.5],"rotation":180,"texture":"#2"},"west":{"uv":[12.75,14.5,12.5,14],"rotation":180,"texture":"#2"},"up":{"uv":[14,12.5,14.5,12.75],"rotation":180,"texture":"#2"},"down":{"uv":[13,14.25,13.5,14],"rotation":180,"texture":"#2"}}},{"from":[4.43073,12.79044,7.805],"to":[5.51393,14.37764,8.195],"rotation":{"angle":22.5,"axis":"z","origin":[5.39019,15.26242,8]},"faces":{"north":{"uv":[7,12.25,7.5,11.5],"rotation":180,"texture":"#2"},"east":{"uv":[13.5,6.75,13.75,6],"rotation":180,"texture":"#2"},"south":{"uv":[7.5,12.25,8,11.5],"rotation":180,"texture":"#2"},"west":{"uv":[13.5,5.75,13.75,5],"rotation":180,"texture":"#2"},"up":{"uv":[1,14.5,0.5,14.75],"rotation":180,"texture":"#2"},"down":{"uv":[15,0.75,14.5,0.5],"rotation":180,"texture":"#2"}}},{"from":[5.33258,13.97481,7.7984],"to":[6.21578,15.02921,8.2016],"rotation":{"angle":-22.5,"axis":"z","origin":[5.39019,15.26242,8]},"faces":{"north":{"uv":[12.5,6.5,13,6],"rotation":180,"texture":"#2"},"east":{"uv":[14,14.5,14.25,14],"rotation":180,"texture":"#2"},"south":{"uv":[6.5,13,7,12.5],"rotation":180,"texture":"#2"},"west":{"uv":[13.5,14.5,13.75,14],"rotation":180,"texture":"#2"},"up":{"uv":[0.5,14.5,0,14.75],"rotation":180,"texture":"#2"},"down":{"uv":[15,0.25,14.5,0],"rotation":180,"texture":"#2"}}},{"from":[5.11476,13.35803,7.808],"to":[5.99796,16.86523,8.192],"rotation":{"angle":22.5,"axis":"z","origin":[5.39019,15.26242,8]},"faces":{"north":{"uv":[5.5,10.75,6,9],"rotation":180,"texture":"#2"},"east":{"uv":[11,2.75,11.25,1],"rotation":180,"texture":"#2"},"south":{"uv":[6,10.75,6.5,9],"rotation":180,"texture":"#2"},"west":{"uv":[10.5,10.75,10.75,9],"rotation":180,"texture":"#2"},"up":{"uv":[14.5,8,14,8.25],"rotation":180,"texture":"#2"},"down":{"uv":[9,14.25,8.5,14],"rotation":180,"texture":"#2"}}},{"from":[4.05727,16.21748,7.7984],"to":[4.94047,17.27188,8.2016],"rotation":{"angle":-22.5,"axis":"z","origin":[5.39019,15.26242,8]},"faces":{"north":{"uv":[12.5,5.5,13,5],"rotation":180,"texture":"#2"},"east":{"uv":[12.5,14.5,12.75,14],"rotation":180,"texture":"#2"},"south":{"uv":[12.5,6,13,5.5],"rotation":180,"texture":"#2"},"west":{"uv":[14,12.5,14.25,12],"rotation":180,"texture":"#2"},"up":{"uv":[14.5,12.5,14,12.75],"rotation":180,"texture":"#2"},"down":{"uv":[13.5,14.25,13,14],"rotation":180,"texture":"#2"}}},{"from":[5.69263,4.69276,7.5484],"to":[6.57583,5.74716,8.4516],"rotation":{"angle":45,"axis":"z","origin":[6.99019,6.73758,8]},"faces":{"north":{"uv":[12.5,5,13,5.5],"rotation":180,"texture":"#2"},"east":{"uv":[12.5,14,12.75,14.5],"rotation":180,"texture":"#2"},"south":{"uv":[12.5,5.5,13,6],"rotation":180,"texture":"#2"},"west":{"uv":[14,12,14.25,12.5],"rotation":180,"texture":"#2"},"up":{"uv":[13.5,14,13,14.25],"rotation":180,"texture":"#2"},"down":{"uv":[14.5,12.75,14,12.5],"rotation":180,"texture":"#2"}}},{"from":[6.76476,5.13477,7.558],"to":[7.64796,8.64197,8.442],"rotation":{"angle":0,"axis":"y","origin":[6.99019,6.73758,8]},"faces":{"north":{"uv":[5.5,9,6,10.75],"rotation":180,"texture":"#2"},"east":{"uv":[11,1,11.25,2.75],"rotation":180,"texture":"#2"},"south":{"uv":[6,9,6.5,10.75],"rotation":180,"texture":"#2"},"west":{"uv":[10.5,9,10.75,10.75],"rotation":180,"texture":"#2"},"up":{"uv":[9,14,8.5,14.25],"rotation":180,"texture":"#2"},"down":{"uv":[14.5,8.25,14,8],"rotation":180,"texture":"#2"}}},{"from":[6.96794,6.93543,7.5484],"to":[7.85114,7.98983,8.4516],"rotation":{"angle":45,"axis":"z","origin":[6.99019,6.73758,8]},"faces":{"north":{"uv":[12.5,6,13,6.5],"rotation":180,"texture":"#2"},"east":{"uv":[14,14,14.25,14.5],"rotation":180,"texture":"#2"},"south":{"uv":[6.5,12.5,7,13],"rotation":180,"texture":"#2"},"west":{"uv":[13.5,14,13.75,14.5],"rotation":180,"texture":"#2"},"up":{"uv":[15,0,14.5,0.25],"rotation":180,"texture":"#2"},"down":{"uv":[0.5,14.75,0,14.5],"rotation":180,"texture":"#2"}}},{"from":[6.08073,7.62236,7.555],"to":[7.16393,9.20956,8.445],"rotation":{"angle":0,"axis":"y","origin":[6.99019,6.73758,7.997]},"faces":{"north":{"uv":[7,11.5,7.5,12.25],"rotation":180,"texture":"#2"},"east":{"uv":[13.5,6,13.75,6.75],"rotation":180,"texture":"#2"},"south":{"uv":[7.5,11.5,8,12.25],"rotation":180,"texture":"#2"},"west":{"uv":[13.5,5,13.75,5.75],"rotation":180,"texture":"#2"},"up":{"uv":[15,0.5,14.5,0.75],"rotation":180,"texture":"#2"},"down":{"uv":[1,14.75,0.5,14.5],"rotation":180,"texture":"#2"}}},{"from":[6.81977,-4.7735,7.50808],"to":[9.13497,-2.5223,8.49192],"rotation":{"angle":-45,"axis":"z","origin":[7.97737,-3.6479,8]},"faces":{"north":{"uv":[10.125,0,8.5,1.625],"rotation":180,"texture":"#2"},"east":{"uv":[0.25,11.5,0,13.125],"rotation":180,"texture":"#2"},"south":{"uv":[10.125,2,8.5,3.625],"rotation":180,"texture":"#2"},"west":{"uv":[11.75,0,11.5,1.625],"rotation":180,"texture":"#2"},"up":{"uv":[11.5,2,13.125,2.25],"rotation":180,"texture":"#2"},"down":{"uv":[1.5,11.75,3.125,11.5],"rotation":180,"texture":"#2"}}},{"from":[5.56686,-2.71836,7.5484],"to":[6.45006,-1.66396,8.4516],"rotation":{"angle":-45,"axis":"z","origin":[8,-3.41628,8]},"faces":{"north":{"uv":[13,5,12.5,5.5],"texture":"#2"},"east":{"uv":[12.75,14,12.5,14.5],"texture":"#2"},"south":{"uv":[13,5.5,12.5,6],"texture":"#2"},"west":{"uv":[14.25,12,14,12.5],"texture":"#2"},"up":{"uv":[14,12.75,14.5,12.5],"texture":"#2"},"down":{"uv":[13,14,13.5,14.25],"texture":"#2"}}},{"from":[6.24768,-1.86634,7.5484],"to":[7.30208,-0.98314,8.4516],"rotation":{"angle":-45,"axis":"z","origin":[8,-3.41628,8]},"faces":{"north":{"uv":[13,5.5,12.5,5],"rotation":270,"texture":"#2"},"east":{"uv":[13,14.25,13.5,14],"rotation":90,"texture":"#2"},"south":{"uv":[13,6,12.5,5.5],"rotation":90,"texture":"#2"},"west":{"uv":[14,12.5,14.5,12.75],"rotation":90,"texture":"#2"},"up":{"uv":[14.25,12.5,14,12],"rotation":90,"texture":"#2"},"down":{"uv":[12.75,14.5,12.5,14],"rotation":90,"texture":"#2"}}},{"from":[7.70633,-4.40701,7.558],"to":[8.58953,-0.89981,8.442],"rotation":{"angle":-22.5,"axis":"z","origin":[8.14793,-2.65341,8]},"faces":{"north":{"uv":[5.5,9,6,10.75],"texture":"#2"},"east":{"uv":[10.5,9,10.75,10.75],"texture":"#2"},"south":{"uv":[6,9,6.5,10.75],"texture":"#2"},"west":{"uv":[11,1,11.25,2.75],"texture":"#2"},"up":{"uv":[14.5,8.25,14,8],"texture":"#2"},"down":{"uv":[9,14,8.5,14.25],"texture":"#2"}}},{"from":[7.41047,-4.40701,7.558],"to":[8.29367,-0.89981,8.442],"rotation":{"angle":22.5,"axis":"z","origin":[7.85207,-2.65341,8]},"faces":{"north":{"uv":[6,9,5.5,10.75],"texture":"#2"},"east":{"uv":[11.25,1,11,2.75],"texture":"#2"},"south":{"uv":[6.5,9,6,10.75],"texture":"#2"},"west":{"uv":[10.75,9,10.5,10.75],"texture":"#2"},"up":{"uv":[14,8.25,14.5,8],"texture":"#2"},"down":{"uv":[8.5,14,9,14.25],"texture":"#2"}}},{"from":[7.02872,0.47209,7.424],"to":[7.66872,1.59209,8.576],"rotation":{"angle":-22.5,"axis":"z","origin":[8.06553,0.20972,8]},"faces":{"north":{"uv":[13.375,1.5,13,2],"texture":"#2"},"east":{"uv":[12.625,0,12,0.5],"texture":"#2"},"south":{"uv":[13.375,10.5,13,11],"texture":"#2"},"west":{"uv":[11.625,11.5,11,12],"texture":"#2"},"up":{"uv":[12.5,13.125,12.875,12.5],"texture":"#2"},"down":{"uv":[13,0,13.375,0.625],"texture":"#2"}}},{"from":[7.59267,-0.66759,7.424],"to":[8.16867,0.34041,8.576],"rotation":{"angle":-22.5,"axis":"z","origin":[8.06553,0.20972,8]},"faces":{"north":{"uv":[6.75,14,6.5,14.5],"texture":"#2"},"east":{"uv":[12.625,1,12,1.5],"texture":"#2"},"south":{"uv":[14.25,6.5,14,7],"texture":"#2"},"west":{"uv":[12.625,0.5,12,1],"texture":"#2"},"up":{"uv":[12,14.125,12.25,13.5],"texture":"#2"},"down":{"uv":[13.5,12,13.75,12.625],"texture":"#2"}}},{"from":[7.48724,0.69534,7.36],"to":[8.12724,1.17534,8.64],"rotation":{"angle":-45,"axis":"z","origin":[8.06553,0.20972,8]},"faces":{"north":{"uv":[14.875,3.5,14.5,3.75],"texture":"#2"},"east":{"uv":[14.125,13,13.5,13.25],"texture":"#2"},"south":{"uv":[14.875,4,14.5,4.25],"texture":"#2"},"west":{"uv":[13.125,13.5,12.5,13.75],"texture":"#2"},"up":{"uv":[0.5,13.625,0.875,13],"texture":"#2"},"down":{"uv":[1,13,1.375,13.625],"texture":"#2"}}},{"from":[7.00724,0.05534,7.36],"to":[8.12724,0.69534,8.64],"rotation":{"angle":-45,"axis":"z","origin":[8.06553,0.20972,8]},"faces":{"north":{"uv":[0.5,13.5,0,13.875],"texture":"#2"},"east":{"uv":[2.125,13,1.5,13.375],"texture":"#2"},"south":{"uv":[14,0,13.5,0.375],"texture":"#2"},"west":{"uv":[13.625,1,13,1.375],"texture":"#2"},"up":{"uv":[1.5,12.625,2,12],"texture":"#2"},"down":{"uv":[2,12,2.5,12.625],"texture":"#2"}}},{"from":[8.3964,-0.20576,7.3664],"to":[8.9724,0.22624,8.6336],"rotation":{"angle":-45,"axis":"z","origin":[8.06553,0.20972,8]},"faces":{"north":{"uv":[8.75,14.5,8.5,14.75],"texture":"#2"},"east":{"uv":[0.625,14,0,14.25],"texture":"#2"},"south":{"uv":[14.75,8.5,14.5,8.75],"texture":"#2"},"west":{"uv":[14.125,13.5,13.5,13.75],"texture":"#2"},"up":{"uv":[14,0.625,14.25,0],"texture":"#2"},"down":{"uv":[1,14,1.25,14.625],"texture":"#2"}}},{"from":[7.9644,-0.78176,7.3664],"to":[8.9724,-0.20576,8.6336],"rotation":{"angle":-45,"axis":"z","origin":[8.06553,0.20972,8]},"faces":{"north":{"uv":[14.5,7,14,7.25],"texture":"#2"},"east":{"uv":[2.125,14,1.5,14.25],"texture":"#2"},"south":{"uv":[8,14,7.5,14.25],"texture":"#2"},"west":{"uv":[14.625,1,14,1.25],"texture":"#2"},"up":{"uv":[2.5,12.625,3,12],"texture":"#2"},"down":{"uv":[3,12,3.5,12.625],"texture":"#2"}}},{"from":[8.33128,0.47209,7.424],"to":[8.97128,1.59209,8.576],"rotation":{"angle":22.5,"axis":"z","origin":[7.93447,0.20972,8]},"faces":{"north":{"uv":[13,1.5,13.375,2],"texture":"#2"},"east":{"uv":[11,11.5,11.625,12],"texture":"#2"},"south":{"uv":[13,10.5,13.375,11],"texture":"#2"},"west":{"uv":[12,0,12.625,0.5],"texture":"#2"},"up":{"uv":[12.875,13.125,12.5,12.5],"texture":"#2"},"down":{"uv":[13.375,0,13,0.625],"texture":"#2"}}},{"from":[7.83133,-0.66759,7.424],"to":[8.40733,0.34041,8.576],"rotation":{"angle":22.5,"axis":"z","origin":[7.93447,0.20972,8]},"faces":{"north":{"uv":[6.5,14,6.75,14.5],"texture":"#2"},"east":{"uv":[12,0.5,12.625,1],"texture":"#2"},"south":{"uv":[14,6.5,14.25,7],"texture":"#2"},"west":{"uv":[12,1,12.625,1.5],"texture":"#2"},"up":{"uv":[12.25,14.125,12,13.5],"texture":"#2"},"down":{"uv":[13.75,12,13.5,12.625],"texture":"#2"}}},{"from":[7.59267,1.58241,7.424],"to":[8.16867,2.59041,8.576],"rotation":{"angle":-22.5,"axis":"z","origin":[8.06553,2.45972,8]},"faces":{"north":{"uv":[6.75,14,6.5,14.5],"texture":"#2"},"east":{"uv":[12.625,1,12,1.5],"texture":"#2"},"south":{"uv":[14.25,6.5,14,7],"texture":"#2"},"west":{"uv":[12.625,0.5,12,1],"texture":"#2"},"up":{"uv":[12,14.125,12.25,13.5],"texture":"#2"},"down":{"uv":[13.5,12,13.75,12.625],"texture":"#2"}}},{"from":[8.3964,2.04424,7.3664],"to":[8.9724,2.47624,8.6336],"rotation":{"angle":-45,"axis":"z","origin":[8.06553,2.45972,8]},"faces":{"north":{"uv":[8.75,14.5,8.5,14.75],"texture":"#2"},"east":{"uv":[0.625,14,0,14.25],"texture":"#2"},"south":{"uv":[14.75,8.5,14.5,8.75],"texture":"#2"},"west":{"uv":[14.125,13.5,13.5,13.75],"texture":"#2"},"up":{"uv":[14,0.625,14.25,0],"texture":"#2"},"down":{"uv":[1,14,1.25,14.625],"texture":"#2"}}},{"from":[7.9644,1.46824,7.3664],"to":[8.9724,2.04424,8.6336],"rotation":{"angle":-45,"axis":"z","origin":[8.06553,2.45972,8]},"faces":{"north":{"uv":[14.5,7,14,7.25],"texture":"#2"},"east":{"uv":[2.125,14,1.5,14.25],"texture":"#2"},"south":{"uv":[8,14,7.5,14.25],"texture":"#2"},"west":{"uv":[14.625,1,14,1.25],"texture":"#2"},"up":{"uv":[2.5,12.625,3,12],"texture":"#2"},"down":{"uv":[3,12,3.5,12.625],"texture":"#2"}}},{"from":[7.83133,1.58241,7.424],"to":[8.40733,2.59041,8.576],"rotation":{"angle":22.5,"axis":"z","origin":[7.93447,2.45972,8]},"faces":{"north":{"uv":[6.5,14,6.75,14.5],"texture":"#2"},"east":{"uv":[12,0.5,12.625,1],"texture":"#2"},"south":{"uv":[14,6.5,14.25,7],"texture":"#2"},"west":{"uv":[12,1,12.625,1.5],"texture":"#2"},"up":{"uv":[12.25,14.125,12,13.5],"texture":"#2"},"down":{"uv":[13.75,12,13.5,12.625],"texture":"#2"}}},{"from":[7.35161,-5.79305,7.36],"to":[7.99161,-4.67305,8.64],"rotation":{"angle":22.5,"axis":"z","origin":[7.93447,-3.69028,8]},"faces":{"north":{"uv":[13.5,0.5,13.875,1],"texture":"#2"},"east":{"uv":[12,1.5,12.625,2],"texture":"#2"},"south":{"uv":[1.5,13.5,1.875,14],"texture":"#2"},"west":{"uv":[12,6.5,12.625,7],"texture":"#2"},"up":{"uv":[2.875,13.625,2.5,13],"texture":"#2"},"down":{"uv":[3.375,13,3,13.625],"texture":"#2"}}},{"from":[8.88268,-6.70935,7.36],"to":[9.52268,-4.94935,8.64],"rotation":{"angle":-22.5,"axis":"z","origin":[7.93447,-3.69028,8]},"faces":{"north":{"uv":[10,11.5,10.375,12.375],"texture":"#2"},"east":{"uv":[7,10.5,7.625,11.375],"texture":"#2"},"south":{"uv":[10.5,11.5,10.875,12.375],"texture":"#2"},"west":{"uv":[10.5,7,11.125,7.875],"texture":"#2"},"up":{"uv":[13.375,3.625,13,3],"texture":"#2"},"down":{"uv":[3.875,13,3.5,13.625],"texture":"#2"}}},{"from":[8.49743,2.86485,7.296],"to":[9.93743,3.50485,8.704],"rotation":{"angle":45,"axis":"z","origin":[8.06553,1.54028,8]},"faces":{"north":{"uv":[12.75,8.375,12,8],"texture":"#2"},"east":{"uv":[12.75,10.375,12,10],"texture":"#2"},"south":{"uv":[12.75,9.875,12,9.5],"texture":"#2"},"west":{"uv":[12.75,8.875,12,8.5],"texture":"#2"},"up":{"uv":[2.5,11.25,3.25,10.5],"texture":"#2"},"down":{"uv":[1.5,10.5,2.25,11.25],"texture":"#2"}}},{"from":[9.29743,2.06485,7.296],"to":[9.93743,2.86485,8.704],"rotation":{"angle":45,"axis":"z","origin":[8.06553,1.54028,8]},"faces":{"north":{"uv":[14.375,2.875,14,2.5],"texture":"#2"},"east":{"uv":[11.75,12.375,11,12],"texture":"#2"},"south":{"uv":[3.375,14.375,3,14],"texture":"#2"},"west":{"uv":[12.75,10.875,12,10.5],"texture":"#2"},"up":{"uv":[12.5,4.25,12.875,3.5],"texture":"#2"},"down":{"uv":[12,11.5,12.375,12.25],"texture":"#2"}}},{"from":[8.88268,2.79935,7.36],"to":[9.52268,4.55935,8.64],"rotation":{"angle":22.5,"axis":"z","origin":[7.93447,1.54028,8]},"faces":{"north":{"uv":[10,12.375,10.375,11.5],"texture":"#2"},"east":{"uv":[7,11.375,7.625,10.5],"texture":"#2"},"south":{"uv":[10.5,12.375,10.875,11.5],"texture":"#2"},"west":{"uv":[10.5,7.875,11.125,7],"texture":"#2"},"up":{"uv":[3.875,13.625,3.5,13],"texture":"#2"},"down":{"uv":[13.375,3,13,3.625],"texture":"#2"}}},{"from":[6.47732,2.79935,7.36],"to":[7.11732,4.55935,8.64],"rotation":{"angle":-22.5,"axis":"z","origin":[8.06553,1.54028,8]},"faces":{"north":{"uv":[10.375,12.375,10,11.5],"texture":"#2"},"east":{"uv":[11.125,7.875,10.5,7],"texture":"#2"},"south":{"uv":[10.875,12.375,10.5,11.5],"texture":"#2"},"west":{"uv":[7.625,11.375,7,10.5],"texture":"#2"},"up":{"uv":[3.5,13.625,3.875,13],"texture":"#2"},"down":{"uv":[13,3,13.375,3.625],"texture":"#2"}}},{"from":[10.23886,8.75628,7.328],"to":[10.60366,9.12108,8.672],"rotation":{"angle":45,"axis":"z","origin":[8.06553,6.49028,8]},"faces":{"north":{"uv":[11.125,14.625,11,14.5],"texture":"#2"},"east":{"uv":[15.125,7.125,14.5,7],"texture":"#2"},"south":{"uv":[14.625,11.125,14.5,11],"texture":"#2"},"west":{"uv":[7.625,14.625,7,14.5],"texture":"#2"},"up":{"uv":[8,15.125,8.125,14.5],"texture":"#2"},"down":{"uv":[14.5,7.5,14.625,8.125],"texture":"#2"}}},{"from":[7.35161,2.52305,7.36],"to":[7.99161,3.64305,8.64],"rotation":{"angle":-22.5,"axis":"z","origin":[7.93447,1.54028,8]},"faces":{"north":{"uv":[13.5,1,13.875,0.5],"texture":"#2"},"east":{"uv":[12,2,12.625,1.5],"texture":"#2"},"south":{"uv":[1.5,14,1.875,13.5],"texture":"#2"},"west":{"uv":[12,7,12.625,6.5],"texture":"#2"},"up":{"uv":[3.375,13.625,3,13],"texture":"#2"},"down":{"uv":[2.875,13,2.5,13.625],"texture":"#2"}}},{"from":[8.00839,2.52305,7.36],"to":[8.64839,3.64305,8.64],"rotation":{"angle":22.5,"axis":"z","origin":[8.06553,1.54028,8]},"faces":{"north":{"uv":[13.875,1,13.5,0.5],"texture":"#2"},"east":{"uv":[12.625,7,12,6.5],"texture":"#2"},"south":{"uv":[1.875,14,1.5,13.5],"texture":"#2"},"west":{"uv":[12.625,2,12,1.5],"texture":"#2"},"up":{"uv":[3,13.625,3.375,13],"texture":"#2"},"down":{"uv":[2.5,13,2.875,13.625],"texture":"#2"}}}],"gui_light":"front","display":{"thirdperson_righthand":{"rotation":[0,-90,0],"translation":[0,4,1.25]},"thirdperson_lefthand":{"rotation":[0,90,0],"translation":[0,4,1.25]},"firstperson_righthand":{"rotation":[-30.25,-88,-12.5],"translation":[7.75,6.25,-7]},"firstperson_lefthand":{"rotation":[-12.5,90,0],"translation":[7.75,6.25,-7]},"ground":{"rotation":[76,0,0],"translation":[0,-1.5,2],"scale":[0.66,0.66,0.66]},"gui":{"rotation":[0,0,45],"translation":[-0.75,0.75,0],"scale":[0.75,0.75,0.75]},"head":{"scale":[0.02,0.02,0.02]},"fixed":{"rotation":[-180,0,-180],"translation":[0,3.5,-0.75],"scale":[1.25,1.25,1.25]}}}