{"credit":"Made with Blockbench","texture_size":[40,40],"textures":{"1":"medieval1:medieval1fire","2":"medieval1:medieval1texture","5":"medieval1:medieval1light","6":"medieval1:medieval1magic_circle","8":"medieval1:medieval1chest","particle":"medieval1:medieval1fire"},"elements":[{"from":[13.02,4.74867,3.47884],"to":[14.88813,7.95116,5.34697],"rotation":{"angle":-22.5,"axis":"z","origin":[13.95406,6.68351,8.01572]},"faces":{"north":{"uv":[8,12.4,8.7,13.7],"texture":"#8"},"east":{"uv":[8.8,12.4,9.5,13.7],"texture":"#8"},"south":{"uv":[9.6,12.4,10.3,13.7],"texture":"#8"},"west":{"uv":[10.4,12.4,11.1,13.7],"texture":"#8"},"up":{"uv":[13.9,10.3,13.2,9.6],"texture":"#8"},"down":{"uv":[14.3,10.4,13.6,11.1],"texture":"#8"}}},{"from":[12.21663,3.25417,3.303],"to":[14.35163,5.38917,5.438],"rotation":{"angle":0,"axis":"y","origin":[8,3.87095,8]},"faces":{"north":{"uv":[12,2.4,12.9,3.3],"texture":"#8"},"east":{"uv":[11.2,12.4,12.1,13.3],"texture":"#8"},"south":{"uv":[12.4,12.4,13.3,13.3],"texture":"#8"},"west":{"uv":[12.8,0,13.7,0.9],"texture":"#8"},"up":{"uv":[2.5,13.7,1.6,12.8],"texture":"#8"},"down":{"uv":[3.7,12.8,2.8,13.7],"texture":"#8"}}},{"from":[12.45313,1.30167,3.555],"to":[14.07125,4.32167,5.17313],"rotation":{"angle":0,"axis":"y","origin":[8.2,3.87095,7.825]},"faces":{"north":{"uv":[4,12.8,4.6,14],"texture":"#8"},"east":{"uv":[12.8,10.4,13.4,11.6],"texture":"#8"},"south":{"uv":[13.2,2.4,13.8,3.6],"texture":"#8"},"west":{"uv":[13.2,6,13.8,7.2],"texture":"#8"},"up":{"uv":[14.2,13.8,13.6,13.2],"texture":"#8"},"down":{"uv":[14.6,0,14,0.6],"texture":"#8"}}},{"from":[2.39563,0.10574,3.99688],"to":[13.60438,1.34386,12.00313],"rotation":{"angle":0,"axis":"y","origin":[8,3.87095,8]},"faces":{"north":{"uv":[1.6,11.2,6.1,11.7],"texture":"#8"},"east":{"uv":[11.2,11.6,14.4,12.1],"texture":"#8"},"south":{"uv":[6.4,11.6,10.9,12.1],"texture":"#8"},"west":{"uv":[1.6,12,4.8,12.5],"texture":"#8"},"up":{"uv":[4.5,3.2,0,0],"texture":"#8"},"down":{"uv":[4.5,3.2,0,6.4],"texture":"#8"}}},{"from":[2.39563,3.70574,4.01259],"to":[13.60438,4.94386,12.01884],"rotation":{"angle":0,"axis":"y","origin":[8,7.47095,8.01572]},"faces":{"north":{"uv":[1.6,11.2,6.1,11.7],"texture":"#8"},"east":{"uv":[11.2,11.6,14.4,12.1],"texture":"#8"},"south":{"uv":[6.4,11.6,10.9,12.1],"texture":"#8"},"west":{"uv":[1.6,12,4.8,12.5],"texture":"#8"},"up":{"uv":[4.5,3.2,0,0],"texture":"#8"},"down":{"uv":[4.5,3.2,0,6.4],"texture":"#8"}}},{"from":[13.14592,-0.46131,3.44094],"to":[15.01404,1.89118,5.30906],"rotation":{"angle":22.5,"axis":"z","origin":[14.07998,-0.19366,7.97781]},"faces":{"north":{"uv":[13.2,7.2,13.9,8.1],"texture":"#8"},"east":{"uv":[13.2,8.4,13.9,9.3],"texture":"#8"},"south":{"uv":[13.6,3.6,14.3,4.5],"texture":"#8"},"west":{"uv":[13.6,4.8,14.3,5.7],"texture":"#8"},"up":{"uv":[14.3,13.1,13.6,12.4],"texture":"#8"},"down":{"uv":[13.5,13.6,12.8,14.3],"texture":"#8"}}},{"from":[1.11187,4.74867,3.47884],"to":[2.98,7.95116,5.34697],"rotation":{"angle":22.5,"axis":"z","origin":[2.04594,6.68351,8.01572]},"faces":{"north":{"uv":[8.7,12.4,8,13.7],"texture":"#8"},"east":{"uv":[11.1,12.4,10.4,13.7],"texture":"#8"},"south":{"uv":[10.3,12.4,9.6,13.7],"texture":"#8"},"west":{"uv":[9.5,12.4,8.8,13.7],"texture":"#8"},"up":{"uv":[13.2,10.3,13.9,9.6],"texture":"#8"},"down":{"uv":[13.6,10.4,14.3,11.1],"texture":"#8"}}},{"from":[1.64837,3.25417,3.303],"to":[3.78337,5.38917,5.438],"rotation":{"angle":0,"axis":"y","origin":[8,3.87095,8]},"faces":{"north":{"uv":[12.9,2.4,12,3.3],"texture":"#8"},"east":{"uv":[13.7,0,12.8,0.9],"texture":"#8"},"south":{"uv":[13.3,12.4,12.4,13.3],"texture":"#8"},"west":{"uv":[12.1,12.4,11.2,13.3],"texture":"#8"},"up":{"uv":[1.6,13.7,2.5,12.8],"texture":"#8"},"down":{"uv":[2.8,12.8,3.7,13.7],"texture":"#8"}}},{"from":[1.92875,1.30167,3.555],"to":[3.54687,4.32167,5.17313],"rotation":{"angle":0,"axis":"y","origin":[7.8,3.87095,7.825]},"faces":{"north":{"uv":[4.6,12.8,4,14],"texture":"#8"},"east":{"uv":[13.8,6,13.2,7.2],"texture":"#8"},"south":{"uv":[13.8,2.4,13.2,3.6],"texture":"#8"},"west":{"uv":[13.4,10.4,12.8,11.6],"texture":"#8"},"up":{"uv":[13.6,13.8,14.2,13.2],"texture":"#8"},"down":{"uv":[14,0,14.6,0.6],"texture":"#8"}}},{"from":[0.98596,-0.46131,3.44094],"to":[2.85408,1.89118,5.30906],"rotation":{"angle":-22.5,"axis":"z","origin":[1.92002,-0.19366,7.97781]},"faces":{"north":{"uv":[13.9,7.2,13.2,8.1],"texture":"#8"},"east":{"uv":[14.3,4.8,13.6,5.7],"texture":"#8"},"south":{"uv":[14.3,3.6,13.6,4.5],"texture":"#8"},"west":{"uv":[13.9,8.4,13.2,9.3],"texture":"#8"},"up":{"uv":[13.6,13.1,14.3,12.4],"texture":"#8"},"down":{"uv":[12.8,13.6,13.5,14.3],"texture":"#8"}}},{"from":[1.11187,4.74867,10.65303],"to":[2.98,7.95116,12.52116],"rotation":{"angle":22.5,"axis":"z","origin":[2.04594,6.68351,7.98428]},"faces":{"north":{"uv":[9.6,12.4,10.3,13.7],"texture":"#8"},"east":{"uv":[10.4,12.4,11.1,13.7],"texture":"#8"},"south":{"uv":[8,12.4,8.7,13.7],"texture":"#8"},"west":{"uv":[8.8,12.4,9.5,13.7],"texture":"#8"},"up":{"uv":[13.2,9.6,13.9,10.3],"texture":"#8"},"down":{"uv":[13.6,11.1,14.3,10.4],"texture":"#8"}}},{"from":[1.64837,3.25417,10.562],"to":[3.78337,5.38917,12.697],"rotation":{"angle":0,"axis":"y","origin":[8,3.87095,8]},"faces":{"north":{"uv":[12.4,12.4,13.3,13.3],"texture":"#8"},"east":{"uv":[12.8,0,13.7,0.9],"texture":"#8"},"south":{"uv":[12,2.4,12.9,3.3],"texture":"#8"},"west":{"uv":[11.2,12.4,12.1,13.3],"texture":"#8"},"up":{"uv":[1.6,12.8,2.5,13.7],"texture":"#8"},"down":{"uv":[2.8,13.7,3.7,12.8],"texture":"#8"}}},{"from":[1.92875,1.30167,10.82688],"to":[3.54687,4.32167,12.445],"rotation":{"angle":0,"axis":"y","origin":[7.8,3.87095,8.175]},"faces":{"north":{"uv":[13.2,2.4,13.8,3.6],"texture":"#8"},"east":{"uv":[13.2,6,13.8,7.2],"texture":"#8"},"south":{"uv":[4,12.8,4.6,14],"texture":"#8"},"west":{"uv":[12.8,10.4,13.4,11.6],"texture":"#8"},"up":{"uv":[13.6,13.2,14.2,13.8],"texture":"#8"},"down":{"uv":[14,0.6,14.6,0],"texture":"#8"}}},{"from":[0.98596,-0.46131,10.69094],"to":[2.85408,1.89118,12.55906],"rotation":{"angle":-22.5,"axis":"z","origin":[1.92002,-0.19366,8.02219]},"faces":{"north":{"uv":[13.6,3.6,14.3,4.5],"texture":"#8"},"east":{"uv":[13.6,4.8,14.3,5.7],"texture":"#8"},"south":{"uv":[13.2,7.2,13.9,8.1],"texture":"#8"},"west":{"uv":[13.2,8.4,13.9,9.3],"texture":"#8"},"up":{"uv":[13.6,12.4,14.3,13.1],"texture":"#8"},"down":{"uv":[12.8,14.3,13.5,13.6],"texture":"#8"}}},{"from":[13.02,4.74867,10.65303],"to":[14.88813,7.95116,12.52116],"rotation":{"angle":-22.5,"axis":"z","origin":[13.95406,6.68351,7.98428]},"faces":{"north":{"uv":[10.3,12.4,9.6,13.7],"texture":"#8"},"east":{"uv":[9.5,12.4,8.8,13.7],"texture":"#8"},"south":{"uv":[8.7,12.4,8,13.7],"texture":"#8"},"west":{"uv":[11.1,12.4,10.4,13.7],"texture":"#8"},"up":{"uv":[13.9,9.6,13.2,10.3],"texture":"#8"},"down":{"uv":[14.3,11.1,13.6,10.4],"texture":"#8"}}},{"from":[12.21663,3.25417,10.562],"to":[14.35163,5.38917,12.697],"rotation":{"angle":0,"axis":"y","origin":[8,3.87095,8]},"faces":{"north":{"uv":[13.3,12.4,12.4,13.3],"texture":"#8"},"east":{"uv":[12.1,12.4,11.2,13.3],"texture":"#8"},"south":{"uv":[12.9,2.4,12,3.3],"texture":"#8"},"west":{"uv":[13.7,0,12.8,0.9],"texture":"#8"},"up":{"uv":[2.5,12.8,1.6,13.7],"texture":"#8"},"down":{"uv":[3.7,13.7,2.8,12.8],"texture":"#8"}}},{"from":[12.45313,1.30167,10.82688],"to":[14.07125,4.32167,12.445],"rotation":{"angle":0,"axis":"y","origin":[8.2,3.87095,8.175]},"faces":{"north":{"uv":[13.8,2.4,13.2,3.6],"texture":"#8"},"east":{"uv":[13.4,10.4,12.8,11.6],"texture":"#8"},"south":{"uv":[4.6,12.8,4,14],"texture":"#8"},"west":{"uv":[13.8,6,13.2,7.2],"texture":"#8"},"up":{"uv":[14.2,13.2,13.6,13.8],"texture":"#8"},"down":{"uv":[14.6,0.6,14,0],"texture":"#8"}}},{"from":[13.14592,-0.46131,10.69094],"to":[15.01404,1.89118,12.55906],"rotation":{"angle":22.5,"axis":"z","origin":[14.07998,-0.19366,8.02219]},"faces":{"north":{"uv":[14.3,3.6,13.6,4.5],"texture":"#8"},"east":{"uv":[13.9,8.4,13.2,9.3],"texture":"#8"},"south":{"uv":[13.9,7.2,13.2,8.1],"texture":"#8"},"west":{"uv":[14.3,4.8,13.6,5.7],"texture":"#8"},"up":{"uv":[14.3,12.4,13.6,13.1],"texture":"#8"},"down":{"uv":[13.5,14.3,12.8,13.6],"texture":"#8"}}},{"from":[2.6625,4.88917,4.26374],"to":[13.3375,7.27417,11.73626],"rotation":{"angle":0,"axis":"y","origin":[8,3.87095,8.00001]},"faces":{"north":{"uv":[9.2,3.6,13.5,4.6],"texture":"#8"},"east":{"uv":[6.4,10.4,9.4,11.4],"texture":"#8"},"south":{"uv":[9.2,4.8,13.5,5.8],"texture":"#8"},"west":{"uv":[9.6,10.4,12.6,11.4],"texture":"#8"},"up":{"uv":[9.1,3,4.8,0],"texture":"#8"},"down":{"uv":[9.1,3.2,4.8,6.2],"texture":"#8"}}},{"from":[7.06594,4.74867,3.56594],"to":[8.93406,8.20116,12.43406],"rotation":{"angle":0,"axis":"y","origin":[8,3.87095,7.89719]},"faces":{"north":{"uv":[6.4,12.4,7.1,13.8],"texture":"#8"},"east":{"uv":[0,9.2,3.5,10.6],"texture":"#8"},"south":{"uv":[7.2,12.4,7.9,13.8],"texture":"#8"},"west":{"uv":[9.2,0,12.7,1.4],"texture":"#8"},"up":{"uv":[0.7,14.3,0,10.8],"texture":"#8"},"down":{"uv":[1.5,10.8,0.8,14.3],"texture":"#8"}}},{"from":[13.02,6.08305,5.33125],"to":[14.88813,7.95116,10.66875],"rotation":{"angle":-22.5,"axis":"z","origin":[13.95406,6.68351,8]},"faces":{"north":{"uv":[11.2,13.6,11.9,14.3],"texture":"#8"},"east":{"uv":[6.4,9.2,8.5,9.9],"texture":"#8"},"south":{"uv":[12,13.6,12.7,14.3],"texture":"#8"},"west":{"uv":[12,1.6,14.1,2.3],"texture":"#8"},"up":{"uv":[5.5,14.1,4.8,12],"texture":"#8"},"down":{"uv":[6.3,12,5.6,14.1],"texture":"#8"}}},{"from":[1.11187,6.08305,5.33125],"to":[2.98,7.95116,10.66875],"rotation":{"angle":22.5,"axis":"z","origin":[2.04594,6.68351,8]},"faces":{"north":{"uv":[11.9,13.6,11.2,14.3],"texture":"#8"},"east":{"uv":[14.1,1.6,12,2.3],"texture":"#8"},"south":{"uv":[12.7,13.6,12,14.3],"texture":"#8"},"west":{"uv":[8.5,9.2,6.4,9.9],"texture":"#8"},"up":{"uv":[4.8,14.1,5.5,12],"texture":"#8"},"down":{"uv":[5.6,12,6.3,14.1],"texture":"#8"}}},{"from":[2.88125,0.17667,4.49821],"to":[13.11875,4.44667,11.53322],"rotation":{"angle":0,"axis":"y","origin":[8,3.87095,8.01572]},"faces":{"north":{"uv":[8.8,6.4,12.9,8.1],"texture":"#8"},"east":{"uv":[9.2,1.6,12,3.3],"texture":"#8"},"south":{"uv":[8.8,8.4,12.9,10.1],"texture":"#8"},"west":{"uv":[3.6,9.2,6.4,10.9],"texture":"#8"},"up":{"uv":[4.1,9.2,0,6.4],"texture":"#8"},"down":{"uv":[8.5,6.4,4.4,9.2],"texture":"#8"}}},{"from":[4.51462,5.59336,2.0016],"to":[6.68038,7.75912,3.9984],"rotation":{"angle":45,"axis":"z","origin":[8,9.07873,3]},"faces":{"north":{"uv":[10.375,6,9.5,6.875],"rotation":90,"texture":"#2"},"east":{"uv":[9.5,9,10.375,9.875],"rotation":270,"texture":"#2"},"south":{"uv":[10.375,7,9.5,7.875],"rotation":270,"texture":"#2"},"west":{"uv":[9.5,8.875,10.375,8],"rotation":270,"texture":"#2"},"up":{"uv":[8.875,9.5,8,10.375],"rotation":270,"texture":"#2"},"down":{"uv":[7.875,9.5,7,10.375],"rotation":270,"texture":"#2"}}},{"from":[7.08915,4.0808,2.4409],"to":[9.30099,5.3096,3.5591],"rotation":{"angle":22.5,"axis":"z","origin":[8,9.07873,3]},"faces":{"north":{"uv":[11.375,3.5,10.5,4],"rotation":180,"texture":"#2"},"east":{"uv":[10.5,5.5,10,6],"rotation":180,"texture":"#2"},"south":{"uv":[8.875,10.5,8,11],"rotation":180,"texture":"#2"},"west":{"uv":[13,4.5,12.5,5],"rotation":180,"texture":"#2"},"up":{"uv":[10.5,8.5,11.375,9],"rotation":180,"texture":"#2"},"down":{"uv":[10.5,8.5,11.375,8],"rotation":180,"texture":"#2"}}},{"from":[11.41721,6.4646,2.4793],"to":[12.45401,8.10044,3.5207],"rotation":{"angle":-22.5,"axis":"z","origin":[8,9.07873,3]},"faces":{"north":{"uv":[13.375,4,13,4.625],"rotation":180,"texture":"#2"},"east":{"uv":[4.875,13,4.5,13.625],"rotation":180,"texture":"#2"},"south":{"uv":[5.375,13,5,13.625],"rotation":180,"texture":"#2"},"west":{"uv":[13.375,5,13,5.625],"rotation":180,"texture":"#2"},"up":{"uv":[3.5,14,3.875,14.375],"rotation":180,"texture":"#2"},"down":{"uv":[14,3.375,14.375,3],"rotation":180,"texture":"#2"}}},{"from":[12.11167,5.56912,2.5177],"to":[12.95647,7.20496,3.4823],"rotation":{"angle":-22.5,"axis":"z","origin":[8,9.07873,3]},"faces":{"north":{"uv":[13.375,8,13,8.625],"rotation":180,"texture":"#2"},"east":{"uv":[8.875,13,8.5,13.625],"rotation":180,"texture":"#2"},"south":{"uv":[9.875,13,9.5,13.625],"rotation":180,"texture":"#2"},"west":{"uv":[13.375,9.5,13,10.125],"rotation":180,"texture":"#2"},"up":{"uv":[14,5,14.375,5.375],"rotation":180,"texture":"#2"},"down":{"uv":[5,14.375,5.375,14],"rotation":180,"texture":"#2"}}},{"from":[9.63295,4.28082,2.5561],"to":[10.69279,5.12562,3.4439],"rotation":{"angle":0,"axis":"y","origin":[8,9.07873,3]},"faces":{"north":{"uv":[14,2,13.5,2.375],"rotation":180,"texture":"#2"},"east":{"uv":[5.875,14,5.5,14.375],"rotation":180,"texture":"#2"},"south":{"uv":[14,2.5,13.5,2.875],"rotation":180,"texture":"#2"},"west":{"uv":[14.375,5.5,14,5.875],"rotation":180,"texture":"#2"},"up":{"uv":[13.5,3.5,14,3.875],"rotation":180,"texture":"#2"},"down":{"uv":[13.5,3.375,14,3],"rotation":180,"texture":"#2"}}},{"from":[2.67008,3.09234,3],"to":[13.32992,9.73362,3],"rotation":{"angle":0,"axis":"y","origin":[8,9.07873,3]},"faces":{"north":{"uv":[8.4875,0,4.0125,2.75],"rotation":180,"texture":"#2"},"east":{"uv":[0,0,0,2.75],"rotation":180,"texture":"#2"},"south":{"uv":[8.4875,0,4.0125,2.75],"rotation":180,"texture":"#2"},"west":{"uv":[0,0,0,2.75],"rotation":180,"texture":"#2"},"up":{"uv":[0,0,4.5,0],"rotation":180,"texture":"#2"},"down":{"uv":[0,0,4.5,0],"rotation":180,"texture":"#2"}}},{"from":[9.58244,4.19359,2.5561],"to":[10.83428,4.84639,3.4439],"rotation":{"angle":22.5,"axis":"z","origin":[8,9.07873,3]},"faces":{"north":{"uv":[15,2.5,14.5,2.75],"rotation":180,"texture":"#2"},"east":{"uv":[5.875,14.5,5.5,14.75],"rotation":180,"texture":"#2"},"south":{"uv":[3.5,14.5,3,14.75],"rotation":180,"texture":"#2"},"west":{"uv":[14.875,5.5,14.5,5.75],"rotation":180,"texture":"#2"},"up":{"uv":[8,13.5,8.5,13.875],"rotation":180,"texture":"#2"},"down":{"uv":[7.5,13.875,8,13.5],"rotation":180,"texture":"#2"}}},{"from":[4.49483,4.44408,2.49005],"to":[6.32267,5.67288,3.50995],"rotation":{"angle":45,"axis":"z","origin":[8,9.07873,3]},"faces":{"north":{"uv":[12.25,2.5,11.5,3],"rotation":180,"texture":"#2"},"east":{"uv":[13.875,8,13.5,8.5],"rotation":180,"texture":"#2"},"south":{"uv":[12.25,9,11.5,9.5],"rotation":180,"texture":"#2"},"west":{"uv":[13.875,8.5,13.5,9],"rotation":180,"texture":"#2"},"up":{"uv":[4.5,12.5,5.25,12.875],"rotation":180,"texture":"#2"},"down":{"uv":[12.5,2.875,13.25,2.5],"rotation":180,"texture":"#2"}}},{"from":[9.96108,2.96013,2.20896],"to":[10.94412,5.66349,3.79104],"rotation":{"angle":-22.5,"axis":"z","origin":[8,9.07873,3]},"faces":{"north":{"uv":[6.875,11,6.5,12.125],"rotation":180,"texture":"#2"},"east":{"uv":[10.625,4,10,5.125],"rotation":180,"texture":"#2"},"south":{"uv":[8.375,11,8,12.125],"rotation":180,"texture":"#2"},"west":{"uv":[9.625,10,9,11.125],"rotation":180,"texture":"#2"},"up":{"uv":[10.5,13,10.875,13.625],"rotation":180,"texture":"#2"},"down":{"uv":[10,13.625,10.375,13],"rotation":180,"texture":"#2"}}},{"from":[5.05588,2.96013,2.20896],"to":[6.03892,5.66349,3.79104],"rotation":{"angle":22.5,"axis":"z","origin":[8,9.07873,3]},"faces":{"north":{"uv":[6.5,11,6.875,12.125],"rotation":180,"texture":"#2"},"east":{"uv":[9,10,9.625,11.125],"rotation":180,"texture":"#2"},"south":{"uv":[8,11,8.375,12.125],"rotation":180,"texture":"#2"},"west":{"uv":[10,4,10.625,5.125],"rotation":180,"texture":"#2"},"up":{"uv":[10.875,13,10.5,13.625],"rotation":180,"texture":"#2"},"down":{"uv":[10.375,13.625,10,13],"rotation":180,"texture":"#2"}}},{"from":[3.36535,5.57356,2.49005],"to":[4.59415,7.4014,3.50995],"rotation":{"angle":45,"axis":"z","origin":[8,9.07873,3]},"faces":{"north":{"uv":[11.5,2.5,12.25,3],"rotation":90,"texture":"#2"},"east":{"uv":[5.25,12.5,4.5,12.875],"rotation":270,"texture":"#2"},"south":{"uv":[11.5,9,12.25,9.5],"rotation":270,"texture":"#2"},"west":{"uv":[13.25,2.875,12.5,2.5],"rotation":270,"texture":"#2"},"up":{"uv":[13.5,8,13.875,8.5],"rotation":270,"texture":"#2"},"down":{"uv":[13.5,8.5,13.875,9],"rotation":270,"texture":"#2"}}},{"from":[6.69901,4.0808,2.4409],"to":[8.91085,5.3096,3.5591],"rotation":{"angle":-22.5,"axis":"z","origin":[8,9.07873,3]},"faces":{"north":{"uv":[10.5,3.5,11.375,4],"rotation":180,"texture":"#2"},"east":{"uv":[12.5,4.5,13,5],"rotation":180,"texture":"#2"},"south":{"uv":[8,10.5,8.875,11],"rotation":180,"texture":"#2"},"west":{"uv":[10,5.5,10.5,6],"rotation":180,"texture":"#2"},"up":{"uv":[11.375,8.5,10.5,9],"rotation":180,"texture":"#2"},"down":{"uv":[11.375,8.5,10.5,8],"rotation":180,"texture":"#2"}}},{"from":[5.30721,4.28082,2.5561],"to":[6.36705,5.12562,3.4439],"rotation":{"angle":0,"axis":"y","origin":[8,9.07873,3]},"faces":{"north":{"uv":[13.5,2,14,2.375],"rotation":180,"texture":"#2"},"east":{"uv":[14,5.5,14.375,5.875],"rotation":180,"texture":"#2"},"south":{"uv":[13.5,2.5,14,2.875],"rotation":180,"texture":"#2"},"west":{"uv":[5.5,14,5.875,14.375],"rotation":180,"texture":"#2"},"up":{"uv":[14,3.5,13.5,3.875],"rotation":180,"texture":"#2"},"down":{"uv":[14,3.375,13.5,3],"rotation":180,"texture":"#2"}}},{"from":[3.04353,5.56912,2.5177],"to":[3.88833,7.20496,3.4823],"rotation":{"angle":22.5,"axis":"z","origin":[8,9.07873,3]},"faces":{"north":{"uv":[13,8,13.375,8.625],"rotation":180,"texture":"#2"},"east":{"uv":[13,9.5,13.375,10.125],"rotation":180,"texture":"#2"},"south":{"uv":[9.5,13,9.875,13.625],"rotation":180,"texture":"#2"},"west":{"uv":[8.5,13,8.875,13.625],"rotation":180,"texture":"#2"},"up":{"uv":[14.375,5,14,5.375],"rotation":180,"texture":"#2"},"down":{"uv":[5.375,14.375,5,14],"rotation":180,"texture":"#2"}}},{"from":[3.54599,6.4646,2.4793],"to":[4.58279,8.10044,3.5207],"rotation":{"angle":22.5,"axis":"z","origin":[8,9.07873,3]},"faces":{"north":{"uv":[13,4,13.375,4.625],"rotation":180,"texture":"#2"},"east":{"uv":[13,5,13.375,5.625],"rotation":180,"texture":"#2"},"south":{"uv":[5,13,5.375,13.625],"rotation":180,"texture":"#2"},"west":{"uv":[4.5,13,4.875,13.625],"rotation":180,"texture":"#2"},"up":{"uv":[3.875,14,3.5,14.375],"rotation":180,"texture":"#2"},"down":{"uv":[14.375,3.375,14,3],"rotation":180,"texture":"#2"}}},{"from":[5.16572,4.19359,2.5561],"to":[6.41756,4.84639,3.4439],"rotation":{"angle":-22.5,"axis":"z","origin":[8,9.07873,3]},"faces":{"north":{"uv":[14.5,2.5,15,2.75],"rotation":180,"texture":"#2"},"east":{"uv":[14.5,5.5,14.875,5.75],"rotation":180,"texture":"#2"},"south":{"uv":[3,14.5,3.5,14.75],"rotation":180,"texture":"#2"},"west":{"uv":[5.5,14.5,5.875,14.75],"rotation":180,"texture":"#2"},"up":{"uv":[8.5,13.5,8,13.875],"rotation":180,"texture":"#2"},"down":{"uv":[8,13.875,7.5,13.5],"rotation":180,"texture":"#2"}}},{"from":[3.13012,1.70715,2.94],"to":[11.73012,10.30715,3.06],"rotation":{"angle":45,"axis":"z","origin":[9,11.07873,3]},"faces":{"north":{"uv":[0,16,16,0],"rotation":90,"texture":"#1"},"east":{"uv":[0.5,0.5,0,0],"rotation":270,"texture":"#1"},"south":{"uv":[16,16,0,0],"rotation":270,"texture":"#1"},"west":{"uv":[0.5,0.5,0,0],"rotation":270,"texture":"#1"},"up":{"uv":[0,0.625,0.5,0],"rotation":270,"texture":"#1"},"down":{"uv":[0,0.625,0.5,0],"rotation":270,"texture":"#1"}}},{"from":[3.2,4.87541,15.05543],"to":[12.8,14.47541,15.05543],"rotation":{"angle":0,"axis":"y","origin":[8,9.67541,15.05543]},"faces":{"north":{"uv":[0,16,16,0],"rotation":180,"texture":"#5"},"east":{"uv":[0,0.625,0.5,0],"rotation":180,"texture":"#5"},"south":{"uv":[16,16,0,0],"rotation":180,"texture":"#5"},"west":{"uv":[0,0.625,0.5,0],"rotation":180,"texture":"#5"},"up":{"uv":[0.5,0.5,0,0],"rotation":180,"texture":"#5"},"down":{"uv":[0.5,0.5,0,0],"rotation":180,"texture":"#5"}}},{"from":[-1.8,-0.12459,13.05543],"to":[17.8,19.47541,13.05543],"rotation":{"angle":0,"axis":"y","origin":[8,9.67541,13.05543]},"faces":{"north":{"uv":[0,16,16,0],"rotation":180,"texture":"#6"},"east":{"uv":[0,0.625,0.5,0],"rotation":180,"texture":"#6"},"south":{"uv":[16,16,0,0],"rotation":180,"texture":"#6"},"west":{"uv":[0,0.625,0.5,0],"rotation":180,"texture":"#6"},"up":{"uv":[0.5,0.5,0,0],"rotation":180,"texture":"#6"},"down":{"uv":[0.5,0.5,0,0],"rotation":180,"texture":"#6"}}},{"from":[-2.37158,5.20885,2.94],"to":[6.22842,13.80885,3.06],"rotation":{"angle":45,"axis":"z","origin":[7,11.07873,3]},"faces":{"north":{"uv":[0,0,16,16],"texture":"#1"},"east":{"uv":[0,0,0.5,0.625],"texture":"#1"},"south":{"uv":[16,0,0,16],"texture":"#1"},"west":{"uv":[0,0,0.5,0.625],"texture":"#1"},"up":{"uv":[0.5,0,0,0.5],"texture":"#1"},"down":{"uv":[0.5,0,0,0.5],"texture":"#1"}}},{"from":[3.51064,9.03458,2.5177],"to":[5.14648,9.87938,3.4823],"rotation":{"angle":45,"axis":"z","origin":[8,9.07873,3]},"faces":{"north":{"uv":[5.5,13,5.875,13.625],"rotation":90,"texture":"#2"},"east":{"uv":[4.875,14,4.5,14.375],"rotation":270,"texture":"#2"},"south":{"uv":[13,6,13.375,6.625],"rotation":270,"texture":"#2"},"west":{"uv":[14.375,3.875,14,3.5],"rotation":270,"texture":"#2"},"up":{"uv":[6,13,6.375,13.625],"rotation":270,"texture":"#2"},"down":{"uv":[6.5,13,6.875,13.625],"rotation":270,"texture":"#2"}}},{"from":[4.72781,7.94595,2.5561],"to":[5.38061,9.00579,3.4439],"rotation":{"angle":22.5,"axis":"z","origin":[8,9.07873,3]},"faces":{"north":{"uv":[14,7.5,14.25,8],"rotation":180,"texture":"#2"},"east":{"uv":[2,13.5,2.375,14],"rotation":180,"texture":"#2"},"south":{"uv":[8,14,8.25,14.5],"rotation":180,"texture":"#2"},"west":{"uv":[13.5,1.5,13.875,2],"rotation":180,"texture":"#2"},"up":{"uv":[14.75,4.5,14.5,4.875],"rotation":180,"texture":"#2"},"down":{"uv":[4.75,14.875,4.5,14.5],"rotation":180,"texture":"#2"}}},{"from":[4.93768,10.01374,2.5945],"to":[5.55208,10.88158,3.4055],"rotation":{"angle":45,"axis":"z","origin":[8,9.07873,3]},"faces":{"north":{"uv":[6,14.5,6.25,14.875],"rotation":180,"texture":"#2"},"east":{"uv":[14,6,14.375,6.375],"rotation":180,"texture":"#2"},"south":{"uv":[14.5,6,14.75,6.375],"rotation":180,"texture":"#2"},"west":{"uv":[6,14,6.375,14.375],"rotation":180,"texture":"#2"},"up":{"uv":[14.75,6.5,14.5,6.875],"rotation":180,"texture":"#2"},"down":{"uv":[6.75,14.875,6.5,14.5],"rotation":180,"texture":"#2"}}},{"from":[7.95585,4.58937,2.5177],"to":[8.80065,6.22521,3.4823],"rotation":{"angle":45,"axis":"z","origin":[8,9.07873,3]},"faces":{"north":{"uv":[5.875,13,5.5,13.625],"rotation":180,"texture":"#2"},"east":{"uv":[6.375,13,6,13.625],"rotation":180,"texture":"#2"},"south":{"uv":[13.375,6,13,6.625],"rotation":180,"texture":"#2"},"west":{"uv":[6.875,13,6.5,13.625],"rotation":180,"texture":"#2"},"up":{"uv":[4.5,14,4.875,14.375],"rotation":180,"texture":"#2"},"down":{"uv":[14,3.875,14.375,3.5],"rotation":180,"texture":"#2"}}},{"from":[10.61939,7.94595,2.5561],"to":[11.27219,9.00579,3.4439],"rotation":{"angle":-22.5,"axis":"z","origin":[8,9.07873,3]},"faces":{"north":{"uv":[14.25,7.5,14,8],"rotation":180,"texture":"#2"},"east":{"uv":[13.875,1.5,13.5,2],"rotation":180,"texture":"#2"},"south":{"uv":[8.25,14,8,14.5],"rotation":180,"texture":"#2"},"west":{"uv":[2.375,13.5,2,14],"rotation":180,"texture":"#2"},"up":{"uv":[14.5,4.5,14.75,4.875],"rotation":180,"texture":"#2"},"down":{"uv":[4.5,14.875,4.75,14.5],"rotation":180,"texture":"#2"}}},{"from":[8.93501,6.01641,2.5945],"to":[9.80285,6.63081,3.4055],"rotation":{"angle":45,"axis":"z","origin":[8,9.07873,3]},"faces":{"north":{"uv":[6.25,14.5,6,14.875],"rotation":90,"texture":"#2"},"east":{"uv":[14.5,6.5,14.75,6.875],"rotation":270,"texture":"#2"},"south":{"uv":[14.75,6,14.5,6.375],"rotation":270,"texture":"#2"},"west":{"uv":[6.5,14.875,6.75,14.5],"rotation":270,"texture":"#2"},"up":{"uv":[14.375,6,14,6.375],"rotation":270,"texture":"#2"},"down":{"uv":[6.375,14,6,14.375],"rotation":270,"texture":"#2"}}},{"from":[6.02537,7.10411,2.328],"to":[6.39017,7.46891,3.672],"rotation":{"angle":45,"axis":"z","origin":[8,9.07873,3]},"faces":{"north":{"uv":[11.125,14.625,11,14.5],"rotation":180,"texture":"#2"},"east":{"uv":[7.625,14.625,7,14.5],"rotation":180,"texture":"#2"},"south":{"uv":[14.625,11.125,14.5,11],"rotation":180,"texture":"#2"},"west":{"uv":[15.125,7.125,14.5,7],"rotation":180,"texture":"#2"},"up":{"uv":[14.5,7.5,14.625,8.125],"rotation":180,"texture":"#2"},"down":{"uv":[8,15.125,8.125,14.5],"rotation":180,"texture":"#2"}}},{"from":[2.92599,4.00472,2.12141],"to":[3.48633,4.56505,3.87859],"rotation":{"angle":45,"axis":"z","origin":[8,9.07873,3]},"faces":{"north":{"uv":[10.75,14.5,10.5,14.75],"rotation":180,"texture":"#2"},"east":{"uv":[14.25,9,13.5,9.25],"rotation":180,"texture":"#2"},"south":{"uv":[14.75,10.5,14.5,10.75],"rotation":180,"texture":"#2"},"west":{"uv":[14.25,9.5,13.5,9.75],"rotation":180,"texture":"#2"},"up":{"uv":[13.5,10,13.75,10.75],"rotation":180,"texture":"#2"},"down":{"uv":[9,14.25,9.25,13.5],"rotation":180,"texture":"#2"}}}],"gui_light":"front","display":{"thirdperson_righthand":{"rotation":[53.5,0,0],"translation":[0,2.5,2],"scale":[0.55,0.55,0.55]},"thirdperson_lefthand":{"rotation":[53.5,0,0],"translation":[0,2.5,2],"scale":[0.55,0.55,0.55]},"firstperson_righthand":{"translation":[1.5,2.25,0],"scale":[0.31,0.31,0.31]},"firstperson_lefthand":{"translation":[1.5,2.25,0],"scale":[0.31,0.31,0.31]},"ground":{"translation":[0,1.25,0],"scale":[0.66,0.66,0.66]},"gui":{"rotation":[0,-180,0],"scale":[0.68,0.68,0.68]},"head":{"translation":[0,-21.25,0],"scale":[2.47,2.47,2.47]},"fixed":{"rotation":[-90,0,0],"translation":[0,0,-33],"scale":[4,4,4]}}}