{"credit":"Made with Blockbench","textures":{"1":"medieval1:medieval1fire","2":"medieval1:medieval1texture","4":"medieval1:medieval1bow","particle":"medieval1:medieval1fire"},"elements":[{"from":[7.2581,-1.19128,7.0016],"to":[9.42386,0.97448,8.9984],"rotation":{"angle":-45,"axis":"z","origin":[8,0.23257,8]},"faces":{"north":{"uv":[10.375,6,9.5,6.875],"texture":"#2"},"east":{"uv":[8.875,9.5,8,10.375],"texture":"#2"},"south":{"uv":[10.375,7,9.5,7.875],"texture":"#2"},"west":{"uv":[7.875,9.5,7,10.375],"texture":"#2"},"up":{"uv":[9.5,8.875,10.375,8],"texture":"#2"},"down":{"uv":[9.5,9,10.375,9.875],"texture":"#2"}}},{"from":[5.21426,0.41719,7.4409],"to":[7.4261,1.64599,8.5591],"rotation":{"angle":22.5,"axis":"z","origin":[8,0.23257,8]},"faces":{"north":{"uv":[11.375,3.5,10.5,4],"texture":"#2"},"east":{"uv":[13,4.5,12.5,5],"texture":"#2"},"south":{"uv":[8.875,10.5,8,11],"texture":"#2"},"west":{"uv":[10.5,5.5,10,6],"texture":"#2"},"up":{"uv":[10.5,8.5,11.375,8],"texture":"#2"},"down":{"uv":[10.5,8.5,11.375,9],"texture":"#2"}}},{"from":[5.03074,-2.37365,7.4793],"to":[6.06754,-0.73781,8.5207],"rotation":{"angle":-22.5,"axis":"z","origin":[8,0.23257,8]},"faces":{"north":{"uv":[13.375,4,13,4.625],"texture":"#2"},"east":{"uv":[13.375,5,13,5.625],"texture":"#2"},"south":{"uv":[5.375,13,5,13.625],"texture":"#2"},"west":{"uv":[4.875,13,4.5,13.625],"texture":"#2"},"up":{"uv":[14,3.375,14.375,3],"texture":"#2"},"down":{"uv":[3.5,14,3.875,14.375],"texture":"#2"}}},{"from":[4.52828,-1.47817,7.5177],"to":[5.37308,0.15767,8.4823],"rotation":{"angle":-22.5,"axis":"z","origin":[8,0.23257,8]},"faces":{"north":{"uv":[13.375,8,13,8.625],"texture":"#2"},"east":{"uv":[13.375,9.5,13,10.125],"texture":"#2"},"south":{"uv":[9.875,13,9.5,13.625],"texture":"#2"},"west":{"uv":[8.875,13,8.5,13.625],"texture":"#2"},"up":{"uv":[5,14.375,5.375,14],"texture":"#2"},"down":{"uv":[14,5,14.375,5.375],"texture":"#2"}}},{"from":[5.30721,0.30583,7.5561],"to":[6.36705,1.15063,8.4439],"rotation":{"angle":0,"axis":"y","origin":[8,0.23257,8]},"faces":{"north":{"uv":[14,2,13.5,2.375],"texture":"#2"},"east":{"uv":[14.375,5.5,14,5.875],"texture":"#2"},"south":{"uv":[14,2.5,13.5,2.875],"texture":"#2"},"west":{"uv":[5.875,14,5.5,14.375],"texture":"#2"},"up":{"uv":[13.5,3.375,14,3],"texture":"#2"},"down":{"uv":[13.5,3.5,14,3.875],"texture":"#2"}}},{"from":[2.67008,-4.30217,8],"to":[13.32992,2.33911,8],"rotation":{"angle":0,"axis":"y","origin":[8,0.23257,8]},"faces":{"north":{"uv":[8.4875,0,4.0125,2.75],"texture":"#2"},"east":{"uv":[0,0,0,2.75],"texture":"#2"},"south":{"uv":[8.4875,0,4.0125,2.75],"texture":"#2"},"west":{"uv":[0,0,0,2.75],"texture":"#2"},"up":{"uv":[0,0,4.5,0],"texture":"#2"},"down":{"uv":[0,0,4.5,0],"texture":"#2"}}},{"from":[3.68097,0.8804,7.5561],"to":[4.93281,1.5332,8.4439],"rotation":{"angle":22.5,"axis":"z","origin":[8,0.23257,8]},"faces":{"north":{"uv":[15,2.5,14.5,2.75],"texture":"#2"},"east":{"uv":[14.875,5.5,14.5,5.75],"texture":"#2"},"south":{"uv":[3.5,14.5,3,14.75],"texture":"#2"},"west":{"uv":[5.875,14.5,5.5,14.75],"texture":"#2"},"up":{"uv":[7.5,13.875,8,13.5],"texture":"#2"},"down":{"uv":[8,13.5,8.5,13.875],"texture":"#2"}}},{"from":[6.93386,0.89495,7.49005],"to":[8.7617,2.12375,8.50995],"rotation":{"angle":45,"axis":"z","origin":[8,0.23257,8]},"faces":{"north":{"uv":[12.25,2.5,11.5,3],"texture":"#2"},"east":{"uv":[13.875,8.5,13.5,9],"texture":"#2"},"south":{"uv":[12.25,9,11.5,9.5],"texture":"#2"},"west":{"uv":[13.875,8,13.5,8.5],"texture":"#2"},"up":{"uv":[12.5,2.875,13.25,2.5],"texture":"#2"},"down":{"uv":[4.5,12.5,5.25,12.875],"texture":"#2"}}},{"from":[6.54063,0.0633,7.20896],"to":[7.52367,2.76666,8.79104],"rotation":{"angle":-22.5,"axis":"z","origin":[8,0.23257,8]},"faces":{"north":{"uv":[6.875,11,6.5,12.125],"texture":"#2"},"east":{"uv":[9.625,10,9,11.125],"texture":"#2"},"south":{"uv":[8.375,11,8,12.125],"texture":"#2"},"west":{"uv":[10.625,4,10,5.125],"texture":"#2"},"up":{"uv":[10,13.625,10.375,13],"texture":"#2"},"down":{"uv":[10.5,13,10.875,13.625],"texture":"#2"}}},{"from":[8.47633,0.0633,7.20896],"to":[9.45937,2.76666,8.79104],"rotation":{"angle":22.5,"axis":"z","origin":[8,0.23257,8]},"faces":{"north":{"uv":[6.5,11,6.875,12.125],"texture":"#2"},"east":{"uv":[10,4,10.625,5.125],"texture":"#2"},"south":{"uv":[8,11,8.375,12.125],"texture":"#2"},"west":{"uv":[9,10,9.625,11.125],"texture":"#2"},"up":{"uv":[10.375,13.625,10,13],"texture":"#2"},"down":{"uv":[10.875,13,10.5,13.625],"texture":"#2"}}},{"from":[7.2383,0.89495,7.49005],"to":[9.06614,2.12375,8.50995],"rotation":{"angle":-45,"axis":"z","origin":[8,0.23257,8]},"faces":{"north":{"uv":[11.5,2.5,12.25,3],"texture":"#2"},"east":{"uv":[13.5,8,13.875,8.5],"texture":"#2"},"south":{"uv":[11.5,9,12.25,9.5],"texture":"#2"},"west":{"uv":[13.5,8.5,13.875,9],"texture":"#2"},"up":{"uv":[13.25,2.875,12.5,2.5],"texture":"#2"},"down":{"uv":[5.25,12.5,4.5,12.875],"texture":"#2"}}},{"from":[8.5739,0.41719,7.4409],"to":[10.78574,1.64599,8.5591],"rotation":{"angle":-22.5,"axis":"z","origin":[8,0.23257,8]},"faces":{"north":{"uv":[10.5,3.5,11.375,4],"texture":"#2"},"east":{"uv":[10,5.5,10.5,6],"texture":"#2"},"south":{"uv":[8,10.5,8.875,11],"texture":"#2"},"west":{"uv":[12.5,4.5,13,5],"texture":"#2"},"up":{"uv":[11.375,8.5,10.5,8],"texture":"#2"},"down":{"uv":[11.375,8.5,10.5,9],"texture":"#2"}}},{"from":[9.63295,0.30583,7.5561],"to":[10.69279,1.15063,8.4439],"rotation":{"angle":0,"axis":"y","origin":[8,0.23257,8]},"faces":{"north":{"uv":[13.5,2,14,2.375],"texture":"#2"},"east":{"uv":[5.5,14,5.875,14.375],"texture":"#2"},"south":{"uv":[13.5,2.5,14,2.875],"texture":"#2"},"west":{"uv":[14,5.5,14.375,5.875],"texture":"#2"},"up":{"uv":[14,3.375,13.5,3],"texture":"#2"},"down":{"uv":[14,3.5,13.5,3.875],"texture":"#2"}}},{"from":[10.62692,-1.47817,7.5177],"to":[11.47172,0.15767,8.4823],"rotation":{"angle":22.5,"axis":"z","origin":[8,0.23257,8]},"faces":{"north":{"uv":[13,8,13.375,8.625],"texture":"#2"},"east":{"uv":[8.5,13,8.875,13.625],"texture":"#2"},"south":{"uv":[9.5,13,9.875,13.625],"texture":"#2"},"west":{"uv":[13,9.5,13.375,10.125],"texture":"#2"},"up":{"uv":[5.375,14.375,5,14],"texture":"#2"},"down":{"uv":[14.375,5,14,5.375],"texture":"#2"}}},{"from":[9.93246,-2.37365,7.4793],"to":[10.96926,-0.73781,8.5207],"rotation":{"angle":22.5,"axis":"z","origin":[8,0.23257,8]},"faces":{"north":{"uv":[13,4,13.375,4.625],"texture":"#2"},"east":{"uv":[4.5,13,4.875,13.625],"texture":"#2"},"south":{"uv":[5,13,5.375,13.625],"texture":"#2"},"west":{"uv":[13,5,13.375,5.625],"texture":"#2"},"up":{"uv":[14.375,3.375,14,3],"texture":"#2"},"down":{"uv":[3.875,14,3.5,14.375],"texture":"#2"}}},{"from":[11.06719,0.8804,7.5561],"to":[12.31903,1.5332,8.4439],"rotation":{"angle":-22.5,"axis":"z","origin":[8,0.23257,8]},"faces":{"north":{"uv":[14.5,2.5,15,2.75],"texture":"#2"},"east":{"uv":[5.5,14.5,5.875,14.75],"texture":"#2"},"south":{"uv":[3,14.5,3.5,14.75],"texture":"#2"},"west":{"uv":[14.5,5.5,14.875,5.75],"texture":"#2"},"up":{"uv":[8,13.875,7.5,13.5],"texture":"#2"},"down":{"uv":[8.5,13.5,8,13.875],"texture":"#2"}}},{"from":[9.7702,2.00278,7.12141],"to":[10.33054,2.56311,8.87859],"rotation":{"angle":45,"axis":"z","origin":[8,0.23257,8]},"faces":{"north":{"uv":[10.75,14.5,10.5,14.75],"texture":"#2"},"east":{"uv":[14.25,9.5,13.5,9.75],"texture":"#2"},"south":{"uv":[14.75,10.5,14.5,10.75],"texture":"#2"},"west":{"uv":[14.25,9,13.5,9.25],"texture":"#2"},"up":{"uv":[9,14.25,9.25,13.5],"texture":"#2"},"down":{"uv":[13.5,10,13.75,10.75],"texture":"#2"}}},{"from":[1.52641,-2.73932,7.94],"to":[11.12641,6.86068,8.06],"rotation":{"angle":45,"axis":"z","origin":[8,0.23257,8]},"faces":{"north":{"uv":[0,16,16,0],"rotation":270,"texture":"#1"},"east":{"uv":[0.5,0.5,0,0],"rotation":90,"texture":"#1"},"south":{"uv":[16,16,0,0],"rotation":90,"texture":"#1"},"west":{"uv":[0.5,0.5,0,0],"rotation":90,"texture":"#1"},"up":{"uv":[0,0.625,0.5,0],"rotation":90,"texture":"#1"},"down":{"uv":[0,0.625,0.5,0],"rotation":90,"texture":"#1"}}},{"from":[4.87359,-2.73932,7.94],"to":[14.47359,6.86068,8.06],"rotation":{"angle":-45,"axis":"z","origin":[8,0.23257,8]},"faces":{"north":{"uv":[0,0,16,16],"rotation":270,"texture":"#1"},"east":{"uv":[0.5,0,0,0.5],"rotation":90,"texture":"#1"},"south":{"uv":[16,0,0,16],"rotation":90,"texture":"#1"},"west":{"uv":[0.5,0,0,0.5],"rotation":90,"texture":"#1"},"up":{"uv":[0,0,0.5,0.625],"rotation":90,"texture":"#1"},"down":{"uv":[0,0,0.5,0.625],"rotation":90,"texture":"#1"}}},{"from":[10.69932,0.34262,7.5177],"to":[11.54412,1.97846,8.4823],"rotation":{"angle":-45,"axis":"z","origin":[8,0.23257,8]},"faces":{"north":{"uv":[5.5,13,5.875,13.625],"texture":"#2"},"east":{"uv":[6,13,6.375,13.625],"texture":"#2"},"south":{"uv":[13,6,13.375,6.625],"texture":"#2"},"west":{"uv":[6.5,13,6.875,13.625],"texture":"#2"},"up":{"uv":[14.375,3.875,14,3.5],"texture":"#2"},"down":{"uv":[4.875,14,4.5,14.375],"texture":"#2"}}},{"from":[9.13464,-3.279,7.5561],"to":[9.78744,-2.21916,8.4439],"rotation":{"angle":22.5,"axis":"z","origin":[8,0.23257,8]},"faces":{"north":{"uv":[14,7.5,14.25,8],"texture":"#2"},"east":{"uv":[13.5,1.5,13.875,2],"texture":"#2"},"south":{"uv":[8,14,8.25,14.5],"texture":"#2"},"west":{"uv":[2,13.5,2.375,14],"texture":"#2"},"up":{"uv":[4.75,14.875,4.5,14.5],"texture":"#2"},"down":{"uv":[14.75,4.5,14.5,4.875],"texture":"#2"}}},{"from":[7.70445,-4.31375,7.5945],"to":[8.31885,-3.44591,8.4055],"rotation":{"angle":45,"axis":"z","origin":[8,0.23257,8]},"faces":{"north":{"uv":[6,14.375,6.25,14.75],"texture":"#2"},"east":{"uv":[6,13.875,6.375,14.25],"texture":"#2"},"south":{"uv":[14.5,6,14.75,6.375],"texture":"#2"},"west":{"uv":[14,5.875,14.375,6.25],"texture":"#2"},"up":{"uv":[6.75,14.75,6.5,14.375],"texture":"#2"},"down":{"uv":[14.75,6.5,14.5,6.875],"texture":"#2"}}},{"from":[4.45588,0.34262,7.5177],"to":[5.30068,1.97846,8.4823],"rotation":{"angle":45,"axis":"z","origin":[8,0.23257,8]},"faces":{"north":{"uv":[5.875,13,5.5,13.625],"texture":"#2"},"east":{"uv":[6.875,13,6.5,13.625],"texture":"#2"},"south":{"uv":[13.375,6,13,6.625],"texture":"#2"},"west":{"uv":[6.375,13,6,13.625],"texture":"#2"},"up":{"uv":[14,3.875,14.375,3.5],"texture":"#2"},"down":{"uv":[4.5,14,4.875,14.375],"texture":"#2"}}},{"from":[6.21256,-3.279,7.5561],"to":[6.86536,-2.21916,8.4439],"rotation":{"angle":-22.5,"axis":"z","origin":[8,0.23257,8]},"faces":{"north":{"uv":[14.25,7.5,14,8],"texture":"#2"},"east":{"uv":[2.375,13.5,2,14],"texture":"#2"},"south":{"uv":[8.25,14,8,14.5],"texture":"#2"},"west":{"uv":[13.875,1.5,13.5,2],"texture":"#2"},"up":{"uv":[4.5,14.875,4.75,14.5],"texture":"#2"},"down":{"uv":[14.5,4.5,14.75,4.875],"texture":"#2"}}},{"from":[7.68115,-4.31375,7.5945],"to":[8.29555,-3.44591,8.4055],"rotation":{"angle":-45,"axis":"z","origin":[8,0.23257,8]},"faces":{"north":{"uv":[6.25,14.375,6,14.75],"texture":"#2"},"east":{"uv":[14.375,5.875,14,6.25],"texture":"#2"},"south":{"uv":[14.75,6,14.5,6.375],"texture":"#2"},"west":{"uv":[6.375,13.875,6,14.25],"texture":"#2"},"up":{"uv":[6.5,14.75,6.75,14.375],"texture":"#2"},"down":{"uv":[14.5,6.5,14.75,6.875],"texture":"#2"}}},{"from":[10.23886,-11.32108,7.328],"to":[10.60366,-10.95628,8.672],"rotation":{"angle":-45,"axis":"z","origin":[8.06553,-8.69028,8]},"faces":{"north":{"uv":[11.125,14.5,11,14.625],"texture":"#2"},"east":{"uv":[15.125,7,14.5,7.125],"texture":"#2"},"south":{"uv":[14.625,11,14.5,11.125],"texture":"#2"},"west":{"uv":[7.625,14.5,7,14.625],"texture":"#2"},"up":{"uv":[14.75,7.625,14.875,7],"texture":"#2"},"down":{"uv":[8.25,14,8.375,14.625],"texture":"#2"}}},{"from":[8.49743,-10.65485,7.296],"to":[9.93743,-10.01485,8.704],"rotation":{"angle":-45,"axis":"z","origin":[8.06553,-8.69028,8]},"faces":{"north":{"uv":[12.75,8,12,8.375],"texture":"#2"},"east":{"uv":[12.75,10,12,10.375],"texture":"#2"},"south":{"uv":[12.75,9.5,12,9.875],"texture":"#2"},"west":{"uv":[12.75,8.5,12,8.875],"texture":"#2"},"up":{"uv":[1.5,11.25,2.25,10.5],"texture":"#2"},"down":{"uv":[2.5,10.5,3.25,11.25],"texture":"#2"}}},{"from":[9.29743,-10.01485,7.296],"to":[9.93743,-9.21485,8.704],"rotation":{"angle":-45,"axis":"z","origin":[8.06553,-8.69028,8]},"faces":{"north":{"uv":[14.375,2.5,14,2.875],"texture":"#2"},"east":{"uv":[11.75,12,11,12.375],"texture":"#2"},"south":{"uv":[3.375,14,3,14.375],"texture":"#2"},"west":{"uv":[12.75,10.5,12,10.875],"texture":"#2"},"up":{"uv":[12,12.25,12.375,11.5],"texture":"#2"},"down":{"uv":[12.5,3.5,12.875,4.25],"texture":"#2"}}},{"from":[8.00839,-10.79305,7.36],"to":[8.64839,-9.67305,8.64],"rotation":{"angle":-22.5,"axis":"z","origin":[8.06553,-8.69028,8]},"faces":{"north":{"uv":[13.875,0.5,13.5,1],"texture":"#2"},"east":{"uv":[12.625,6.5,12,7],"texture":"#2"},"south":{"uv":[1.875,13.5,1.5,14],"texture":"#2"},"west":{"uv":[12.625,1.5,12,2],"texture":"#2"},"up":{"uv":[2.5,13.625,2.875,13],"texture":"#2"},"down":{"uv":[3,13,3.375,13.625],"texture":"#2"}}},{"from":[6.47732,-11.70935,7.36],"to":[7.11732,-9.94935,8.64],"rotation":{"angle":22.5,"axis":"z","origin":[8.06553,-8.69028,8]},"faces":{"north":{"uv":[10.375,11.5,10,12.375],"texture":"#2"},"east":{"uv":[11.125,7,10.5,7.875],"texture":"#2"},"south":{"uv":[10.875,11.5,10.5,12.375],"texture":"#2"},"west":{"uv":[7.625,10.5,7,11.375],"texture":"#2"},"up":{"uv":[13,3.625,13.375,3],"texture":"#2"},"down":{"uv":[3.5,13,3.875,13.625],"texture":"#2"}}},{"from":[6.5634,-13.62638,8],"to":[9.4366,-9.37198,8],"rotation":{"angle":0,"axis":"y","origin":[8,-11.49918,8]},"faces":{"north":{"uv":[8.375,3,7,5.125],"texture":"#2"},"east":{"uv":[0,0,0,2.125],"texture":"#2"},"south":{"uv":[8.375,3,7,5.125],"texture":"#2"},"west":{"uv":[0,0,0,2.125],"texture":"#2"},"up":{"uv":[0,0,1.5,0],"texture":"#2"},"down":{"uv":[0,0,1.5,0],"texture":"#2"}}},{"from":[6.36503,-3.01736,7.50808],"to":[9.68023,0.23384,8.49192],"rotation":{"angle":-45,"axis":"z","origin":[8.02263,-1.39176,8]},"faces":{"north":{"uv":[10.125,0,8.5,1.625],"rotation":180,"texture":"#2"},"east":{"uv":[0.25,11.5,0,13.125],"rotation":180,"texture":"#2"},"south":{"uv":[10.125,2,8.5,3.625],"rotation":180,"texture":"#2"},"west":{"uv":[11.75,0,11.5,1.625],"rotation":180,"texture":"#2"},"up":{"uv":[11.5,2,13.125,2.25],"rotation":180,"texture":"#2"},"down":{"uv":[1.5,11.75,3.125,11.5],"rotation":180,"texture":"#2"}}},{"from":[3.82952,16.71656,7.7712],"to":[5.14479,17.68808,8.2288],"rotation":{"angle":-45,"axis":"z","origin":[5.49968,16.42934,8]},"faces":{"north":{"uv":[3.5,12,4,12.625],"rotation":90,"texture":"#2"},"east":{"uv":[14.5,10,14,10.25],"rotation":270,"texture":"#2"},"south":{"uv":[6,12,6.5,12.625],"rotation":270,"texture":"#2"},"west":{"uv":[10.5,14.25,10,14],"rotation":270,"texture":"#2"},"up":{"uv":[14,1.5,14.25,2.125],"rotation":270,"texture":"#2"},"down":{"uv":[2.5,14,2.75,14.625],"rotation":270,"texture":"#2"}}},{"from":[5.55527,14.33964,7.7712],"to":[6.52679,17.23891,8.2288],"rotation":{"angle":22.5,"axis":"z","origin":[5.49968,16.42934,8]},"faces":{"north":{"uv":[8.5,4,9,5.375],"texture":"#2"},"east":{"uv":[9.5,11.5,9.75,12.875],"texture":"#2"},"south":{"uv":[10,10,10.5,11.375],"texture":"#2"},"west":{"uv":[11.5,9.5,11.75,10.875],"texture":"#2"},"up":{"uv":[14.5,8.75,14,8.5],"texture":"#2"},"down":{"uv":[10,14,9.5,14.25],"texture":"#2"}}},{"from":[6.87326,12.38771,7.78],"to":[7.70398,15.68243,8.22],"rotation":{"angle":-22.5,"axis":"z","origin":[5.49968,16.42934,8]},"faces":{"north":{"uv":[3.5,10.5,3.875,12],"texture":"#2"},"east":{"uv":[0.5,11.5,0.75,13],"texture":"#2"},"south":{"uv":[10.5,5.5,10.875,7],"texture":"#2"},"west":{"uv":[11.5,6.5,11.75,8],"texture":"#2"},"up":{"uv":[5.375,14.75,5,14.5],"texture":"#2"},"down":{"uv":[14.875,5,14.5,5.25],"texture":"#2"}}},{"from":[5.08458,17.262,7.7855],"to":[6.2761,19.00792,8.2145],"rotation":{"angle":0,"axis":"z","origin":[5.49968,16.42934,8]},"faces":{"north":{"uv":[7.5,12.25,7,11.5],"rotation":180,"texture":"#2"},"east":{"uv":[13.75,5.75,13.5,5],"rotation":180,"texture":"#2"},"south":{"uv":[8,12.25,7.5,11.5],"rotation":180,"texture":"#2"},"west":{"uv":[13.75,6.75,13.5,6],"rotation":180,"texture":"#2"},"up":{"uv":[0.5,14.5,1,14.75],"rotation":180,"texture":"#2"},"down":{"uv":[14.5,0.75,15,0.5],"rotation":180,"texture":"#2"}}},{"from":[3.0474,17.83544,7.77824],"to":[4.20724,18.80696,8.22176],"rotation":{"angle":-45,"axis":"z","origin":[5.49968,16.42934,8]},"faces":{"north":{"uv":[13,6.5,12.5,6],"rotation":270,"texture":"#2"},"east":{"uv":[14.5,0.25,15,0],"rotation":90,"texture":"#2"},"south":{"uv":[7,13,6.5,12.5],"rotation":90,"texture":"#2"},"west":{"uv":[0,14.5,0.5,14.75],"rotation":90,"texture":"#2"},"up":{"uv":[13.75,14.5,13.5,14],"rotation":90,"texture":"#2"},"down":{"uv":[14.25,14.5,14,14],"rotation":90,"texture":"#2"}}},{"from":[4.55215,17.88635,7.7888],"to":[5.52367,21.74427,8.2112],"rotation":{"angle":0,"axis":"z","origin":[5.49968,16.42934,8]},"faces":{"north":{"uv":[6,10.75,5.5,9],"rotation":180,"texture":"#2"},"east":{"uv":[10.75,10.75,10.5,9],"rotation":180,"texture":"#2"},"south":{"uv":[6.5,10.75,6,9],"rotation":180,"texture":"#2"},"west":{"uv":[11.25,2.75,11,1],"rotation":180,"texture":"#2"},"up":{"uv":[14,8,14.5,8.25],"rotation":180,"texture":"#2"},"down":{"uv":[8.5,14.25,9,14],"rotation":180,"texture":"#2"}}},{"from":[0.58047,19.23828,7.77824],"to":[1.74031,20.2098,8.22176],"rotation":{"angle":-45,"axis":"z","origin":[5.49968,16.42934,8]},"faces":{"north":{"uv":[13,5.5,12.5,5],"rotation":270,"texture":"#2"},"east":{"uv":[13,14.25,13.5,14],"rotation":90,"texture":"#2"},"south":{"uv":[13,6,12.5,5.5],"rotation":90,"texture":"#2"},"west":{"uv":[14,12.5,14.5,12.75],"rotation":90,"texture":"#2"},"up":{"uv":[14.25,12.5,14,12],"rotation":90,"texture":"#2"},"down":{"uv":[12.75,14.5,12.5,14],"rotation":90,"texture":"#2"}}},{"from":[6.81977,-9.7735,7.50808],"to":[9.13497,-7.5223,8.49192],"rotation":{"angle":-45,"axis":"z","origin":[7.97737,-8.6479,8]},"faces":{"north":{"uv":[10.125,0,8.5,1.625],"rotation":180,"texture":"#2"},"east":{"uv":[0.25,11.5,0,13.125],"rotation":180,"texture":"#2"},"south":{"uv":[10.125,2,8.5,3.625],"rotation":180,"texture":"#2"},"west":{"uv":[11.75,0,11.5,1.625],"rotation":180,"texture":"#2"},"up":{"uv":[11.5,2,13.125,2.25],"rotation":180,"texture":"#2"},"down":{"uv":[1.5,11.75,3.125,11.5],"rotation":180,"texture":"#2"}}},{"from":[5.56686,-7.71836,7.5484],"to":[6.45006,-6.66396,8.4516],"rotation":{"angle":-45,"axis":"z","origin":[8,-8.41628,8]},"faces":{"north":{"uv":[13,5,12.5,5.5],"texture":"#2"},"east":{"uv":[12.75,14,12.5,14.5],"texture":"#2"},"south":{"uv":[13,5.5,12.5,6],"texture":"#2"},"west":{"uv":[14.25,12,14,12.5],"texture":"#2"},"up":{"uv":[14,12.75,14.5,12.5],"texture":"#2"},"down":{"uv":[13,14,13.5,14.25],"texture":"#2"}}},{"from":[6.24768,-6.86634,7.5484],"to":[7.30208,-5.98314,8.4516],"rotation":{"angle":-45,"axis":"z","origin":[8,-8.41628,8]},"faces":{"north":{"uv":[13,5.5,12.5,5],"rotation":270,"texture":"#2"},"east":{"uv":[13,14.25,13.5,14],"rotation":90,"texture":"#2"},"south":{"uv":[13,6,12.5,5.5],"rotation":90,"texture":"#2"},"west":{"uv":[14,12.5,14.5,12.75],"rotation":90,"texture":"#2"},"up":{"uv":[14.25,12.5,14,12],"rotation":90,"texture":"#2"},"down":{"uv":[12.75,14.5,12.5,14],"rotation":90,"texture":"#2"}}},{"from":[7.70633,-9.40701,7.558],"to":[8.58953,-5.89981,8.442],"rotation":{"angle":-22.5,"axis":"z","origin":[8.14793,-7.65341,8]},"faces":{"north":{"uv":[5.5,9,6,10.75],"texture":"#2"},"east":{"uv":[10.5,9,10.75,10.75],"texture":"#2"},"south":{"uv":[6,9,6.5,10.75],"texture":"#2"},"west":{"uv":[11,1,11.25,2.75],"texture":"#2"},"up":{"uv":[14.5,8.25,14,8],"texture":"#2"},"down":{"uv":[9,14,8.5,14.25],"texture":"#2"}}},{"from":[7.41047,-9.40701,7.558],"to":[8.29367,-5.89981,8.442],"rotation":{"angle":22.5,"axis":"z","origin":[7.85207,-7.65341,8]},"faces":{"north":{"uv":[6,9,5.5,10.75],"texture":"#2"},"east":{"uv":[11.25,1,11,2.75],"texture":"#2"},"south":{"uv":[6.5,9,6,10.75],"texture":"#2"},"west":{"uv":[10.75,9,10.5,10.75],"texture":"#2"},"up":{"uv":[14,8.25,14.5,8],"texture":"#2"},"down":{"uv":[8.5,14,9,14.25],"texture":"#2"}}},{"from":[7.02872,-4.52791,7.424],"to":[7.66872,-3.40791,8.576],"rotation":{"angle":-22.5,"axis":"z","origin":[8.06553,-4.79028,8]},"faces":{"north":{"uv":[13.375,1.5,13,2],"texture":"#2"},"east":{"uv":[12.625,0,12,0.5],"texture":"#2"},"south":{"uv":[13.375,10.5,13,11],"texture":"#2"},"west":{"uv":[11.625,11.5,11,12],"texture":"#2"},"up":{"uv":[12.5,13.125,12.875,12.5],"texture":"#2"},"down":{"uv":[13,0,13.375,0.625],"texture":"#2"}}},{"from":[7.59267,-5.66759,7.424],"to":[8.16867,-4.65959,8.576],"rotation":{"angle":-22.5,"axis":"z","origin":[8.06553,-4.79028,8]},"faces":{"north":{"uv":[6.75,13.875,6.5,14.375],"texture":"#2"},"east":{"uv":[12.625,1,12,1.5],"texture":"#2"},"south":{"uv":[14.25,6.5,14,7],"texture":"#2"},"west":{"uv":[12.625,0.5,12,1],"texture":"#2"},"up":{"uv":[12,14.125,12.25,13.5],"texture":"#2"},"down":{"uv":[13.5,12,13.75,12.625],"texture":"#2"}}},{"from":[7.48724,-4.30466,7.36],"to":[8.12724,-3.82466,8.64],"rotation":{"angle":-45,"axis":"z","origin":[8.06553,-4.79028,8]},"faces":{"north":{"uv":[14.875,3.5,14.5,3.75],"texture":"#2"},"east":{"uv":[14.125,13,13.5,13.25],"texture":"#2"},"south":{"uv":[14.875,4,14.5,4.25],"texture":"#2"},"west":{"uv":[13.125,13.5,12.5,13.75],"texture":"#2"},"up":{"uv":[0.5,13.625,0.875,13],"texture":"#2"},"down":{"uv":[1,13,1.375,13.625],"texture":"#2"}}},{"from":[7.00724,-4.94466,7.36],"to":[8.12724,-4.30466,8.64],"rotation":{"angle":-45,"axis":"z","origin":[8.06553,-4.79028,8]},"faces":{"north":{"uv":[0.5,13.5,0,13.875],"texture":"#2"},"east":{"uv":[2.125,13,1.5,13.375],"texture":"#2"},"south":{"uv":[14,0,13.5,0.375],"texture":"#2"},"west":{"uv":[13.625,1,13,1.375],"texture":"#2"},"up":{"uv":[1.5,12.625,2,12],"texture":"#2"},"down":{"uv":[2,12,2.5,12.625],"texture":"#2"}}},{"from":[8.3964,-5.20576,7.3664],"to":[8.9724,-4.77376,8.6336],"rotation":{"angle":-45,"axis":"z","origin":[8.06553,-4.79028,8]},"faces":{"north":{"uv":[8.75,14.5,8.5,14.75],"texture":"#2"},"east":{"uv":[0.625,14,0,14.25],"texture":"#2"},"south":{"uv":[14.75,8.5,14.5,8.75],"texture":"#2"},"west":{"uv":[14.125,13.5,13.5,13.75],"texture":"#2"},"up":{"uv":[14,0.625,14.25,0],"texture":"#2"},"down":{"uv":[1,14,1.25,14.625],"texture":"#2"}}},{"from":[7.9644,-5.78176,7.3664],"to":[8.9724,-5.20576,8.6336],"rotation":{"angle":-45,"axis":"z","origin":[8.06553,-4.79028,8]},"faces":{"north":{"uv":[14.5,7,14,7.25],"texture":"#2"},"east":{"uv":[2.125,14,1.5,14.25],"texture":"#2"},"south":{"uv":[8,14,7.5,14.25],"texture":"#2"},"west":{"uv":[14.625,1,14,1.25],"texture":"#2"},"up":{"uv":[2.5,12.625,3,12],"texture":"#2"},"down":{"uv":[3,12,3.5,12.625],"texture":"#2"}}},{"from":[8.33128,-4.52791,7.424],"to":[8.97128,-3.40791,8.576],"rotation":{"angle":22.5,"axis":"z","origin":[7.93447,-4.79028,8]},"faces":{"north":{"uv":[13,1.5,13.375,2],"texture":"#2"},"east":{"uv":[11,11.5,11.625,12],"texture":"#2"},"south":{"uv":[13,10.5,13.375,11],"texture":"#2"},"west":{"uv":[12,0,12.625,0.5],"texture":"#2"},"up":{"uv":[12.875,13.125,12.5,12.5],"texture":"#2"},"down":{"uv":[13.375,0,13,0.625],"texture":"#2"}}},{"from":[7.83133,-5.66759,7.424],"to":[8.40733,-4.65959,8.576],"rotation":{"angle":22.5,"axis":"z","origin":[7.93447,-4.79028,8]},"faces":{"north":{"uv":[6.5,13.875,6.75,14.375],"texture":"#2"},"east":{"uv":[12,0.5,12.625,1],"texture":"#2"},"south":{"uv":[14,6.5,14.25,7],"texture":"#2"},"west":{"uv":[12,1,12.625,1.5],"texture":"#2"},"up":{"uv":[12.25,14.125,12,13.5],"texture":"#2"},"down":{"uv":[13.75,12,13.5,12.625],"texture":"#2"}}},{"from":[7.59267,-3.41759,7.424],"to":[8.16867,-2.40959,8.576],"rotation":{"angle":-22.5,"axis":"z","origin":[8.06553,-2.54028,8]},"faces":{"north":{"uv":[6.75,13.875,6.5,14.375],"texture":"#2"},"east":{"uv":[12.625,1,12,1.5],"texture":"#2"},"south":{"uv":[14.25,6.5,14,7],"texture":"#2"},"west":{"uv":[12.625,0.5,12,1],"texture":"#2"},"up":{"uv":[12,14.125,12.25,13.5],"texture":"#2"},"down":{"uv":[13.5,12,13.75,12.625],"texture":"#2"}}},{"from":[8.3964,-2.95576,7.3664],"to":[8.9724,-2.52376,8.6336],"rotation":{"angle":-45,"axis":"z","origin":[8.06553,-2.54028,8]},"faces":{"north":{"uv":[8.75,14.5,8.5,14.75],"texture":"#2"},"east":{"uv":[0.625,14,0,14.25],"texture":"#2"},"south":{"uv":[14.75,8.5,14.5,8.75],"texture":"#2"},"west":{"uv":[14.125,13.5,13.5,13.75],"texture":"#2"},"up":{"uv":[14,0.625,14.25,0],"texture":"#2"},"down":{"uv":[1,14,1.25,14.625],"texture":"#2"}}},{"from":[7.9644,-3.53176,7.3664],"to":[8.9724,-2.95576,8.6336],"rotation":{"angle":-45,"axis":"z","origin":[8.06553,-2.54028,8]},"faces":{"north":{"uv":[14.5,7,14,7.25],"texture":"#2"},"east":{"uv":[2.125,14,1.5,14.25],"texture":"#2"},"south":{"uv":[8,14,7.5,14.25],"texture":"#2"},"west":{"uv":[14.625,1,14,1.25],"texture":"#2"},"up":{"uv":[2.5,12.625,3,12],"texture":"#2"},"down":{"uv":[3,12,3.5,12.625],"texture":"#2"}}},{"from":[7.83133,-3.41759,7.424],"to":[8.40733,-2.40959,8.576],"rotation":{"angle":22.5,"axis":"z","origin":[7.93447,-2.54028,8]},"faces":{"north":{"uv":[6.5,13.875,6.75,14.375],"texture":"#2"},"east":{"uv":[12,0.5,12.625,1],"texture":"#2"},"south":{"uv":[14,6.5,14.25,7],"texture":"#2"},"west":{"uv":[12,1,12.625,1.5],"texture":"#2"},"up":{"uv":[12.25,14.125,12,13.5],"texture":"#2"},"down":{"uv":[13.75,12,13.5,12.625],"texture":"#2"}}},{"from":[7.35161,-10.79305,7.36],"to":[7.99161,-9.67305,8.64],"rotation":{"angle":22.5,"axis":"z","origin":[7.93447,-8.69028,8]},"faces":{"north":{"uv":[13.5,0.5,13.875,1],"texture":"#2"},"east":{"uv":[12,1.5,12.625,2],"texture":"#2"},"south":{"uv":[1.5,13.5,1.875,14],"texture":"#2"},"west":{"uv":[12,6.5,12.625,7],"texture":"#2"},"up":{"uv":[2.875,13.625,2.5,13],"texture":"#2"},"down":{"uv":[3.375,13,3,13.625],"texture":"#2"}}},{"from":[8.88268,-11.70935,7.36],"to":[9.52268,-9.94935,8.64],"rotation":{"angle":-22.5,"axis":"z","origin":[7.93447,-8.69028,8]},"faces":{"north":{"uv":[10,11.5,10.375,12.375],"texture":"#2"},"east":{"uv":[7,10.5,7.625,11.375],"texture":"#2"},"south":{"uv":[10.5,11.5,10.875,12.375],"texture":"#2"},"west":{"uv":[10.5,7,11.125,7.875],"texture":"#2"},"up":{"uv":[13.375,3.625,13,3],"texture":"#2"},"down":{"uv":[3.875,13,3.5,13.625],"texture":"#2"}}},{"from":[10.23886,-2.24372,7.328],"to":[10.60366,-1.87892,8.672],"rotation":{"angle":45,"axis":"z","origin":[8.06553,-4.50972,8]},"faces":{"north":{"uv":[11.125,14.625,11,14.5],"texture":"#2"},"east":{"uv":[15.125,7.125,14.5,7],"texture":"#2"},"south":{"uv":[14.625,11.125,14.5,11],"texture":"#2"},"west":{"uv":[7.625,14.625,7,14.5],"texture":"#2"},"up":{"uv":[8.25,14.625,8.375,14],"texture":"#2"},"down":{"uv":[14.75,7,14.875,7.625],"texture":"#2"}}},{"from":[4.32892,8.56251,7.76625],"to":[5.30044,9.87778,8.23375],"rotation":{"angle":-22.5,"axis":"z","origin":[7.08972,4.21458,8]},"faces":{"north":{"uv":[4,12,3.5,12.625],"rotation":180,"texture":"#2"},"east":{"uv":[14.25,1.5,14,2.125],"rotation":180,"texture":"#2"},"south":{"uv":[6.5,12,6,12.625],"rotation":180,"texture":"#2"},"west":{"uv":[2.75,14,2.5,14.625],"rotation":180,"texture":"#2"},"up":{"uv":[14,10,14.5,10.25],"rotation":180,"texture":"#2"},"down":{"uv":[10,14.25,10.5,14],"rotation":180,"texture":"#2"}}},{"from":[3.63059,9.70989,7.7712],"to":[4.60211,12.60916,8.2288],"rotation":{"angle":22.5,"axis":"z","origin":[5.49968,16.42934,8]},"faces":{"north":{"uv":[8.5,5.375,9,4],"texture":"#2"},"east":{"uv":[9.5,12.875,9.75,11.5],"texture":"#2"},"south":{"uv":[10,11.375,10.5,10],"texture":"#2"},"west":{"uv":[11.5,10.875,11.75,9.5],"texture":"#2"},"up":{"uv":[10,14.25,9.5,14],"texture":"#2"},"down":{"uv":[14.5,8.5,14,8.75],"texture":"#2"}}},{"from":[8.77477,8.04672,7.7855],"to":[9.96629,9.79264,8.2145],"rotation":{"angle":22.5,"axis":"z","origin":[7.08972,4.21458,8]},"faces":{"north":{"uv":[7,12.25,7.5,11.5],"texture":"#2"},"east":{"uv":[13.5,5.75,13.75,5],"texture":"#2"},"south":{"uv":[7.5,12.25,8,11.5],"texture":"#2"},"west":{"uv":[13.5,6.75,13.75,6],"texture":"#2"},"up":{"uv":[15,0.75,14.5,0.5],"texture":"#2"},"down":{"uv":[1,14.5,0.5,14.75],"texture":"#2"}}},{"from":[5.64046,10.42318,7.51171],"to":[6.56974,11.589,8.48829],"rotation":{"angle":-22.5,"axis":"z","origin":[6.33972,8.96458,8]},"faces":{"north":{"uv":[14,2,13.5,2.375],"rotation":270,"texture":"#2"},"east":{"uv":[13.5,3.375,14,3],"rotation":90,"texture":"#2"},"south":{"uv":[14,2.5,13.5,2.875],"rotation":90,"texture":"#2"},"west":{"uv":[13.5,3.5,14,3.875],"rotation":90,"texture":"#2"},"up":{"uv":[5.875,14,5.5,14.375],"rotation":90,"texture":"#2"},"down":{"uv":[14.375,5.5,14,5.875],"rotation":90,"texture":"#2"}}},{"from":[3.86663,11.08825,7.46947],"to":[5.66605,12.01753,8.53053],"rotation":{"angle":-45,"axis":"z","origin":[6.33972,8.96458,8]},"faces":{"north":{"uv":[13.375,8,13,8.625],"rotation":270,"texture":"#2"},"east":{"uv":[5,14.375,5.375,14],"rotation":90,"texture":"#2"},"south":{"uv":[9.875,13,9.5,13.625],"rotation":90,"texture":"#2"},"west":{"uv":[14,5,14.375,5.375],"rotation":90,"texture":"#2"},"up":{"uv":[8.875,13,8.5,13.625],"rotation":90,"texture":"#2"},"down":{"uv":[13.375,9.5,13,10.125],"rotation":90,"texture":"#2"}}},{"from":[6.09264,12.21498,7.51171],"to":[6.81072,13.59201,8.48829],"rotation":{"angle":0,"axis":"z","origin":[6.33972,8.96458,8]},"faces":{"north":{"uv":[15,2.5,14.5,2.75],"rotation":270,"texture":"#2"},"east":{"uv":[7.5,13.875,8,13.5],"rotation":90,"texture":"#2"},"south":{"uv":[3.5,14.5,3,14.75],"rotation":90,"texture":"#2"},"west":{"uv":[8,13.5,8.5,13.875],"rotation":90,"texture":"#2"},"up":{"uv":[5.875,14.5,5.5,14.75],"rotation":90,"texture":"#2"},"down":{"uv":[14.875,5.5,14.5,5.75],"rotation":90,"texture":"#2"}}},{"from":[6.84264,7.46498,7.51171],"to":[7.56072,8.84201,8.48829],"rotation":{"angle":0,"axis":"z","origin":[7.08972,4.21458,8]},"faces":{"north":{"uv":[15,2.5,14.5,2.75],"rotation":270,"texture":"#2"},"east":{"uv":[7.5,13.875,8,13.5],"rotation":90,"texture":"#2"},"south":{"uv":[3.5,14.5,3,14.75],"rotation":90,"texture":"#2"},"west":{"uv":[8,13.5,8.5,13.875],"rotation":90,"texture":"#2"},"up":{"uv":[5.875,14.5,5.5,14.75],"rotation":90,"texture":"#2"},"down":{"uv":[14.875,5.5,14.5,5.75],"rotation":90,"texture":"#2"}}},{"from":[4.61663,6.33825,7.46947],"to":[6.41605,7.26753,8.53053],"rotation":{"angle":-45,"axis":"z","origin":[7.08972,4.21458,8]},"faces":{"north":{"uv":[13.375,8,13,8.625],"rotation":270,"texture":"#2"},"east":{"uv":[5,14.375,5.375,14],"rotation":90,"texture":"#2"},"south":{"uv":[9.875,13,9.5,13.625],"rotation":90,"texture":"#2"},"west":{"uv":[14,5,14.375,5.375],"rotation":90,"texture":"#2"},"up":{"uv":[8.875,13,8.5,13.625],"rotation":90,"texture":"#2"},"down":{"uv":[13.375,9.5,13,10.125],"rotation":90,"texture":"#2"}}},{"from":[6.39046,5.67318,7.51171],"to":[7.31974,6.839,8.48829],"rotation":{"angle":-22.5,"axis":"z","origin":[7.08972,4.21458,8]},"faces":{"north":{"uv":[14,2,13.5,2.375],"rotation":270,"texture":"#2"},"east":{"uv":[13.5,3.375,14,3],"rotation":90,"texture":"#2"},"south":{"uv":[14,2.5,13.5,2.875],"rotation":90,"texture":"#2"},"west":{"uv":[13.5,3.5,14,3.875],"rotation":90,"texture":"#2"},"up":{"uv":[5.875,14,5.5,14.375],"rotation":90,"texture":"#2"},"down":{"uv":[14.375,5.5,14,5.875],"rotation":90,"texture":"#2"}}},{"from":[3.96566,20.27646,7.51171],"to":[4.89494,21.44229,8.48829],"rotation":{"angle":22.5,"axis":"z","origin":[3.91641,21.70889,8]},"faces":{"north":{"uv":[14,2,13.5,2.375],"rotation":270,"texture":"#2"},"east":{"uv":[13.5,3.375,14,3],"rotation":90,"texture":"#2"},"south":{"uv":[14,2.5,13.5,2.875],"rotation":90,"texture":"#2"},"west":{"uv":[13.5,3.5,14,3.875],"rotation":90,"texture":"#2"},"up":{"uv":[5.875,14,5.5,14.375],"rotation":90,"texture":"#2"},"down":{"uv":[14.375,5.5,14,5.875],"rotation":90,"texture":"#2"}}},{"from":[3.2412,21.44804,7.46947],"to":[5.04062,22.37732,8.53053],"rotation":{"angle":0,"axis":"z","origin":[3.91641,21.70889,8]},"faces":{"north":{"uv":[13.375,8,13,8.625],"rotation":270,"texture":"#2"},"east":{"uv":[5,14.375,5.375,14],"rotation":90,"texture":"#2"},"south":{"uv":[9.875,13,9.5,13.625],"rotation":90,"texture":"#2"},"west":{"uv":[14,5,14.375,5.375],"rotation":90,"texture":"#2"},"up":{"uv":[8.875,13,8.5,13.625],"rotation":90,"texture":"#2"},"down":{"uv":[13.375,9.5,13,10.125],"rotation":90,"texture":"#2"}}},{"from":[3.25452,22.00189,7.51171],"to":[3.9726,23.37891,8.48829],"rotation":{"angle":45,"axis":"z","origin":[3.91641,21.70889,8]},"faces":{"north":{"uv":[15,2.5,14.5,2.75],"rotation":270,"texture":"#2"},"east":{"uv":[7.5,13.875,8,13.5],"rotation":90,"texture":"#2"},"south":{"uv":[3.5,14.5,3,14.75],"rotation":90,"texture":"#2"},"west":{"uv":[8,13.5,8.5,13.875],"rotation":90,"texture":"#2"},"up":{"uv":[5.875,14.5,5.5,14.75],"rotation":90,"texture":"#2"},"down":{"uv":[14.875,5.5,14.5,5.75],"rotation":90,"texture":"#2"}}},{"from":[2.37781,3.67146,8],"to":[3.68322,22.19728,8],"rotation":{"angle":-22.5,"axis":"z","origin":[3.03052,21.93437,8]},"faces":{"north":{"uv":[8,0,7.2,11],"texture":"#4"},"east":{"uv":[0,0,0,15],"texture":"#4"},"south":{"uv":[7.2,0,8,11],"texture":"#4"},"west":{"uv":[0,0,0,15],"texture":"#4"},"up":{"uv":[5.4,0,0,0],"texture":"#4"},"down":{"uv":[5.4,0,0,0],"texture":"#4"}}},{"from":[5.02359,2.78114,7.0016],"to":[7.18935,4.9469,8.9984],"rotation":{"angle":-45,"axis":"z","origin":[4.46778,2.25,8]},"faces":{"north":{"uv":[10.375,6,9.5,6.875],"rotation":270,"texture":"#2"},"east":{"uv":[9.5,8.875,10.375,8],"rotation":90,"texture":"#2"},"south":{"uv":[10.375,7,9.5,7.875],"rotation":90,"texture":"#2"},"west":{"uv":[9.5,9,10.375,9.875],"rotation":90,"texture":"#2"},"up":{"uv":[7.875,9.5,7,10.375],"rotation":90,"texture":"#2"},"down":{"uv":[8.875,9.5,8,10.375],"rotation":90,"texture":"#2"}}},{"from":[5.44779,7.78039,7.77824],"to":[6.41931,8.94023,8.22176],"rotation":{"angle":-22.5,"axis":"z","origin":[7.08972,4.21458,8]},"faces":{"north":{"uv":[12.5,6.5,13,6],"texture":"#2"},"east":{"uv":[13.5,14.5,13.75,14],"texture":"#2"},"south":{"uv":[6.5,13,7,12.5],"texture":"#2"},"west":{"uv":[14,14.5,14.25,14],"texture":"#2"},"up":{"uv":[15,0.25,14.5,0],"texture":"#2"},"down":{"uv":[0.5,14.5,0,14.75],"texture":"#2"}}},{"from":[5.31063,6.68846,7.77824],"to":[6.28215,7.8483,8.22176],"rotation":{"angle":-22.5,"axis":"z","origin":[7.08972,4.21458,8]},"faces":{"north":{"uv":[12.5,5.5,13,5],"texture":"#2"},"east":{"uv":[14,12.5,14.25,12],"texture":"#2"},"south":{"uv":[12.5,6,13,5.5],"texture":"#2"},"west":{"uv":[12.5,14.5,12.75,14],"texture":"#2"},"up":{"uv":[13.5,14.25,13,14],"texture":"#2"},"down":{"uv":[14.5,12.5,14,12.75],"texture":"#2"}}},{"from":[7.32761,4.48112,7.3664],"to":[8.03161,5.71312,8.6336],"rotation":{"angle":0,"axis":"z","origin":[7.08972,4.21458,8]},"faces":{"north":{"uv":[13.375,1.5,13,2],"rotation":180,"texture":"#2"},"east":{"uv":[11.625,11.5,11,12],"rotation":180,"texture":"#2"},"south":{"uv":[13.375,10.5,13,11],"rotation":180,"texture":"#2"},"west":{"uv":[12.625,0,12,0.5],"rotation":180,"texture":"#2"},"up":{"uv":[13,0,13.375,0.625],"rotation":180,"texture":"#2"},"down":{"uv":[12.5,13.125,12.875,12.5],"rotation":180,"texture":"#2"}}},{"from":[6.77767,5.85797,7.3664],"to":[7.41127,6.96677,8.6336],"rotation":{"angle":0,"axis":"z","origin":[7.08972,4.21458,8]},"faces":{"north":{"uv":[6.75,13.875,6.5,14.375],"rotation":180,"texture":"#2"},"east":{"uv":[12.625,0.5,12,1],"rotation":180,"texture":"#2"},"south":{"uv":[14.25,6.5,14,7],"rotation":180,"texture":"#2"},"west":{"uv":[12.625,1,12,1.5],"rotation":180,"texture":"#2"},"up":{"uv":[13.5,12,13.75,12.625],"rotation":180,"texture":"#2"},"down":{"uv":[12,14.125,12.25,13.5],"rotation":180,"texture":"#2"}}},{"from":[6.15444,4.72751,7.296],"to":[6.85844,5.25551,8.704],"rotation":{"angle":-22.5,"axis":"z","origin":[7.08972,4.21458,8]},"faces":{"north":{"uv":[14.875,3.5,14.5,3.75],"rotation":180,"texture":"#2"},"east":{"uv":[13.125,13.5,12.5,13.75],"rotation":180,"texture":"#2"},"south":{"uv":[14.875,4,14.5,4.25],"rotation":180,"texture":"#2"},"west":{"uv":[14.125,13,13.5,13.25],"rotation":180,"texture":"#2"},"up":{"uv":[1,13,1.375,13.625],"rotation":180,"texture":"#2"},"down":{"uv":[0.5,13.625,0.875,13],"rotation":180,"texture":"#2"}}},{"from":[6.15444,5.25551,7.296],"to":[7.38644,5.95951,8.704],"rotation":{"angle":-22.5,"axis":"z","origin":[7.08972,4.21458,8]},"faces":{"north":{"uv":[0.5,13.5,0,13.875],"rotation":180,"texture":"#2"},"east":{"uv":[13.625,1,13,1.375],"rotation":180,"texture":"#2"},"south":{"uv":[14,0,13.5,0.375],"rotation":180,"texture":"#2"},"west":{"uv":[2.125,13,1.5,13.375],"rotation":180,"texture":"#2"},"up":{"uv":[2,12,2.5,12.625],"rotation":180,"texture":"#2"},"down":{"uv":[1.5,12.625,2,12],"rotation":180,"texture":"#2"}}},{"from":[5.22477,5.77152,7.30304],"to":[5.85837,6.24672,8.69696],"rotation":{"angle":-22.5,"axis":"z","origin":[7.08972,4.21458,8]},"faces":{"north":{"uv":[8.75,14.5,8.5,14.75],"rotation":180,"texture":"#2"},"east":{"uv":[14.125,13.5,13.5,13.75],"rotation":180,"texture":"#2"},"south":{"uv":[14.75,8.5,14.5,8.75],"rotation":180,"texture":"#2"},"west":{"uv":[0.625,14,0,14.25],"rotation":180,"texture":"#2"},"up":{"uv":[1,14,1.25,14.625],"rotation":180,"texture":"#2"},"down":{"uv":[14,0.625,14.25,0],"rotation":180,"texture":"#2"}}},{"from":[5.22477,6.24672,7.30304],"to":[6.33357,6.88032,8.69696],"rotation":{"angle":-22.5,"axis":"z","origin":[7.08972,4.21458,8]},"faces":{"north":{"uv":[14.5,7,14,7.25],"rotation":180,"texture":"#2"},"east":{"uv":[14.625,1,14,1.25],"rotation":180,"texture":"#2"},"south":{"uv":[8,14,7.5,14.25],"rotation":180,"texture":"#2"},"west":{"uv":[2.125,14,1.5,14.25],"rotation":180,"texture":"#2"},"up":{"uv":[3,12,3.5,12.625],"rotation":180,"texture":"#2"},"down":{"uv":[2.5,12.625,3,12],"rotation":180,"texture":"#2"}}},{"from":[6.02936,4.33054,7.3664],"to":[7.26136,5.03454,8.6336],"rotation":{"angle":-45,"axis":"z","origin":[7.08972,4.21458,8]},"faces":{"north":{"uv":[13,1.5,13.375,2],"rotation":270,"texture":"#2"},"east":{"uv":[12.875,13.125,12.5,12.5],"rotation":90,"texture":"#2"},"south":{"uv":[13,10.5,13.375,11],"rotation":90,"texture":"#2"},"west":{"uv":[13.375,0,13,0.625],"rotation":90,"texture":"#2"},"up":{"uv":[12,0,12.625,0.5],"rotation":90,"texture":"#2"},"down":{"uv":[11,11.5,11.625,12],"rotation":90,"texture":"#2"}}},{"from":[4.77571,4.95089,7.3664],"to":[5.88451,5.58449,8.6336],"rotation":{"angle":-45,"axis":"z","origin":[7.08972,4.21458,8]},"faces":{"north":{"uv":[6.5,13.875,6.75,14.375],"rotation":270,"texture":"#2"},"east":{"uv":[12.25,14.125,12,13.5],"rotation":90,"texture":"#2"},"south":{"uv":[14,6.5,14.25,7],"rotation":90,"texture":"#2"},"west":{"uv":[13.75,12,13.5,12.625],"rotation":90,"texture":"#2"},"up":{"uv":[12,1,12.625,1.5],"rotation":90,"texture":"#2"},"down":{"uv":[12,0.5,12.625,1],"rotation":90,"texture":"#2"}}},{"from":[7.83608,3.49287,7.3664],"to":[8.46968,4.60167,8.6336],"rotation":{"angle":-22.5,"axis":"z","origin":[7.08972,4.21458,8]},"faces":{"north":{"uv":[6.75,13.875,6.5,14.375],"rotation":180,"texture":"#2"},"east":{"uv":[12.625,0.5,12,1],"rotation":180,"texture":"#2"},"south":{"uv":[14.25,6.5,14,7],"rotation":180,"texture":"#2"},"west":{"uv":[12.625,1,12,1.5],"rotation":180,"texture":"#2"},"up":{"uv":[13.5,12,13.75,12.625],"rotation":180,"texture":"#2"},"down":{"uv":[12,14.125,12.25,13.5],"rotation":180,"texture":"#2"}}},{"from":[7.1077,3.99148,7.30304],"to":[7.7413,4.46668,8.69696],"rotation":{"angle":-45,"axis":"z","origin":[7.08972,4.21458,8]},"faces":{"north":{"uv":[8.75,14.5,8.5,14.75],"rotation":180,"texture":"#2"},"east":{"uv":[14.125,13.5,13.5,13.75],"rotation":180,"texture":"#2"},"south":{"uv":[14.75,8.5,14.5,8.75],"rotation":180,"texture":"#2"},"west":{"uv":[0.625,14,0,14.25],"rotation":180,"texture":"#2"},"up":{"uv":[1,14,1.25,14.625],"rotation":180,"texture":"#2"},"down":{"uv":[14,0.625,14.25,0],"rotation":180,"texture":"#2"}}},{"from":[7.1077,4.46668,7.30304],"to":[8.2165,5.10028,8.69696],"rotation":{"angle":-45,"axis":"z","origin":[7.08972,4.21458,8]},"faces":{"north":{"uv":[14.5,7,14,7.25],"rotation":180,"texture":"#2"},"east":{"uv":[14.625,1,14,1.25],"rotation":180,"texture":"#2"},"south":{"uv":[8,14,7.5,14.25],"rotation":180,"texture":"#2"},"west":{"uv":[2.125,14,1.5,14.25],"rotation":180,"texture":"#2"},"up":{"uv":[3,12,3.5,12.625],"rotation":180,"texture":"#2"},"down":{"uv":[2.5,12.625,3,12],"rotation":180,"texture":"#2"}}},{"from":[6.90207,2.999,7.3664],"to":[7.53567,4.1078,8.6336],"rotation":{"angle":22.5,"axis":"z","origin":[7.08972,4.21458,8]},"faces":{"north":{"uv":[6.5,13.875,6.75,14.375],"rotation":180,"texture":"#2"},"east":{"uv":[12,1,12.625,1.5],"rotation":180,"texture":"#2"},"south":{"uv":[14,6.5,14.25,7],"rotation":180,"texture":"#2"},"west":{"uv":[12,0.5,12.625,1],"rotation":180,"texture":"#2"},"up":{"uv":[13.75,12,13.5,12.625],"rotation":180,"texture":"#2"},"down":{"uv":[12.25,14.125,12,13.5],"rotation":180,"texture":"#2"}}}],"gui_light":"front","display":{"thirdperson_righthand":{"rotation":[0,-90,0],"translation":[0,10.5,1.75],"scale":[0.88,0.88,0.88]},"thirdperson_lefthand":{"rotation":[0,90,0],"translation":[0,10.5,1.75],"scale":[0.88,0.88,0.88]},"firstperson_righthand":{"rotation":[54.14,-86.17,75.21],"translation":[7,5.5,-7]},"firstperson_lefthand":{"rotation":[-16.75,90,0],"translation":[9,5.25,-8]},"ground":{"rotation":[76,0,0],"translation":[0,-0.25,2.5],"scale":[0.52,0.52,0.52]},"gui":{"rotation":[0,0,36.25],"translation":[-0.25,2.25,0],"scale":[0.58,0.58,0.58]},"head":{"scale":[0.03,0.03,0.03]},"fixed":{"rotation":[-180,0,-180],"translation":[0,8.25,-0.75],"scale":[1.25,1.25,1.25]}}}