{"credit":"Made with Blockbench","texture_size":[32,32],"textures":{"1":"easter2024set:backpack","2":"easter2024set:animations/animations_1","particle":"easter2024set:animations/animations_1"},"elements":[{"from":[6,-14,6],"to":[10,-12,10],"rotation":{"angle":0,"axis":"y","origin":[6,-14,6]},"faces":{"north":{"uv":[6.8,0,10,1.6],"texture":"#1","tintindex":0},"east":{"uv":[8,1.6,11.2,3.2],"texture":"#1","tintindex":0},"south":{"uv":[2.4,8,5.6,9.6],"texture":"#1","tintindex":0},"west":{"uv":[8,3.2,11.2,4.8],"texture":"#1","tintindex":0},"up":{"uv":[3.2,3.2,0,0],"texture":"#1","tintindex":0},"down":{"uv":[3.2,3.2,0,6.4],"texture":"#1","tintindex":0}}},{"from":[6.75,-8.5,6.5],"to":[9.25,-7.75,9],"rotation":{"angle":0,"axis":"y","origin":[6.5,-8.5,8.75]},"faces":{"north":{"uv":[4.8,9.6,6.8,10.2],"texture":"#1","tintindex":0},"east":{"uv":[10,0,12,0.6],"texture":"#1","tintindex":0},"south":{"uv":[10,0.8,12,1.4],"texture":"#1","tintindex":0},"west":{"uv":[10,4.8,12,5.4],"texture":"#1","tintindex":0},"up":{"uv":[10,6.8,8,4.8],"texture":"#1","tintindex":0}}},{"from":[6.5,-12,6.25],"to":[9.5,-8.5,9.25],"rotation":{"angle":0,"axis":"y","origin":[6.5,-12,8.75]},"faces":{"north":{"uv":[3.2,2.4,5.6,5.2],"texture":"#1","tintindex":0},"east":{"uv":[3.2,5.2,5.6,8],"texture":"#1","tintindex":0},"south":{"uv":[5.6,2.4,8,5.2],"texture":"#1","tintindex":0},"west":{"uv":[5.6,5.2,8,8],"texture":"#1","tintindex":0},"up":{"uv":[2.4,8.8,0,6.4],"texture":"#1","tintindex":0}}},{"from":[9,-12,6],"to":[9.75,-8.5,6.25],"rotation":{"angle":0,"axis":"y","origin":[9,-12,6]},"faces":{"north":{"uv":[1.6,8.8,2.2,11.6],"texture":"#1","tintindex":0},"east":{"uv":[6.4,10.4,6.6,13.2],"texture":"#1","tintindex":0},"south":{"uv":[2.4,9.6,3,12.4],"texture":"#1","tintindex":0},"west":{"uv":[9.2,10.4,9.4,13.2],"texture":"#1","tintindex":0},"up":{"uv":[7.8,1.8,7.2,1.6],"texture":"#1","tintindex":0}}},{"from":[7,-9,6],"to":[9,-8.5,6.25],"rotation":{"angle":0,"axis":"y","origin":[8.25,-9,6]},"faces":{"north":{"uv":[9.2,10,10.8,10.4],"texture":"#1","tintindex":0},"up":{"uv":[12,10.6,10.4,10.4],"texture":"#1","tintindex":0},"down":{"uv":[6.4,10.8,4.8,11],"texture":"#1","tintindex":0}}},{"from":[7,-11.5,6],"to":[9,-11,6.25],"rotation":{"angle":0,"axis":"y","origin":[8.25,-11.5,6]},"faces":{"north":{"uv":[4.8,10.4,6.4,10.8],"texture":"#1","tintindex":0},"up":{"uv":[12.4,7,10.8,6.8],"texture":"#1","tintindex":0},"down":{"uv":[12.4,7.2,10.8,7.4],"texture":"#1","tintindex":0}}},{"from":[6.25,-12,6],"to":[7,-8.5,6.25],"rotation":{"angle":0,"axis":"y","origin":[7,-12,6]},"faces":{"north":{"uv":[3.2,9.6,3.8,12.4],"texture":"#1","tintindex":0},"east":{"uv":[9.6,10.4,9.8,13.2],"texture":"#1","tintindex":0},"south":{"uv":[4,9.6,4.6,12.4],"texture":"#1","tintindex":0},"west":{"uv":[10,10.4,10.2,13.2],"texture":"#1","tintindex":0},"up":{"uv":[7.8,2.2,7.2,2],"texture":"#1","tintindex":0}}},{"from":[6.25,-12.985,4],"to":[7,-8.985,4.015],"rotation":{"angle":0,"axis":"x","origin":[6,-12.985,4]},"faces":{"north":{"uv":[0,8.8,0.6,12],"texture":"#1","tintindex":0},"south":{"uv":[0.8,8.8,1.4,12],"texture":"#1","tintindex":0}}},{"from":[6.25,-9,4],"to":[7,-8.985,6],"rotation":{"angle":0,"axis":"y","origin":[6,-9,4]},"faces":{"up":{"uv":[8.2,11.2,7.6,9.6],"texture":"#1","tintindex":0},"down":{"uv":[9,10,8.4,11.6],"texture":"#1","tintindex":0}}},{"from":[6.25,-12.985,4],"to":[7,-12.97,6],"rotation":{"angle":0,"axis":"y","origin":[6,-12.985,4]},"faces":{"up":{"uv":[3,8,2.4,6.4],"texture":"#1","tintindex":0},"down":{"uv":[7.4,9.6,6.8,11.2],"texture":"#1","tintindex":0}}},{"from":[9,-12.985,4],"to":[9.75,-12.97,6],"rotation":{"angle":0,"axis":"y","origin":[10,-12.985,4]},"faces":{"up":{"uv":[2.4,8,3,6.4],"texture":"#1","tintindex":0},"down":{"uv":[6.8,9.6,7.4,11.2],"texture":"#1","tintindex":0}}},{"from":[9,-9,4],"to":[9.75,-8.985,6],"rotation":{"angle":0,"axis":"y","origin":[10,-9,4]},"faces":{"up":{"uv":[7.6,11.2,8.2,9.6],"texture":"#1","tintindex":0},"down":{"uv":[8.4,10,9,11.6],"texture":"#1","tintindex":0}}},{"from":[9,-12.985,4],"to":[9.75,-8.985,4.015],"rotation":{"angle":0,"axis":"x","origin":[10,-12.985,4]},"faces":{"north":{"uv":[0.6,8.8,0,12],"texture":"#1","tintindex":0},"south":{"uv":[1.4,8.8,0.8,12],"texture":"#1","tintindex":0}}},{"from":[6.25,-12,6.25],"to":[6.26,-11,9.75],"rotation":{"angle":0,"axis":"y","origin":[6.255,-11.5,8]},"faces":{"east":{"uv":[5.6,8,8.4,8.8],"texture":"#1","tintindex":0},"west":{"uv":[8,6.8,10.8,7.6],"texture":"#1","tintindex":0}}},{"from":[9.74,-12,6.25],"to":[9.75,-11,9.75],"rotation":{"angle":0,"axis":"y","origin":[9.745,-11.5,8]},"faces":{"east":{"uv":[5.6,8.8,8.4,9.6],"texture":"#1","tintindex":0},"west":{"uv":[8.4,9.2,11.2,10],"texture":"#1","tintindex":0}}},{"from":[6.25,-12,9.74],"to":[9.75,-11,9.75],"rotation":{"angle":0,"axis":"y","origin":[8,-11.5,9.745]},"faces":{"north":{"uv":[8.4,7.6,11.2,8.4],"texture":"#1","tintindex":0},"south":{"uv":[8.4,8.4,11.2,9.2],"texture":"#1","tintindex":0}}},{"from":[6.375,-9.5,6.25],"to":[9.625,-9,9.375],"rotation":{"angle":0,"axis":"y","origin":[8.625,-9,8]},"faces":{"east":{"uv":[10,5.6,12.6,6],"texture":"#1","tintindex":0},"south":{"uv":[10,6,12.6,6.4],"texture":"#1","tintindex":0},"west":{"uv":[10,6.4,12.6,6.8],"texture":"#1","tintindex":0}}},{"from":[8,-9.60355,9.25],"to":[8.5,-9.10355,9.5],"rotation":{"angle":45,"axis":"z","origin":[8,-9.60355,9.25]},"faces":{"north":{"uv":[6.8,1.6,7.2,2],"texture":"#1","tintindex":0},"east":{"uv":[8,7.6,8.2,8],"texture":"#1","tintindex":0},"south":{"uv":[6.8,2,7.2,2.4],"texture":"#1","tintindex":0},"west":{"uv":[10.8,10,11,10.4],"texture":"#1","tintindex":0},"up":{"uv":[10.8,11,10.4,10.8],"texture":"#1","tintindex":0},"down":{"uv":[11.2,10.8,10.8,11],"texture":"#1","tintindex":0}}},{"from":[5.75,-11.25,9.4],"to":[10.25,-8.25,9.415],"rotation":{"angle":0,"axis":"y","origin":[5.5,-11.5,9.4]},"faces":{"north":{"uv":[16,0,12.4,2.4],"texture":"#1","tintindex":0},"south":{"uv":[12.4,0,16,2.4],"texture":"#1","tintindex":0}}},{"from":[9.25,-11.9,9.125],"to":[11,-8.6,9.525],"rotation":{"angle":-45,"axis":"z","origin":[10.5,-10.25,9.325]},"faces":{"north":{"uv":[0,0,7,13],"texture":"#2","tintindex":0},"south":{"uv":[7,0,0,13],"texture":"#2","tintindex":0}}},{"from":[5,-11.9,9.125],"to":[6.75,-8.6,9.525],"rotation":{"angle":45,"axis":"z","origin":[5.5,-10.25,9.325]},"faces":{"north":{"uv":[7,0,0,13],"texture":"#2","tintindex":0},"south":{"uv":[0,0,7,13],"texture":"#2","tintindex":0}}}],"gui_light":"front","display":{"thirdperson_righthand":{"rotation":[55,180,0],"translation":[0,1.5,-3.75]},"thirdperson_lefthand":{"rotation":[66.5,0,0],"translation":[-5.5,-8.75,12.5],"scale":[1.2,1.2,1.2]},"firstperson_righthand":{"rotation":[-12,0,0],"translation":[0,7.25,0],"scale":[0.91406,0.91406,0.91406]},"firstperson_lefthand":{"rotation":[-12,0,0],"translation":[0,7.25,0],"scale":[0,0,0]},"ground":{"rotation":[-45,0,0],"translation":[0,5,0]},"gui":{"rotation":[36,-45,0],"translation":[-1.25,19.5,0],"scale":[1.28,1.28,1.28]},"head":{"translation":[0,-31.25,11.75],"scale":[4,4,4]},"fixed":{"rotation":[-90,180,0],"translation":[0,0,-18],"scale":[2.2,2.2,2.2]}}}