{"credit":"Made with Blockbench","texture_size":[32,32],"textures":{"1":"easter2024set:backpack","2":"easter2024set:animations/animations_1","particle":"easter2024set:animations/animations_1"},"elements":[{"from":[4,0,4],"to":[12,4,12],"rotation":{"angle":0,"axis":"y","origin":[4,0,4]},"faces":{"north":{"uv":[6.8,0,10,1.6],"texture":"#1"},"east":{"uv":[8,1.6,11.2,3.2],"texture":"#1"},"south":{"uv":[2.4,8,5.6,9.6],"texture":"#1"},"west":{"uv":[8,3.2,11.2,4.8],"texture":"#1"},"up":{"uv":[3.2,3.2,0,0],"texture":"#1"},"down":{"uv":[3.2,3.2,0,6.4],"texture":"#1"}}},{"from":[5.5,11,5],"to":[10.5,12.5,10],"rotation":{"angle":0,"axis":"y","origin":[5,11,9.5]},"faces":{"north":{"uv":[4.8,9.6,6.8,10.2],"texture":"#1"},"east":{"uv":[10,0,12,0.6],"texture":"#1"},"south":{"uv":[10,0.8,12,1.4],"texture":"#1"},"west":{"uv":[10,4.8,12,5.4],"texture":"#1"},"up":{"uv":[10,6.8,8,4.8],"texture":"#1"}}},{"from":[5,4,4.5],"to":[11,11,10.5],"rotation":{"angle":0,"axis":"y","origin":[5,4,9.5]},"faces":{"north":{"uv":[3.2,2.4,5.6,5.2],"texture":"#1"},"east":{"uv":[3.2,5.2,5.6,8],"texture":"#1"},"south":{"uv":[5.6,2.4,8,5.2],"texture":"#1"},"west":{"uv":[5.6,5.2,8,8],"texture":"#1"},"up":{"uv":[2.4,8.8,0,6.4],"texture":"#1"}}},{"from":[10,4,4],"to":[11.5,11,4.5],"rotation":{"angle":0,"axis":"y","origin":[10,4,4]},"faces":{"north":{"uv":[1.6,8.8,2.2,11.6],"texture":"#1"},"east":{"uv":[6.4,10.4,6.6,13.2],"texture":"#1"},"south":{"uv":[2.4,9.6,3,12.4],"texture":"#1"},"west":{"uv":[9.2,10.4,9.4,13.2],"texture":"#1"},"up":{"uv":[7.8,1.8,7.2,1.6],"texture":"#1"}}},{"from":[6,10,4],"to":[10,11,4.5],"rotation":{"angle":0,"axis":"y","origin":[8.5,10,4]},"faces":{"north":{"uv":[9.2,10,10.8,10.4],"texture":"#1"},"up":{"uv":[12,10.6,10.4,10.4],"texture":"#1"},"down":{"uv":[6.4,10.8,4.8,11],"texture":"#1"}}},{"from":[6,5,4],"to":[10,6,4.5],"rotation":{"angle":0,"axis":"y","origin":[8.5,5,4]},"faces":{"north":{"uv":[4.8,10.4,6.4,10.8],"texture":"#1"},"up":{"uv":[12.4,7,10.8,6.8],"texture":"#1"},"down":{"uv":[12.4,7.2,10.8,7.4],"texture":"#1"}}},{"from":[4.5,4,4],"to":[6,11,4.5],"rotation":{"angle":0,"axis":"y","origin":[6,4,4]},"faces":{"north":{"uv":[3.2,9.6,3.8,12.4],"texture":"#1"},"east":{"uv":[9.6,10.4,9.8,13.2],"texture":"#1"},"south":{"uv":[4,9.6,4.6,12.4],"texture":"#1"},"west":{"uv":[10,10.4,10.2,13.2],"texture":"#1"},"up":{"uv":[7.8,2.2,7.2,2],"texture":"#1"}}},{"from":[4.5,2.03,0],"to":[6,10.03,0.03],"rotation":{"angle":0,"axis":"x","origin":[4,2.03,0]},"faces":{"north":{"uv":[0,8.8,0.6,12],"texture":"#1"},"south":{"uv":[0.8,8.8,1.4,12],"texture":"#1"}}},{"from":[4.5,10,0],"to":[6,10.03,4],"rotation":{"angle":0,"axis":"y","origin":[4,10,0]},"faces":{"up":{"uv":[8.2,11.2,7.6,9.6],"texture":"#1"},"down":{"uv":[9,10,8.4,11.6],"texture":"#1"}}},{"from":[4.5,2.03,0],"to":[6,2.06,4],"rotation":{"angle":0,"axis":"y","origin":[4,2.03,0]},"faces":{"up":{"uv":[3,8,2.4,6.4],"texture":"#1"},"down":{"uv":[7.4,9.6,6.8,11.2],"texture":"#1"}}},{"from":[10,2.03,0],"to":[11.5,2.06,4],"rotation":{"angle":0,"axis":"y","origin":[12,2.03,0]},"faces":{"up":{"uv":[2.4,8,3,6.4],"texture":"#1"},"down":{"uv":[6.8,9.6,7.4,11.2],"texture":"#1"}}},{"from":[10,10,0],"to":[11.5,10.03,4],"rotation":{"angle":0,"axis":"y","origin":[12,10,0]},"faces":{"up":{"uv":[7.6,11.2,8.2,9.6],"texture":"#1"},"down":{"uv":[8.4,10,9,11.6],"texture":"#1"}}},{"from":[10,2.03,0],"to":[11.5,10.03,0.03],"rotation":{"angle":0,"axis":"x","origin":[12,2.03,0]},"faces":{"north":{"uv":[0.6,8.8,0,12],"texture":"#1"},"south":{"uv":[1.4,8.8,0.8,12],"texture":"#1"}}},{"from":[4.5,4,4.5],"to":[4.52,6,11.5],"rotation":{"angle":0,"axis":"y","origin":[4.51,5,8]},"faces":{"east":{"uv":[5.6,8,8.4,8.8],"texture":"#1"},"west":{"uv":[8,6.8,10.8,7.6],"texture":"#1"}}},{"from":[11.48,4,4.5],"to":[11.5,6,11.5],"rotation":{"angle":0,"axis":"y","origin":[11.49,5,8]},"faces":{"east":{"uv":[5.6,8.8,8.4,9.6],"texture":"#1"},"west":{"uv":[8.4,9.2,11.2,10],"texture":"#1"}}},{"from":[4.5,4,11.48],"to":[11.5,6,11.5],"rotation":{"angle":0,"axis":"y","origin":[8,5,11.49]},"faces":{"north":{"uv":[8.4,7.6,11.2,8.4],"texture":"#1"},"south":{"uv":[8.4,8.4,11.2,9.2],"texture":"#1"}}},{"from":[4.75,9,4.5],"to":[11.25,10,10.75],"rotation":{"angle":0,"axis":"y","origin":[9.25,10,8]},"faces":{"east":{"uv":[10,5.6,12.6,6],"texture":"#1"},"south":{"uv":[10,6,12.6,6.4],"texture":"#1"},"west":{"uv":[10,6.4,12.6,6.8],"texture":"#1"}}},{"from":[8,8.79289,10.5],"to":[9,9.79289,11],"rotation":{"angle":45,"axis":"z","origin":[8,8.79289,10.5]},"faces":{"north":{"uv":[6.8,1.6,7.2,2],"texture":"#1"},"east":{"uv":[8,7.6,8.2,8],"texture":"#1"},"south":{"uv":[6.8,2,7.2,2.4],"texture":"#1"},"west":{"uv":[10.8,10,11,10.4],"texture":"#1"},"up":{"uv":[10.8,11,10.4,10.8],"texture":"#1"},"down":{"uv":[11.2,10.8,10.8,11],"texture":"#1"}}},{"from":[3.5,5.5,10.8],"to":[12.5,11.5,10.83],"rotation":{"angle":0,"axis":"y","origin":[3,5,10.8]},"faces":{"north":{"uv":[16,0,12.4,2.4],"texture":"#1"},"south":{"uv":[12.4,0,16,2.4],"texture":"#1"}}},{"from":[10.5,4.2,10.25],"to":[14,10.8,11.05],"rotation":{"angle":-45,"axis":"z","origin":[13,7.5,10.65]},"faces":{"north":{"uv":[0,0,7,13],"texture":"#2"},"south":{"uv":[7,0,0,13],"texture":"#2"}}},{"from":[2,4.2,10.25],"to":[5.5,10.8,11.05],"rotation":{"angle":45,"axis":"z","origin":[3,7.5,10.65]},"faces":{"north":{"uv":[7,0,0,13],"texture":"#2"},"south":{"uv":[0,0,7,13],"texture":"#2"}}}],"gui_light":"front","display":{"thirdperson_righthand":{"rotation":[55,180,0],"translation":[0,1.5,-3.75]},"thirdperson_lefthand":{"rotation":[66.5,0,0],"translation":[-5.5,-8.75,12.5],"scale":[1.2,1.2,1.2]},"firstperson_righthand":{"rotation":[-12,0,0],"translation":[0,7.25,0],"scale":[0.91406,0.91406,0.91406]},"firstperson_lefthand":{"rotation":[-12,0,0],"translation":[0,7.25,0],"scale":[0,0,0]},"ground":{"rotation":[-45,0,0],"translation":[0,5,0]},"gui":{"rotation":[36,-45,0],"translation":[-1.25,1.75,0]},"head":{"translation":[0,-10.25,11.75],"scale":[2,2,2]},"fixed":{"rotation":[-90,180,0],"translation":[0,0,-18],"scale":[2.2,2.2,2.2]}}}