{"credit":"Made with Blockbench","texture_size":[32,32],"textures":{"1":"easter2024set:animations/animations_1","4":"easter2024set:crossbow"},"elements":[{"from":[8.5,9,-1.5],"to":[10.5,10.5,0.5],"rotation":{"angle":45,"axis":"y","origin":[8.5,10.25,-1.5]},"faces":{"north":{"uv":[3.5,12,4.25,13],"rotation":270,"texture":"#4"},"east":{"uv":[12.75,6,12,5],"rotation":90,"texture":"#4"},"south":{"uv":[4.5,12,5.25,13],"rotation":90,"texture":"#4"},"west":{"uv":[6.25,12,5.5,13],"rotation":90,"texture":"#4"},"up":{"uv":[8.5,11,9.5,12],"rotation":90,"texture":"#4"},"down":{"uv":[7.5,11,8.5,12],"rotation":90,"texture":"#4"}}},{"from":[8.75,8.75,-1.25],"to":[10.25,10.75,0.25],"rotation":{"angle":45,"axis":"y","origin":[8.5,10.25,-1.5]},"faces":{"north":{"uv":[12,6,13,6.75],"rotation":270,"texture":"#4"},"east":{"uv":[13,7.75,12,7],"rotation":90,"texture":"#4"},"south":{"uv":[6.5,12,7.5,12.75],"rotation":90,"texture":"#4"},"west":{"uv":[8.5,12,7.5,12.75],"rotation":90,"texture":"#4"},"up":{"uv":[4,13,4.75,13.75],"rotation":90,"texture":"#4"},"down":{"uv":[12.5,8,13.25,8.75],"rotation":90,"texture":"#4"}}},{"from":[13.81559,10.24055,-1.4],"to":[14.81559,10.74055,-0.4],"rotation":{"angle":-22.5,"axis":"y","origin":[14.31559,11.74055,-0.9]},"faces":{"north":{"uv":[10.5,15,11,15.25],"texture":"#4"},"east":{"uv":[15,10.5,15.5,10.75],"texture":"#4"},"south":{"uv":[11,15,11.5,15.25],"texture":"#4"},"west":{"uv":[15,10,15.5,10.25],"texture":"#4"},"down":{"uv":[10.5,3.5,10,4],"rotation":90,"texture":"#4"}}},{"from":[13.81559,12.74055,-1.4],"to":[14.81559,13.24055,-0.4],"rotation":{"angle":-22.5,"axis":"y","origin":[14.31559,11.74055,-0.9]},"faces":{"north":{"uv":[11.5,15,12,15.25],"texture":"#4"},"east":{"uv":[15,11.5,15.5,11.75],"texture":"#4"},"south":{"uv":[12,15,12.5,15.25],"texture":"#4"},"west":{"uv":[15,11,15.5,11.25],"texture":"#4"},"up":{"uv":[9.5,13.5,9,13],"rotation":270,"texture":"#4"}}},{"from":[13.56559,10.74055,-1.65],"to":[15.06559,12.74055,-0.15],"rotation":{"angle":-22.5,"axis":"y","origin":[14.31559,11.74055,-0.9]},"faces":{"north":{"uv":[10.5,12,11.25,13],"texture":"#4"},"east":{"uv":[11.5,12,12.25,13],"texture":"#4"},"south":{"uv":[12.5,0,13.25,1],"texture":"#4"},"west":{"uv":[8.5,12,9.25,13],"texture":"#4"},"up":{"uv":[5.75,13.75,5,13],"rotation":270,"texture":"#4"},"down":{"uv":[13.75,5,13,5.75],"rotation":90,"texture":"#4"}}},{"from":[15.40519,12.68249,-0.58],"to":[16.26519,13.11249,0.28],"rotation":{"angle":-22.5,"axis":"z","origin":[14.53657,11.75692,-0.15]},"faces":{"north":{"uv":[12.5,15,13,15.25],"texture":"#4"},"east":{"uv":[15,12.5,15.5,12.75],"texture":"#4"},"south":{"uv":[13,15,13.5,15.25],"texture":"#4"},"west":{"uv":[15,12,15.5,12.25],"texture":"#4"},"up":{"uv":[14,3.5,13.5,3],"rotation":270,"texture":"#4"}}},{"from":[15.19019,11.21249,-0.795],"to":[16.48019,12.68249,0.495],"rotation":{"angle":-22.5,"axis":"z","origin":[14.53657,11.75692,-0.15]},"faces":{"north":{"uv":[13,6,13.75,6.75],"texture":"#4"},"east":{"uv":[7,13,7.75,13.75],"texture":"#4"},"south":{"uv":[13,7,13.75,7.75],"texture":"#4"},"west":{"uv":[6,13,6.75,13.75],"texture":"#4"},"up":{"uv":[8.75,13.75,8,13],"rotation":270,"texture":"#4"},"down":{"uv":[13.75,9,13,9.75],"rotation":90,"texture":"#4"}}},{"from":[15.40519,10.78249,-0.58],"to":[16.26519,11.21249,0.28],"rotation":{"angle":-22.5,"axis":"z","origin":[14.53657,11.75692,-0.15]},"faces":{"north":{"uv":[14,15,14.5,15.25],"texture":"#4"},"east":{"uv":[9.5,5.75,9,6],"texture":"#4"},"south":{"uv":[15,14,15.5,14.25],"texture":"#4"},"west":{"uv":[13.5,15,14,15.25],"texture":"#4"},"down":{"uv":[10.5,13.5,10,14],"rotation":90,"texture":"#4"}}},{"from":[12.38181,12.81582,-1.93],"to":[13.24181,13.24582,-1.07],"rotation":{"angle":22.5,"axis":"z","origin":[14.53657,11.75692,-1.5]},"faces":{"north":{"uv":[15,14.5,15.5,14.75],"texture":"#4"},"east":{"uv":[15,15,15.5,15.25],"texture":"#4"},"south":{"uv":[0,15.5,0.5,15.75],"texture":"#4"},"west":{"uv":[14.5,15,15,15.25],"texture":"#4"},"up":{"uv":[4.5,15.5,4,15],"rotation":270,"texture":"#4"}}},{"from":[12.16681,11.34582,-2.145],"to":[13.45681,12.81582,-0.855],"rotation":{"angle":22.5,"axis":"z","origin":[14.53657,11.75692,-1.5]},"faces":{"north":{"uv":[13,11,13.75,11.75],"texture":"#4"},"east":{"uv":[11.5,13,12.25,13.75],"texture":"#4"},"south":{"uv":[13,12,13.75,12.75],"texture":"#4"},"west":{"uv":[10.5,13,11.25,13.75],"texture":"#4"},"up":{"uv":[13.25,13.75,12.5,13],"rotation":270,"texture":"#4"},"down":{"uv":[14.25,0,13.5,0.75],"rotation":90,"texture":"#4"}}},{"from":[12.38181,10.91582,-1.93],"to":[13.24181,11.34582,-1.07],"rotation":{"angle":22.5,"axis":"z","origin":[14.53657,11.75692,-1.5]},"faces":{"north":{"uv":[0.5,15.5,1,15.75],"texture":"#4"},"east":{"uv":[12.5,15.5,13,15.75],"texture":"#4"},"south":{"uv":[15.5,0.5,16,0.75],"texture":"#4"},"west":{"uv":[15.5,0,16,0.25],"texture":"#4"},"down":{"uv":[5,15,4.5,15.5],"rotation":90,"texture":"#4"}}},{"from":[2.75819,10.91582,-1.93],"to":[3.61819,11.34582,-1.07],"rotation":{"angle":-22.5,"axis":"z","origin":[1.46343,11.75692,-1.5]},"faces":{"north":{"uv":[1,15.5,0.5,15.75],"texture":"#4"},"east":{"uv":[16,0,15.5,0.25],"texture":"#4"},"south":{"uv":[16,0.5,15.5,0.75],"texture":"#4"},"west":{"uv":[13,15.5,12.5,15.75],"texture":"#4"},"down":{"uv":[5,15.5,4.5,15],"rotation":90,"texture":"#4"}}},{"from":[2.54319,11.34582,-2.145],"to":[3.83319,12.81582,-0.855],"rotation":{"angle":-22.5,"axis":"z","origin":[1.46343,11.75692,-1.5]},"faces":{"north":{"uv":[13.75,11,13,11.75],"texture":"#4"},"east":{"uv":[11.25,13,10.5,13.75],"texture":"#4"},"south":{"uv":[13.75,12,13,12.75],"texture":"#4"},"west":{"uv":[12.25,13,11.5,13.75],"texture":"#4"},"up":{"uv":[13.25,13,12.5,13.75],"rotation":270,"texture":"#4"},"down":{"uv":[14.25,0.75,13.5,0],"rotation":90,"texture":"#4"}}},{"from":[2.75819,12.81582,-1.93],"to":[3.61819,13.24582,-1.07],"rotation":{"angle":-22.5,"axis":"z","origin":[1.46343,11.75692,-1.5]},"faces":{"north":{"uv":[15.5,14.5,15,14.75],"texture":"#4"},"east":{"uv":[15,15,14.5,15.25],"texture":"#4"},"south":{"uv":[0.5,15.5,0,15.75],"texture":"#4"},"west":{"uv":[15.5,15,15,15.25],"texture":"#4"},"up":{"uv":[4.5,15,4,15.5],"rotation":270,"texture":"#4"}}},{"from":[1.18441,12.74055,-1.4],"to":[2.18441,13.24055,-0.4],"rotation":{"angle":22.5,"axis":"y","origin":[1.68441,11.74055,-0.9]},"faces":{"north":{"uv":[12,15,11.5,15.25],"texture":"#4"},"east":{"uv":[15.5,11,15,11.25],"texture":"#4"},"south":{"uv":[12.5,15,12,15.25],"texture":"#4"},"west":{"uv":[15.5,11.5,15,11.75],"texture":"#4"},"up":{"uv":[9.5,13,9,13.5],"rotation":270,"texture":"#4"}}},{"from":[0.93441,10.74055,-1.65],"to":[2.43441,12.74055,-0.15],"rotation":{"angle":22.5,"axis":"y","origin":[1.68441,11.74055,-0.9]},"faces":{"north":{"uv":[11.25,12,10.5,13],"texture":"#4"},"east":{"uv":[9.25,12,8.5,13],"texture":"#4"},"south":{"uv":[13.25,0,12.5,1],"texture":"#4"},"west":{"uv":[12.25,12,11.5,13],"texture":"#4"},"up":{"uv":[5.75,13,5,13.75],"rotation":270,"texture":"#4"},"down":{"uv":[13.75,5.75,13,5],"rotation":90,"texture":"#4"}}},{"from":[1.18441,10.24055,-1.4],"to":[2.18441,10.74055,-0.4],"rotation":{"angle":22.5,"axis":"y","origin":[1.68441,11.74055,-0.9]},"faces":{"north":{"uv":[11,15,10.5,15.25],"texture":"#4"},"east":{"uv":[15.5,10,15,10.25],"texture":"#4"},"south":{"uv":[11.5,15,11,15.25],"texture":"#4"},"west":{"uv":[15.5,10.5,15,10.75],"texture":"#4"},"down":{"uv":[10.5,4,10,3.5],"rotation":90,"texture":"#4"}}},{"from":[-0.48019,11.21249,-0.795],"to":[0.80981,12.68249,0.495],"rotation":{"angle":22.5,"axis":"z","origin":[1.46343,11.75692,-0.15]},"faces":{"north":{"uv":[13.75,6,13,6.75],"texture":"#4"},"east":{"uv":[6.75,13,6,13.75],"texture":"#4"},"south":{"uv":[13.75,7,13,7.75],"texture":"#4"},"west":{"uv":[7.75,13,7,13.75],"texture":"#4"},"up":{"uv":[8.75,13,8,13.75],"rotation":270,"texture":"#4"},"down":{"uv":[13.75,9.75,13,9],"rotation":90,"texture":"#4"}}},{"from":[-0.26519,12.68249,-0.58],"to":[0.59481,13.11249,0.28],"rotation":{"angle":22.5,"axis":"z","origin":[1.46343,11.75692,-0.15]},"faces":{"north":{"uv":[13,15,12.5,15.25],"texture":"#4"},"east":{"uv":[15.5,12,15,12.25],"texture":"#4"},"south":{"uv":[13.5,15,13,15.25],"texture":"#4"},"west":{"uv":[15.5,12.5,15,12.75],"texture":"#4"},"up":{"uv":[14,3,13.5,3.5],"rotation":270,"texture":"#4"}}},{"from":[-0.26519,10.78249,-0.58],"to":[0.59481,11.21249,0.28],"rotation":{"angle":22.5,"axis":"z","origin":[1.46343,11.75692,-0.15]},"faces":{"north":{"uv":[14.5,15,14,15.25],"texture":"#4"},"east":{"uv":[14,15,13.5,15.25],"texture":"#4"},"south":{"uv":[15.5,14,15,14.25],"texture":"#4"},"west":{"uv":[9,5.75,9.5,6],"texture":"#4"},"down":{"uv":[10.5,14,10,13.5],"rotation":90,"texture":"#4"}}},{"from":[10.91421,8.9,-4.91421],"to":[17.51421,10.6,-1.41421],"rotation":{"angle":-22.5,"axis":"y","origin":[14.21421,9.65,-2.16421]},"faces":{"up":{"uv":[0,0,7,13],"rotation":90,"texture":"#1"},"down":{"uv":[7,0,0,13],"rotation":90,"texture":"#1"}}},{"from":[-1.51421,8.9,-4.91421],"to":[5.08579,10.6,-1.41421],"rotation":{"angle":22.5,"axis":"y","origin":[1.78579,9.65,-2.16421]},"faces":{"up":{"uv":[0,13,7,0],"rotation":90,"texture":"#1"},"down":{"uv":[7,13,0,0],"rotation":90,"texture":"#1"}}},{"from":[11.44489,9.25,-3.24413],"to":[12.44489,10.25,-1.74413],"rotation":{"angle":-22.5,"axis":"y","origin":[11.27299,9.75,-4.4285]},"faces":{"north":{"uv":[7,15,7.5,15.5],"rotation":270,"texture":"#4"},"east":{"uv":[15.5,2.75,15,2],"rotation":90,"texture":"#4"},"west":{"uv":[3.5,15,3,15.75],"rotation":90,"texture":"#4"},"up":{"uv":[15,1.5,15.75,2],"rotation":90,"texture":"#4"},"down":{"uv":[15,1,15.75,1.5],"rotation":90,"texture":"#4"}}},{"from":[11.03745,9.335,-4.13332],"to":[11.86745,10.165,-2.88832],"rotation":{"angle":0,"axis":"y","origin":[11.27299,9.75,-4.4285]},"faces":{"north":{"uv":[15,5.5,15.5,6],"rotation":270,"texture":"#4"},"east":{"uv":[7,15.5,6.5,15],"rotation":90,"texture":"#4"},"west":{"uv":[15.5,6.5,15,7],"rotation":90,"texture":"#4"},"up":{"uv":[15,6,15.5,6.5],"rotation":90,"texture":"#4"},"down":{"uv":[6,15,6.5,15.5],"rotation":90,"texture":"#4"}}},{"from":[10.9914,9.42215,-4.91757],"to":[11.6471,10.07785,-3.93402],"rotation":{"angle":22.5,"axis":"y","origin":[11.27299,9.75,-4.4285]},"faces":{"north":{"uv":[12,15.5,12.25,15.75],"rotation":270,"texture":"#4"},"east":{"uv":[15.75,3.5,15.5,3],"rotation":90,"texture":"#4"},"west":{"uv":[3.75,15.5,3.5,16],"rotation":90,"texture":"#4"},"up":{"uv":[15.5,2.5,16,2.75],"rotation":90,"texture":"#4"},"down":{"uv":[2.5,15.5,3,15.75],"rotation":90,"texture":"#4"}}},{"from":[10.85066,9.47133,-5.6086],"to":[11.40801,10.02867,-4.77258],"rotation":{"angle":0,"axis":"y","origin":[11.27299,9.75,-4.4285]},"faces":{"north":{"uv":[15.5,11.5,15.75,11.75],"rotation":270,"texture":"#4"},"east":{"uv":[2.25,16,2,15.5],"rotation":90,"texture":"#4"},"west":{"uv":[15.75,2,15.5,2.5],"rotation":90,"texture":"#4"},"up":{"uv":[1.5,15.5,2,15.75],"rotation":90,"texture":"#4"},"down":{"uv":[1,15.5,1.5,15.75],"rotation":90,"texture":"#4"}}},{"from":[10.46473,9.52985,-6.00539],"to":[10.90503,9.97015,-5.34494],"rotation":{"angle":-22.5,"axis":"y","origin":[11.27299,9.75,-4.4285]},"faces":{"north":{"uv":[10.5,15.5,10.75,15.75],"rotation":270,"texture":"#4"},"east":{"uv":[15.75,11.25,15.5,11],"rotation":90,"texture":"#4"},"west":{"uv":[11.75,15.5,11.5,15.75],"rotation":90,"texture":"#4"},"up":{"uv":[11,15.5,11.25,15.75],"rotation":90,"texture":"#4"},"down":{"uv":[15.5,10.5,15.75,10.75],"rotation":90,"texture":"#4"}}},{"from":[10.55932,9.745,-7.02141],"to":[11.55932,9.765,-5.52141],"rotation":{"angle":22.5,"axis":"y","origin":[11.27299,9.75,-4.4285]},"faces":{"up":{"uv":[0,15,0.75,15.5],"rotation":90,"texture":"#4"},"down":{"uv":[14.5,13.5,15.25,14],"rotation":90,"texture":"#4"}}},{"from":[11.70751,9.745,-5.69641],"to":[12.70751,9.765,-4.19641],"rotation":{"angle":-22.5,"axis":"y","origin":[11.27299,9.75,-4.4285]},"faces":{"up":{"uv":[14.5,13,15.25,13.5],"rotation":90,"texture":"#4"},"down":{"uv":[14.5,4.5,15.25,5],"rotation":90,"texture":"#4"}}},{"from":[10.27992,9.745,-3.91753],"to":[11.77992,9.765,-2.91753],"rotation":{"angle":-45,"axis":"y","origin":[11.27299,9.75,-4.4285]},"faces":{"up":{"uv":[14.5,10,15,10.75],"rotation":90,"texture":"#4"},"down":{"uv":[9.5,14.5,10,15.25],"rotation":90,"texture":"#4"}}},{"from":[10.34219,10.35,-4.40371],"to":[11.84219,10.35,-2.90371],"rotation":{"angle":22.5,"axis":"y","origin":[11.27299,9.75,-4.4285]},"faces":{"up":{"uv":[14,5,14.75,5.75],"rotation":90,"texture":"#4"}}},{"from":[10.38452,10.25,-5.81267],"to":[11.38452,10.25,-4.81267],"rotation":{"angle":-22.5,"axis":"y","origin":[11.27299,9.75,-4.4285]},"faces":{"up":{"uv":[5.5,15,6,15.5],"rotation":90,"texture":"#4"}}},{"from":[10.38452,9.25,-5.81267],"to":[11.38452,9.25,-4.81267],"rotation":{"angle":-22.5,"axis":"y","origin":[11.27299,9.75,-4.4285]},"faces":{"down":{"uv":[15,5,15.5,5.5],"rotation":90,"texture":"#4"}}},{"from":[10.34219,9.15,-4.40371],"to":[11.84219,9.15,-2.90371],"rotation":{"angle":22.5,"axis":"y","origin":[11.27299,9.75,-4.4285]},"faces":{"down":{"uv":[5,14,5.75,14.75],"rotation":90,"texture":"#4"}}},{"from":[13.1688,9.05,-0.41711],"to":[14.5688,10.45,0.98289],"rotation":{"angle":-22.5,"axis":"y","origin":[14.2438,9.75,5.75789]},"faces":{"north":{"uv":[9,13.5,9.75,14.25],"rotation":270,"texture":"#4"},"east":{"uv":[14.75,3.75,14,3],"rotation":90,"texture":"#4"},"south":{"uv":[13.5,13,14.25,13.75],"rotation":90,"texture":"#4"},"west":{"uv":[4.75,14,4,14.75],"rotation":90,"texture":"#4"},"up":{"uv":[0,14,0.75,14.75],"rotation":90,"texture":"#4"},"down":{"uv":[13.5,10,14.25,10.75],"rotation":90,"texture":"#4"}}},{"from":[13.11324,9.15,-2.14661],"to":[15.11324,10.35,-0.94661],"rotation":{"angle":-22.5,"axis":"y","origin":[13.23824,10.25,-2.04661]},"faces":{"north":{"uv":[2,14.5,2.5,15.5],"rotation":270,"texture":"#4"},"east":{"uv":[5.5,15.5,5,15],"rotation":90,"texture":"#4"},"south":{"uv":[2.5,14.5,3,15.5],"rotation":90,"texture":"#4"},"up":{"uv":[3.5,14.5,4,15.5],"rotation":90,"texture":"#4"},"down":{"uv":[14.5,2,15,3],"rotation":90,"texture":"#4"}}},{"from":[12.20711,9.05,-2.2],"to":[13.60711,10.45,-0.8],"rotation":{"angle":45,"axis":"y","origin":[12.90711,9.75,-1.5]},"faces":{"north":{"uv":[1,13.5,1.75,14.25],"rotation":270,"texture":"#4"},"east":{"uv":[14.25,4.75,13.5,4],"rotation":90,"texture":"#4"},"south":{"uv":[2,13.5,2.75,14.25],"rotation":90,"texture":"#4"},"west":{"uv":[14.25,8,13.5,8.75],"rotation":90,"texture":"#4"},"up":{"uv":[13.5,2,14.25,2.75],"rotation":90,"texture":"#4"},"down":{"uv":[13.5,1,14.25,1.75],"rotation":90,"texture":"#4"}}},{"from":[14.91307,9.24,-1.46111],"to":[16.87307,10.26,-0.44111],"rotation":{"angle":-45,"axis":"y","origin":[14.88807,10.16,-1.38611]},"faces":{"north":{"uv":[3,14,3.5,15],"rotation":270,"texture":"#4"},"south":{"uv":[14.5,1,15,2],"rotation":90,"texture":"#4"},"up":{"uv":[1.5,14.5,2,15.5],"rotation":90,"texture":"#4"},"down":{"uv":[1,14.5,1.5,15.5],"rotation":90,"texture":"#4"}}},{"from":[5.5,9,-1.5],"to":[7.5,10.5,0.5],"rotation":{"angle":-45,"axis":"y","origin":[7.5,10.25,-1.5]},"faces":{"north":{"uv":[3.5,13,4.25,12],"rotation":270,"texture":"#4"},"east":{"uv":[6.25,13,5.5,12],"rotation":90,"texture":"#4"},"south":{"uv":[4.5,13,5.25,12],"rotation":90,"texture":"#4"},"west":{"uv":[12.75,5,12,6],"rotation":90,"texture":"#4"},"up":{"uv":[8.5,12,9.5,11],"rotation":90,"texture":"#4"},"down":{"uv":[7.5,12,8.5,11],"rotation":90,"texture":"#4"}}},{"from":[5.75,8.75,-1.25],"to":[7.25,10.75,0.25],"rotation":{"angle":-45,"axis":"y","origin":[7.5,10.25,-1.5]},"faces":{"north":{"uv":[12,6.75,13,6],"rotation":270,"texture":"#4"},"east":{"uv":[8.5,12.75,7.5,12],"rotation":90,"texture":"#4"},"south":{"uv":[6.5,12.75,7.5,12],"rotation":90,"texture":"#4"},"west":{"uv":[13,7,12,7.75],"rotation":90,"texture":"#4"},"up":{"uv":[4,13.75,4.75,13],"rotation":90,"texture":"#4"},"down":{"uv":[12.5,8.75,13.25,8],"rotation":90,"texture":"#4"}}},{"from":[-0.87307,9.24,-1.46111],"to":[1.08693,10.26,-0.44111],"rotation":{"angle":45,"axis":"y","origin":[1.11193,10.16,-1.38611]},"faces":{"north":{"uv":[3,15,3.5,14],"rotation":270,"texture":"#4"},"south":{"uv":[14.5,2,15,1],"rotation":90,"texture":"#4"},"up":{"uv":[1.5,15.5,2,14.5],"rotation":90,"texture":"#4"},"down":{"uv":[1,15.5,1.5,14.5],"rotation":90,"texture":"#4"}}},{"from":[2.39289,9.05,-2.2],"to":[3.79289,10.45,-0.8],"rotation":{"angle":-45,"axis":"y","origin":[3.09289,9.75,-1.5]},"faces":{"north":{"uv":[1,14.25,1.75,13.5],"rotation":270,"texture":"#4"},"east":{"uv":[14.25,8.75,13.5,8],"rotation":90,"texture":"#4"},"south":{"uv":[2,14.25,2.75,13.5],"rotation":90,"texture":"#4"},"west":{"uv":[14.25,4,13.5,4.75],"rotation":90,"texture":"#4"},"up":{"uv":[13.5,2.75,14.25,2],"rotation":90,"texture":"#4"},"down":{"uv":[13.5,1.75,14.25,1],"rotation":90,"texture":"#4"}}},{"from":[0.88676,9.15,-2.14661],"to":[2.88676,10.35,-0.94661],"rotation":{"angle":22.5,"axis":"y","origin":[2.76176,10.25,-2.04661]},"faces":{"north":{"uv":[2,15.5,2.5,14.5],"rotation":270,"texture":"#4"},"south":{"uv":[2.5,15.5,3,14.5],"rotation":90,"texture":"#4"},"west":{"uv":[5.5,15,5,15.5],"rotation":90,"texture":"#4"},"up":{"uv":[3.5,15.5,4,14.5],"rotation":90,"texture":"#4"},"down":{"uv":[14.5,3,15,2],"rotation":90,"texture":"#4"}}},{"from":[1.4312,9.05,-0.41711],"to":[2.8312,10.45,0.98289],"rotation":{"angle":22.5,"axis":"y","origin":[1.7562,9.75,5.75789]},"faces":{"north":{"uv":[9,14.25,9.75,13.5],"rotation":270,"texture":"#4"},"east":{"uv":[4.75,14.75,4,14],"rotation":90,"texture":"#4"},"south":{"uv":[13.5,13.75,14.25,13],"rotation":90,"texture":"#4"},"west":{"uv":[14.75,3,14,3.75],"rotation":90,"texture":"#4"},"up":{"uv":[0,14.75,0.75,14],"rotation":90,"texture":"#4"},"down":{"uv":[13.5,10.75,14.25,10],"rotation":90,"texture":"#4"}}},{"from":[4.15781,9.15,-4.40371],"to":[5.65781,9.15,-2.90371],"rotation":{"angle":-22.5,"axis":"y","origin":[4.72701,9.75,-4.4285]},"faces":{"down":{"uv":[5,14.75,5.75,14],"rotation":90,"texture":"#4"}}},{"from":[4.61548,9.25,-5.81267],"to":[5.61548,9.25,-4.81267],"rotation":{"angle":22.5,"axis":"y","origin":[4.72701,9.75,-4.4285]},"faces":{"down":{"uv":[15,5.5,15.5,5],"rotation":90,"texture":"#4"}}},{"from":[4.61548,10.25,-5.81267],"to":[5.61548,10.25,-4.81267],"rotation":{"angle":22.5,"axis":"y","origin":[4.72701,9.75,-4.4285]},"faces":{"up":{"uv":[5.5,15.5,6,15],"rotation":90,"texture":"#4"}}},{"from":[4.15781,10.35,-4.40371],"to":[5.65781,10.35,-2.90371],"rotation":{"angle":-22.5,"axis":"y","origin":[4.72701,9.75,-4.4285]},"faces":{"up":{"uv":[14,5.75,14.75,5],"rotation":90,"texture":"#4"}}},{"from":[4.22008,9.745,-3.91753],"to":[5.72008,9.765,-2.91753],"rotation":{"angle":45,"axis":"y","origin":[4.72701,9.75,-4.4285]},"faces":{"up":{"uv":[14.5,10.75,15,10],"rotation":90,"texture":"#4"},"down":{"uv":[9.5,15.25,10,14.5],"rotation":90,"texture":"#4"}}},{"from":[3.29249,9.745,-5.69641],"to":[4.29249,9.765,-4.19641],"rotation":{"angle":22.5,"axis":"y","origin":[4.72701,9.75,-4.4285]},"faces":{"up":{"uv":[14.5,13.5,15.25,13],"rotation":90,"texture":"#4"},"down":{"uv":[14.5,5,15.25,4.5],"rotation":90,"texture":"#4"}}},{"from":[4.44068,9.745,-7.02141],"to":[5.44068,9.765,-5.52141],"rotation":{"angle":-22.5,"axis":"y","origin":[4.72701,9.75,-4.4285]},"faces":{"up":{"uv":[0,15.5,0.75,15],"rotation":90,"texture":"#4"},"down":{"uv":[14.5,14,15.25,13.5],"rotation":90,"texture":"#4"}}},{"from":[5.09497,9.52985,-6.00539],"to":[5.53527,9.97015,-5.34494],"rotation":{"angle":22.5,"axis":"y","origin":[4.72701,9.75,-4.4285]},"faces":{"north":{"uv":[10.5,15.75,10.75,15.5],"rotation":270,"texture":"#4"},"east":{"uv":[11.75,15.75,11.5,15.5],"rotation":90,"texture":"#4"},"west":{"uv":[15.75,11,15.5,11.25],"rotation":90,"texture":"#4"},"up":{"uv":[11,15.75,11.25,15.5],"rotation":90,"texture":"#4"},"down":{"uv":[15.5,10.75,15.75,10.5],"rotation":90,"texture":"#4"}}},{"from":[4.59199,9.47133,-5.6086],"to":[5.14934,10.02867,-4.77258],"rotation":{"angle":0,"axis":"y","origin":[4.72701,9.75,-4.4285]},"faces":{"north":{"uv":[15.5,11.75,15.75,11.5],"rotation":270,"texture":"#4"},"east":{"uv":[15.75,2.5,15.5,2],"rotation":90,"texture":"#4"},"west":{"uv":[2.25,15.5,2,16],"rotation":90,"texture":"#4"},"up":{"uv":[1.5,15.75,2,15.5],"rotation":90,"texture":"#4"},"down":{"uv":[1,15.75,1.5,15.5],"rotation":90,"texture":"#4"}}},{"from":[4.3529,9.42215,-4.91757],"to":[5.0086,10.07785,-3.93402],"rotation":{"angle":-22.5,"axis":"y","origin":[4.72701,9.75,-4.4285]},"faces":{"north":{"uv":[12,15.75,12.25,15.5],"rotation":270,"texture":"#4"},"east":{"uv":[3.75,16,3.5,15.5],"rotation":90,"texture":"#4"},"west":{"uv":[15.75,3,15.5,3.5],"rotation":90,"texture":"#4"},"up":{"uv":[15.5,2.75,16,2.5],"rotation":90,"texture":"#4"},"down":{"uv":[2.5,15.75,3,15.5],"rotation":90,"texture":"#4"}}},{"from":[4.13255,9.335,-4.13332],"to":[4.96255,10.165,-2.88832],"rotation":{"angle":0,"axis":"y","origin":[4.72701,9.75,-4.4285]},"faces":{"north":{"uv":[15,6,15.5,5.5],"rotation":270,"texture":"#4"},"east":{"uv":[15.5,7,15,6.5],"rotation":90,"texture":"#4"},"west":{"uv":[7,15,6.5,15.5],"rotation":90,"texture":"#4"},"up":{"uv":[15,6.5,15.5,6],"rotation":90,"texture":"#4"},"down":{"uv":[6,15.5,6.5,15],"rotation":90,"texture":"#4"}}},{"from":[3.55511,9.25,-3.24413],"to":[4.55511,10.25,-1.74413],"rotation":{"angle":22.5,"axis":"y","origin":[4.72701,9.75,-4.4285]},"faces":{"north":{"uv":[7,15.5,7.5,15],"rotation":270,"texture":"#4"},"east":{"uv":[3.5,15.75,3,15],"rotation":90,"texture":"#4"},"west":{"uv":[15.5,2,15,2.75],"rotation":90,"texture":"#4"},"up":{"uv":[15,2,15.75,1.5],"rotation":90,"texture":"#4"},"down":{"uv":[15,1.5,15.75,1],"rotation":90,"texture":"#4"}}},{"from":[7,8,-1],"to":[9,9,6],"rotation":{"angle":0,"axis":"y","origin":[7,2,-11]},"faces":{"east":{"uv":[7.5,9,11,9.5],"texture":"#4"},"west":{"uv":[9,8,12.5,8.5],"texture":"#4"},"up":{"uv":[2,12.5,1,9],"texture":"#4"},"down":{"uv":[3,9,2,12.5],"texture":"#4"}}},{"from":[7.5,7,-1],"to":[8.5,8,6],"rotation":{"angle":0,"axis":"y","origin":[7,2,-11]},"faces":{"east":{"uv":[9,8.5,12.5,9],"texture":"#4"},"west":{"uv":[7.5,9.5,11,10],"texture":"#4"},"down":{"uv":[10.5,0,10,3.5],"texture":"#4"}}},{"from":[7,7,-2],"to":[9,9.5,-1],"rotation":{"angle":0,"axis":"y","origin":[7,2,-11]},"faces":{"north":{"uv":[10.5,2,11.5,3.25],"texture":"#4"},"east":{"uv":[12.5,11.5,13,12.75],"texture":"#4"},"south":{"uv":[10.5,3.5,11.5,4.75],"texture":"#4"},"west":{"uv":[3.5,13,4,14.25],"texture":"#4"},"up":{"uv":[13.5,4.5,12.5,4],"texture":"#4"},"down":{"uv":[15.5,4,14.5,4.5],"texture":"#4"}}},{"from":[7.5,7,9.5],"to":[8.5,8,13.5],"rotation":{"angle":0,"axis":"y","origin":[7,2,-11]},"faces":{"east":{"uv":[11,9.5,13,10],"texture":"#4"},"west":{"uv":[11.5,2,13.5,2.5],"texture":"#4"},"down":{"uv":[12,2.5,11.5,4.5],"texture":"#4"}}},{"from":[7.5,6,12.5],"to":[8.5,7,13.5],"rotation":{"angle":0,"axis":"y","origin":[7,2,-11]},"faces":{"north":{"uv":[8,15,8.5,15.5],"texture":"#4"},"east":{"uv":[15,8,15.5,8.5],"texture":"#4"},"west":{"uv":[8.5,15,9,15.5],"texture":"#4"},"down":{"uv":[15.5,8.5,15,9],"texture":"#4"}}},{"from":[7,8,9.5],"to":[9,9,13.5],"rotation":{"angle":0,"axis":"y","origin":[7,2,-11]},"faces":{"east":{"uv":[11,9,13,9.5],"texture":"#4"},"west":{"uv":[9.5,11,11.5,11.5],"texture":"#4"},"up":{"uv":[10,8,9,6],"texture":"#4"},"down":{"uv":[7.5,9,6.5,11],"texture":"#4"}}},{"from":[7.5,9.15,7.25],"to":[8.5,9.65,8.25],"rotation":{"angle":0,"axis":"y","origin":[7.5,9.15,7.25]},"faces":{"north":{"uv":[15.5,3.5,16,3.75],"texture":"#4"},"east":{"uv":[4,15.5,4.5,15.75],"texture":"#4"},"south":{"uv":[15.5,4,16,4.25],"texture":"#4"},"west":{"uv":[4.5,15.5,5,15.75],"texture":"#4"}}},{"from":[7.5,11.65,7.25],"to":[8.5,12.15,8.25],"rotation":{"angle":0,"axis":"y","origin":[7.5,11.65,7.25]},"faces":{"north":{"uv":[15.5,4.5,16,4.75],"texture":"#4"},"east":{"uv":[5,15.5,5.5,15.75],"texture":"#4"},"south":{"uv":[15.5,5,16,5.25],"texture":"#4"},"west":{"uv":[5.5,15.5,6,15.75],"texture":"#4"},"up":{"uv":[15.5,7.5,15,7],"texture":"#4"}}},{"from":[7.25,9.65,7],"to":[8.75,11.65,8.5],"rotation":{"angle":0,"axis":"y","origin":[7.5,10.15,7.25]},"faces":{"north":{"uv":[1,12.5,1.75,13.5],"texture":"#4"},"east":{"uv":[12.5,1,13.25,2],"texture":"#4"},"south":{"uv":[2,12.5,2.75,13.5],"texture":"#4"},"west":{"uv":[12.5,2.5,13.25,3.5],"texture":"#4"},"up":{"uv":[6.75,14.75,6,14],"texture":"#4"},"down":{"uv":[14.75,6,14,6.75],"texture":"#4"}}},{"from":[7.57,10.835,5.72],"to":[8.43,11.265,6.58],"rotation":{"angle":-22.5,"axis":"x","origin":[8,10.225,6.15]},"faces":{"north":{"uv":[15.5,5.5,16,5.75],"texture":"#4"},"east":{"uv":[6,15.5,6.5,15.75],"texture":"#4"},"south":{"uv":[15.5,6,16,6.25],"texture":"#4"},"west":{"uv":[6.5,15.5,7,15.75],"texture":"#4"},"up":{"uv":[8,15.5,7.5,15],"texture":"#4"}}},{"from":[7.355,9.365,5.505],"to":[8.645,10.835,6.795],"rotation":{"angle":-22.5,"axis":"x","origin":[8,10.225,6.15]},"faces":{"north":{"uv":[7,14,7.75,14.75],"texture":"#4"},"east":{"uv":[14,7,14.75,7.75],"texture":"#4"},"south":{"uv":[8,14,8.75,14.75],"texture":"#4"},"west":{"uv":[14,9,14.75,9.75],"texture":"#4"},"up":{"uv":[10.75,14.75,10,14],"texture":"#4"},"down":{"uv":[11.75,14,11,14.75],"texture":"#4"}}},{"from":[7.57,8.935,5.72],"to":[8.43,9.365,6.58],"rotation":{"angle":-22.5,"axis":"x","origin":[8,10.225,6.15]},"faces":{"north":{"uv":[15.5,6.5,16,6.75],"texture":"#4"},"east":{"uv":[7,15.5,7.5,15.75],"texture":"#4"},"south":{"uv":[15.5,7,16,7.25],"texture":"#4"},"west":{"uv":[7.5,15.5,8,15.75],"texture":"#4"}}},{"from":[7.57,10.835,8.92],"to":[8.43,11.265,9.78],"rotation":{"angle":22.5,"axis":"x","origin":[8,10.225,9.35]},"faces":{"north":{"uv":[15.5,7.5,16,7.75],"texture":"#4"},"east":{"uv":[8,15.5,8.5,15.75],"texture":"#4"},"south":{"uv":[15.5,8,16,8.25],"texture":"#4"},"west":{"uv":[8.5,15.5,9,15.75],"texture":"#4"},"up":{"uv":[15.5,8,15,7.5],"texture":"#4"}}},{"from":[7.355,9.365,8.705],"to":[8.645,10.835,9.995],"rotation":{"angle":22.5,"axis":"x","origin":[8,10.225,9.35]},"faces":{"north":{"uv":[14,11,14.75,11.75],"texture":"#4"},"east":{"uv":[12,14,12.75,14.75],"texture":"#4"},"south":{"uv":[14,12,14.75,12.75],"texture":"#4"},"west":{"uv":[13,14,13.75,14.75],"texture":"#4"},"up":{"uv":[14.75,14.75,14,14],"texture":"#4"},"down":{"uv":[15.25,0,14.5,0.75],"texture":"#4"}}},{"from":[7.57,8.935,8.92],"to":[8.43,9.365,9.78],"rotation":{"angle":22.5,"axis":"x","origin":[8,10.225,9.35]},"faces":{"north":{"uv":[15.5,8.5,16,8.75],"texture":"#4"},"east":{"uv":[9,15.5,9.5,15.75],"texture":"#4"},"south":{"uv":[15.5,9,16,9.25],"texture":"#4"},"west":{"uv":[9.5,15.5,10,15.75],"texture":"#4"}}},{"from":[6.25,6.7,6],"to":[9.75,7.7,9.5],"rotation":{"angle":0,"axis":"y","origin":[6.5,6.7,6.25]},"faces":{"north":{"uv":[11.5,4.5,13.25,5],"texture":"#4"},"east":{"uv":[11.5,10,13.25,10.5],"texture":"#4"},"south":{"uv":[10.5,11.5,12.25,12],"texture":"#4"},"west":{"uv":[11.5,10.5,13.25,11],"texture":"#4"},"down":{"uv":[4.75,9,3,10.75],"texture":"#4"}}},{"from":[6,7.7,5.75],"to":[10,9.2,9.75],"rotation":{"angle":0,"axis":"y","origin":[6.5,7.7,6.25]},"faces":{"north":{"uv":[10,6,12,6.75],"texture":"#4"},"east":{"uv":[10,7,12,7.75],"texture":"#4"},"south":{"uv":[7.5,10,9.5,10.75],"texture":"#4"},"west":{"uv":[9.5,10,11.5,10.75],"texture":"#4"},"up":{"uv":[10,2,8,0],"texture":"#4"},"down":{"uv":[10,2,8,4],"texture":"#4"}}},{"from":[6.21185,9.12365,6.25],"to":[6.24185,10.62365,9.25],"rotation":{"angle":22.5,"axis":"z","origin":[6.22685,9.89865,7.75]},"faces":{"east":{"uv":[10.5,5,12,5.75],"texture":"#4"},"west":{"uv":[3,11,4.5,11.75],"texture":"#4"}}},{"from":[9.75815,9.12365,6.25],"to":[9.78815,10.62365,9.25],"rotation":{"angle":-22.5,"axis":"z","origin":[9.77315,9.89865,7.75]},"faces":{"east":{"uv":[4.5,11,6,11.75],"texture":"#4"},"west":{"uv":[6,11,7.5,11.75],"texture":"#4"}}},{"from":[6.75,5.75,13.5],"to":[9.25,9.25,14.5],"rotation":{"angle":0,"axis":"y","origin":[7,6,13.5]},"faces":{"north":{"uv":[9,4,10.25,5.75],"texture":"#4"},"east":{"uv":[12,2.5,12.5,4.25],"texture":"#4"},"south":{"uv":[5,9,6.25,10.75],"texture":"#4"},"west":{"uv":[3,12,3.5,13.75],"texture":"#4"},"up":{"uv":[12.75,11.5,11.5,11],"texture":"#4"},"down":{"uv":[13.75,3.5,12.5,4],"texture":"#4"}}},{"from":[7.525,6.7,5.25],"to":[8.475,8.2,9.25],"rotation":{"angle":22.5,"axis":"x","origin":[7.25,6.7,5.25]},"faces":{"north":{"uv":[15,3,15.5,3.75],"texture":"#4"},"east":{"uv":[10.5,0,12.5,0.75],"texture":"#4"},"west":{"uv":[10.5,1,12.5,1.75],"texture":"#4"},"up":{"uv":[10,13.5,9.5,11.5],"texture":"#4"},"down":{"uv":[10.5,11.5,10,13.5],"texture":"#4"}}},{"from":[7.525,6.2,9.25],"to":[8.475,8.2,9.75],"rotation":{"angle":22.5,"axis":"x","origin":[7.25,6.7,5.25]},"faces":{"north":{"uv":[14.5,8,15,9],"texture":"#4"},"east":{"uv":[15,9,15.25,10],"texture":"#4"},"south":{"uv":[9,14.5,9.5,15.5],"texture":"#4"},"west":{"uv":[10,15,10.25,16],"texture":"#4"},"up":{"uv":[16,9.75,15.5,9.5],"texture":"#4"},"down":{"uv":[16,10,15.5,10.25],"texture":"#4"}}},{"from":[0,9.75,0.75],"to":[16,9.78,6],"rotation":{"angle":0,"axis":"y","origin":[0,9.25,0]},"faces":{"up":{"uv":[8,8.75,0,6],"texture":"#4"},"down":{"uv":[8,6,0,8.75],"texture":"#4"}}}],"gui_light":"front","display":{"thirdperson_righthand":{"translation":[0,1.25,2.25]},"thirdperson_lefthand":{"translation":[0,1.25,2.25]},"firstperson_righthand":{"rotation":[-3.5,0,0],"translation":[2,0.75,-0.25]},"firstperson_lefthand":{"rotation":[-3.5,0,0],"translation":[2,0.75,-0.25]},"ground":{"rotation":[25,0,0],"translation":[0,5,0],"scale":[0.7,0.7,0.7]},"gui":{"rotation":[90,45,0],"translation":[2.5,-2.75,0],"scale":[0.7,0.7,0.7]},"head":{"rotation":[25,0,0]},"fixed":{"rotation":[-90,0,0],"translation":[0,3.5,-5],"scale":[2,2,2]}}}