{"credit":"Made with Blockbench","texture_size":[32,32],"textures":{"1":"easter2024set:animations/animations_1","2":"easter2024set:fishing_rod","particle":"easter2024set:fishing_rod"},"elements":[{"from":[7.3,-1.99289,7.3],"to":[8.7,-0.59289,8.7],"rotation":{"angle":-45,"axis":"x","origin":[8,-1.29289,8]},"faces":{"north":{"uv":[7.5,8,8.25,8.75],"texture":"#2"},"east":{"uv":[0,8.5,0.75,9.25],"texture":"#2"},"south":{"uv":[8.5,0,9.25,0.75],"texture":"#2"},"west":{"uv":[1,8.5,1.75,9.25],"texture":"#2"},"up":{"uv":[2.75,9.25,2,8.5],"texture":"#2"},"down":{"uv":[9.25,2,8.5,2.75],"texture":"#2"}}},{"from":[7.5,-1.04289,7.5],"to":[8.5,-0.04289,8.5],"rotation":{"angle":0,"axis":"y","origin":[7.5,-1.04289,7.5]},"faces":{"north":{"uv":[7,9.5,7.5,10],"texture":"#2"},"east":{"uv":[10.5,6.5,11,7],"texture":"#2"},"south":{"uv":[10.5,7,11,7.5],"texture":"#2"},"west":{"uv":[10.5,7.5,11,8],"texture":"#2"}}},{"from":[7.5,2.70711,7.5],"to":[8.5,4.95711,8.5],"rotation":{"angle":0,"axis":"y","origin":[8,2.70711,8]},"faces":{"north":{"uv":[5,7.5,5.5,8.75],"texture":"#2"},"east":{"uv":[5.5,7.5,6,8.75],"texture":"#2"},"south":{"uv":[8,0,8.5,1.25],"texture":"#2"},"west":{"uv":[8,5,8.5,6.25],"texture":"#2"},"down":{"uv":[11,8,10.5,8.5],"texture":"#2"}}},{"from":[7.6,0.45711,7.6],"to":[8.4,2.70711,8.4],"rotation":{"angle":0,"axis":"y","origin":[8,2.70711,8]},"faces":{"north":{"uv":[6,8,6.5,9.25],"texture":"#2"},"east":{"uv":[6.5,8,7,9.25],"texture":"#2"},"south":{"uv":[8,6.5,8.5,7.75],"texture":"#2"},"west":{"uv":[7,8,7.5,9.25],"texture":"#2"}}},{"from":[7.35,4.95711,7.35],"to":[8.65,5.45711,8.65],"rotation":{"angle":0,"axis":"y","origin":[8,2.70711,8]},"faces":{"north":{"uv":[1.5,11.5,2.25,11.75],"texture":"#2"},"east":{"uv":[11.5,1.5,12.25,1.75],"texture":"#2"},"south":{"uv":[11.5,2,12.25,2.25],"texture":"#2"},"west":{"uv":[2.5,11.5,3.25,11.75],"texture":"#2"},"up":{"uv":[3.75,9.25,3,8.5],"texture":"#2"},"down":{"uv":[9.25,3,8.5,3.75],"texture":"#2"}}},{"from":[7.35,-0.04289,7.35],"to":[8.65,0.45711,8.65],"rotation":{"angle":0,"axis":"y","origin":[8,0.20711,8]},"faces":{"north":{"uv":[11.5,2.5,12.25,2.75],"texture":"#2"},"east":{"uv":[11.5,3,12.25,3.25],"texture":"#2"},"south":{"uv":[3.5,11.5,4.25,11.75],"texture":"#2"},"west":{"uv":[11.5,3.5,12.25,3.75],"texture":"#2"},"up":{"uv":[4.75,9.25,4,8.5],"texture":"#2"},"down":{"uv":[9.25,4,8.5,4.75],"texture":"#2"}}},{"from":[7.25,5.05,8],"to":[8.75,7.05,10],"rotation":{"angle":-45,"axis":"x","origin":[7.5,5.05,8]},"faces":{"north":{"uv":[7,0,7.75,1],"texture":"#2"},"east":{"uv":[6,5,7,6],"texture":"#2"},"south":{"uv":[7,1,7.75,2],"texture":"#2"},"west":{"uv":[6,6,7,7],"texture":"#2"},"up":{"uv":[7.75,6,7,5],"texture":"#2"},"down":{"uv":[6.75,7,6,8],"texture":"#2"}}},{"from":[7,5.3,8.25],"to":[9,6.8,9.75],"rotation":{"angle":-45,"axis":"x","origin":[7.5,5.05,8]},"faces":{"north":{"uv":[7,6,8,6.75],"texture":"#2"},"east":{"uv":[8.5,5,9.25,5.75],"texture":"#2"},"south":{"uv":[7,7,8,7.75],"texture":"#2"},"west":{"uv":[8.5,6,9.25,6.75],"texture":"#2"},"up":{"uv":[1,8.25,0,7.5],"texture":"#2"},"down":{"uv":[2,7.5,1,8.25],"texture":"#2"}}},{"from":[7.5,7.01924,6.18413],"to":[8.5,8.01924,7.68413],"rotation":{"angle":22.5,"axis":"x","origin":[8,8.33032,5.38461]},"faces":{"north":{"uv":[10.5,8.5,11,9],"texture":"#2"},"east":{"uv":[8.5,1,9.25,1.5],"texture":"#2"},"west":{"uv":[9.5,1,10.25,1.5],"texture":"#2"},"up":{"uv":[11,1.75,10.5,1],"texture":"#2"},"down":{"uv":[2.5,10.5,2,11.25],"texture":"#2"}}},{"from":[7.585,7.46,5.3775],"to":[8.415,8.29,6.6225],"rotation":{"angle":45,"axis":"x","origin":[8,8.33032,5.38461]},"faces":{"north":{"uv":[10.5,9,11,9.5],"texture":"#2"},"east":{"uv":[10.5,9.5,11,10],"texture":"#2"},"west":{"uv":[11,1,11.5,1.5],"texture":"#2"},"up":{"uv":[11.5,2,11,1.5],"texture":"#2"},"down":{"uv":[3,11,2.5,11.5],"texture":"#2"}}},{"from":[7.67215,8.00956,4.63996],"to":[8.32785,8.99311,5.29566],"rotation":{"angle":-22.5,"axis":"x","origin":[8,8.33032,5.38461]},"faces":{"north":{"uv":[11.5,4,11.75,4.5],"texture":"#2"},"east":{"uv":[4.5,11.5,4.75,12],"texture":"#2"},"south":{"uv":[11.5,4.5,11.75,5],"texture":"#2"},"west":{"uv":[5,11.5,5.25,12],"texture":"#2"},"up":{"uv":[12.25,4.75,12,4.5],"texture":"#2"}}},{"from":[7.72133,8.63516,4.46412],"to":[8.27867,9.47118,5.02147],"rotation":{"angle":0,"axis":"y","origin":[8,8.33032,5.38461]},"faces":{"north":{"uv":[11.5,5,11.75,5.5],"texture":"#2"},"east":{"uv":[5.5,11.5,5.75,12],"texture":"#2"},"south":{"uv":[11.5,5.5,11.75,6],"texture":"#2"},"west":{"uv":[6,11.5,6.25,12],"texture":"#2"},"up":{"uv":[5.25,12.25,5,12],"texture":"#2"}}},{"from":[7.77985,8.99466,4.12803],"to":[8.22015,9.65511,4.56833],"rotation":{"angle":22.5,"axis":"x","origin":[8,8.33032,5.38461]},"faces":{"north":{"uv":[12,5,12.25,5.25],"texture":"#2"},"east":{"uv":[5.5,12,5.75,12.25],"texture":"#2"},"south":{"uv":[12,5.5,12.25,5.75],"texture":"#2"},"west":{"uv":[6,12,6.25,12.25],"texture":"#2"},"up":{"uv":[12.25,6.25,12,6],"texture":"#2"}}},{"from":[7.5,7.01924,8.31587],"to":[8.5,8.01924,9.81587],"rotation":{"angle":-22.5,"axis":"x","origin":[8,8.33032,10.61539]},"faces":{"east":{"uv":[10.5,2.5,11.25,3],"texture":"#2"},"south":{"uv":[9,11,9.5,11.5],"texture":"#2"},"west":{"uv":[10.5,3,11.25,3.5],"texture":"#2"},"up":{"uv":[4,11.25,3.5,10.5],"texture":"#2"},"down":{"uv":[11,3.5,10.5,4.25],"texture":"#2"}}},{"from":[7.585,7.46,9.3775],"to":[8.415,8.29,10.6225],"rotation":{"angle":-45,"axis":"x","origin":[8,8.33032,10.61539]},"faces":{"east":{"uv":[11,7.5,11.5,8],"texture":"#2"},"south":{"uv":[8,11,8.5,11.5],"texture":"#2"},"west":{"uv":[11,8,11.5,8.5],"texture":"#2"},"up":{"uv":[9,11.5,8.5,11],"texture":"#2"},"down":{"uv":[11.5,8.5,11,9],"texture":"#2"}}},{"from":[7.67215,8.00956,10.70434],"to":[8.32785,8.99311,11.36004],"rotation":{"angle":22.5,"axis":"x","origin":[8,8.33032,10.61539]},"faces":{"north":{"uv":[3.5,12,3.75,12.5],"texture":"#2"},"east":{"uv":[4,12,4.25,12.5],"texture":"#2"},"south":{"uv":[12,4,12.25,4.5],"texture":"#2"},"west":{"uv":[4.5,12,4.75,12.5],"texture":"#2"},"up":{"uv":[8.25,12.25,8,12],"texture":"#2"}}},{"from":[7.77985,8.99466,11.43167],"to":[8.22015,9.65511,11.87197],"rotation":{"angle":-22.5,"axis":"x","origin":[8,8.33032,10.61539]},"faces":{"north":{"uv":[12,6.5,12.25,6.75],"texture":"#2"},"east":{"uv":[7,12,7.25,12.25],"texture":"#2"},"south":{"uv":[12,7,12.25,7.25],"texture":"#2"},"west":{"uv":[7.5,12,7.75,12.25],"texture":"#2"},"up":{"uv":[12.25,7.75,12,7.5],"texture":"#2"}}},{"from":[7.72133,8.63516,10.97853],"to":[8.27867,9.47118,11.53588],"rotation":{"angle":0,"axis":"y","origin":[8,8.33032,10.61539]},"faces":{"north":{"uv":[1.5,12,1.75,12.5],"texture":"#2"},"east":{"uv":[2,12,2.25,12.5],"texture":"#2"},"south":{"uv":[2.5,12,2.75,12.5],"texture":"#2"},"west":{"uv":[3,12,3.25,12.5],"texture":"#2"},"up":{"uv":[6.75,12.25,6.5,12],"texture":"#2"}}},{"from":[7.5,9.65,7.5],"to":[8.5,10.15,8.5],"rotation":{"angle":0,"axis":"y","origin":[7.5,9.65,7.5]},"faces":{"north":{"uv":[11.5,6,12,6.25],"texture":"#2"},"east":{"uv":[6.5,11.5,7,11.75],"texture":"#2"},"south":{"uv":[11.5,6.5,12,6.75],"texture":"#2"},"west":{"uv":[7,11.5,7.5,11.75],"texture":"#2"}}},{"from":[7.5,12.15,7.5],"to":[8.5,12.65,8.5],"rotation":{"angle":0,"axis":"y","origin":[7.5,12.15,7.5]},"faces":{"north":{"uv":[11.5,7,12,7.25],"texture":"#2"},"east":{"uv":[7.5,11.5,8,11.75],"texture":"#2"},"south":{"uv":[11.5,7.5,12,7.75],"texture":"#2"},"west":{"uv":[8,11.5,8.5,11.75],"texture":"#2"},"up":{"uv":[3.5,11.5,3,11],"texture":"#2"}}},{"from":[7.25,10.15,7.25],"to":[8.75,12.15,8.75],"rotation":{"angle":0,"axis":"y","origin":[7.5,10.65,7.5]},"faces":{"north":{"uv":[2,7.5,2.75,8.5],"texture":"#2"},"east":{"uv":[7.5,2,8.25,3],"texture":"#2"},"south":{"uv":[3,7.5,3.75,8.5],"texture":"#2"},"west":{"uv":[4,7.5,4.75,8.5],"texture":"#2"},"up":{"uv":[9.25,7.75,8.5,7],"texture":"#2"},"down":{"uv":[9.25,8,8.5,8.75],"texture":"#2"}}},{"from":[7.57,11.335,5.97],"to":[8.43,11.765,6.83],"rotation":{"angle":-22.5,"axis":"x","origin":[8,10.725,6.4]},"faces":{"north":{"uv":[11.5,9,12,9.25],"texture":"#2"},"east":{"uv":[9.5,11.5,10,11.75],"texture":"#2"},"south":{"uv":[11.5,9.5,12,9.75],"texture":"#2"},"west":{"uv":[10,11.5,10.5,11.75],"texture":"#2"},"up":{"uv":[11.5,4,11,3.5],"texture":"#2"}}},{"from":[7.355,9.865,5.755],"to":[8.645,11.335,7.045],"rotation":{"angle":-22.5,"axis":"x","origin":[8,10.725,6.4]},"faces":{"north":{"uv":[5,9,5.75,9.75],"texture":"#2"},"east":{"uv":[7.5,9,8.25,9.75],"texture":"#2"},"south":{"uv":[8.5,9,9.25,9.75],"texture":"#2"},"west":{"uv":[0,9.5,0.75,10.25],"texture":"#2"},"up":{"uv":[10.25,0.75,9.5,0],"texture":"#2"},"down":{"uv":[1.75,9.5,1,10.25],"texture":"#2"}}},{"from":[7.57,9.435,5.97],"to":[8.43,9.865,6.83],"rotation":{"angle":-22.5,"axis":"x","origin":[8,10.725,6.4]},"faces":{"north":{"uv":[11.5,8,12,8.25],"texture":"#2"},"east":{"uv":[8.5,11.5,9,11.75],"texture":"#2"},"south":{"uv":[11.5,8.5,12,8.75],"texture":"#2"},"west":{"uv":[9,11.5,9.5,11.75],"texture":"#2"}}},{"from":[7.57,11.335,9.17],"to":[8.43,11.765,10.03],"rotation":{"angle":22.5,"axis":"x","origin":[8,10.725,9.6]},"faces":{"north":{"uv":[11.5,11,12,11.25],"texture":"#2"},"east":{"uv":[11.5,11.5,12,11.75],"texture":"#2"},"south":{"uv":[0,12,0.5,12.25],"texture":"#2"},"west":{"uv":[12,0,12.5,0.25],"texture":"#2"},"up":{"uv":[4.5,11.5,4,11],"texture":"#2"}}},{"from":[7.355,9.865,8.955],"to":[8.645,11.335,10.245],"rotation":{"angle":22.5,"axis":"x","origin":[8,10.725,9.6]},"faces":{"north":{"uv":[2,9.5,2.75,10.25],"texture":"#2"},"east":{"uv":[9.5,2,10.25,2.75],"texture":"#2"},"south":{"uv":[3,9.5,3.75,10.25],"texture":"#2"},"west":{"uv":[9.5,3,10.25,3.75],"texture":"#2"},"up":{"uv":[4.75,10.25,4,9.5],"texture":"#2"},"down":{"uv":[10.25,4,9.5,4.75],"texture":"#2"}}},{"from":[7.57,9.435,9.17],"to":[8.43,9.865,10.03],"rotation":{"angle":22.5,"axis":"x","origin":[8,10.725,9.6]},"faces":{"north":{"uv":[11.5,10,12,10.25],"texture":"#2"},"east":{"uv":[10.5,11.5,11,11.75],"texture":"#2"},"south":{"uv":[11.5,10.5,12,10.75],"texture":"#2"},"west":{"uv":[11,11.5,11.5,11.75],"texture":"#2"}}},{"from":[7.985,10.00779,3.84857],"to":[8.005,11.00779,5.34857],"rotation":{"angle":45,"axis":"x","origin":[7.995,10.50779,4.59857]},"faces":{"east":{"uv":[10.5,2,11.25,2.5],"texture":"#2"},"west":{"uv":[2.5,10.5,3.25,11],"texture":"#2"}}},{"from":[7.985,10.00779,10.65143],"to":[8.005,11.00779,12.15143],"rotation":{"angle":-45,"axis":"x","origin":[7.995,10.50779,11.40143]},"faces":{"east":{"uv":[4,10.5,4.75,11],"texture":"#2"},"west":{"uv":[10.5,4.5,11.25,5],"texture":"#2"}}},{"from":[6.25,7.2,6.25],"to":[9.75,8.2,9.75],"rotation":{"angle":0,"axis":"y","origin":[6.5,7.2,6.5]},"faces":{"north":{"uv":[6.5,3,8.25,3.5],"texture":"#2"},"east":{"uv":[6.5,3.5,8.25,4],"texture":"#2"},"south":{"uv":[6.5,4,8.25,4.5],"texture":"#2"},"west":{"uv":[6.5,4.5,8.25,5],"texture":"#2"},"down":{"uv":[5.25,0,3.5,1.75],"texture":"#2"}}},{"from":[6,8.2,6],"to":[10,9.7,10],"rotation":{"angle":0,"axis":"y","origin":[6.5,8.2,6.5]},"faces":{"north":{"uv":[3.5,2,5.5,2.75],"texture":"#2"},"east":{"uv":[3.5,3,5.5,3.75],"texture":"#2"},"south":{"uv":[1.5,4,3.5,4.75],"texture":"#2"},"west":{"uv":[3.5,4,5.5,4.75],"texture":"#2"},"up":{"uv":[3.5,2,1.5,0],"texture":"#2"},"down":{"uv":[3.5,2,1.5,4],"texture":"#2"}}},{"from":[6.21185,9.62365,6.5],"to":[6.24185,11.12365,9.5],"rotation":{"angle":22.5,"axis":"z","origin":[6.22685,10.39865,8]},"faces":{"east":{"uv":[3,5,4.5,5.75],"texture":"#2"},"west":{"uv":[4.5,5,6,5.75],"texture":"#2"}}},{"from":[9.75815,9.62365,6.5],"to":[9.78815,11.12365,9.5],"rotation":{"angle":-22.5,"axis":"z","origin":[9.77315,10.39865,8]},"faces":{"east":{"uv":[5.5,0,7,0.75],"texture":"#2"},"west":{"uv":[5.5,1,7,1.75],"texture":"#2"}}},{"from":[7.4,6.95239,4.43933],"to":[7.4,8.45239,5.93933],"rotation":{"angle":-45,"axis":"x","origin":[7.4,7.70239,5.18933]},"faces":{"west":{"uv":[9.5,5,10.25,5.75],"texture":"#2"}}},{"from":[7.4,6.95239,10.06067],"to":[7.4,8.45239,11.56067],"rotation":{"angle":45,"axis":"x","origin":[7.4,7.70239,10.81067]},"faces":{"west":{"uv":[9.5,7,10.25,7.75],"texture":"#2"}}},{"from":[7.5,8.7566,4.11968],"to":[7.5,9.7566,5.11968],"rotation":{"angle":22.5,"axis":"x","origin":[7.5,9.2566,4.61968]},"faces":{"west":{"uv":[11,4,11.5,4.5],"texture":"#2"}}},{"from":[7.5,8.7566,10.88032],"to":[7.5,9.7566,11.88032],"rotation":{"angle":-22.5,"axis":"x","origin":[7.5,9.2566,11.38032]},"faces":{"west":{"uv":[11,9,11.5,9.5],"texture":"#2"}}},{"from":[8.5,8.7566,10.88032],"to":[8.5,9.7566,11.88032],"rotation":{"angle":-22.5,"axis":"x","origin":[8.5,9.2566,11.38032]},"faces":{"east":{"uv":[9.5,11,10,11.5],"texture":"#2"}}},{"from":[8.6,6.95239,10.06067],"to":[8.6,8.45239,11.56067],"rotation":{"angle":45,"axis":"x","origin":[8.6,7.70239,10.81067]},"faces":{"east":{"uv":[9.5,9,10.25,9.75],"texture":"#2"}}},{"from":[8.5,8.7566,4.11968],"to":[8.5,9.7566,5.11968],"rotation":{"angle":22.5,"axis":"x","origin":[8.5,9.2566,4.61968]},"faces":{"east":{"uv":[7.5,11,8,11.5],"texture":"#2"}}},{"from":[8.6,6.95239,4.43933],"to":[8.6,8.45239,5.93933],"rotation":{"angle":-45,"axis":"x","origin":[8.6,7.70239,5.18933]},"faces":{"east":{"uv":[9.5,8,10.25,8.75],"texture":"#2"}}},{"from":[7.5,14.70711,7.5],"to":[8.5,15.20711,8.5],"rotation":{"angle":0,"axis":"y","origin":[8,15.20711,8]},"faces":{"north":{"uv":[0.5,12,1,12.25],"texture":"#2"},"east":{"uv":[12,0.5,12.5,0.75],"texture":"#2"},"south":{"uv":[1,12,1.5,12.25],"texture":"#2"},"west":{"uv":[12,1,12.5,1.25],"texture":"#2"},"up":{"uv":[5,11.5,4.5,11],"texture":"#2"},"down":{"uv":[5.5,11,5,11.5],"texture":"#2"}}},{"from":[7.5,18.18211,7.5],"to":[8.5,19.20711,8.5],"rotation":{"angle":0,"axis":"y","origin":[8,18.70711,8]},"faces":{"north":{"uv":[5.5,11,6,11.5],"texture":"#2"},"east":{"uv":[6,11,6.5,11.5],"texture":"#2"},"south":{"uv":[6.5,11,7,11.5],"texture":"#2"},"west":{"uv":[11,6.5,11.5,7],"texture":"#2"},"up":{"uv":[7.5,11.5,7,11],"texture":"#2"},"down":{"uv":[11.5,7,11,7.5],"texture":"#2"}}},{"from":[7.35,15.18211,7.35],"to":[8.65,18.18211,8.65],"rotation":{"angle":0,"axis":"y","origin":[8,21.45711,8]},"faces":{"north":{"uv":[5.5,2,6.25,3.5],"texture":"#2"},"east":{"uv":[5.5,3.5,6.25,5],"texture":"#2"},"south":{"uv":[0,6,0.75,7.5],"texture":"#2"},"west":{"uv":[1,6,1.75,7.5],"texture":"#2"},"up":{"uv":[6.75,10.25,6,9.5],"texture":"#2"},"down":{"uv":[10.25,6,9.5,6.75],"texture":"#2"}}},{"from":[7.35,19.20711,7.35],"to":[8.65,22.20711,8.65],"rotation":{"angle":0,"axis":"y","origin":[8,25.45711,8]},"faces":{"north":{"uv":[2,6,2.75,7.5],"texture":"#2"},"east":{"uv":[3,6,3.75,7.5],"texture":"#2"},"south":{"uv":[4,6,4.75,7.5],"texture":"#2"},"west":{"uv":[5,6,5.75,7.5],"texture":"#2"},"up":{"uv":[5.75,10.75,5,10],"texture":"#2"},"down":{"uv":[7.75,10,7,10.75],"texture":"#2"}}},{"from":[7.985,5.74221,9.90143],"to":[8.005,6.74221,11.40143],"rotation":{"angle":22.5,"axis":"x","origin":[7.995,6.24221,10.65143]},"faces":{"east":{"uv":[6,10.5,6.75,11],"texture":"#2"},"west":{"uv":[10.5,6,11.25,6.5],"texture":"#2"}}},{"from":[7.985,5.74221,4.59857],"to":[8.005,6.74221,6.09857],"rotation":{"angle":-22.5,"axis":"x","origin":[7.995,6.24221,5.34857]},"faces":{"east":{"uv":[10.5,5,11.25,5.5],"texture":"#2"},"west":{"uv":[10.5,5.5,11.25,6],"texture":"#2"}}},{"from":[7.4,8.2,11.125],"to":[8.6,14.8,14.625],"rotation":{"angle":-22.5,"axis":"x","origin":[8,9.75,13.625]},"faces":{"east":{"uv":[0,0,7,13],"texture":"#1"},"west":{"uv":[7,0,0,13],"texture":"#1"}}},{"from":[7.395,13.70151,8],"to":[8.605,14.91151,9.21],"rotation":{"angle":-45,"axis":"x","origin":[7.395,13.70151,8]},"faces":{"north":{"uv":[11,9.5,11.5,10],"texture":"#2"},"east":{"uv":[10,11,10.5,11.5],"texture":"#2"},"south":{"uv":[11,10,11.5,10.5],"texture":"#2"},"west":{"uv":[10.5,11,11,11.5],"texture":"#2"},"up":{"uv":[11.5,11,11,10.5],"texture":"#2"},"down":{"uv":[11.5,11,11,11.5],"texture":"#2"}}},{"from":[7.2619,21.71328,8],"to":[8.7381,23.18948,9.4762],"rotation":{"angle":-45,"axis":"x","origin":[7.2619,21.71328,8]},"faces":{"north":{"uv":[8,10,8.75,10.75],"texture":"#2"},"east":{"uv":[9,10,9.75,10.75],"texture":"#2"},"south":{"uv":[10,10,10.75,10.75],"texture":"#2"},"west":{"uv":[0,10.5,0.75,11.25],"texture":"#2"},"up":{"uv":[11.25,0.75,10.5,0],"texture":"#2"},"down":{"uv":[1.75,10.5,1,11.25],"texture":"#2"}}},{"from":[7.985,10.675,5],"to":[8.015,22.7,7.5],"rotation":{"angle":0,"axis":"y","origin":[7.985,10.5,2.5]},"faces":{"east":{"uv":[1.25,0,0,6],"texture":"#2"},"west":{"uv":[0,0,1.25,6],"texture":"#2"}}},{"from":[7.5,18.6706,3.15328],"to":[8.5,19.6706,4.15328],"rotation":{"angle":0,"axis":"x","origin":[8,19.2706,3.65328]},"faces":{"north":{"uv":[0,11.5,0.5,12],"texture":"#2"},"east":{"uv":[11.5,0,12,0.5],"texture":"#2"},"south":{"uv":[0.5,11.5,1,12],"texture":"#2"},"west":{"uv":[11.5,0.5,12,1],"texture":"#2"},"up":{"uv":[1.5,12,1,11.5],"texture":"#2"},"down":{"uv":[12,1,11.5,1.5],"texture":"#2"}}},{"from":[7.995,18.86802,3.77419],"to":[8.005,19.36802,8.77419],"rotation":{"angle":-45,"axis":"x","origin":[7.995,18.86802,3.77419]},"faces":{"east":{"uv":[10.5,1.5,8,1.75],"texture":"#2"},"west":{"uv":[8,1.5,10.5,1.75],"texture":"#2"}}},{"from":[7.985,17.75224,2.35963],"to":[8.015,19.25224,3.85963],"rotation":{"angle":22.5,"axis":"x","origin":[7.985,17.15224,2.23463]},"faces":{"east":{"uv":[7.5,2,6.5,3],"texture":"#2"},"west":{"uv":[6.5,2.25,7.25,3],"texture":"#2"}}}],"gui_light":"front","display":{"thirdperson_righthand":{"translation":[0,3.25,1]},"thirdperson_lefthand":{"rotation":[-10,0,0],"translation":[1.75,2,-1.5]},"firstperson_righthand":{"rotation":[-10,0,0],"translation":[1.75,2,-1.5]},"firstperson_lefthand":{"rotation":[-10,0,0],"translation":[1.75,2,-1.5]},"ground":{"rotation":[-45,0,0],"translation":[0,5,0],"scale":[0.7,0.7,0.7]},"gui":{"rotation":[-90,45,90],"translation":[1.75,-1.75,0],"scale":[0.7,0.7,0.7]},"head":{"rotation":[0,-90,0]},"fixed":{"rotation":[0,-90,0],"translation":[0,0,-2.75],"scale":[2,2,2]}}}