{"credit":"Made with Blockbench","texture_size":[32,32],"textures":{"1":"easter2024set:animations/animations_1","2":"easter2024set:wings","particle":"easter2024set:wings"},"elements":[{"from":[8.51007,-8.01007,6.96572],"to":[9.51007,-7.01006,7.71572],"rotation":{"angle":-45,"axis":"z","origin":[8,-6.5,8]},"faces":{"north":{"uv":[10.5,7.5,11.5,8.5],"texture":"#2","tintindex":0},"east":{"uv":[10.5,10,11.25,11],"texture":"#2","tintindex":0},"south":{"uv":[10.5,6.5,11.5,7.5],"texture":"#2","tintindex":0},"west":{"uv":[11,4,11.75,5],"texture":"#2","tintindex":0},"up":{"uv":[11.75,16,11,15],"rotation":90,"texture":"#2","tintindex":0},"down":{"uv":[10.25,11,9.5,12],"rotation":270,"texture":"#2","tintindex":0}}},{"from":[8.63507,-7.88506,6.84072],"to":[9.38507,-7.13506,7.84072],"rotation":{"angle":-45,"axis":"z","origin":[8,-6.5,8]},"faces":{"north":{"uv":[12,5,12.75,5.75],"texture":"#2","tintindex":0},"east":{"uv":[10.5,11,11.5,11.75],"texture":"#2","tintindex":0},"south":{"uv":[12,4,12.75,4.75],"texture":"#2","tintindex":0},"west":{"uv":[11.5,6.5,12.5,7.25],"texture":"#2","tintindex":0},"up":{"uv":[12.5,8.25,11.5,7.5],"rotation":90,"texture":"#2","tintindex":0},"down":{"uv":[12.5,10,11.5,10.75],"rotation":270,"texture":"#2","tintindex":0}}},{"from":[7.86882,-8.11365,7.09072],"to":[8.61882,-7.61365,7.59072],"rotation":{"angle":22.5,"axis":"z","origin":[8,-6.5,8]},"faces":{"north":{"uv":[11.5,13,12.25,13.5],"texture":"#2","tintindex":0},"east":{"uv":[12,6,12.5,6.5],"texture":"#2","tintindex":0},"south":{"uv":[11,5,11.75,5.5],"texture":"#2","tintindex":0},"up":{"uv":[13,13.75,12.5,13],"rotation":90,"texture":"#2","tintindex":0},"down":{"uv":[13.5,13,13,13.75],"rotation":270,"texture":"#2","tintindex":0}}},{"from":[7.95544,-8.21014,7.13322],"to":[8.57794,-7.79513,7.54822],"rotation":{"angle":45,"axis":"z","origin":[8,-6.5,8]},"faces":{"north":{"uv":[14,15.5,14.5,16],"texture":"#2","tintindex":0},"east":{"uv":[13.5,15.5,14,16],"texture":"#2","tintindex":0},"south":{"uv":[13.5,7,14,7.5],"texture":"#2","tintindex":0},"up":{"uv":[14,8,13.5,7.5],"rotation":90,"texture":"#2","tintindex":0},"down":{"uv":[13.5,15.5,13,16],"rotation":270,"texture":"#2","tintindex":0}}},{"from":[9.44221,-6.61763,7.17679],"to":[9.77005,-6.12585,7.50464],"rotation":{"angle":-22.5,"axis":"z","origin":[8,-6.5,8]},"faces":{"north":{"uv":[14,2.5,14.25,3],"texture":"#2","tintindex":0},"east":{"uv":[2,14,2.25,14.5],"texture":"#2","tintindex":0},"south":{"uv":[14,2,14.25,2.5],"texture":"#2","tintindex":0},"west":{"uv":[2.5,14,2.75,14.5],"texture":"#2","tintindex":0},"up":{"uv":[12.75,14.25,12.5,14],"rotation":90,"texture":"#2","tintindex":0}}},{"from":[9.48927,-6.84297,7.20138],"to":[9.76794,-6.42496,7.48005],"rotation":{"angle":0,"axis":"y","origin":[8,-6.5,8]},"faces":{"north":{"uv":[14,3.5,14.25,4],"texture":"#2","tintindex":0},"east":{"uv":[3,14,3.25,14.5],"texture":"#2","tintindex":0},"south":{"uv":[14,3,14.25,3.5],"texture":"#2","tintindex":0},"west":{"uv":[3.5,14,3.75,14.5],"texture":"#2","tintindex":0},"up":{"uv":[14.25,12.75,14,12.5],"rotation":90,"texture":"#2","tintindex":0}}},{"from":[9.42672,-7.12594,7.23064],"to":[9.64687,-6.79572,7.45079],"rotation":{"angle":22.5,"axis":"z","origin":[8,-6.5,8]},"faces":{"north":{"uv":[14,14,14.25,14.25],"texture":"#2","tintindex":0},"east":{"uv":[13,14,13.25,14.25],"texture":"#2","tintindex":0},"south":{"uv":[14,13,14.25,13.25],"texture":"#2","tintindex":0},"west":{"uv":[14,13.5,14.25,13.75],"texture":"#2","tintindex":0},"up":{"uv":[14.75,0.25,14.5,0],"rotation":90,"texture":"#2","tintindex":0}}},{"from":[7.38119,-8.11365,7.09072],"to":[8.13119,-7.61365,7.59072],"rotation":{"angle":-22.5,"axis":"z","origin":[8,-6.5,8]},"faces":{"north":{"uv":[13.5,0,14.25,0.5],"texture":"#2","tintindex":0},"south":{"uv":[15.25,7.5,16,8],"texture":"#2","tintindex":0},"west":{"uv":[13.5,8,14,8.5],"texture":"#2","tintindex":0},"up":{"uv":[1.5,14.5,1,13.75],"rotation":90,"texture":"#2","tintindex":0},"down":{"uv":[2,13.75,1.5,14.5],"rotation":270,"texture":"#2","tintindex":0}}},{"from":[7.42206,-8.21014,7.13322],"to":[8.04456,-7.79513,7.54822],"rotation":{"angle":-45,"axis":"z","origin":[8,-6.5,8]},"faces":{"north":{"uv":[13.5,9.5,14,10],"texture":"#2","tintindex":0},"south":{"uv":[13.5,8.5,14,9],"texture":"#2","tintindex":0},"west":{"uv":[13.5,9,14,9.5],"texture":"#2","tintindex":0},"up":{"uv":[14,10.5,13.5,10],"rotation":90,"texture":"#2","tintindex":0},"down":{"uv":[14,10.5,13.5,11],"rotation":270,"texture":"#2","tintindex":0}}},{"from":[6.22995,-6.61763,7.17679],"to":[6.5578,-6.12585,7.50464],"rotation":{"angle":22.5,"axis":"z","origin":[8,-6.5,8]},"faces":{"north":{"uv":[14,4.5,14.25,5],"texture":"#2","tintindex":0},"east":{"uv":[4,14,4.25,14.5],"texture":"#2","tintindex":0},"south":{"uv":[14,4,14.25,4.5],"texture":"#2","tintindex":0},"west":{"uv":[4.5,14,4.75,14.5],"texture":"#2","tintindex":0},"up":{"uv":[14.75,0.75,14.5,0.5],"rotation":90,"texture":"#2","tintindex":0}}},{"from":[6.35314,-7.12594,7.23064],"to":[6.57329,-6.79572,7.45079],"rotation":{"angle":-22.5,"axis":"z","origin":[8,-6.5,8]},"faces":{"north":{"uv":[14.5,1.5,14.75,1.75],"texture":"#2","tintindex":0},"east":{"uv":[1,14.5,1.25,14.75],"texture":"#2","tintindex":0},"south":{"uv":[14.5,1,14.75,1.25],"texture":"#2","tintindex":0},"west":{"uv":[1.5,14.5,1.75,14.75],"texture":"#2","tintindex":0},"up":{"uv":[2.25,14.75,2,14.5],"rotation":90,"texture":"#2","tintindex":0}}},{"from":[6.23206,-6.84297,7.20138],"to":[6.51074,-6.42496,7.48005],"rotation":{"angle":0,"axis":"y","origin":[8,-6.5,8]},"faces":{"north":{"uv":[14,5.5,14.25,6],"texture":"#2","tintindex":0},"east":{"uv":[5,14,5.25,14.5],"texture":"#2","tintindex":0},"south":{"uv":[14,5,14.25,5.5],"texture":"#2","tintindex":0},"west":{"uv":[5.5,14,5.75,14.5],"texture":"#2","tintindex":0},"up":{"uv":[14.75,2.25,14.5,2],"rotation":90,"texture":"#2","tintindex":0}}},{"from":[7.75,-6.33555,7.09072],"to":[8.25,-6.08555,7.59072],"rotation":{"angle":0,"axis":"y","origin":[8,-6.5,8]},"faces":{"north":{"uv":[14,7,14.5,7.25],"texture":"#2","tintindex":0},"east":{"uv":[6,14,6.5,14.25],"texture":"#2","tintindex":0},"south":{"uv":[6.5,14,7,14.25],"texture":"#2","tintindex":0},"west":{"uv":[7,14,7.5,14.25],"texture":"#2","tintindex":0}}},{"from":[7.75,-5.08555,7.09072],"to":[8.25,-4.83555,7.59072],"rotation":{"angle":0,"axis":"y","origin":[8,-6.5,8]},"faces":{"north":{"uv":[14,8,14.5,8.25],"texture":"#2","tintindex":0},"east":{"uv":[7.5,14,8,14.25],"texture":"#2","tintindex":0},"south":{"uv":[14,7.5,14.5,7.75],"texture":"#2","tintindex":0},"west":{"uv":[8,14,8.5,14.25],"texture":"#2","tintindex":0},"up":{"uv":[14,11.5,13.5,11],"rotation":90,"texture":"#2","tintindex":0}}},{"from":[7.625,-6.08555,6.96572],"to":[8.375,-5.08555,7.71572],"rotation":{"angle":0,"axis":"y","origin":[8,-6.5,8]},"faces":{"north":{"uv":[12,3,12.75,4],"texture":"#2","tintindex":0},"east":{"uv":[11.5,11,12.25,12],"texture":"#2","tintindex":0},"south":{"uv":[12,1,12.75,2],"texture":"#2","tintindex":0},"west":{"uv":[12,2,12.75,3],"texture":"#2","tintindex":0},"up":{"uv":[12.75,15.75,12,15],"rotation":90,"texture":"#2","tintindex":0},"down":{"uv":[10.25,12,9.5,12.75],"rotation":270,"texture":"#2","tintindex":0}}},{"from":[8.25548,-5.24034,7.12572],"to":[8.68548,-5.02534,7.55572],"rotation":{"angle":-22.5,"axis":"z","origin":[8,-6.5,8]},"faces":{"north":{"uv":[14,9,14.5,9.25],"texture":"#2","tintindex":0},"east":{"uv":[8.5,14,9,14.25],"texture":"#2","tintindex":0},"south":{"uv":[14,8.5,14.5,8.75],"texture":"#2","tintindex":0},"west":{"uv":[9,14,9.5,14.25],"texture":"#2","tintindex":0},"up":{"uv":[12,14,11.5,13.5],"rotation":90,"texture":"#2","tintindex":0}}},{"from":[8.14798,-5.97534,7.01822],"to":[8.79298,-5.24034,7.66322],"rotation":{"angle":-22.5,"axis":"z","origin":[8,-6.5,8]},"faces":{"north":{"uv":[12.5,6,13.25,6.75],"texture":"#2","tintindex":0},"east":{"uv":[10.5,12,11.25,12.75],"texture":"#2","tintindex":0},"south":{"uv":[11.5,12,12.25,12.75],"texture":"#2","tintindex":0},"west":{"uv":[12.5,0,13.25,0.75],"texture":"#2","tintindex":0},"up":{"uv":[13.25,7.75,12.5,7],"rotation":90,"texture":"#2","tintindex":0},"down":{"uv":[13.25,8,12.5,8.75],"rotation":270,"texture":"#2","tintindex":0}}},{"from":[8.25548,-6.19034,7.12572],"to":[8.68548,-5.97534,7.55572],"rotation":{"angle":-22.5,"axis":"z","origin":[8,-6.5,8]},"faces":{"north":{"uv":[14,10,14.5,10.25],"texture":"#2","tintindex":0},"east":{"uv":[9.5,14,10,14.25],"texture":"#2","tintindex":0},"south":{"uv":[14,9.5,14.5,9.75],"texture":"#2","tintindex":0},"west":{"uv":[10,14,10.5,14.25],"texture":"#2","tintindex":0}}},{"from":[7.31452,-5.24034,7.12572],"to":[7.74452,-5.02534,7.55572],"rotation":{"angle":22.5,"axis":"z","origin":[8,-6.5,8]},"faces":{"north":{"uv":[14,11,14.5,11.25],"texture":"#2","tintindex":0},"east":{"uv":[10.5,14,11,14.25],"texture":"#2","tintindex":0},"south":{"uv":[14,10.5,14.5,10.75],"texture":"#2","tintindex":0},"west":{"uv":[11,14,11.5,14.25],"texture":"#2","tintindex":0},"up":{"uv":[14,12,13.5,11.5],"rotation":90,"texture":"#2","tintindex":0}}},{"from":[7.20702,-5.97534,7.01822],"to":[7.85202,-5.24034,7.66322],"rotation":{"angle":22.5,"axis":"z","origin":[8,-6.5,8]},"faces":{"north":{"uv":[12.5,12,13.25,12.75],"texture":"#2","tintindex":0},"east":{"uv":[12.5,9,13.25,9.75],"texture":"#2","tintindex":0},"south":{"uv":[12.5,10,13.25,10.75],"texture":"#2","tintindex":0},"west":{"uv":[12.5,11,13.25,11.75],"texture":"#2","tintindex":0},"up":{"uv":[13.75,1.75,13,1],"rotation":90,"texture":"#2","tintindex":0},"down":{"uv":[13.75,2,13,2.75],"rotation":270,"texture":"#2","tintindex":0}}},{"from":[7.31452,-6.19034,7.12572],"to":[7.74452,-5.97534,7.55572],"rotation":{"angle":22.5,"axis":"z","origin":[8,-6.5,8]},"faces":{"north":{"uv":[14,12,14.5,12.25],"texture":"#2","tintindex":0},"east":{"uv":[11.5,14,12,14.25],"texture":"#2","tintindex":0},"south":{"uv":[14,11.5,14.5,11.75],"texture":"#2","tintindex":0},"west":{"uv":[12,14,12.5,14.25],"texture":"#2","tintindex":0}}},{"from":[9.24715,-7.53303,7.33322],"to":[9.99715,-7.03303,7.34322],"rotation":{"angle":45,"axis":"z","origin":[8,-6.5,8]},"faces":{"north":{"uv":[2.5,14.75,3.25,15.25],"texture":"#2","tintindex":0},"south":{"uv":[13.5,0.5,14.25,1],"texture":"#2","tintindex":0}}},{"from":[6.00286,-7.53303,7.33322],"to":[6.75286,-7.03303,7.34322],"rotation":{"angle":-45,"axis":"z","origin":[8,-6.5,8]},"faces":{"north":{"uv":[4.5,14.75,5.25,15.25],"texture":"#2","tintindex":0},"south":{"uv":[3.5,14.75,4.25,15.25],"texture":"#2","tintindex":0}}},{"from":[7.125,-7.56055,6.46572],"to":[8.875,-7.06055,8.21572],"rotation":{"angle":0,"axis":"y","origin":[8,-6.5,8]},"faces":{"north":{"uv":[10.5,9.5,12.25,10],"texture":"#2","tintindex":0},"east":{"uv":[11,14.5,12.75,15],"texture":"#2","tintindex":0},"south":{"uv":[10.5,8.5,12.25,9],"texture":"#2","tintindex":0},"west":{"uv":[10.5,9,12.25,9.5],"texture":"#2","tintindex":0},"down":{"uv":[11,4.25,9.25,6],"rotation":270,"texture":"#2","tintindex":0}}},{"from":[7,-7.06055,6.34072],"to":[9,-6.31055,8.34072],"rotation":{"angle":0,"axis":"y","origin":[8,-6.5,8]},"faces":{"north":{"uv":[0,15.25,2,16],"texture":"#2","tintindex":0},"east":{"uv":[2,15.25,4,16],"texture":"#2","tintindex":0},"south":{"uv":[8.75,15.25,10.75,16],"texture":"#2","tintindex":0},"west":{"uv":[8.75,14.5,10.75,15.25],"texture":"#2","tintindex":0},"up":{"uv":[11.75,2,9.75,0],"rotation":90,"texture":"#2","tintindex":0},"down":{"uv":[11.75,2,9.75,4],"rotation":270,"texture":"#2","tintindex":0}}},{"from":[7.25,-5.79816,6.77049],"to":[8.75,-5.04816,6.78549],"rotation":{"angle":-22.5,"axis":"x","origin":[8,-6.5,8]},"faces":{"north":{"uv":[14.5,3.5,16,4.25],"texture":"#2","tintindex":0},"south":{"uv":[14.5,2.5,16,3.25],"texture":"#2","tintindex":0}}},{"from":[7.25,-6.30276,7.99631],"to":[8.75,-5.55276,8.01131],"rotation":{"angle":22.5,"axis":"x","origin":[8,-6.5,8]},"faces":{"north":{"uv":[14.5,5.5,16,6.25],"texture":"#2","tintindex":0},"south":{"uv":[14.5,4.5,16,5.25],"texture":"#2","tintindex":0}}},{"from":[9.19103,-6.45358,7.04072],"to":[9.94103,-5.70358,7.04072],"rotation":{"angle":-45,"axis":"z","origin":[8,-6.5,8]},"faces":{"north":{"uv":[13,3,13.75,3.75],"texture":"#2","tintindex":0}}},{"from":[6.05898,-6.45358,7.04072],"to":[6.80898,-5.70358,7.04072],"rotation":{"angle":45,"axis":"z","origin":[8,-6.5,8]},"faces":{"north":{"uv":[13,4,13.75,4.75],"texture":"#2","tintindex":0}}},{"from":[9.29916,-7.42659,7.09072],"to":[9.79916,-6.92659,7.09072],"rotation":{"angle":22.5,"axis":"z","origin":[8,-6.5,8]},"faces":{"north":{"uv":[12,13.5,12.5,14],"texture":"#2","tintindex":0}}},{"from":[6.20084,-7.42659,7.09072],"to":[6.70084,-6.92659,7.09072],"rotation":{"angle":-22.5,"axis":"z","origin":[8,-6.5,8]},"faces":{"north":{"uv":[13.5,12,14,12.5],"texture":"#2","tintindex":0}}},{"from":[6.20084,-7.42659,7.59072],"to":[6.70084,-6.92659,7.59072],"rotation":{"angle":-22.5,"axis":"z","origin":[8,-6.5,8]},"faces":{"south":{"uv":[13.5,12.5,14,13],"texture":"#2","tintindex":0}}},{"from":[6.05898,-6.45358,7.64072],"to":[6.80898,-5.70358,7.64072],"rotation":{"angle":45,"axis":"z","origin":[8,-6.5,8]},"faces":{"south":{"uv":[13,5,13.75,5.75],"texture":"#2","tintindex":0}}},{"from":[9.29916,-7.42659,7.59072],"to":[9.79916,-6.92659,7.59072],"rotation":{"angle":22.5,"axis":"z","origin":[8,-6.5,8]},"faces":{"south":{"uv":[13.5,13,14,13.5],"texture":"#2","tintindex":0}}},{"from":[9.19103,-6.45358,7.64072],"to":[9.94103,-5.70358,7.64072],"rotation":{"angle":-45,"axis":"z","origin":[8,-6.5,8]},"faces":{"south":{"uv":[13,14.5,13.75,15.25],"texture":"#2","tintindex":0}}},{"from":[5.81108,-7.66493,7.33322],"to":[6.56108,-7.16493,7.34322],"rotation":{"angle":22.5,"axis":"z","origin":[8,-6.5,8]},"faces":{"north":{"uv":[15.25,6.5,16,7],"texture":"#2","tintindex":0},"south":{"uv":[4.25,15.5,5,16],"texture":"#2","tintindex":0}}},{"from":[9.43892,-7.66493,7.33322],"to":[10.18892,-7.16493,7.34322],"rotation":{"angle":-22.5,"axis":"z","origin":[8,-6.5,8]},"faces":{"north":{"uv":[13.5,6.5,14.25,7],"texture":"#2","tintindex":0},"south":{"uv":[13.5,6,14.25,6.5],"texture":"#2","tintindex":0}}},{"from":[10.26347,-6.22502,7.21572],"to":[11.01347,-5.47502,7.46572],"rotation":{"angle":0,"axis":"x","origin":[8,-6.5,8]},"faces":{"north":{"uv":[10.5,13,11.25,13.75],"texture":"#2","tintindex":0},"east":{"uv":[13.5,13.5,13.75,14.25],"texture":"#2","tintindex":0},"south":{"uv":[9.5,13,10.25,13.75],"texture":"#2","tintindex":0},"west":{"uv":[0,14,0.25,14.75],"texture":"#2","tintindex":0},"up":{"uv":[0.75,14.75,0.5,14],"rotation":90,"texture":"#2","tintindex":0},"down":{"uv":[14.25,1,14,1.75],"rotation":270,"texture":"#2","tintindex":0}}},{"from":[10.32528,-8.87574,7.33322],"to":[12.82528,-7.37574,7.34822],"rotation":{"angle":45,"axis":"z","origin":[8,-6.5,8]},"faces":{"north":{"uv":[6,14.5,8.5,16],"texture":"#2","tintindex":0},"south":{"uv":[8.5,14.5,6,16],"texture":"#2","tintindex":0}}},{"from":[9.15568,-13.38119,7.42144],"to":[17.65568,0.11881,7.43644],"rotation":{"angle":-22.5,"axis":"y","origin":[8,-6.5,8]},"faces":{"north":{"uv":[0,0,8.5,13.5],"texture":"#2","tintindex":0},"south":{"uv":[8.5,0,0,13.5],"texture":"#2","tintindex":0}}},{"from":[-1.65568,-13.38119,7.42144],"to":[6.84432,0.11881,7.43644],"rotation":{"angle":22.5,"axis":"y","origin":[8,-6.5,8]},"faces":{"north":{"uv":[8.5,0,0,13.5],"texture":"#2","tintindex":0},"south":{"uv":[0,0,8.5,13.5],"texture":"#2","tintindex":0}}},{"from":[3.17472,-8.87574,7.33322],"to":[5.67472,-7.37574,7.34822],"rotation":{"angle":-45,"axis":"z","origin":[8,-6.5,8]},"faces":{"north":{"uv":[8.5,14.5,6,16],"texture":"#2","tintindex":0},"south":{"uv":[6,14.5,8.5,16],"texture":"#2","tintindex":0}}},{"from":[4.98653,-6.22502,7.21572],"to":[5.73653,-5.47502,7.46572],"rotation":{"angle":0,"axis":"x","origin":[8,-6.5,8]},"faces":{"north":{"uv":[11.25,13,10.5,13.75],"texture":"#2","tintindex":0},"east":{"uv":[0.25,14,0,14.75],"texture":"#2","tintindex":0},"south":{"uv":[10.25,13,9.5,13.75],"texture":"#2","tintindex":0},"west":{"uv":[13.75,13.5,13.5,14.25],"texture":"#2","tintindex":0},"up":{"uv":[0.75,14,0.5,14.75],"rotation":90,"texture":"#2","tintindex":0},"down":{"uv":[14.25,1.75,14,1],"rotation":270,"texture":"#2","tintindex":0}}},{"from":[10.75,-6.9,7.125],"to":[12.5,-3.6,7.525],"rotation":{"angle":-45,"axis":"z","origin":[12,-5.25,7.325]},"faces":{"north":{"uv":[0,0,7,13],"texture":"#1","tintindex":0},"south":{"uv":[7,0,0,13],"texture":"#1","tintindex":0}}},{"from":[3.5,-6.9,7.125],"to":[5.25,-3.6,7.525],"rotation":{"angle":45,"axis":"z","origin":[4,-5.25,7.325]},"faces":{"north":{"uv":[7,0,0,13],"texture":"#1","tintindex":0},"south":{"uv":[0,0,7,13],"texture":"#1","tintindex":0}}}],"gui_light":"front","display":{"thirdperson_righthand":{"rotation":[45,180,0],"translation":[0,1.5,0],"scale":[0.5,0.5,0.5]},"thirdperson_lefthand":{"rotation":[68.75,0,0],"translation":[-5.5,-9.75,10.5],"scale":[1.2,1.2,1.2]},"firstperson_righthand":{"rotation":[-10,180,0],"translation":[4,1.5,-1.5],"scale":[0.63477,0.63477,0.63477]},"firstperson_lefthand":{"rotation":[-10,0,0],"translation":[4,-4.25,-1.5],"scale":[0,0,0]},"ground":{"rotation":[-45,0,0],"translation":[0,5,0],"scale":[0.7,0.7,0.7]},"gui":{"rotation":[0,180,0],"translation":[0,11.25,0],"scale":[0.67,0.67,0.67]},"head":{"translation":[0,-48.5,12.75],"scale":[4,4,4]},"fixed":{"rotation":[0,180,0],"translation":[0,0.5,-6],"scale":[2,2,2]}}}