{"credit":"Made with Blockbench","texture_size":[32,32],"textures":{"1":"easter2024set:animations/animations_1","2":"easter2024set:wings","particle":"easter2024set:wings"},"elements":[{"from":[9.02013,4.97987,5.93143],"to":[11.02013,6.97987,7.43143],"rotation":{"angle":-45,"axis":"z","origin":[8,8,8]},"faces":{"north":{"uv":[10.5,7.5,11.5,8.5],"texture":"#2","tintindex":0},"east":{"uv":[10.5,10,11.25,11],"texture":"#2","tintindex":0},"south":{"uv":[10.5,6.5,11.5,7.5],"texture":"#2","tintindex":0},"west":{"uv":[11,4,11.75,5],"texture":"#2","tintindex":0},"up":{"uv":[11.75,16,11,15],"rotation":90,"texture":"#2","tintindex":0},"down":{"uv":[10.25,11,9.5,12],"rotation":270,"texture":"#2","tintindex":0}}},{"from":[9.27013,5.22987,5.68143],"to":[10.77013,6.72987,7.68143],"rotation":{"angle":-45,"axis":"z","origin":[8,8,8]},"faces":{"north":{"uv":[12,5,12.75,5.75],"texture":"#2","tintindex":0},"east":{"uv":[10.5,11,11.5,11.75],"texture":"#2","tintindex":0},"south":{"uv":[12,4,12.75,4.75],"texture":"#2","tintindex":0},"west":{"uv":[11.5,6.5,12.5,7.25],"texture":"#2","tintindex":0},"up":{"uv":[12.5,8.25,11.5,7.5],"rotation":90,"texture":"#2","tintindex":0},"down":{"uv":[12.5,10,11.5,10.75],"rotation":270,"texture":"#2","tintindex":0}}},{"from":[7.73763,4.77269,6.18143],"to":[9.23763,5.77269,7.18143],"rotation":{"angle":22.5,"axis":"z","origin":[8,8,8]},"faces":{"north":{"uv":[11.5,13,12.25,13.5],"texture":"#2","tintindex":0},"east":{"uv":[12,6,12.5,6.5],"texture":"#2","tintindex":0},"south":{"uv":[11,5,11.75,5.5],"texture":"#2","tintindex":0},"up":{"uv":[13,13.75,12.5,13],"rotation":90,"texture":"#2","tintindex":0},"down":{"uv":[13.5,13,13,13.75],"rotation":270,"texture":"#2","tintindex":0}}},{"from":[7.91088,4.57973,6.26643],"to":[9.15588,5.40973,7.09643],"rotation":{"angle":45,"axis":"z","origin":[8,8,8]},"faces":{"north":{"uv":[14,15.5,14.5,16],"texture":"#2","tintindex":0},"east":{"uv":[13.5,15.5,14,16],"texture":"#2","tintindex":0},"south":{"uv":[13.5,7,14,7.5],"texture":"#2","tintindex":0},"up":{"uv":[14,8,13.5,7.5],"rotation":90,"texture":"#2","tintindex":0},"down":{"uv":[13.5,15.5,13,16],"rotation":270,"texture":"#2","tintindex":0}}},{"from":[10.88441,7.76474,6.35358],"to":[11.54011,8.74829,7.00928],"rotation":{"angle":-22.5,"axis":"z","origin":[8,8,8]},"faces":{"north":{"uv":[14,2.5,14.25,3],"texture":"#2","tintindex":0},"east":{"uv":[2,14,2.25,14.5],"texture":"#2","tintindex":0},"south":{"uv":[14,2,14.25,2.5],"texture":"#2","tintindex":0},"west":{"uv":[2.5,14,2.75,14.5],"texture":"#2","tintindex":0},"up":{"uv":[12.75,14.25,12.5,14],"rotation":90,"texture":"#2","tintindex":0}}},{"from":[10.97853,7.31406,6.40276],"to":[11.53588,8.15008,6.9601],"rotation":{"angle":0,"axis":"y","origin":[8,8,8]},"faces":{"north":{"uv":[14,3.5,14.25,4],"texture":"#2","tintindex":0},"east":{"uv":[3,14,3.25,14.5],"texture":"#2","tintindex":0},"south":{"uv":[14,3,14.25,3.5],"texture":"#2","tintindex":0},"west":{"uv":[3.5,14,3.75,14.5],"texture":"#2","tintindex":0},"up":{"uv":[14.25,12.75,14,12.5],"rotation":90,"texture":"#2","tintindex":0}}},{"from":[10.85343,6.74811,6.46128],"to":[11.29373,7.40856,6.90158],"rotation":{"angle":22.5,"axis":"z","origin":[8,8,8]},"faces":{"north":{"uv":[14,14,14.25,14.25],"texture":"#2","tintindex":0},"east":{"uv":[13,14,13.25,14.25],"texture":"#2","tintindex":0},"south":{"uv":[14,13,14.25,13.25],"texture":"#2","tintindex":0},"west":{"uv":[14,13.5,14.25,13.75],"texture":"#2","tintindex":0},"up":{"uv":[14.75,0.25,14.5,0],"rotation":90,"texture":"#2","tintindex":0}}},{"from":[6.76237,4.77269,6.18143],"to":[8.26237,5.77269,7.18143],"rotation":{"angle":-22.5,"axis":"z","origin":[8,8,8]},"faces":{"north":{"uv":[13.5,0,14.25,0.5],"texture":"#2","tintindex":0},"south":{"uv":[15.25,7.5,16,8],"texture":"#2","tintindex":0},"west":{"uv":[13.5,8,14,8.5],"texture":"#2","tintindex":0},"up":{"uv":[1.5,14.5,1,13.75],"rotation":90,"texture":"#2","tintindex":0},"down":{"uv":[2,13.75,1.5,14.5],"rotation":270,"texture":"#2","tintindex":0}}},{"from":[6.84412,4.57973,6.26643],"to":[8.08912,5.40973,7.09643],"rotation":{"angle":-45,"axis":"z","origin":[8,8,8]},"faces":{"north":{"uv":[13.5,9.5,14,10],"texture":"#2","tintindex":0},"south":{"uv":[13.5,8.5,14,9],"texture":"#2","tintindex":0},"west":{"uv":[13.5,9,14,9.5],"texture":"#2","tintindex":0},"up":{"uv":[14,10.5,13.5,10],"rotation":90,"texture":"#2","tintindex":0},"down":{"uv":[14,10.5,13.5,11],"rotation":270,"texture":"#2","tintindex":0}}},{"from":[4.45989,7.76474,6.35358],"to":[5.11559,8.74829,7.00928],"rotation":{"angle":22.5,"axis":"z","origin":[8,8,8]},"faces":{"north":{"uv":[14,4.5,14.25,5],"texture":"#2","tintindex":0},"east":{"uv":[4,14,4.25,14.5],"texture":"#2","tintindex":0},"south":{"uv":[14,4,14.25,4.5],"texture":"#2","tintindex":0},"west":{"uv":[4.5,14,4.75,14.5],"texture":"#2","tintindex":0},"up":{"uv":[14.75,0.75,14.5,0.5],"rotation":90,"texture":"#2","tintindex":0}}},{"from":[4.70627,6.74811,6.46128],"to":[5.14657,7.40856,6.90158],"rotation":{"angle":-22.5,"axis":"z","origin":[8,8,8]},"faces":{"north":{"uv":[14.5,1.5,14.75,1.75],"texture":"#2","tintindex":0},"east":{"uv":[1,14.5,1.25,14.75],"texture":"#2","tintindex":0},"south":{"uv":[14.5,1,14.75,1.25],"texture":"#2","tintindex":0},"west":{"uv":[1.5,14.5,1.75,14.75],"texture":"#2","tintindex":0},"up":{"uv":[2.25,14.75,2,14.5],"rotation":90,"texture":"#2","tintindex":0}}},{"from":[4.46412,7.31406,6.40276],"to":[5.02147,8.15008,6.9601],"rotation":{"angle":0,"axis":"y","origin":[8,8,8]},"faces":{"north":{"uv":[14,5.5,14.25,6],"texture":"#2","tintindex":0},"east":{"uv":[5,14,5.25,14.5],"texture":"#2","tintindex":0},"south":{"uv":[14,5,14.25,5.5],"texture":"#2","tintindex":0},"west":{"uv":[5.5,14,5.75,14.5],"texture":"#2","tintindex":0},"up":{"uv":[14.75,2.25,14.5,2],"rotation":90,"texture":"#2","tintindex":0}}},{"from":[7.5,8.32889,6.18143],"to":[8.5,8.82889,7.18143],"rotation":{"angle":0,"axis":"y","origin":[8,8,8]},"faces":{"north":{"uv":[14,7,14.5,7.25],"texture":"#2","tintindex":0},"east":{"uv":[6,14,6.5,14.25],"texture":"#2","tintindex":0},"south":{"uv":[6.5,14,7,14.25],"texture":"#2","tintindex":0},"west":{"uv":[7,14,7.5,14.25],"texture":"#2","tintindex":0}}},{"from":[7.5,10.8289,6.18143],"to":[8.5,11.3289,7.18143],"rotation":{"angle":0,"axis":"y","origin":[8,8,8]},"faces":{"north":{"uv":[14,8,14.5,8.25],"texture":"#2","tintindex":0},"east":{"uv":[7.5,14,8,14.25],"texture":"#2","tintindex":0},"south":{"uv":[14,7.5,14.5,7.75],"texture":"#2","tintindex":0},"west":{"uv":[8,14,8.5,14.25],"texture":"#2","tintindex":0},"up":{"uv":[14,11.5,13.5,11],"rotation":90,"texture":"#2","tintindex":0}}},{"from":[7.25,8.82889,5.93143],"to":[8.75,10.8289,7.43143],"rotation":{"angle":0,"axis":"y","origin":[8,8,8]},"faces":{"north":{"uv":[12,3,12.75,4],"texture":"#2","tintindex":0},"east":{"uv":[11.5,11,12.25,12],"texture":"#2","tintindex":0},"south":{"uv":[12,1,12.75,2],"texture":"#2","tintindex":0},"west":{"uv":[12,2,12.75,3],"texture":"#2","tintindex":0},"up":{"uv":[12.75,15.75,12,15],"rotation":90,"texture":"#2","tintindex":0},"down":{"uv":[10.25,12,9.5,12.75],"rotation":270,"texture":"#2","tintindex":0}}},{"from":[8.51096,10.51932,6.25143],"to":[9.37096,10.94932,7.11143],"rotation":{"angle":-22.5,"axis":"z","origin":[8,8,8]},"faces":{"north":{"uv":[14,9,14.5,9.25],"texture":"#2","tintindex":0},"east":{"uv":[8.5,14,9,14.25],"texture":"#2","tintindex":0},"south":{"uv":[14,8.5,14.5,8.75],"texture":"#2","tintindex":0},"west":{"uv":[9,14,9.5,14.25],"texture":"#2","tintindex":0},"up":{"uv":[12,14,11.5,13.5],"rotation":90,"texture":"#2","tintindex":0}}},{"from":[8.29596,9.04932,6.03643],"to":[9.58596,10.51932,7.32643],"rotation":{"angle":-22.5,"axis":"z","origin":[8,8,8]},"faces":{"north":{"uv":[12.5,6,13.25,6.75],"texture":"#2","tintindex":0},"east":{"uv":[10.5,12,11.25,12.75],"texture":"#2","tintindex":0},"south":{"uv":[11.5,12,12.25,12.75],"texture":"#2","tintindex":0},"west":{"uv":[12.5,0,13.25,0.75],"texture":"#2","tintindex":0},"up":{"uv":[13.25,7.75,12.5,7],"rotation":90,"texture":"#2","tintindex":0},"down":{"uv":[13.25,8,12.5,8.75],"rotation":270,"texture":"#2","tintindex":0}}},{"from":[8.51096,8.61932,6.25143],"to":[9.37096,9.04932,7.11143],"rotation":{"angle":-22.5,"axis":"z","origin":[8,8,8]},"faces":{"north":{"uv":[14,10,14.5,10.25],"texture":"#2","tintindex":0},"east":{"uv":[9.5,14,10,14.25],"texture":"#2","tintindex":0},"south":{"uv":[14,9.5,14.5,9.75],"texture":"#2","tintindex":0},"west":{"uv":[10,14,10.5,14.25],"texture":"#2","tintindex":0}}},{"from":[6.62904,10.51932,6.25143],"to":[7.48904,10.94932,7.11143],"rotation":{"angle":22.5,"axis":"z","origin":[8,8,8]},"faces":{"north":{"uv":[14,11,14.5,11.25],"texture":"#2","tintindex":0},"east":{"uv":[10.5,14,11,14.25],"texture":"#2","tintindex":0},"south":{"uv":[14,10.5,14.5,10.75],"texture":"#2","tintindex":0},"west":{"uv":[11,14,11.5,14.25],"texture":"#2","tintindex":0},"up":{"uv":[14,12,13.5,11.5],"rotation":90,"texture":"#2","tintindex":0}}},{"from":[6.41404,9.04932,6.03643],"to":[7.70404,10.51932,7.32643],"rotation":{"angle":22.5,"axis":"z","origin":[8,8,8]},"faces":{"north":{"uv":[12.5,12,13.25,12.75],"texture":"#2","tintindex":0},"east":{"uv":[12.5,9,13.25,9.75],"texture":"#2","tintindex":0},"south":{"uv":[12.5,10,13.25,10.75],"texture":"#2","tintindex":0},"west":{"uv":[12.5,11,13.25,11.75],"texture":"#2","tintindex":0},"up":{"uv":[13.75,1.75,13,1],"rotation":90,"texture":"#2","tintindex":0},"down":{"uv":[13.75,2,13,2.75],"rotation":270,"texture":"#2","tintindex":0}}},{"from":[6.62904,8.61932,6.25143],"to":[7.48904,9.04932,7.11143],"rotation":{"angle":22.5,"axis":"z","origin":[8,8,8]},"faces":{"north":{"uv":[14,12,14.5,12.25],"texture":"#2","tintindex":0},"east":{"uv":[11.5,14,12,14.25],"texture":"#2","tintindex":0},"south":{"uv":[14,11.5,14.5,11.75],"texture":"#2","tintindex":0},"west":{"uv":[12,14,12.5,14.25],"texture":"#2","tintindex":0}}},{"from":[10.49429,5.93394,6.66643],"to":[11.99429,6.93394,6.68643],"rotation":{"angle":45,"axis":"z","origin":[8,8,8]},"faces":{"north":{"uv":[2.5,14.75,3.25,15.25],"texture":"#2","tintindex":0},"south":{"uv":[13.5,0.5,14.25,1],"texture":"#2","tintindex":0}}},{"from":[4.00571,5.93394,6.66643],"to":[5.50571,6.93394,6.68643],"rotation":{"angle":-45,"axis":"z","origin":[8,8,8]},"faces":{"north":{"uv":[4.5,14.75,5.25,15.25],"texture":"#2","tintindex":0},"south":{"uv":[3.5,14.75,4.25,15.25],"texture":"#2","tintindex":0}}},{"from":[6.25,5.8789,4.93143],"to":[9.75,6.8789,8.43143],"rotation":{"angle":0,"axis":"y","origin":[8,8,8]},"faces":{"north":{"uv":[10.5,9.5,12.25,10],"texture":"#2","tintindex":0},"east":{"uv":[11,14.5,12.75,15],"texture":"#2","tintindex":0},"south":{"uv":[10.5,8.5,12.25,9],"texture":"#2","tintindex":0},"west":{"uv":[10.5,9,12.25,9.5],"texture":"#2","tintindex":0},"down":{"uv":[11,4.25,9.25,6],"rotation":270,"texture":"#2","tintindex":0}}},{"from":[6,6.8789,4.68143],"to":[10,8.3789,8.68143],"rotation":{"angle":0,"axis":"y","origin":[8,8,8]},"faces":{"north":{"uv":[0,15.25,2,16],"texture":"#2","tintindex":0},"east":{"uv":[2,15.25,4,16],"texture":"#2","tintindex":0},"south":{"uv":[8.75,15.25,10.75,16],"texture":"#2","tintindex":0},"west":{"uv":[8.75,14.5,10.75,15.25],"texture":"#2","tintindex":0},"up":{"uv":[11.75,2,9.75,0],"rotation":90,"texture":"#2","tintindex":0},"down":{"uv":[11.75,2,9.75,4],"rotation":270,"texture":"#2","tintindex":0}}},{"from":[6.5,9.40367,5.54098],"to":[9.5,10.90367,5.57098],"rotation":{"angle":-22.5,"axis":"x","origin":[8,8,8]},"faces":{"north":{"uv":[14.5,3.5,16,4.25],"texture":"#2","tintindex":0},"south":{"uv":[14.5,2.5,16,3.25],"texture":"#2","tintindex":0}}},{"from":[6.5,8.39448,7.99262],"to":[9.5,9.89448,8.02262],"rotation":{"angle":22.5,"axis":"x","origin":[8,8,8]},"faces":{"north":{"uv":[14.5,5.5,16,6.25],"texture":"#2","tintindex":0},"south":{"uv":[14.5,4.5,16,5.25],"texture":"#2","tintindex":0}}},{"from":[10.38205,8.09284,6.08143],"to":[11.88205,9.59284,6.08143],"rotation":{"angle":-45,"axis":"z","origin":[8,8,8]},"faces":{"north":{"uv":[13,3,13.75,3.75],"texture":"#2","tintindex":0}}},{"from":[4.11795,8.09284,6.08143],"to":[5.61795,9.59284,6.08143],"rotation":{"angle":45,"axis":"z","origin":[8,8,8]},"faces":{"north":{"uv":[13,4,13.75,4.75],"texture":"#2","tintindex":0}}},{"from":[10.59832,6.14681,6.18143],"to":[11.59832,7.14681,6.18143],"rotation":{"angle":22.5,"axis":"z","origin":[8,8,8]},"faces":{"north":{"uv":[12,13.5,12.5,14],"texture":"#2","tintindex":0}}},{"from":[4.40168,6.14681,6.18143],"to":[5.40168,7.14681,6.18143],"rotation":{"angle":-22.5,"axis":"z","origin":[8,8,8]},"faces":{"north":{"uv":[13.5,12,14,12.5],"texture":"#2","tintindex":0}}},{"from":[4.40168,6.14681,7.18143],"to":[5.40168,7.14681,7.18143],"rotation":{"angle":-22.5,"axis":"z","origin":[8,8,8]},"faces":{"south":{"uv":[13.5,12.5,14,13],"texture":"#2","tintindex":0}}},{"from":[4.11795,8.09284,7.28143],"to":[5.61795,9.59284,7.28143],"rotation":{"angle":45,"axis":"z","origin":[8,8,8]},"faces":{"south":{"uv":[13,5,13.75,5.75],"texture":"#2","tintindex":0}}},{"from":[10.59832,6.14681,7.18143],"to":[11.59832,7.14681,7.18143],"rotation":{"angle":22.5,"axis":"z","origin":[8,8,8]},"faces":{"south":{"uv":[13.5,13,14,13.5],"texture":"#2","tintindex":0}}},{"from":[10.38205,8.09284,7.28143],"to":[11.88205,9.59284,7.28143],"rotation":{"angle":-45,"axis":"z","origin":[8,8,8]},"faces":{"south":{"uv":[13,14.5,13.75,15.25],"texture":"#2","tintindex":0}}},{"from":[3.62216,5.67013,6.66643],"to":[5.12216,6.67013,6.68643],"rotation":{"angle":22.5,"axis":"z","origin":[8,8,8]},"faces":{"north":{"uv":[15.25,6.5,16,7],"texture":"#2","tintindex":0},"south":{"uv":[4.25,15.5,5,16],"texture":"#2","tintindex":0}}},{"from":[10.87784,5.67013,6.66643],"to":[12.37784,6.67013,6.68643],"rotation":{"angle":-22.5,"axis":"z","origin":[8,8,8]},"faces":{"north":{"uv":[13.5,6.5,14.25,7],"texture":"#2","tintindex":0},"south":{"uv":[13.5,6,14.25,6.5],"texture":"#2","tintindex":0}}},{"from":[12.52694,8.54995,6.43143],"to":[14.02694,10.04995,6.93143],"rotation":{"angle":0,"axis":"x","origin":[8,8,8]},"faces":{"north":{"uv":[10.5,13,11.25,13.75],"texture":"#2","tintindex":0},"east":{"uv":[13.5,13.5,13.75,14.25],"texture":"#2","tintindex":0},"south":{"uv":[9.5,13,10.25,13.75],"texture":"#2","tintindex":0},"west":{"uv":[0,14,0.25,14.75],"texture":"#2","tintindex":0},"up":{"uv":[0.75,14.75,0.5,14],"rotation":90,"texture":"#2","tintindex":0},"down":{"uv":[14.25,1,14,1.75],"rotation":270,"texture":"#2","tintindex":0}}},{"from":[12.65056,3.24851,6.66643],"to":[17.65056,6.24851,6.69643],"rotation":{"angle":45,"axis":"z","origin":[8,8,8]},"faces":{"north":{"uv":[6,14.5,8.5,16],"texture":"#2","tintindex":0},"south":{"uv":[8.5,14.5,6,16],"texture":"#2","tintindex":0}}},{"from":[10.31136,-5.76239,6.84288],"to":[27.31136,21.23761,6.87288],"rotation":{"angle":-22.5,"axis":"y","origin":[8,8,8]},"faces":{"north":{"uv":[0,0,8.5,13.5],"texture":"#2","tintindex":0},"south":{"uv":[8.5,0,0,13.5],"texture":"#2","tintindex":0}}},{"from":[-11.31136,-5.76239,6.84288],"to":[5.68864,21.23761,6.87288],"rotation":{"angle":22.5,"axis":"y","origin":[8,8,8]},"faces":{"north":{"uv":[8.5,0,0,13.5],"texture":"#2","tintindex":0},"south":{"uv":[0,0,8.5,13.5],"texture":"#2","tintindex":0}}},{"from":[-1.65056,3.24851,6.66643],"to":[3.34944,6.24851,6.69643],"rotation":{"angle":-45,"axis":"z","origin":[8,8,8]},"faces":{"north":{"uv":[8.5,14.5,6,16],"texture":"#2","tintindex":0},"south":{"uv":[6,14.5,8.5,16],"texture":"#2","tintindex":0}}},{"from":[1.97306,8.54995,6.43143],"to":[3.47306,10.04995,6.93143],"rotation":{"angle":0,"axis":"x","origin":[8,8,8]},"faces":{"north":{"uv":[11.25,13,10.5,13.75],"texture":"#2","tintindex":0},"east":{"uv":[0.25,14,0,14.75],"texture":"#2","tintindex":0},"south":{"uv":[10.25,13,9.5,13.75],"texture":"#2","tintindex":0},"west":{"uv":[13.75,13.5,13.5,14.25],"texture":"#2","tintindex":0},"up":{"uv":[0.75,14,0.5,14.75],"rotation":90,"texture":"#2","tintindex":0},"down":{"uv":[14.25,1.75,14,1],"rotation":270,"texture":"#2","tintindex":0}}},{"from":[13.5,7.2,6.25],"to":[17,13.8,7.05],"rotation":{"angle":-45,"axis":"z","origin":[16,10.5,6.65]},"faces":{"north":{"uv":[0,0,7,13],"texture":"#1","tintindex":0},"south":{"uv":[7,0,0,13],"texture":"#1","tintindex":0}}},{"from":[-1,7.2,6.25],"to":[2.5,13.8,7.05],"rotation":{"angle":45,"axis":"z","origin":[0,10.5,6.65]},"faces":{"north":{"uv":[7,0,0,13],"texture":"#1","tintindex":0},"south":{"uv":[0,0,7,13],"texture":"#1","tintindex":0}}}],"gui_light":"front","display":{"thirdperson_righthand":{"rotation":[45,180,0],"translation":[0,1.5,0],"scale":[0.5,0.5,0.5]},"thirdperson_lefthand":{"rotation":[68.75,0,0],"translation":[-5.5,-9.75,10.5],"scale":[1.2,1.2,1.2]},"firstperson_righthand":{"rotation":[-10,180,0],"translation":[4,1.5,-1.5],"scale":[0.63477,0.63477,0.63477]},"firstperson_lefthand":{"rotation":[-10,0,0],"translation":[4,-4.25,-1.5],"scale":[0,0,0]},"ground":{"rotation":[-45,0,0],"translation":[0,5,0],"scale":[0.7,0.7,0.7]},"gui":{"rotation":[0,180,0],"translation":[0,0.25,0],"scale":[0.49102,0.49102,0.49102]},"head":{"translation":[0,-49.5,12.75],"scale":[2,2,2]},"fixed":{"rotation":[0,180,0],"translation":[0,0.5,-6],"scale":[2,2,2]}}}