{
	"credit": "Made by PolygonMC",
	"texture_size": [24, 24],
	"textures": {
		"1": "nexusset:animations/animations_bolt",
		"2": "nexusset:animations/animations_nexus",
		"4": "nexusset:trident",
		"particle": "nexusset:trident"
	},
	"elements": [
		{
			"from": [7.395, -1.105, 7.395],
			"to": [8.605, 0.105, 8.605],
			"rotation": {"angle": -45, "axis": "x", "origin": [8, -0.5, 8]},
			"faces": {
				"north": {"uv": [12.66667, 0, 13.5, 0.83333], "texture": "#4"},
				"east": {"uv": [12.66667, 1.33333, 13.5, 2.16667], "texture": "#4"},
				"south": {"uv": [12.66667, 2.66667, 13.5, 3.5], "texture": "#4"},
				"west": {"uv": [12.66667, 4, 13.5, 4.83333], "texture": "#4"},
				"up": {"uv": [8.16667, 13.5, 7.33333, 12.66667], "texture": "#4"},
				"down": {"uv": [10.16667, 12.66667, 9.33333, 13.5], "texture": "#4"}
			}
		},
		{
			"from": [7.195, -0.905, 7.595],
			"to": [8.805, -0.095, 8.405],
			"rotation": {"angle": -45, "axis": "x", "origin": [8, -0.5, 8]},
			"faces": {
				"north": {"uv": [3.33333, 13.33333, 4.33333, 13.83333], "texture": "#4"},
				"east": {"uv": [14, 10.66667, 14.5, 11.16667], "texture": "#4"},
				"south": {"uv": [4.66667, 13.33333, 5.66667, 13.83333], "texture": "#4"},
				"west": {"uv": [14, 11.33333, 14.5, 11.83333], "texture": "#4"},
				"up": {"uv": [14.33333, 5.83333, 13.33333, 5.33333], "texture": "#4"},
				"down": {"uv": [7, 13.33333, 6, 13.83333], "texture": "#4"}
			}
		},
		{
			"from": [7.75, -1.25, 6.525],
			"to": [8.25, -0.25, 8.025],
			"rotation": {"angle": -22.5, "axis": "x", "origin": [8, -0.75, 7.025]},
			"faces": {
				"east": {"uv": [0, 13.33333, 1, 14], "texture": "#4"},
				"west": {"uv": [1.33333, 13.33333, 2.33333, 14], "texture": "#4"},
				"up": {"uv": [8.33333, 15, 8, 14], "texture": "#4"},
				"down": {"uv": [14.33333, 8, 14, 9], "texture": "#4"}
			}
		},
		{
			"from": [7.5, -1.4235, 6.18118],
			"to": [8.5, 0.5765, 7.18118],
			"rotation": {"angle": 0, "axis": "x", "origin": [8, 0.15761, 6.77343]},
			"faces": {
				"north": {"uv": [7.33333, 11.33333, 8, 12.66667], "texture": "#4"},
				"east": {"uv": [8, 11.33333, 8.66667, 12.66667], "texture": "#4"},
				"south": {"uv": [0, 12, 0.66667, 13.33333], "texture": "#4"},
				"west": {"uv": [12, 0, 12.66667, 1.33333], "texture": "#4"},
				"up": {"uv": [5.33333, 6, 4.66667, 5.33333], "texture": "#4"},
				"down": {"uv": [7.33333, 5.33333, 6.66667, 6], "texture": "#4"}
			}
		},
		{
			"from": [7.5015, -0.25787, 5.76555],
			"to": [8.4985, 0.74213, 6.76555],
			"rotation": {"angle": 45, "axis": "x", "origin": [8, 0.15761, 6.77343]},
			"faces": {
				"north": {"uv": [10, 6.66667, 10.66667, 7.33333], "texture": "#4"},
				"east": {"uv": [10.66667, 1.33333, 11.33333, 2], "texture": "#4"},
				"west": {"uv": [10.66667, 4.66667, 11.33333, 5.33333], "texture": "#4"},
				"up": {"uv": [14, 8, 13.33333, 7.33333], "texture": "#4"},
				"down": {"uv": [14, 8, 13.33333, 8.66667], "texture": "#4"}
			}
		},
		{
			"from": [7.5, -0.25, 7.5],
			"to": [8.5, 0.75, 8.5],
			"rotation": {"angle": 0, "axis": "y", "origin": [7.5, -0.25, 7.5]},
			"faces": {
				"north": {"uv": [8.66667, 13.33333, 9.33333, 14], "texture": "#4"},
				"east": {"uv": [13.33333, 8.66667, 14, 9.33333], "texture": "#4"},
				"south": {"uv": [13.33333, 9.33333, 14, 10], "texture": "#4"},
				"west": {"uv": [13.33333, 10, 14, 10.66667], "texture": "#4"},
				"up": {"uv": [12.66667, 14, 12, 13.33333], "texture": "#4"},
				"down": {"uv": [13.33333, 13.33333, 12.66667, 14], "texture": "#4"}
			}
		},
		{
			"from": [7.5, 3.55, 7.5],
			"to": [8.5, 5.55, 8.5],
			"rotation": {"angle": 0, "axis": "y", "origin": [7.5, 3.55, 7.5]},
			"faces": {
				"north": {"uv": [0.66667, 12, 1.33333, 13.33333], "texture": "#4"},
				"east": {"uv": [1.33333, 12, 2, 13.33333], "texture": "#4"},
				"south": {"uv": [12, 1.33333, 12.66667, 2.66667], "texture": "#4"},
				"west": {"uv": [2, 12, 2.66667, 13.33333], "texture": "#4"},
				"down": {"uv": [14, 13.33333, 13.33333, 14], "texture": "#4"}
			}
		},
		{
			"from": [7.6, 0.75, 7.6],
			"to": [8.4, 3.55, 8.4],
			"rotation": {"angle": 0, "axis": "y", "origin": [7.5, 1.65, 7.5]},
			"faces": {
				"north": {"uv": [9.33333, 10, 9.83333, 11.83333], "texture": "#4"},
				"east": {"uv": [2.66667, 10.66667, 3.16667, 12.5], "texture": "#4"},
				"south": {"uv": [11.33333, 1.33333, 11.83333, 3.16667], "texture": "#4"},
				"west": {"uv": [3.33333, 11.33333, 3.83333, 13.16667], "texture": "#4"}
			}
		},
		{
			"from": [7.5, 9.85, 7.5],
			"to": [8.5, 11.85, 8.5],
			"rotation": {"angle": 0, "axis": "y", "origin": [7.5, 3.6, 7.5]},
			"faces": {
				"north": {"uv": [12, 2.66667, 12.66667, 4], "texture": "#4"},
				"east": {"uv": [12, 4, 12.66667, 5.33333], "texture": "#4"},
				"south": {"uv": [4.66667, 12, 5.33333, 13.33333], "texture": "#4"},
				"west": {"uv": [5.33333, 12, 6, 13.33333], "texture": "#4"},
				"down": {"uv": [0.66667, 14, 0, 14.66667], "texture": "#4"}
			}
		},
		{
			"from": [7.6, 7.05, 7.6],
			"to": [8.4, 9.85, 8.4],
			"rotation": {"angle": 0, "axis": "y", "origin": [7.5, 1.7, 7.5]},
			"faces": {
				"north": {"uv": [4, 11.33333, 4.5, 13.16667], "texture": "#4"},
				"east": {"uv": [11.33333, 4.66667, 11.83333, 6.5], "texture": "#4"},
				"south": {"uv": [6, 11.33333, 6.5, 13.16667], "texture": "#4"},
				"west": {"uv": [6.66667, 11.33333, 7.16667, 13.16667], "texture": "#4"}
			}
		},
		{
			"from": [7.5, 6.05, 7.5],
			"to": [8.5, 7.05, 8.5],
			"rotation": {"angle": 0, "axis": "y", "origin": [7.5, -0.2, 7.5]},
			"faces": {
				"north": {"uv": [14, 0, 14.66667, 0.66667], "texture": "#4"},
				"east": {"uv": [0.66667, 14, 1.33333, 14.66667], "texture": "#4"},
				"south": {"uv": [14, 0.66667, 14.66667, 1.33333], "texture": "#4"},
				"west": {"uv": [1.33333, 14, 2, 14.66667], "texture": "#4"},
				"up": {"uv": [14.66667, 2, 14, 1.33333], "texture": "#4"},
				"down": {"uv": [2.66667, 14, 2, 14.66667], "texture": "#4"}
			}
		},
		{
			"from": [7.4, 22, 7],
			"to": [8.6, 24, 9],
			"rotation": {"angle": 45, "axis": "x", "origin": [8, 23, 8]},
			"faces": {
				"north": {"uv": [9.33333, 7.33333, 10.16667, 8.66667], "texture": "#4"},
				"east": {"uv": [7.33333, 8.66667, 8.66667, 10], "texture": "#4"},
				"south": {"uv": [10, 5.33333, 10.83333, 6.66667], "texture": "#4"},
				"west": {"uv": [8.66667, 8.66667, 10, 10], "texture": "#4"},
				"up": {"uv": [6.83333, 11.33333, 6, 10], "texture": "#4"},
				"down": {"uv": [8.16667, 10, 7.33333, 11.33333], "texture": "#4"}
			}
		},
		{
			"from": [7.2, 22.2, 7.2],
			"to": [8.8, 23.8, 8.8],
			"rotation": {"angle": 45, "axis": "x", "origin": [8, 23, 8]},
			"faces": {
				"north": {"uv": [0, 10.66667, 1, 11.66667], "texture": "#4"},
				"east": {"uv": [10.66667, 0, 11.66667, 1], "texture": "#4"},
				"south": {"uv": [1.33333, 10.66667, 2.33333, 11.66667], "texture": "#4"},
				"west": {"uv": [10.66667, 3.33333, 11.66667, 4.33333], "texture": "#4"},
				"up": {"uv": [11.66667, 7.66667, 10.66667, 6.66667], "texture": "#4"},
				"down": {"uv": [11.66667, 8, 10.66667, 9], "texture": "#4"}
			}
		},
		{
			"from": [7, 22.25, 6.25],
			"to": [9, 25.25, 7.25],
			"rotation": {"angle": 0, "axis": "y", "origin": [7, 17, 7.25]},
			"faces": {
				"north": {"uv": [8, 3.33333, 9.33333, 5.33333], "texture": "#4"},
				"east": {"uv": [7.33333, 0, 8, 2], "texture": "#4"},
				"south": {"uv": [0, 8.66667, 1.33333, 10.66667], "texture": "#4"},
				"west": {"uv": [9.33333, 0, 10, 2], "texture": "#4"},
				"up": {"uv": [13.33333, 6, 12, 5.33333], "texture": "#4"},
				"down": {"uv": [13.33333, 6, 12, 6.66667], "texture": "#4"}
			}
		},
		{
			"from": [7.001, 24.75, 6.45711],
			"to": [8.999, 25.75, 7.45711],
			"rotation": {"angle": 45, "axis": "x", "origin": [8.001, 25.25, 6.95711]},
			"faces": {
				"north": {"uv": [12, 6.66667, 13.33333, 7.33333], "texture": "#4"},
				"east": {"uv": [14, 2, 14.66667, 2.66667], "texture": "#4"},
				"south": {"uv": [12, 7.33333, 13.33333, 8], "texture": "#4"},
				"west": {"uv": [14, 2.66667, 14.66667, 3.33333], "texture": "#4"},
				"up": {"uv": [13.33333, 8.66667, 12, 8], "texture": "#4"}
			}
		},
		{
			"from": [7.001, 21.75, 6.04289],
			"to": [8.999, 22.75, 7.04289],
			"rotation": {"angle": 45, "axis": "x", "origin": [8.001, 22.25, 6.54289]},
			"faces": {
				"north": {"uv": [12, 8.66667, 13.33333, 9.33333], "texture": "#4"},
				"east": {"uv": [3.33333, 14, 4, 14.66667], "texture": "#4"},
				"south": {"uv": [9.33333, 12, 10.66667, 12.66667], "texture": "#4"},
				"west": {"uv": [14, 3.33333, 14.66667, 4], "texture": "#4"},
				"down": {"uv": [13.33333, 9.33333, 12, 10], "texture": "#4"}
			}
		},
		{
			"from": [7.5, 24.72682, 5.55749],
			"to": [8.5, 25.72682, 7.55749],
			"rotation": {"angle": 22.5, "axis": "x", "origin": [8, 26.02231, 5.84411]},
			"faces": {
				"north": {"uv": [4, 14, 4.66667, 14.66667], "texture": "#4"},
				"east": {"uv": [12, 10, 13.33333, 10.66667], "texture": "#4"},
				"south": {"uv": [14, 4, 14.66667, 4.66667], "texture": "#4"},
				"west": {"uv": [10.66667, 12, 12, 12.66667], "texture": "#4"},
				"up": {"uv": [12.66667, 12, 12, 10.66667], "texture": "#4"},
				"down": {"uv": [12.66667, 12, 12, 13.33333], "texture": "#4"}
			}
		},
		{
			"from": [7.501, 25.30892, 4.72539],
			"to": [8.499, 28.30892, 5.72539],
			"rotation": {"angle": -22.5, "axis": "x", "origin": [8, 26.02231, 5.84411]},
			"faces": {
				"north": {"uv": [10, 3.33333, 9.33333, 5.33333], "rotation": 180, "texture": "#4"},
				"east": {"uv": [9.33333, 2, 11.33333, 2.66667], "rotation": 270, "texture": "#4"},
				"south": {"uv": [4, 11.33333, 3.33333, 9.33333], "texture": "#4"},
				"west": {"uv": [9.33333, 2.66667, 11.33333, 3.33333], "rotation": 90, "texture": "#4"},
				"up": {"uv": [4.66667, 14, 5.33333, 14.66667], "rotation": 180, "texture": "#4"}
			}
		},
		{
			"from": [7.75, 26.05892, 5.72539],
			"to": [8.25, 26.55892, 6.72539],
			"rotation": {"angle": -22.5, "axis": "x", "origin": [8, 26.02231, 5.84411]},
			"faces": {
				"east": {"uv": [14, 12, 14.33333, 12.66667], "rotation": 270, "texture": "#4"},
				"south": {"uv": [15, 2.33333, 14.66667, 2], "texture": "#4"},
				"west": {"uv": [14, 12.66667, 14.33333, 13.33333], "rotation": 90, "texture": "#4"},
				"up": {"uv": [12, 14, 12.33333, 14.66667], "rotation": 180, "texture": "#4"},
				"down": {"uv": [12.66667, 14, 13, 14.66667], "texture": "#4"}
			}
		},
		{
			"from": [7.751, 26.29992, 4.66282],
			"to": [8.249, 27.02492, 6.08782],
			"rotation": {"angle": 22.5, "axis": "x", "origin": [8, 26.02231, 5.84411]},
			"faces": {
				"north": {"uv": [2, 14.66667, 2.33333, 15.16667], "texture": "#4"},
				"east": {"uv": [13.33333, 6, 14.33333, 6.5], "texture": "#4"},
				"west": {"uv": [13.33333, 6.66667, 14.33333, 7.16667], "texture": "#4"},
				"up": {"uv": [9, 15, 8.66667, 14], "texture": "#4"}
			}
		},
		{
			"from": [7.5, 23, 6.5],
			"to": [8.5, 26, 9.5],
			"rotation": {"angle": -45, "axis": "x", "origin": [8, 24.5, 8]},
			"faces": {
				"north": {"uv": [4, 9.33333, 4.66667, 11.33333], "texture": "#4"},
				"east": {"uv": [5.33333, 0, 7.33333, 2], "texture": "#4"},
				"south": {"uv": [9.33333, 5.33333, 10, 7.33333], "texture": "#4"},
				"west": {"uv": [1.33333, 5.33333, 3.33333, 7.33333], "texture": "#4"},
				"up": {"uv": [10.66667, 2, 10, 0], "texture": "#4"},
				"down": {"uv": [10.66667, 3.33333, 10, 5.33333], "texture": "#4"}
			}
		},
		{
			"from": [7.75, 17.5, 6.5],
			"to": [8.25, 22.5, 7.5],
			"rotation": {"angle": 0, "axis": "y", "origin": [7.25, 31, 0]},
			"faces": {
				"north": {"uv": [8.66667, 10, 9, 13.33333], "texture": "#4"},
				"east": {"uv": [2.66667, 7.33333, 3.33333, 10.66667], "texture": "#4"},
				"south": {"uv": [10, 8.66667, 10.33333, 12], "texture": "#4"},
				"west": {"uv": [8.66667, 5.33333, 9.33333, 8.66667], "texture": "#4"},
				"up": {"uv": [13.66667, 14.66667, 13.33333, 14], "texture": "#4"},
				"down": {"uv": [14.33333, 13.33333, 14, 14], "texture": "#4"}
			}
		},
		{
			"from": [7.752, 18.70711, 5.79289],
			"to": [8.248, 21.70711, 6.79289],
			"rotation": {"angle": 0, "axis": "y", "origin": [7.252, 34.20711, -0.70711]},
			"faces": {
				"north": {"uv": [2.66667, 12.66667, 3, 14.66667], "texture": "#4"},
				"east": {"uv": [4.66667, 10, 5.33333, 12], "texture": "#4"},
				"west": {"uv": [5.33333, 10, 6, 12], "texture": "#4"}
			}
		},
		{
			"from": [7.751, 17, 6.70711],
			"to": [8.249, 18, 7.70711],
			"rotation": {"angle": -45, "axis": "x", "origin": [8.001, 17.5, 7.20711]},
			"faces": {
				"north": {"uv": [14, 14, 14.33333, 14.66667], "texture": "#4"},
				"east": {"uv": [14, 4.66667, 14.66667, 5.33333], "texture": "#4"},
				"south": {"uv": [0, 14.66667, 0.33333, 15.33333], "texture": "#4"},
				"west": {"uv": [5.33333, 14, 6, 14.66667], "texture": "#4"},
				"down": {"uv": [15, 0, 14.66667, 0.66667], "texture": "#4"}
			}
		},
		{
			"from": [7.751, 18.20711, 6],
			"to": [8.249, 19.20711, 7],
			"rotation": {"angle": -45, "axis": "x", "origin": [8.001, 18.70711, 6.5]},
			"faces": {
				"north": {"uv": [0.66667, 14.66667, 1, 15.33333], "texture": "#4"},
				"east": {"uv": [6, 14, 6.66667, 14.66667], "texture": "#4"},
				"west": {"uv": [6.66667, 14, 7.33333, 14.66667], "texture": "#4"},
				"up": {"uv": [15, 1.33333, 14.66667, 0.66667], "texture": "#4"}
			}
		},
		{
			"from": [7.751, 21.20711, 6],
			"to": [8.249, 22.20711, 7],
			"rotation": {"angle": -45, "axis": "x", "origin": [8.001, 21.70711, 6.5]},
			"faces": {
				"north": {"uv": [1.33333, 14.66667, 1.66667, 15.33333], "texture": "#4"},
				"east": {"uv": [7.33333, 14, 8, 14.66667], "texture": "#4"},
				"west": {"uv": [14, 7.33333, 14.66667, 8], "texture": "#4"},
				"up": {"uv": [15, 2, 14.66667, 1.33333], "texture": "#4"}
			}
		},
		{
			"from": [7.501, 25.30892, 10.27461],
			"to": [8.499, 28.30892, 11.27461],
			"rotation": {"angle": 22.5, "axis": "x", "origin": [8, 26.02231, 10.15589]},
			"faces": {
				"north": {"uv": [3.33333, 11.33333, 4, 9.33333], "texture": "#4"},
				"east": {"uv": [9.33333, 2.66667, 11.33333, 2], "rotation": 270, "texture": "#4"},
				"south": {"uv": [9.33333, 3.33333, 10, 5.33333], "rotation": 180, "texture": "#4"},
				"west": {"uv": [9.33333, 3.33333, 11.33333, 2.66667], "rotation": 90, "texture": "#4"},
				"up": {"uv": [4.66667, 14.66667, 5.33333, 14], "rotation": 180, "texture": "#4"}
			}
		},
		{
			"from": [7.751, 26.29992, 9.91218],
			"to": [8.249, 27.02492, 11.33718],
			"rotation": {"angle": -22.5, "axis": "x", "origin": [8, 26.02231, 10.15589]},
			"faces": {
				"east": {"uv": [14.33333, 6, 13.33333, 6.5], "texture": "#4"},
				"south": {"uv": [2.33333, 14.66667, 2, 15.16667], "texture": "#4"},
				"west": {"uv": [14.33333, 6.66667, 13.33333, 7.16667], "texture": "#4"},
				"up": {"uv": [9, 14, 8.66667, 15], "texture": "#4"}
			}
		},
		{
			"from": [7.75, 26.05892, 9.27461],
			"to": [8.25, 26.55892, 10.27461],
			"rotation": {"angle": 22.5, "axis": "x", "origin": [8, 26.02231, 10.15589]},
			"faces": {
				"north": {"uv": [14.66667, 2.33333, 15, 2], "texture": "#4"},
				"east": {"uv": [14, 12.66667, 14.33333, 12], "rotation": 270, "texture": "#4"},
				"west": {"uv": [14, 13.33333, 14.33333, 12.66667], "rotation": 90, "texture": "#4"},
				"up": {"uv": [12, 14.66667, 12.33333, 14], "rotation": 180, "texture": "#4"},
				"down": {"uv": [12.66667, 14.66667, 13, 14], "texture": "#4"}
			}
		},
		{
			"from": [7.5, 24.72682, 8.44251],
			"to": [8.5, 25.72682, 10.44251],
			"rotation": {"angle": -22.5, "axis": "x", "origin": [8, 26.02231, 10.15589]},
			"faces": {
				"north": {"uv": [14.66667, 4, 14, 4.66667], "texture": "#4"},
				"east": {"uv": [13.33333, 10, 12, 10.66667], "texture": "#4"},
				"south": {"uv": [4.66667, 14, 4, 14.66667], "texture": "#4"},
				"west": {"uv": [12, 12, 10.66667, 12.66667], "texture": "#4"},
				"up": {"uv": [12.66667, 10.66667, 12, 12], "texture": "#4"},
				"down": {"uv": [12.66667, 13.33333, 12, 12], "texture": "#4"}
			}
		},
		{
			"from": [7.001, 24.75, 8.54289],
			"to": [8.999, 25.75, 9.54289],
			"rotation": {"angle": -45, "axis": "x", "origin": [8.001, 25.25, 9.04289]},
			"faces": {
				"north": {"uv": [13.33333, 7.33333, 12, 8], "texture": "#4"},
				"east": {"uv": [14.66667, 2, 14, 2.66667], "texture": "#4"},
				"south": {"uv": [13.33333, 6.66667, 12, 7.33333], "texture": "#4"},
				"west": {"uv": [14.66667, 2.66667, 14, 3.33333], "texture": "#4"},
				"up": {"uv": [13.33333, 8, 12, 8.66667], "texture": "#4"}
			}
		},
		{
			"from": [7, 22.25, 8.75],
			"to": [9, 25.25, 9.75],
			"rotation": {"angle": 0, "axis": "y", "origin": [7, 17, 8.75]},
			"faces": {
				"north": {"uv": [1.33333, 8.66667, 0, 10.66667], "texture": "#4"},
				"east": {"uv": [8, 0, 7.33333, 2], "texture": "#4"},
				"south": {"uv": [9.33333, 3.33333, 8, 5.33333], "texture": "#4"},
				"west": {"uv": [10, 0, 9.33333, 2], "texture": "#4"},
				"up": {"uv": [13.33333, 5.33333, 12, 6], "texture": "#4"},
				"down": {"uv": [13.33333, 6.66667, 12, 6], "texture": "#4"}
			}
		},
		{
			"from": [7.001, 21.75, 8.95711],
			"to": [8.999, 22.75, 9.95711],
			"rotation": {"angle": -45, "axis": "x", "origin": [8.001, 22.25, 9.45711]},
			"faces": {
				"north": {"uv": [10.66667, 12, 9.33333, 12.66667], "texture": "#4"},
				"east": {"uv": [4, 14, 3.33333, 14.66667], "texture": "#4"},
				"south": {"uv": [13.33333, 8.66667, 12, 9.33333], "texture": "#4"},
				"west": {"uv": [14.66667, 3.33333, 14, 4], "texture": "#4"},
				"down": {"uv": [13.33333, 10, 12, 9.33333], "texture": "#4"}
			}
		},
		{
			"from": [7.752, 18.70711, 9.20711],
			"to": [8.248, 21.70711, 10.20711],
			"rotation": {"angle": 0, "axis": "y", "origin": [7.252, 34.20711, 16.70711]},
			"faces": {
				"east": {"uv": [5.33333, 10, 4.66667, 12], "texture": "#4"},
				"south": {"uv": [3, 12.66667, 2.66667, 14.66667], "texture": "#4"},
				"west": {"uv": [6, 10, 5.33333, 12], "texture": "#4"}
			}
		},
		{
			"from": [7.751, 21.20711, 9],
			"to": [8.249, 22.20711, 10],
			"rotation": {"angle": 45, "axis": "x", "origin": [8.001, 21.70711, 9.5]},
			"faces": {
				"east": {"uv": [8, 14, 7.33333, 14.66667], "texture": "#4"},
				"south": {"uv": [1.66667, 14.66667, 1.33333, 15.33333], "texture": "#4"},
				"west": {"uv": [14.66667, 7.33333, 14, 8], "texture": "#4"},
				"up": {"uv": [15, 1.33333, 14.66667, 2], "texture": "#4"}
			}
		},
		{
			"from": [7.751, 18.20711, 9],
			"to": [8.249, 19.20711, 10],
			"rotation": {"angle": 45, "axis": "x", "origin": [8.001, 18.70711, 9.5]},
			"faces": {
				"east": {"uv": [6.66667, 14, 6, 14.66667], "texture": "#4"},
				"south": {"uv": [1, 14.66667, 0.66667, 15.33333], "texture": "#4"},
				"west": {"uv": [7.33333, 14, 6.66667, 14.66667], "texture": "#4"},
				"up": {"uv": [15, 0.66667, 14.66667, 1.33333], "texture": "#4"}
			}
		},
		{
			"from": [7.75, 17.5, 8.5],
			"to": [8.25, 22.5, 9.5],
			"rotation": {"angle": 0, "axis": "y", "origin": [7.25, 31, 16]},
			"faces": {
				"north": {"uv": [10.33333, 8.66667, 10, 12], "texture": "#4"},
				"east": {"uv": [3.33333, 7.33333, 2.66667, 10.66667], "texture": "#4"},
				"south": {"uv": [9, 10, 8.66667, 13.33333], "texture": "#4"},
				"west": {"uv": [9.33333, 5.33333, 8.66667, 8.66667], "texture": "#4"},
				"up": {"uv": [13.66667, 14, 13.33333, 14.66667], "texture": "#4"},
				"down": {"uv": [14.33333, 14, 14, 13.33333], "texture": "#4"}
			}
		},
		{
			"from": [7.751, 17, 8.29289],
			"to": [8.249, 18, 9.29289],
			"rotation": {"angle": 45, "axis": "x", "origin": [8.001, 17.5, 8.79289]},
			"faces": {
				"north": {"uv": [0.33333, 14.66667, 0, 15.33333], "texture": "#4"},
				"east": {"uv": [14.66667, 4.66667, 14, 5.33333], "texture": "#4"},
				"south": {"uv": [14.33333, 14, 14, 14.66667], "texture": "#4"},
				"west": {"uv": [6, 14, 5.33333, 14.66667], "texture": "#4"},
				"down": {"uv": [15, 0.66667, 14.66667, 0], "texture": "#4"}
			}
		},
		{
			"from": [7.975, -1.78335, 5.87482],
			"to": [8.025, 3.21665, 7.87482],
			"rotation": {"angle": 0, "axis": "x", "origin": [8, 0.15761, 6.77343]},
			"faces": {
				"east": {"uv": [1.33333, 5.33333, 0, 8.66667], "texture": "#4"},
				"west": {"uv": [0, 5.33333, 1.33333, 8.66667], "texture": "#4"}
			}
		},
		{
			"from": [7.75, -1.25, 7.975],
			"to": [8.25, -0.25, 9.475],
			"rotation": {"angle": 22.5, "axis": "x", "origin": [8, -0.75, 8.975]},
			"faces": {
				"east": {"uv": [1, 13.33333, 0, 14], "texture": "#4"},
				"west": {"uv": [2.33333, 13.33333, 1.33333, 14], "texture": "#4"},
				"up": {"uv": [8.33333, 14, 8, 15], "texture": "#4"},
				"down": {"uv": [14.33333, 9, 14, 8], "texture": "#4"}
			}
		},
		{
			"from": [7.5, -1.4235, 8.81882],
			"to": [8.5, 0.5765, 9.81882],
			"rotation": {"angle": 0, "axis": "x", "origin": [8, 0.15761, 9.22657]},
			"faces": {
				"north": {"uv": [0.66667, 12, 0, 13.33333], "texture": "#4"},
				"east": {"uv": [8.66667, 11.33333, 8, 12.66667], "texture": "#4"},
				"south": {"uv": [8, 11.33333, 7.33333, 12.66667], "texture": "#4"},
				"west": {"uv": [12.66667, 0, 12, 1.33333], "texture": "#4"},
				"up": {"uv": [5.33333, 5.33333, 4.66667, 6], "texture": "#4"},
				"down": {"uv": [7.33333, 6, 6.66667, 5.33333], "texture": "#4"}
			}
		},
		{
			"from": [7.5015, -0.25787, 9.23445],
			"to": [8.4985, 0.74213, 10.23445],
			"rotation": {"angle": -45, "axis": "x", "origin": [8, 0.15761, 9.22657]},
			"faces": {
				"east": {"uv": [11.33333, 1.33333, 10.66667, 2], "texture": "#4"},
				"south": {"uv": [10.66667, 6.66667, 10, 7.33333], "texture": "#4"},
				"west": {"uv": [11.33333, 4.66667, 10.66667, 5.33333], "texture": "#4"},
				"up": {"uv": [14, 7.33333, 13.33333, 8], "texture": "#4"},
				"down": {"uv": [14, 8.66667, 13.33333, 8], "texture": "#4"}
			}
		},
		{
			"from": [7.975, -1.78335, 8.12518],
			"to": [8.025, 3.21665, 10.12518],
			"rotation": {"angle": 0, "axis": "x", "origin": [8, 0.15761, 9.22657]},
			"faces": {
				"east": {"uv": [0, 5.33333, 1.33333, 8.66667], "texture": "#4"},
				"west": {"uv": [1.33333, 5.33333, 0, 8.66667], "texture": "#4"}
			}
		},
		{
			"from": [7.425, 16.55, 7.425],
			"to": [8.575, 22.25, 8.575],
			"rotation": {"angle": 0, "axis": "y", "origin": [7.5, 16.55, 7.5]},
			"faces": {
				"north": {"uv": [5.33333, 2, 6.16667, 5.83333], "texture": "#4"},
				"east": {"uv": [3.33333, 5.33333, 4.16667, 9.16667], "texture": "#4"},
				"south": {"uv": [4.66667, 6, 5.5, 9.83333], "texture": "#4"},
				"west": {"uv": [6, 6, 6.83333, 9.83333], "texture": "#4"},
				"down": {"uv": [11.5, 12.66667, 10.66667, 13.5], "texture": "#4"}
			}
		},
		{
			"from": [7.975, 24.75, 4.125],
			"to": [8.025, 32, 11.875],
			"rotation": {"angle": 0, "axis": "y", "origin": [7.975, 11, 5.375]},
			"faces": {
				"east": {"uv": [5.16667, 0, 0, 4.83333], "texture": "#4"},
				"west": {"uv": [0, 0, 5.16667, 4.83333], "texture": "#4"}
			}
		},
		{
			"from": [7.4, 5.55, 7.4],
			"to": [8.6, 6.05, 8.6],
			"rotation": {"angle": 0, "axis": "y", "origin": [7.5, 5.55, 7.5]},
			"faces": {
				"north": {"uv": [9.33333, 14, 10.16667, 14.33333], "texture": "#4"},
				"east": {"uv": [14, 9.33333, 14.83333, 9.66667], "texture": "#4"},
				"south": {"uv": [14, 10, 14.83333, 10.33333], "texture": "#4"},
				"west": {"uv": [10.66667, 14, 11.5, 14.33333], "texture": "#4"},
				"up": {"uv": [13.5, 11.5, 12.66667, 10.66667], "texture": "#4"},
				"down": {"uv": [13.5, 12, 12.66667, 12.83333], "texture": "#4"}
			}
		},
		{
			"from": [7.3, 11.85, 7.3],
			"to": [8.7, 16.55, 8.7],
			"rotation": {"angle": 0, "axis": "y", "origin": [7.5, 11.85, 7.5]},
			"faces": {
				"north": {"uv": [6.66667, 2, 7.66667, 5.16667], "texture": "#4"},
				"east": {"uv": [1.33333, 7.33333, 2.33333, 10.5], "texture": "#4"},
				"south": {"uv": [7.33333, 5.33333, 8.33333, 8.5], "texture": "#4"},
				"west": {"uv": [8, 0, 9, 3.16667], "texture": "#4"},
				"up": {"uv": [11.66667, 10.33333, 10.66667, 9.33333], "texture": "#4"},
				"down": {"uv": [11.66667, 10.66667, 10.66667, 11.66667], "texture": "#4"}
			}
		},
		{
			"from": [6.9, 20.5, 5.5],
			"to": [6.9, 25.5, 10.5],
			"rotation": {"angle": 0, "axis": "x", "origin": [6.75, 17, 8]},
			"faces": {
				"west": {"uv": [0, 0, 10, 10], "texture": "#2"}
			}
		},
		{
			"from": [7.7, 21, 3.25],
			"to": [7.7, 32, 7.25],
			"rotation": {"angle": 0, "axis": "x", "origin": [7.7, 26.5, 5.25]},
			"faces": {
				"west": {"uv": [5.33333, 14.66667, 0, 0], "rotation": 180, "texture": "#1"}
			}
		},
		{
			"from": [7.7, 21, 8.75],
			"to": [7.7, 32, 12.75],
			"rotation": {"angle": 0, "axis": "x", "origin": [7.7, 26.5, 10.75]},
			"faces": {
				"west": {"uv": [0, 14.66667, 5.33333, 0], "rotation": 180, "texture": "#1"}
			}
		},
		{
			"from": [7.75, 0.25, 2],
			"to": [7.75, 4.75, 4.25],
			"rotation": {"angle": -22.5, "axis": "x", "origin": [7.75, 10.25, 3.875]},
			"faces": {
				"west": {"uv": [9.33333, 0, 12.33333, 6], "texture": "#1"}
			}
		},
		{
			"from": [7.75, 0.25, 11.75],
			"to": [7.75, 4.75, 14],
			"rotation": {"angle": 22.5, "axis": "x", "origin": [7.75, 10.25, 12.125]},
			"faces": {
				"west": {"uv": [12.33333, 0, 9.33333, 6], "texture": "#1"}
			}
		},
		{
			"from": [9.1, 20.5, 5.5],
			"to": [9.1, 25.5, 10.5],
			"rotation": {"angle": 0, "axis": "x", "origin": [9.25, 17, 8]},
			"faces": {
				"east": {"uv": [10, 0, 0, 10], "texture": "#2"}
			}
		},
		{
			"from": [8.3, 21, 3.25],
			"to": [8.3, 32, 7.25],
			"rotation": {"angle": 0, "axis": "x", "origin": [8.3, 26.5, 5.25]},
			"faces": {
				"east": {"uv": [0, 14.66667, 5.33333, 0], "rotation": 180, "texture": "#1"}
			}
		},
		{
			"from": [8.3, 21, 8.75],
			"to": [8.3, 32, 12.75],
			"rotation": {"angle": 0, "axis": "x", "origin": [8.3, 26.5, 10.75]},
			"faces": {
				"east": {"uv": [5.33333, 14.66667, 0, 0], "rotation": 180, "texture": "#1"}
			}
		},
		{
			"from": [8.25, 0.25, 11.75],
			"to": [8.25, 4.75, 14],
			"rotation": {"angle": 22.5, "axis": "x", "origin": [8.25, 10.25, 12.125]},
			"faces": {
				"east": {"uv": [9.33333, 0, 12.33333, 6], "texture": "#1"}
			}
		},
		{
			"from": [8.25, 0.25, 2],
			"to": [8.25, 4.75, 4.25],
			"rotation": {"angle": -22.5, "axis": "x", "origin": [8.25, 10.25, 3.875]},
			"faces": {
				"east": {"uv": [12.33333, 0, 9.33333, 6], "texture": "#1"}
			}
		}
	],
	"gui_light": "front",
	"display": {
		"thirdperson_righthand": {
			"translation": [0, -3.75, 1]
		},
		"thirdperson_lefthand": {
			"translation": [0, -3.75, 1]
		},
		"firstperson_righthand": {
			"rotation": [-10, 0, 0],
			"translation": [0, -4.25, 0]
		},
		"firstperson_lefthand": {
			"rotation": [-10, 0, 0],
			"translation": [0, -4.25, 0]
		},
		"ground": {
			"rotation": [45, 0, 0],
			"translation": [0, 10.75, 0]
		},
		"gui": {
			"rotation": [-90, 45, 90],
			"translation": [3.25, -3.25, 0],
			"scale": [0.67773, 0.67773, 0.67773]
		},
		"head": {
			"rotation": [-90, 90, 90]
		},
		"fixed": {
			"rotation": [-90, 90, 90],
			"translation": [0, -10.25, -1.25],
			"scale": [1.5, 1.5, 1.5]
		}
	}
}