{"textures":{"0":"modelengine:entity/bs_vm_armadillo_texture"},"elements":[{"from":[6.3678894,7.0080805,5.331665],"to":[8.367889,13.0080805,6.331665],"faces":{"east":{"uv":[1.75,11.25,2.0,12.75],"tintindex":0,"rotation":0,"texture":"#0"},"south":{"uv":[5.5,10.25,6.0,11.75],"tintindex":0,"rotation":0,"texture":"#0"},"north":{"uv":[6.0,8.25,6.5,9.75],"tintindex":0,"rotation":0,"texture":"#0"},"west":{"uv":[2.0,11.25,2.25,12.75],"tintindex":0,"rotation":0,"texture":"#0"},"up":{"uv":[6.5,10.0,6.0,9.75],"tintindex":0,"rotation":0,"texture":"#0"},"down":{"uv":[11.25,8.5,10.75,8.75],"tintindex":0,"rotation":0,"texture":"#0"}},"rotation":{"origin":[8.0,5.607879,8.471668],"angle":22.5,"axis":"z"}},{"from":[7.0,3.6876936,6.870533],"to":[9.0,7.6876936,9.870533],"faces":{"east":{"uv":[10.75,3.0,11.5,4.0],"tintindex":0,"rotation":0,"texture":"#0"},"south":{"uv":[1.25,11.25,1.75,12.25],"tintindex":0,"rotation":0,"texture":"#0"},"north":{"uv":[0.75,11.25,1.25,12.25],"tintindex":0,"rotation":0,"texture":"#0"},"west":{"uv":[10.75,6.0,11.5,7.0],"tintindex":0,"rotation":0,"texture":"#0"},"up":{"uv":[2.75,12.0,2.25,11.25],"tintindex":0,"rotation":0,"texture":"#0"},"down":{"uv":[3.25,11.25,2.75,12.0],"tintindex":0,"rotation":0,"texture":"#0"}},"rotation":{"origin":[8.0,5.607879,8.471668],"angle":-45.0,"axis":"x"}},{"from":[6.0,-0.30382824,3.0854921],"to":[10.0,7.696172,7.085492],"faces":{"east":{"uv":[5.0,8.25,6.0,10.25],"tintindex":0,"rotation":0,"texture":"#0"},"south":{"uv":[8.75,0.0,9.75,2.0],"tintindex":0,"rotation":0,"texture":"#0"},"north":{"uv":[4.0,8.25,5.0,10.25],"tintindex":0,"rotation":0,"texture":"#0"},"west":{"uv":[8.75,2.0,9.75,4.0],"tintindex":0,"rotation":0,"texture":"#0"},"up":{"uv":[10.75,4.0,9.75,3.0],"tintindex":0,"rotation":0,"texture":"#0"},"down":{"uv":[10.75,6.0,9.75,7.0],"tintindex":0,"rotation":0,"texture":"#0"}},"rotation":{"origin":[8.0,5.607879,8.471668],"angle":22.5,"axis":"x"}},{"from":[7.6321106,7.0080805,5.331665],"to":[9.632111,13.0080805,6.331665],"faces":{"east":{"uv":[3.25,11.25,3.5,12.75],"tintindex":0,"rotation":0,"texture":"#0"},"south":{"uv":[11.0,4.0,11.5,5.5],"tintindex":0,"rotation":0,"texture":"#0"},"north":{"uv":[10.75,7.0,11.25,8.5],"tintindex":0,"rotation":0,"texture":"#0"},"west":{"uv":[3.5,11.25,3.75,12.75],"tintindex":0,"rotation":0,"texture":"#0"},"up":{"uv":[11.25,9.0,10.75,8.75],"tintindex":0,"rotation":0,"texture":"#0"},"down":{"uv":[11.5,5.5,11.0,5.75],"tintindex":0,"rotation":0,"texture":"#0"}},"rotation":{"origin":[8.0,5.607879,8.471668],"angle":-22.5,"axis":"z"}}],"display":{"gui":{"rotation":[30,225,0]}}}