{"textures":{"0":"modelengine:entity/bs_vm_armadillo_texture"},"elements":[{"from":[6.5,5.0,6.5],"to":[9.5,9.0,9.5],"faces":{"east":{"uv":[6.0,10.0,6.75,11.0],"tintindex":0,"rotation":0,"texture":"#0"},"south":{"uv":[6.75,10.0,7.5,11.0],"tintindex":0,"rotation":0,"texture":"#0"},"north":{"uv":[9.75,9.0,10.5,10.0],"tintindex":0,"rotation":0,"texture":"#0"},"west":{"uv":[7.5,10.0,8.25,11.0],"tintindex":0,"rotation":0,"texture":"#0"},"up":{"uv":[6.75,11.75,6.0,11.0],"tintindex":0,"rotation":0,"texture":"#0"},"down":{"uv":[7.5,11.0,6.75,11.75],"tintindex":0,"rotation":0,"texture":"#0"}}}],"display":{"gui":{"rotation":[30,225,0]}}}