{"model":{"type":"range_dispatch","property":"custom_model_data","index":0,"fallback":{"on_true":{"fallback":{"model":"item/bow_pulling_0","type":"model"},"property":"use_duration","scale":0.05,"entries":[{"model":{"type":"model","model":"item/bow_pulling_1"},"threshold":0.65},{"model":{"type":"model","model":"item/bow_pulling_2"},"threshold":0.9}],"type":"range_dispatch"},"type":"condition","on_false":{"type":"model","model":"item/bow"},"property":"using_item"},"entries":[{"threshold":10000,"model":{"on_true":{"fallback":{"model":"dragonstone_guardians:bow_0","type":"model"},"property":"use_duration","scale":0.05,"entries":[{"threshold":0.65,"model":{"type":"model","model":"dragonstone_guardians:bow_1"}},{"threshold":0.9,"model":{"type":"model","model":"dragonstone_guardians:bow_2"}}],"type":"range_dispatch"},"type":"condition","on_false":{"type":"model","model":"dragonstone_guardians:bow"},"property":"using_item"}},{"threshold":10001,"model":{"on_true":{"fallback":{"model":"elitecreatures:vinland_animated_weapon/bow_0","type":"model"},"property":"use_duration","scale":0.05,"entries":[{"threshold":0.65,"model":{"type":"model","model":"elitecreatures:vinland_animated_weapon/bow_1"}},{"threshold":0.9,"model":{"type":"model","model":"elitecreatures:vinland_animated_weapon/bow_2"}}],"type":"range_dispatch"},"type":"condition","on_false":{"type":"model","model":"elitecreatures:vinland_animated_weapon/bow"},"property":"using_item"}},{"threshold":10002,"model":{"on_true":{"fallback":{"model":"fairyset:bow_0","type":"model"},"property":"use_duration","scale":0.05,"entries":[{"threshold":0.65,"model":{"type":"model","model":"fairyset:bow_1"}},{"threshold":0.9,"model":{"type":"model","model":"fairyset:bow_2"}}],"type":"range_dispatch"},"type":"condition","on_false":{"type":"model","model":"fairyset:bow"},"property":"using_item"}},{"threshold":10003,"model":{"on_true":{"fallback":{"model":"elitecreatures:carnivoret_weapon_set/bow_0","type":"model"},"property":"use_duration","scale":0.05,"entries":[{"threshold":0.65,"model":{"type":"model","model":"elitecreatures:carnivoret_weapon_set/bow_1"}},{"threshold":0.9,"model":{"type":"model","model":"elitecreatures:carnivoret_weapon_set/bow_2"}}],"type":"range_dispatch"},"type":"condition","on_false":{"type":"model","model":"elitecreatures:carnivoret_weapon_set/bow"},"property":"using_item"}},{"threshold":10004,"model":{"on_true":{"fallback":{"model":"merry_christmasset:bow_0","type":"model"},"property":"use_duration","scale":0.05,"entries":[{"threshold":0.65,"model":{"type":"model","model":"merry_christmasset:bow_1"}},{"threshold":0.9,"model":{"type":"model","model":"merry_christmasset:bow_2"}}],"type":"range_dispatch"},"type":"condition","on_false":{"type":"model","model":"merry_christmasset:bow"},"property":"using_item"}},{"threshold":10005,"model":{"on_true":{"fallback":{"model":"elitecreatures:valentines_animated_weapon_and_tool_set_v1/bow_0","type":"model"},"property":"use_duration","scale":0.05,"entries":[{"threshold":0.65,"model":{"type":"model","model":"elitecreatures:valentines_animated_weapon_and_tool_set_v1/bow_1"}},{"threshold":0.9,"model":{"type":"model","model":"elitecreatures:valentines_animated_weapon_and_tool_set_v1/bow_2"}}],"type":"range_dispatch"},"type":"condition","on_false":{"type":"model","model":"elitecreatures:valentines_animated_weapon_and_tool_set_v1/bow"},"property":"using_item"}},{"threshold":10006,"model":{"on_true":{"fallback":{"model":"nexusset:bow_0","type":"model"},"property":"use_duration","scale":0.05,"entries":[{"threshold":0.65,"model":{"type":"model","model":"nexusset:bow_1"}},{"threshold":0.9,"model":{"type":"model","model":"nexusset:bow_2"}}],"type":"range_dispatch"},"type":"condition","on_false":{"type":"model","model":"nexusset:bow"},"property":"using_item"}},{"threshold":10007,"model":{"on_true":{"fallback":{"model":"elitecreatures:zombie_apocalyptic_animated_weapon_set/bow_0","type":"model"},"property":"use_duration","scale":0.05,"entries":[{"threshold":0.65,"model":{"type":"model","model":"elitecreatures:zombie_apocalyptic_animated_weapon_set/bow_1"}},{"threshold":0.9,"model":{"type":"model","model":"elitecreatures:zombie_apocalyptic_animated_weapon_set/bow_2"}}],"type":"range_dispatch"},"type":"condition","on_false":{"type":"model","model":"elitecreatures:zombie_apocalyptic_animated_weapon_set/bow"},"property":"using_item"}},{"threshold":10008,"model":{"on_true":{"fallback":{"model":"elitecreatures:ginger_bread_gear/bow_0","type":"model"},"property":"use_duration","scale":0.05,"entries":[{"threshold":0.65,"model":{"type":"model","model":"elitecreatures:ginger_bread_gear/bow_1"}},{"threshold":0.9,"model":{"type":"model","model":"elitecreatures:ginger_bread_gear/bow_2"}}],"type":"range_dispatch"},"type":"condition","on_false":{"type":"model","model":"elitecreatures:ginger_bread_gear/bow"},"property":"using_item"}},{"threshold":10009,"model":{"on_true":{"fallback":{"model":"elitecreatures:skeleton_overlord_animated_weapon_set/bow_0","type":"model"},"property":"use_duration","scale":0.05,"entries":[{"threshold":0.65,"model":{"type":"model","model":"elitecreatures:skeleton_overlord_animated_weapon_set/bow_1"}},{"threshold":0.9,"model":{"type":"model","model":"elitecreatures:skeleton_overlord_animated_weapon_set/bow_2"}}],"type":"range_dispatch"},"type":"condition","on_false":{"type":"model","model":"elitecreatures:skeleton_overlord_animated_weapon_set/bow"},"property":"using_item"}},{"threshold":10010,"model":{"on_true":{"fallback":{"model":"medieval1:medieval1bow_0","type":"model"},"property":"use_duration","scale":0.05,"entries":[{"threshold":0.65,"model":{"type":"model","model":"medieval1:medieval1bow_1"}},{"threshold":0.9,"model":{"type":"model","model":"medieval1:medieval1bow_2"}}],"type":"range_dispatch"},"type":"condition","on_false":{"type":"model","model":"medieval1:medieval1bow"},"property":"using_item"}},{"threshold":10011,"model":{"on_true":{"fallback":{"model":"abyss_pack:abyss_pack/abyss_bow_0","type":"model"},"property":"use_duration","scale":0.05,"entries":[{"threshold":0.65,"model":{"type":"model","model":"abyss_pack:abyss_pack/abyss_bow_1"}},{"threshold":0.9,"model":{"type":"model","model":"abyss_pack:abyss_pack/abyss_bow_2"}}],"type":"range_dispatch"},"type":"condition","on_false":{"type":"model","model":"abyss_pack:abyss_pack/abyss_bow"},"property":"using_item"}},{"threshold":10012,"model":{"on_true":{"fallback":{"model":"easter2024set:bow_0","type":"model"},"property":"use_duration","scale":0.05,"entries":[{"threshold":0.65,"model":{"type":"model","model":"easter2024set:bow_1"}},{"threshold":0.9,"model":{"type":"model","model":"easter2024set:bow_2"}}],"type":"range_dispatch"},"type":"condition","on_false":{"type":"model","model":"easter2024set:bow"},"property":"using_item"}},{"threshold":10013,"model":{"on_true":{"fallback":{"model":"item/bow","type":"model"},"property":"use_duration","scale":0.05,"entries":[],"type":"range_dispatch"},"type":"condition","on_false":{"type":"model","model":"item/bow"},"property":"using_item"}}]}}