{"model":{"type":"range_dispatch","property":"custom_model_data","index":0,"fallback":{"on_false":{"property":"charge_type","type":"select","cases":[{"model":{"type":"model","model":"item/crossbow_arrow"},"when":"arrow"},{"model":{"type":"model","model":"item/crossbow_firework"},"when":"rocket"}],"fallback":{"type":"model","model":"item/crossbow"}},"on_true":{"type":"range_dispatch","property":"crossbow/pull","fallback":{"model":"item/crossbow_pulling_0","type":"model"},"entries":[{"model":{"type":"model","model":"item/crossbow_pulling_1"},"threshold":0.58},{"model":{"type":"model","model":"item/crossbow_pulling_2"},"threshold":1}]},"property":"using_item","type":"condition"},"entries":[{"threshold":10000,"model":{"on_false":{"property":"charge_type","type":"select","cases":[{"model":{"type":"model","model":"fairyset:crossbow_charged"},"when":"arrow"},{"model":{"type":"model","model":"fairyset:crossbow_firework"},"when":"rocket"}],"fallback":{"type":"model","model":"fairyset:crossbow"},"model":"fairyset:crossbow"},"on_true":{"type":"range_dispatch","property":"crossbow/pull","fallback":{"model":"fairyset:crossbow","type":"model"},"entries":[{"threshold":0.58,"model":{"type":"model","model":"fairyset:crossbow_1"}},{"threshold":1.0,"model":{"type":"model","model":"fairyset:crossbow_2"}}]},"property":"using_item","type":"condition"}},{"threshold":10001,"model":{"on_false":{"property":"charge_type","type":"select","cases":[{"model":{"type":"model","model":"merry_christmasset:crossbow_charged"},"when":"arrow"},{"model":{"type":"model","model":"merry_christmasset:crossbow_firework"},"when":"rocket"}],"fallback":{"type":"model","model":"merry_christmasset:crossbow"},"model":"merry_christmasset:crossbow"},"on_true":{"type":"range_dispatch","property":"crossbow/pull","fallback":{"model":"merry_christmasset:crossbow","type":"model"},"entries":[{"threshold":0.58,"model":{"type":"model","model":"merry_christmasset:crossbow_1"}},{"threshold":1.0,"model":{"type":"model","model":"merry_christmasset:crossbow_2"}}]},"property":"using_item","type":"condition"}},{"threshold":10002,"model":{"on_false":{"property":"charge_type","type":"select","cases":[{"model":{"type":"model","model":"elitecreatures:valentines_animated_weapon_and_tool_set_v1/crossbow_charged"},"when":"arrow"},{"model":{"type":"model","model":"elitecreatures:valentines_animated_weapon_and_tool_set_v1/crossbow_firework"},"when":"rocket"}],"fallback":{"type":"model","model":"elitecreatures:valentines_animated_weapon_and_tool_set_v1/crossbow"},"model":"elitecreatures:valentines_animated_weapon_and_tool_set_v1/crossbow"},"on_true":{"type":"range_dispatch","property":"crossbow/pull","fallback":{"model":"elitecreatures:valentines_animated_weapon_and_tool_set_v1/crossbow","type":"model"},"entries":[{"threshold":0.58,"model":{"type":"model","model":"elitecreatures:valentines_animated_weapon_and_tool_set_v1/crossbow_1"}},{"threshold":1.0,"model":{"type":"model","model":"elitecreatures:valentines_animated_weapon_and_tool_set_v1/crossbow_2"}}]},"property":"using_item","type":"condition"}},{"threshold":10003,"model":{"on_false":{"property":"charge_type","type":"select","cases":[{"model":{"type":"model","model":"nexusset:crossbow_charged"},"when":"arrow"},{"model":{"type":"model","model":"nexusset:crossbow_firework"},"when":"rocket"}],"fallback":{"type":"model","model":"nexusset:crossbow"},"model":"nexusset:crossbow"},"on_true":{"type":"range_dispatch","property":"crossbow/pull","fallback":{"model":"nexusset:crossbow","type":"model"},"entries":[{"threshold":0.58,"model":{"type":"model","model":"nexusset:crossbow_1"}},{"threshold":1.0,"model":{"type":"model","model":"nexusset:crossbow_2"}}]},"property":"using_item","type":"condition"}},{"threshold":10004,"model":{"on_false":{"property":"charge_type","type":"select","cases":[{"model":{"type":"model","model":"elitecreatures:ginger_bread_gear/crossbow_charged"},"when":"arrow"},{"model":{"type":"model","model":"elitecreatures:ginger_bread_gear/crossbow_firework"},"when":"rocket"}],"fallback":{"type":"model","model":"elitecreatures:ginger_bread_gear/crossbow"},"model":"elitecreatures:ginger_bread_gear/crossbow"},"on_true":{"type":"range_dispatch","property":"crossbow/pull","fallback":{"model":"elitecreatures:ginger_bread_gear/crossbow","type":"model"},"entries":[{"threshold":0.58,"model":{"type":"model","model":"elitecreatures:ginger_bread_gear/crossbow_1"}},{"threshold":1.0,"model":{"type":"model","model":"elitecreatures:ginger_bread_gear/crossbow_2"}}]},"property":"using_item","type":"condition"}},{"threshold":10005,"model":{"on_false":{"property":"charge_type","type":"select","cases":[{"model":{"type":"model","model":"easter2024set:crossbow_charged"},"when":"arrow"},{"model":{"type":"model","model":"easter2024set:crossbow_firework"},"when":"rocket"}],"fallback":{"type":"model","model":"easter2024set:crossbow"},"model":"easter2024set:crossbow"},"on_true":{"type":"range_dispatch","property":"crossbow/pull","fallback":{"model":"easter2024set:crossbow","type":"model"},"entries":[{"threshold":0.58,"model":{"type":"model","model":"easter2024set:crossbow_1"}},{"threshold":1.0,"model":{"type":"model","model":"easter2024set:crossbow_2"}}]},"property":"using_item","type":"condition"}},{"threshold":10006,"model":{"on_false":{"property":"charge_type","type":"select","cases":[{"model":{"type":"model","model":"item/crossbow_arrow"},"when":"arrow"},{"model":{"type":"model","model":"item/crossbow_firework"},"when":"rocket"}],"fallback":{"type":"model","model":"item/crossbow"},"model":"item/crossbow"},"on_true":{"type":"range_dispatch","property":"crossbow/pull","fallback":{"model":"item/crossbow","type":"model"},"entries":[]},"property":"using_item","type":"condition"}}]}}