{"model":{"type":"range_dispatch","property":"custom_model_data","index":0,"fallback":{"on_true":{"model":"item/fishing_rod_cast","type":"model"},"type":"condition","property":"fishing_rod/cast","on_false":{"model":"item/fishing_rod","type":"model"}},"entries":[{"threshold":10000,"model":{"on_true":{"model":"dragonstone_guardians:fishing_rod_cast","type":"model"},"type":"minecraft:condition","property":"fishing_rod/cast","on_false":{"model":"dragonstone_guardians:fishing_rod","type":"model"},"model":"dragonstone_guardians:fishing_rod"}},{"threshold":10001,"model":{"on_true":{"model":"elitecreatures:vinland_animated_weapon/fishing_rod_cast","type":"model"},"type":"minecraft:condition","property":"fishing_rod/cast","on_false":{"model":"elitecreatures:vinland_animated_weapon/fishing_rod","type":"model"},"model":"elitecreatures:vinland_animated_weapon/fishing_rod"}},{"threshold":10002,"model":{"on_true":{"model":"fairyset:fishing_rod_cast","type":"model"},"type":"minecraft:condition","property":"fishing_rod/cast","on_false":{"model":"fairyset:fishing_rod","type":"model"},"model":"fairyset:fishing_rod"}},{"threshold":10003,"model":{"on_true":{"model":"elitecreatures:carnivoret_weapon_set/fishing_rod_cast","type":"model"},"type":"minecraft:condition","property":"fishing_rod/cast","on_false":{"model":"elitecreatures:carnivoret_weapon_set/fishing_rod","type":"model"},"model":"elitecreatures:carnivoret_weapon_set/fishing_rod"}},{"threshold":10004,"model":{"on_true":{"model":"merry_christmasset:fishing_rod_cast","type":"model"},"type":"minecraft:condition","property":"fishing_rod/cast","on_false":{"model":"merry_christmasset:fishing_rod","type":"model"},"model":"merry_christmasset:fishing_rod"}},{"threshold":10005,"model":{"on_true":{"model":"elitecreatures:valentines_animated_weapon_and_tool_set_v1/rod_cast","type":"model"},"type":"minecraft:condition","property":"fishing_rod/cast","on_false":{"model":"elitecreatures:valentines_animated_weapon_and_tool_set_v1/rod","type":"model"},"model":"elitecreatures:valentines_animated_weapon_and_tool_set_v1/rod"}},{"threshold":10006,"model":{"on_true":{"model":"nexusset:fishing_rod_cast","type":"model"},"type":"minecraft:condition","property":"fishing_rod/cast","on_false":{"model":"nexusset:fishing_rod","type":"model"},"model":"nexusset:fishing_rod"}},{"threshold":10007,"model":{"on_true":{"model":"elitecreatures:zombie_apocalyptic_animated_weapon_set/fishing_rod_cast","type":"model"},"type":"minecraft:condition","property":"fishing_rod/cast","on_false":{"model":"elitecreatures:zombie_apocalyptic_animated_weapon_set/fishing_rod","type":"model"},"model":"elitecreatures:zombie_apocalyptic_animated_weapon_set/fishing_rod"}},{"threshold":10008,"model":{"on_true":{"model":"elitecreatures:ginger_bread_gear/fishing_rod_cast","type":"model"},"type":"minecraft:condition","property":"fishing_rod/cast","on_false":{"model":"elitecreatures:ginger_bread_gear/fishing_rod","type":"model"},"model":"elitecreatures:ginger_bread_gear/fishing_rod"}},{"threshold":10009,"model":{"on_true":{"model":"elitecreatures:skeleton_overlord_animated_weapon_set/fishing_rod_cast","type":"model"},"type":"minecraft:condition","property":"fishing_rod/cast","on_false":{"model":"elitecreatures:skeleton_overlord_animated_weapon_set/fishing_rod","type":"model"},"model":"elitecreatures:skeleton_overlord_animated_weapon_set/fishing_rod"}},{"threshold":10010,"model":{"on_true":{"model":"medieval1:medieval1fishing_rod_cast","type":"model"},"type":"minecraft:condition","property":"fishing_rod/cast","on_false":{"model":"medieval1:medieval1fishing_rod","type":"model"},"model":"medieval1:medieval1fishing_rod"}},{"threshold":10011,"model":{"on_true":{"model":"easter2024set:fishing_rod_cast","type":"model"},"type":"minecraft:condition","property":"fishing_rod/cast","on_false":{"model":"easter2024set:fishing_rod","type":"model"},"model":"easter2024set:fishing_rod"}},{"threshold":10012,"model":{"on_true":{"model":"item/fishing_rod_cast","type":"model"},"type":"model","property":"fishing_rod/cast","on_false":{"model":"item/fishing_rod","type":"model"},"model":"item/fishing_rod"}}]}}