{"model":{"type":"range_dispatch","property":"custom_model_data","index":0,"fallback":{"model":{"type":"shulker_box","texture":"shulker_red"},"base":"item/red_shulker_box","type":"special"},"entries":[{"threshold":10000,"model":{"model":"dragonstone_guardians:chest","base":"item/red_shulker_box","type":"model"}},{"threshold":10001,"model":{"model":"merry_christmasset:chest","base":"item/red_shulker_box","type":"model"}},{"threshold":10002,"model":{"model":"elitecreatures:zombie_apocalyptic_animated_weapon_set/chest","base":"item/red_shulker_box","type":"model"}},{"threshold":10003,"model":{"model":"elitecreatures:ginger_bread_gear/chest","base":"item/red_shulker_box","type":"model"}},{"threshold":10004,"model":{"model":"elitecreatures:skeleton_overlord_animated_weapon_set/chest","base":"item/red_shulker_box","type":"model"}},{"threshold":10005,"model":{"model":"medieval1:medieval1chest","base":"item/red_shulker_box","type":"model"}},{"threshold":10006,"model":{"model":"item/red_shulker_box","base":"item/red_shulker_box","type":"model"}}]}}