{"model":{"type":"range_dispatch","property":"custom_model_data","index":0,"fallback":{"property":"using_item","on_true":{"base":"item/shield_blocking","type":"special","model":{"type":"shield"}},"type":"condition","on_false":{"model":{"type":"shield"},"base":"item/shield","type":"special"}},"entries":[{"threshold":10000,"model":{"property":"using_item","on_true":{"base":"item/shield_blocking","type":"model","model":"dragonstone_guardians:shield_blocking"},"type":"condition","on_false":{"model":"dragonstone_guardians:shield","base":"item/shield","type":"model"}}},{"threshold":10001,"model":{"property":"using_item","on_true":{"base":"item/shield_blocking","type":"model","model":"elitecreatures:vinland_animated_weapon/shield_blocking"},"type":"condition","on_false":{"model":"elitecreatures:vinland_animated_weapon/shield","base":"item/shield","type":"model"}}},{"threshold":10002,"model":{"property":"using_item","on_true":{"base":"item/shield_blocking","type":"model","model":"fairyset:shield_blocking"},"type":"condition","on_false":{"model":"fairyset:shield","base":"item/shield","type":"model"}}},{"threshold":10003,"model":{"property":"using_item","on_true":{"base":"item/shield_blocking","type":"model","model":"elitecreatures:carnivoret_weapon_set/shield_blocking"},"type":"condition","on_false":{"model":"elitecreatures:carnivoret_weapon_set/shield","base":"item/shield","type":"model"}}},{"threshold":10004,"model":{"property":"using_item","on_true":{"base":"item/shield_blocking","type":"model","model":"merry_christmasset:shield_blocking"},"type":"condition","on_false":{"model":"merry_christmasset:shield","base":"item/shield","type":"model"}}},{"threshold":10005,"model":{"property":"using_item","on_true":{"base":"item/shield_blocking","type":"model","model":"elitecreatures:valentines_animated_weapon_and_tool_set_v1/shield_blocking"},"type":"condition","on_false":{"model":"elitecreatures:valentines_animated_weapon_and_tool_set_v1/shield","base":"item/shield","type":"model"}}},{"threshold":10006,"model":{"property":"using_item","on_true":{"base":"item/shield_blocking","type":"model","model":"nexusset:shield_blocking"},"type":"condition","on_false":{"model":"nexusset:shield","base":"item/shield","type":"model"}}},{"threshold":10007,"model":{"property":"using_item","on_true":{"base":"item/shield_blocking","type":"model","model":"elitecreatures:zombie_apocalyptic_animated_weapon_set/shield_blocking"},"type":"condition","on_false":{"model":"elitecreatures:zombie_apocalyptic_animated_weapon_set/shield","base":"item/shield","type":"model"}}},{"threshold":10008,"model":{"property":"using_item","on_true":{"base":"item/shield_blocking","type":"model","model":"elitecreatures:ginger_bread_gear/shield_blocking"},"type":"condition","on_false":{"model":"elitecreatures:ginger_bread_gear/shield","base":"item/shield","type":"model"}}},{"threshold":10009,"model":{"property":"using_item","on_true":{"base":"item/shield_blocking","type":"model","model":"elitecreatures:skeleton_overlord_animated_weapon_set/shield_blocking"},"type":"condition","on_false":{"model":"elitecreatures:skeleton_overlord_animated_weapon_set/shield","base":"item/shield","type":"model"}}},{"threshold":10010,"model":{"property":"using_item","on_true":{"base":"item/shield_blocking","type":"model","model":"medieval1:medieval1shield_blocking"},"type":"condition","on_false":{"model":"medieval1:medieval1shield","base":"item/shield","type":"model"}}},{"threshold":10011,"model":{"property":"using_item","on_true":{"base":"item/shield_blocking","type":"model","model":"easter2024set:shield_blocking"},"type":"condition","on_false":{"model":"easter2024set:shield","base":"item/shield","type":"model"}}},{"threshold":10012,"model":{"property":"using_item","on_true":{"base":"item/shield_blocking","type":"special","model":{"type":"shield"}},"type":"condition","on_false":{"model":"item/shield","base":"item/shield","type":"model"}}}]}}