{"parent":"minecraft:item/generated","overrides":[{"model":"minecraft:item/leather_chestplate_quartz_trim","predicate":{"trim_type":0.1}},{"model":"minecraft:item/leather_chestplate_iron_trim","predicate":{"trim_type":0.2}},{"model":"minecraft:item/leather_chestplate_netherite_trim","predicate":{"trim_type":0.3}},{"model":"minecraft:item/leather_chestplate_redstone_trim","predicate":{"trim_type":0.4}},{"model":"minecraft:item/leather_chestplate_copper_trim","predicate":{"trim_type":0.5}},{"model":"minecraft:item/leather_chestplate_gold_trim","predicate":{"trim_type":0.6}},{"model":"minecraft:item/leather_chestplate_emerald_trim","predicate":{"trim_type":0.7}},{"model":"minecraft:item/leather_chestplate_diamond_trim","predicate":{"trim_type":0.8}},{"model":"minecraft:item/leather_chestplate_lapis_trim","predicate":{"trim_type":0.9}},{"model":"minecraft:item/leather_chestplate_amethyst_trim","predicate":{"trim_type":1.0}},{"predicate":{"custom_model_data":10005},"model":"angel:ia_auto_gen/chestplate"},{"predicate":{"trim_type":0.1,"custom_model_data":10005},"model":"angel:ia_auto_gen/chestplate"},{"predicate":{"trim_type":0.2,"custom_model_data":10005},"model":"angel:ia_auto_gen/chestplate"},{"predicate":{"trim_type":0.3,"custom_model_data":10005},"model":"angel:ia_auto_gen/chestplate"},{"predicate":{"trim_type":0.4,"custom_model_data":10005},"model":"angel:ia_auto_gen/chestplate"},{"predicate":{"trim_type":0.5,"custom_model_data":10005},"model":"angel:ia_auto_gen/chestplate"},{"predicate":{"trim_type":0.6,"custom_model_data":10005},"model":"angel:ia_auto_gen/chestplate"},{"predicate":{"trim_type":0.7,"custom_model_data":10005},"model":"angel:ia_auto_gen/chestplate"},{"predicate":{"trim_type":0.8,"custom_model_data":10005},"model":"angel:ia_auto_gen/chestplate"},{"predicate":{"trim_type":0.9,"custom_model_data":10005},"model":"angel:ia_auto_gen/chestplate"},{"predicate":{"trim_type":1.0,"custom_model_data":10005},"model":"angel:ia_auto_gen/chestplate"},{"predicate":{"custom_model_data":10006},"model":"guardian:ia_auto_gen/chestplate"},{"predicate":{"trim_type":0.1,"custom_model_data":10006},"model":"guardian:ia_auto_gen/chestplate"},{"predicate":{"trim_type":0.2,"custom_model_data":10006},"model":"guardian:ia_auto_gen/chestplate"},{"predicate":{"trim_type":0.3,"custom_model_data":10006},"model":"guardian:ia_auto_gen/chestplate"},{"predicate":{"trim_type":0.4,"custom_model_data":10006},"model":"guardian:ia_auto_gen/chestplate"},{"predicate":{"trim_type":0.5,"custom_model_data":10006},"model":"guardian:ia_auto_gen/chestplate"},{"predicate":{"trim_type":0.6,"custom_model_data":10006},"model":"guardian:ia_auto_gen/chestplate"},{"predicate":{"trim_type":0.7,"custom_model_data":10006},"model":"guardian:ia_auto_gen/chestplate"},{"predicate":{"trim_type":0.8,"custom_model_data":10006},"model":"guardian:ia_auto_gen/chestplate"},{"predicate":{"trim_type":0.9,"custom_model_data":10006},"model":"guardian:ia_auto_gen/chestplate"},{"predicate":{"trim_type":1.0,"custom_model_data":10006},"model":"guardian:ia_auto_gen/chestplate"},{"predicate":{"custom_model_data":10008},"model":"nexusset:ia_auto_gen/nexuschestplate"},{"predicate":{"trim_type":0.1,"custom_model_data":10008},"model":"nexusset:ia_auto_gen/nexuschestplate"},{"predicate":{"trim_type":0.2,"custom_model_data":10008},"model":"nexusset:ia_auto_gen/nexuschestplate"},{"predicate":{"trim_type":0.3,"custom_model_data":10008},"model":"nexusset:ia_auto_gen/nexuschestplate"},{"predicate":{"trim_type":0.4,"custom_model_data":10008},"model":"nexusset:ia_auto_gen/nexuschestplate"},{"predicate":{"trim_type":0.5,"custom_model_data":10008},"model":"nexusset:ia_auto_gen/nexuschestplate"},{"predicate":{"trim_type":0.6,"custom_model_data":10008},"model":"nexusset:ia_auto_gen/nexuschestplate"},{"predicate":{"trim_type":0.7,"custom_model_data":10008},"model":"nexusset:ia_auto_gen/nexuschestplate"},{"predicate":{"trim_type":0.8,"custom_model_data":10008},"model":"nexusset:ia_auto_gen/nexuschestplate"},{"predicate":{"trim_type":0.9,"custom_model_data":10008},"model":"nexusset:ia_auto_gen/nexuschestplate"},{"predicate":{"trim_type":1.0,"custom_model_data":10008},"model":"nexusset:ia_auto_gen/nexuschestplate"},{"predicate":{"custom_model_data":10009},"model":"merry_christmasset:ia_auto_gen/merry_christmaschestplate"},{"predicate":{"trim_type":0.1,"custom_model_data":10009},"model":"merry_christmasset:ia_auto_gen/merry_christmaschestplate"},{"predicate":{"trim_type":0.2,"custom_model_data":10009},"model":"merry_christmasset:ia_auto_gen/merry_christmaschestplate"},{"predicate":{"trim_type":0.3,"custom_model_data":10009},"model":"merry_christmasset:ia_auto_gen/merry_christmaschestplate"},{"predicate":{"trim_type":0.4,"custom_model_data":10009},"model":"merry_christmasset:ia_auto_gen/merry_christmaschestplate"},{"predicate":{"trim_type":0.5,"custom_model_data":10009},"model":"merry_christmasset:ia_auto_gen/merry_christmaschestplate"},{"predicate":{"trim_type":0.6,"custom_model_data":10009},"model":"merry_christmasset:ia_auto_gen/merry_christmaschestplate"},{"predicate":{"trim_type":0.7,"custom_model_data":10009},"model":"merry_christmasset:ia_auto_gen/merry_christmaschestplate"},{"predicate":{"trim_type":0.8,"custom_model_data":10009},"model":"merry_christmasset:ia_auto_gen/merry_christmaschestplate"},{"predicate":{"trim_type":0.9,"custom_model_data":10009},"model":"merry_christmasset:ia_auto_gen/merry_christmaschestplate"},{"predicate":{"trim_type":1.0,"custom_model_data":10009},"model":"merry_christmasset:ia_auto_gen/merry_christmaschestplate"},{"predicate":{"custom_model_data":10010},"model":"elitecreatures:ia_auto_gen/vinland_animated_weapon-chestplate"},{"predicate":{"trim_type":0.1,"custom_model_data":10010},"model":"elitecreatures:ia_auto_gen/vinland_animated_weapon-chestplate"},{"predicate":{"trim_type":0.2,"custom_model_data":10010},"model":"elitecreatures:ia_auto_gen/vinland_animated_weapon-chestplate"},{"predicate":{"trim_type":0.3,"custom_model_data":10010},"model":"elitecreatures:ia_auto_gen/vinland_animated_weapon-chestplate"},{"predicate":{"trim_type":0.4,"custom_model_data":10010},"model":"elitecreatures:ia_auto_gen/vinland_animated_weapon-chestplate"},{"predicate":{"trim_type":0.5,"custom_model_data":10010},"model":"elitecreatures:ia_auto_gen/vinland_animated_weapon-chestplate"},{"predicate":{"trim_type":0.6,"custom_model_data":10010},"model":"elitecreatures:ia_auto_gen/vinland_animated_weapon-chestplate"},{"predicate":{"trim_type":0.7,"custom_model_data":10010},"model":"elitecreatures:ia_auto_gen/vinland_animated_weapon-chestplate"},{"predicate":{"trim_type":0.8,"custom_model_data":10010},"model":"elitecreatures:ia_auto_gen/vinland_animated_weapon-chestplate"},{"predicate":{"trim_type":0.9,"custom_model_data":10010},"model":"elitecreatures:ia_auto_gen/vinland_animated_weapon-chestplate"},{"predicate":{"trim_type":1.0,"custom_model_data":10010},"model":"elitecreatures:ia_auto_gen/vinland_animated_weapon-chestplate"},{"predicate":{"custom_model_data":10011},"model":"easter2024set:ia_auto_gen/easter2024chestplate"},{"predicate":{"trim_type":0.1,"custom_model_data":10011},"model":"easter2024set:ia_auto_gen/easter2024chestplate"},{"predicate":{"trim_type":0.2,"custom_model_data":10011},"model":"easter2024set:ia_auto_gen/easter2024chestplate"},{"predicate":{"trim_type":0.3,"custom_model_data":10011},"model":"easter2024set:ia_auto_gen/easter2024chestplate"},{"predicate":{"trim_type":0.4,"custom_model_data":10011},"model":"easter2024set:ia_auto_gen/easter2024chestplate"},{"predicate":{"trim_type":0.5,"custom_model_data":10011},"model":"easter2024set:ia_auto_gen/easter2024chestplate"},{"predicate":{"trim_type":0.6,"custom_model_data":10011},"model":"easter2024set:ia_auto_gen/easter2024chestplate"},{"predicate":{"trim_type":0.7,"custom_model_data":10011},"model":"easter2024set:ia_auto_gen/easter2024chestplate"},{"predicate":{"trim_type":0.8,"custom_model_data":10011},"model":"easter2024set:ia_auto_gen/easter2024chestplate"},{"predicate":{"trim_type":0.9,"custom_model_data":10011},"model":"easter2024set:ia_auto_gen/easter2024chestplate"},{"predicate":{"trim_type":1.0,"custom_model_data":10011},"model":"easter2024set:ia_auto_gen/easter2024chestplate"},{"predicate":{"custom_model_data":10012},"model":"dragonstone_guardians:ia_auto_gen/dragonstonechestplate"},{"predicate":{"trim_type":0.1,"custom_model_data":10012},"model":"dragonstone_guardians:ia_auto_gen/dragonstonechestplate"},{"predicate":{"trim_type":0.2,"custom_model_data":10012},"model":"dragonstone_guardians:ia_auto_gen/dragonstonechestplate"},{"predicate":{"trim_type":0.3,"custom_model_data":10012},"model":"dragonstone_guardians:ia_auto_gen/dragonstonechestplate"},{"predicate":{"trim_type":0.4,"custom_model_data":10012},"model":"dragonstone_guardians:ia_auto_gen/dragonstonechestplate"},{"predicate":{"trim_type":0.5,"custom_model_data":10012},"model":"dragonstone_guardians:ia_auto_gen/dragonstonechestplate"},{"predicate":{"trim_type":0.6,"custom_model_data":10012},"model":"dragonstone_guardians:ia_auto_gen/dragonstonechestplate"},{"predicate":{"trim_type":0.7,"custom_model_data":10012},"model":"dragonstone_guardians:ia_auto_gen/dragonstonechestplate"},{"predicate":{"trim_type":0.8,"custom_model_data":10012},"model":"dragonstone_guardians:ia_auto_gen/dragonstonechestplate"},{"predicate":{"trim_type":0.9,"custom_model_data":10012},"model":"dragonstone_guardians:ia_auto_gen/dragonstonechestplate"},{"predicate":{"trim_type":1.0,"custom_model_data":10012},"model":"dragonstone_guardians:ia_auto_gen/dragonstonechestplate"},{"predicate":{"custom_model_data":10013},"model":"elitecreatures:ia_auto_gen/valentines_animated_weapon_and_tool_set_v1_chestplate"},{"predicate":{"trim_type":0.1,"custom_model_data":10013},"model":"elitecreatures:ia_auto_gen/valentines_animated_weapon_and_tool_set_v1_chestplate"},{"predicate":{"trim_type":0.2,"custom_model_data":10013},"model":"elitecreatures:ia_auto_gen/valentines_animated_weapon_and_tool_set_v1_chestplate"},{"predicate":{"trim_type":0.3,"custom_model_data":10013},"model":"elitecreatures:ia_auto_gen/valentines_animated_weapon_and_tool_set_v1_chestplate"},{"predicate":{"trim_type":0.4,"custom_model_data":10013},"model":"elitecreatures:ia_auto_gen/valentines_animated_weapon_and_tool_set_v1_chestplate"},{"predicate":{"trim_type":0.5,"custom_model_data":10013},"model":"elitecreatures:ia_auto_gen/valentines_animated_weapon_and_tool_set_v1_chestplate"},{"predicate":{"trim_type":0.6,"custom_model_data":10013},"model":"elitecreatures:ia_auto_gen/valentines_animated_weapon_and_tool_set_v1_chestplate"},{"predicate":{"trim_type":0.7,"custom_model_data":10013},"model":"elitecreatures:ia_auto_gen/valentines_animated_weapon_and_tool_set_v1_chestplate"},{"predicate":{"trim_type":0.8,"custom_model_data":10013},"model":"elitecreatures:ia_auto_gen/valentines_animated_weapon_and_tool_set_v1_chestplate"},{"predicate":{"trim_type":0.9,"custom_model_data":10013},"model":"elitecreatures:ia_auto_gen/valentines_animated_weapon_and_tool_set_v1_chestplate"},{"predicate":{"trim_type":1.0,"custom_model_data":10013},"model":"elitecreatures:ia_auto_gen/valentines_animated_weapon_and_tool_set_v1_chestplate"},{"predicate":{"custom_model_data":10014},"model":"fairyset:ia_auto_gen/fairychestplate"},{"predicate":{"trim_type":0.1,"custom_model_data":10014},"model":"fairyset:ia_auto_gen/fairychestplate"},{"predicate":{"trim_type":0.2,"custom_model_data":10014},"model":"fairyset:ia_auto_gen/fairychestplate"},{"predicate":{"trim_type":0.3,"custom_model_data":10014},"model":"fairyset:ia_auto_gen/fairychestplate"},{"predicate":{"trim_type":0.4,"custom_model_data":10014},"model":"fairyset:ia_auto_gen/fairychestplate"},{"predicate":{"trim_type":0.5,"custom_model_data":10014},"model":"fairyset:ia_auto_gen/fairychestplate"},{"predicate":{"trim_type":0.6,"custom_model_data":10014},"model":"fairyset:ia_auto_gen/fairychestplate"},{"predicate":{"trim_type":0.7,"custom_model_data":10014},"model":"fairyset:ia_auto_gen/fairychestplate"},{"predicate":{"trim_type":0.8,"custom_model_data":10014},"model":"fairyset:ia_auto_gen/fairychestplate"},{"predicate":{"trim_type":0.9,"custom_model_data":10014},"model":"fairyset:ia_auto_gen/fairychestplate"},{"predicate":{"trim_type":1.0,"custom_model_data":10014},"model":"fairyset:ia_auto_gen/fairychestplate"},{"predicate":{"custom_model_data":10015},"model":"elitecreatures:ia_auto_gen/skeleton_overlord_animated_weapon_set_chestplate"},{"predicate":{"trim_type":0.1,"custom_model_data":10015},"model":"elitecreatures:ia_auto_gen/skeleton_overlord_animated_weapon_set_chestplate"},{"predicate":{"trim_type":0.2,"custom_model_data":10015},"model":"elitecreatures:ia_auto_gen/skeleton_overlord_animated_weapon_set_chestplate"},{"predicate":{"trim_type":0.3,"custom_model_data":10015},"model":"elitecreatures:ia_auto_gen/skeleton_overlord_animated_weapon_set_chestplate"},{"predicate":{"trim_type":0.4,"custom_model_data":10015},"model":"elitecreatures:ia_auto_gen/skeleton_overlord_animated_weapon_set_chestplate"},{"predicate":{"trim_type":0.5,"custom_model_data":10015},"model":"elitecreatures:ia_auto_gen/skeleton_overlord_animated_weapon_set_chestplate"},{"predicate":{"trim_type":0.6,"custom_model_data":10015},"model":"elitecreatures:ia_auto_gen/skeleton_overlord_animated_weapon_set_chestplate"},{"predicate":{"trim_type":0.7,"custom_model_data":10015},"model":"elitecreatures:ia_auto_gen/skeleton_overlord_animated_weapon_set_chestplate"},{"predicate":{"trim_type":0.8,"custom_model_data":10015},"model":"elitecreatures:ia_auto_gen/skeleton_overlord_animated_weapon_set_chestplate"},{"predicate":{"trim_type":0.9,"custom_model_data":10015},"model":"elitecreatures:ia_auto_gen/skeleton_overlord_animated_weapon_set_chestplate"},{"predicate":{"trim_type":1.0,"custom_model_data":10015},"model":"elitecreatures:ia_auto_gen/skeleton_overlord_animated_weapon_set_chestplate"},{"predicate":{"custom_model_data":10016},"model":"elitecreatures:ia_auto_gen/ginger_bread_gear_santa_chestplate"},{"predicate":{"trim_type":0.1,"custom_model_data":10016},"model":"elitecreatures:ia_auto_gen/ginger_bread_gear_santa_chestplate"},{"predicate":{"trim_type":0.2,"custom_model_data":10016},"model":"elitecreatures:ia_auto_gen/ginger_bread_gear_santa_chestplate"},{"predicate":{"trim_type":0.3,"custom_model_data":10016},"model":"elitecreatures:ia_auto_gen/ginger_bread_gear_santa_chestplate"},{"predicate":{"trim_type":0.4,"custom_model_data":10016},"model":"elitecreatures:ia_auto_gen/ginger_bread_gear_santa_chestplate"},{"predicate":{"trim_type":0.5,"custom_model_data":10016},"model":"elitecreatures:ia_auto_gen/ginger_bread_gear_santa_chestplate"},{"predicate":{"trim_type":0.6,"custom_model_data":10016},"model":"elitecreatures:ia_auto_gen/ginger_bread_gear_santa_chestplate"},{"predicate":{"trim_type":0.7,"custom_model_data":10016},"model":"elitecreatures:ia_auto_gen/ginger_bread_gear_santa_chestplate"},{"predicate":{"trim_type":0.8,"custom_model_data":10016},"model":"elitecreatures:ia_auto_gen/ginger_bread_gear_santa_chestplate"},{"predicate":{"trim_type":0.9,"custom_model_data":10016},"model":"elitecreatures:ia_auto_gen/ginger_bread_gear_santa_chestplate"},{"predicate":{"trim_type":1.0,"custom_model_data":10016},"model":"elitecreatures:ia_auto_gen/ginger_bread_gear_santa_chestplate"},{"predicate":{"custom_model_data":10026},"model":"elitecreatures:ia_auto_gen/zombie_apocalyptic_animated_weapon_set_chestplate"},{"predicate":{"trim_type":0.1,"custom_model_data":10026},"model":"elitecreatures:ia_auto_gen/zombie_apocalyptic_animated_weapon_set_chestplate"},{"predicate":{"trim_type":0.2,"custom_model_data":10026},"model":"elitecreatures:ia_auto_gen/zombie_apocalyptic_animated_weapon_set_chestplate"},{"predicate":{"trim_type":0.3,"custom_model_data":10026},"model":"elitecreatures:ia_auto_gen/zombie_apocalyptic_animated_weapon_set_chestplate"},{"predicate":{"trim_type":0.4,"custom_model_data":10026},"model":"elitecreatures:ia_auto_gen/zombie_apocalyptic_animated_weapon_set_chestplate"},{"predicate":{"trim_type":0.5,"custom_model_data":10026},"model":"elitecreatures:ia_auto_gen/zombie_apocalyptic_animated_weapon_set_chestplate"},{"predicate":{"trim_type":0.6,"custom_model_data":10026},"model":"elitecreatures:ia_auto_gen/zombie_apocalyptic_animated_weapon_set_chestplate"},{"predicate":{"trim_type":0.7,"custom_model_data":10026},"model":"elitecreatures:ia_auto_gen/zombie_apocalyptic_animated_weapon_set_chestplate"},{"predicate":{"trim_type":0.8,"custom_model_data":10026},"model":"elitecreatures:ia_auto_gen/zombie_apocalyptic_animated_weapon_set_chestplate"},{"predicate":{"trim_type":0.9,"custom_model_data":10026},"model":"elitecreatures:ia_auto_gen/zombie_apocalyptic_animated_weapon_set_chestplate"},{"predicate":{"trim_type":1.0,"custom_model_data":10026},"model":"elitecreatures:ia_auto_gen/zombie_apocalyptic_animated_weapon_set_chestplate"},{"predicate":{"custom_model_data":10027},"model":"elitecreatures:ia_auto_gen/carnivoret_weapon_set_chestplate"},{"predicate":{"trim_type":0.1,"custom_model_data":10027},"model":"elitecreatures:ia_auto_gen/carnivoret_weapon_set_chestplate"},{"predicate":{"trim_type":0.2,"custom_model_data":10027},"model":"elitecreatures:ia_auto_gen/carnivoret_weapon_set_chestplate"},{"predicate":{"trim_type":0.3,"custom_model_data":10027},"model":"elitecreatures:ia_auto_gen/carnivoret_weapon_set_chestplate"},{"predicate":{"trim_type":0.4,"custom_model_data":10027},"model":"elitecreatures:ia_auto_gen/carnivoret_weapon_set_chestplate"},{"predicate":{"trim_type":0.5,"custom_model_data":10027},"model":"elitecreatures:ia_auto_gen/carnivoret_weapon_set_chestplate"},{"predicate":{"trim_type":0.6,"custom_model_data":10027},"model":"elitecreatures:ia_auto_gen/carnivoret_weapon_set_chestplate"},{"predicate":{"trim_type":0.7,"custom_model_data":10027},"model":"elitecreatures:ia_auto_gen/carnivoret_weapon_set_chestplate"},{"predicate":{"trim_type":0.8,"custom_model_data":10027},"model":"elitecreatures:ia_auto_gen/carnivoret_weapon_set_chestplate"},{"predicate":{"trim_type":0.9,"custom_model_data":10027},"model":"elitecreatures:ia_auto_gen/carnivoret_weapon_set_chestplate"},{"predicate":{"trim_type":1.0,"custom_model_data":10027},"model":"elitecreatures:ia_auto_gen/carnivoret_weapon_set_chestplate"},{"predicate":{"custom_model_data":10028},"model":"medieval1:ia_auto_gen/medieval1chestplate"},{"predicate":{"trim_type":0.1,"custom_model_data":10028},"model":"medieval1:ia_auto_gen/medieval1chestplate"},{"predicate":{"trim_type":0.2,"custom_model_data":10028},"model":"medieval1:ia_auto_gen/medieval1chestplate"},{"predicate":{"trim_type":0.3,"custom_model_data":10028},"model":"medieval1:ia_auto_gen/medieval1chestplate"},{"predicate":{"trim_type":0.4,"custom_model_data":10028},"model":"medieval1:ia_auto_gen/medieval1chestplate"},{"predicate":{"trim_type":0.5,"custom_model_data":10028},"model":"medieval1:ia_auto_gen/medieval1chestplate"},{"predicate":{"trim_type":0.6,"custom_model_data":10028},"model":"medieval1:ia_auto_gen/medieval1chestplate"},{"predicate":{"trim_type":0.7,"custom_model_data":10028},"model":"medieval1:ia_auto_gen/medieval1chestplate"},{"predicate":{"trim_type":0.8,"custom_model_data":10028},"model":"medieval1:ia_auto_gen/medieval1chestplate"},{"predicate":{"trim_type":0.9,"custom_model_data":10028},"model":"medieval1:ia_auto_gen/medieval1chestplate"},{"predicate":{"trim_type":1.0,"custom_model_data":10028},"model":"medieval1:ia_auto_gen/medieval1chestplate"},{"predicate":{"custom_model_data":10029},"model":"item/leather_chestplate"}],"textures":{"layer0":"minecraft:item/leather_chestplate","layer1":"minecraft:item/leather_chestplate_overlay"}}