{"parent":"minecraft:item/generated","overrides":[{"model":"minecraft:item/leather_leggings_quartz_trim","predicate":{"trim_type":0.1}},{"model":"minecraft:item/leather_leggings_iron_trim","predicate":{"trim_type":0.2}},{"model":"minecraft:item/leather_leggings_netherite_trim","predicate":{"trim_type":0.3}},{"model":"minecraft:item/leather_leggings_redstone_trim","predicate":{"trim_type":0.4}},{"model":"minecraft:item/leather_leggings_copper_trim","predicate":{"trim_type":0.5}},{"model":"minecraft:item/leather_leggings_gold_trim","predicate":{"trim_type":0.6}},{"model":"minecraft:item/leather_leggings_emerald_trim","predicate":{"trim_type":0.7}},{"model":"minecraft:item/leather_leggings_diamond_trim","predicate":{"trim_type":0.8}},{"model":"minecraft:item/leather_leggings_lapis_trim","predicate":{"trim_type":0.9}},{"model":"minecraft:item/leather_leggings_amethyst_trim","predicate":{"trim_type":1.0}},{"predicate":{"custom_model_data":10000},"model":"nexusset:ia_auto_gen/nexusleggings"},{"predicate":{"trim_type":0.1,"custom_model_data":10000},"model":"nexusset:ia_auto_gen/nexusleggings"},{"predicate":{"trim_type":0.2,"custom_model_data":10000},"model":"nexusset:ia_auto_gen/nexusleggings"},{"predicate":{"trim_type":0.3,"custom_model_data":10000},"model":"nexusset:ia_auto_gen/nexusleggings"},{"predicate":{"trim_type":0.4,"custom_model_data":10000},"model":"nexusset:ia_auto_gen/nexusleggings"},{"predicate":{"trim_type":0.5,"custom_model_data":10000},"model":"nexusset:ia_auto_gen/nexusleggings"},{"predicate":{"trim_type":0.6,"custom_model_data":10000},"model":"nexusset:ia_auto_gen/nexusleggings"},{"predicate":{"trim_type":0.7,"custom_model_data":10000},"model":"nexusset:ia_auto_gen/nexusleggings"},{"predicate":{"trim_type":0.8,"custom_model_data":10000},"model":"nexusset:ia_auto_gen/nexusleggings"},{"predicate":{"trim_type":0.9,"custom_model_data":10000},"model":"nexusset:ia_auto_gen/nexusleggings"},{"predicate":{"trim_type":1.0,"custom_model_data":10000},"model":"nexusset:ia_auto_gen/nexusleggings"},{"predicate":{"custom_model_data":10001},"model":"merry_christmasset:ia_auto_gen/merry_christmasleggings"},{"predicate":{"trim_type":0.1,"custom_model_data":10001},"model":"merry_christmasset:ia_auto_gen/merry_christmasleggings"},{"predicate":{"trim_type":0.2,"custom_model_data":10001},"model":"merry_christmasset:ia_auto_gen/merry_christmasleggings"},{"predicate":{"trim_type":0.3,"custom_model_data":10001},"model":"merry_christmasset:ia_auto_gen/merry_christmasleggings"},{"predicate":{"trim_type":0.4,"custom_model_data":10001},"model":"merry_christmasset:ia_auto_gen/merry_christmasleggings"},{"predicate":{"trim_type":0.5,"custom_model_data":10001},"model":"merry_christmasset:ia_auto_gen/merry_christmasleggings"},{"predicate":{"trim_type":0.6,"custom_model_data":10001},"model":"merry_christmasset:ia_auto_gen/merry_christmasleggings"},{"predicate":{"trim_type":0.7,"custom_model_data":10001},"model":"merry_christmasset:ia_auto_gen/merry_christmasleggings"},{"predicate":{"trim_type":0.8,"custom_model_data":10001},"model":"merry_christmasset:ia_auto_gen/merry_christmasleggings"},{"predicate":{"trim_type":0.9,"custom_model_data":10001},"model":"merry_christmasset:ia_auto_gen/merry_christmasleggings"},{"predicate":{"trim_type":1.0,"custom_model_data":10001},"model":"merry_christmasset:ia_auto_gen/merry_christmasleggings"},{"predicate":{"custom_model_data":10002},"model":"angel:ia_auto_gen/leggings"},{"predicate":{"trim_type":0.1,"custom_model_data":10002},"model":"angel:ia_auto_gen/leggings"},{"predicate":{"trim_type":0.2,"custom_model_data":10002},"model":"angel:ia_auto_gen/leggings"},{"predicate":{"trim_type":0.3,"custom_model_data":10002},"model":"angel:ia_auto_gen/leggings"},{"predicate":{"trim_type":0.4,"custom_model_data":10002},"model":"angel:ia_auto_gen/leggings"},{"predicate":{"trim_type":0.5,"custom_model_data":10002},"model":"angel:ia_auto_gen/leggings"},{"predicate":{"trim_type":0.6,"custom_model_data":10002},"model":"angel:ia_auto_gen/leggings"},{"predicate":{"trim_type":0.7,"custom_model_data":10002},"model":"angel:ia_auto_gen/leggings"},{"predicate":{"trim_type":0.8,"custom_model_data":10002},"model":"angel:ia_auto_gen/leggings"},{"predicate":{"trim_type":0.9,"custom_model_data":10002},"model":"angel:ia_auto_gen/leggings"},{"predicate":{"trim_type":1.0,"custom_model_data":10002},"model":"angel:ia_auto_gen/leggings"},{"predicate":{"custom_model_data":10003},"model":"guardian:ia_auto_gen/leggings"},{"predicate":{"trim_type":0.1,"custom_model_data":10003},"model":"guardian:ia_auto_gen/leggings"},{"predicate":{"trim_type":0.2,"custom_model_data":10003},"model":"guardian:ia_auto_gen/leggings"},{"predicate":{"trim_type":0.3,"custom_model_data":10003},"model":"guardian:ia_auto_gen/leggings"},{"predicate":{"trim_type":0.4,"custom_model_data":10003},"model":"guardian:ia_auto_gen/leggings"},{"predicate":{"trim_type":0.5,"custom_model_data":10003},"model":"guardian:ia_auto_gen/leggings"},{"predicate":{"trim_type":0.6,"custom_model_data":10003},"model":"guardian:ia_auto_gen/leggings"},{"predicate":{"trim_type":0.7,"custom_model_data":10003},"model":"guardian:ia_auto_gen/leggings"},{"predicate":{"trim_type":0.8,"custom_model_data":10003},"model":"guardian:ia_auto_gen/leggings"},{"predicate":{"trim_type":0.9,"custom_model_data":10003},"model":"guardian:ia_auto_gen/leggings"},{"predicate":{"trim_type":1.0,"custom_model_data":10003},"model":"guardian:ia_auto_gen/leggings"},{"predicate":{"custom_model_data":10004},"model":"elitecreatures:ia_auto_gen/carnivoret_weapon_set_leggings"},{"predicate":{"trim_type":0.1,"custom_model_data":10004},"model":"elitecreatures:ia_auto_gen/carnivoret_weapon_set_leggings"},{"predicate":{"trim_type":0.2,"custom_model_data":10004},"model":"elitecreatures:ia_auto_gen/carnivoret_weapon_set_leggings"},{"predicate":{"trim_type":0.3,"custom_model_data":10004},"model":"elitecreatures:ia_auto_gen/carnivoret_weapon_set_leggings"},{"predicate":{"trim_type":0.4,"custom_model_data":10004},"model":"elitecreatures:ia_auto_gen/carnivoret_weapon_set_leggings"},{"predicate":{"trim_type":0.5,"custom_model_data":10004},"model":"elitecreatures:ia_auto_gen/carnivoret_weapon_set_leggings"},{"predicate":{"trim_type":0.6,"custom_model_data":10004},"model":"elitecreatures:ia_auto_gen/carnivoret_weapon_set_leggings"},{"predicate":{"trim_type":0.7,"custom_model_data":10004},"model":"elitecreatures:ia_auto_gen/carnivoret_weapon_set_leggings"},{"predicate":{"trim_type":0.8,"custom_model_data":10004},"model":"elitecreatures:ia_auto_gen/carnivoret_weapon_set_leggings"},{"predicate":{"trim_type":0.9,"custom_model_data":10004},"model":"elitecreatures:ia_auto_gen/carnivoret_weapon_set_leggings"},{"predicate":{"trim_type":1.0,"custom_model_data":10004},"model":"elitecreatures:ia_auto_gen/carnivoret_weapon_set_leggings"},{"predicate":{"custom_model_data":10005},"model":"elitecreatures:ia_auto_gen/vinland_animated_weapon-leggings"},{"predicate":{"trim_type":0.1,"custom_model_data":10005},"model":"elitecreatures:ia_auto_gen/vinland_animated_weapon-leggings"},{"predicate":{"trim_type":0.2,"custom_model_data":10005},"model":"elitecreatures:ia_auto_gen/vinland_animated_weapon-leggings"},{"predicate":{"trim_type":0.3,"custom_model_data":10005},"model":"elitecreatures:ia_auto_gen/vinland_animated_weapon-leggings"},{"predicate":{"trim_type":0.4,"custom_model_data":10005},"model":"elitecreatures:ia_auto_gen/vinland_animated_weapon-leggings"},{"predicate":{"trim_type":0.5,"custom_model_data":10005},"model":"elitecreatures:ia_auto_gen/vinland_animated_weapon-leggings"},{"predicate":{"trim_type":0.6,"custom_model_data":10005},"model":"elitecreatures:ia_auto_gen/vinland_animated_weapon-leggings"},{"predicate":{"trim_type":0.7,"custom_model_data":10005},"model":"elitecreatures:ia_auto_gen/vinland_animated_weapon-leggings"},{"predicate":{"trim_type":0.8,"custom_model_data":10005},"model":"elitecreatures:ia_auto_gen/vinland_animated_weapon-leggings"},{"predicate":{"trim_type":0.9,"custom_model_data":10005},"model":"elitecreatures:ia_auto_gen/vinland_animated_weapon-leggings"},{"predicate":{"trim_type":1.0,"custom_model_data":10005},"model":"elitecreatures:ia_auto_gen/vinland_animated_weapon-leggings"},{"predicate":{"custom_model_data":10006},"model":"elitecreatures:ia_auto_gen/valentines_animated_weapon_and_tool_set_v1_leggings"},{"predicate":{"trim_type":0.1,"custom_model_data":10006},"model":"elitecreatures:ia_auto_gen/valentines_animated_weapon_and_tool_set_v1_leggings"},{"predicate":{"trim_type":0.2,"custom_model_data":10006},"model":"elitecreatures:ia_auto_gen/valentines_animated_weapon_and_tool_set_v1_leggings"},{"predicate":{"trim_type":0.3,"custom_model_data":10006},"model":"elitecreatures:ia_auto_gen/valentines_animated_weapon_and_tool_set_v1_leggings"},{"predicate":{"trim_type":0.4,"custom_model_data":10006},"model":"elitecreatures:ia_auto_gen/valentines_animated_weapon_and_tool_set_v1_leggings"},{"predicate":{"trim_type":0.5,"custom_model_data":10006},"model":"elitecreatures:ia_auto_gen/valentines_animated_weapon_and_tool_set_v1_leggings"},{"predicate":{"trim_type":0.6,"custom_model_data":10006},"model":"elitecreatures:ia_auto_gen/valentines_animated_weapon_and_tool_set_v1_leggings"},{"predicate":{"trim_type":0.7,"custom_model_data":10006},"model":"elitecreatures:ia_auto_gen/valentines_animated_weapon_and_tool_set_v1_leggings"},{"predicate":{"trim_type":0.8,"custom_model_data":10006},"model":"elitecreatures:ia_auto_gen/valentines_animated_weapon_and_tool_set_v1_leggings"},{"predicate":{"trim_type":0.9,"custom_model_data":10006},"model":"elitecreatures:ia_auto_gen/valentines_animated_weapon_and_tool_set_v1_leggings"},{"predicate":{"trim_type":1.0,"custom_model_data":10006},"model":"elitecreatures:ia_auto_gen/valentines_animated_weapon_and_tool_set_v1_leggings"},{"predicate":{"custom_model_data":10007},"model":"dragonstone_guardians:ia_auto_gen/dragonstoneleggings"},{"predicate":{"trim_type":0.1,"custom_model_data":10007},"model":"dragonstone_guardians:ia_auto_gen/dragonstoneleggings"},{"predicate":{"trim_type":0.2,"custom_model_data":10007},"model":"dragonstone_guardians:ia_auto_gen/dragonstoneleggings"},{"predicate":{"trim_type":0.3,"custom_model_data":10007},"model":"dragonstone_guardians:ia_auto_gen/dragonstoneleggings"},{"predicate":{"trim_type":0.4,"custom_model_data":10007},"model":"dragonstone_guardians:ia_auto_gen/dragonstoneleggings"},{"predicate":{"trim_type":0.5,"custom_model_data":10007},"model":"dragonstone_guardians:ia_auto_gen/dragonstoneleggings"},{"predicate":{"trim_type":0.6,"custom_model_data":10007},"model":"dragonstone_guardians:ia_auto_gen/dragonstoneleggings"},{"predicate":{"trim_type":0.7,"custom_model_data":10007},"model":"dragonstone_guardians:ia_auto_gen/dragonstoneleggings"},{"predicate":{"trim_type":0.8,"custom_model_data":10007},"model":"dragonstone_guardians:ia_auto_gen/dragonstoneleggings"},{"predicate":{"trim_type":0.9,"custom_model_data":10007},"model":"dragonstone_guardians:ia_auto_gen/dragonstoneleggings"},{"predicate":{"trim_type":1.0,"custom_model_data":10007},"model":"dragonstone_guardians:ia_auto_gen/dragonstoneleggings"},{"predicate":{"custom_model_data":10008},"model":"fairyset:ia_auto_gen/fairyleggings"},{"predicate":{"trim_type":0.1,"custom_model_data":10008},"model":"fairyset:ia_auto_gen/fairyleggings"},{"predicate":{"trim_type":0.2,"custom_model_data":10008},"model":"fairyset:ia_auto_gen/fairyleggings"},{"predicate":{"trim_type":0.3,"custom_model_data":10008},"model":"fairyset:ia_auto_gen/fairyleggings"},{"predicate":{"trim_type":0.4,"custom_model_data":10008},"model":"fairyset:ia_auto_gen/fairyleggings"},{"predicate":{"trim_type":0.5,"custom_model_data":10008},"model":"fairyset:ia_auto_gen/fairyleggings"},{"predicate":{"trim_type":0.6,"custom_model_data":10008},"model":"fairyset:ia_auto_gen/fairyleggings"},{"predicate":{"trim_type":0.7,"custom_model_data":10008},"model":"fairyset:ia_auto_gen/fairyleggings"},{"predicate":{"trim_type":0.8,"custom_model_data":10008},"model":"fairyset:ia_auto_gen/fairyleggings"},{"predicate":{"trim_type":0.9,"custom_model_data":10008},"model":"fairyset:ia_auto_gen/fairyleggings"},{"predicate":{"trim_type":1.0,"custom_model_data":10008},"model":"fairyset:ia_auto_gen/fairyleggings"},{"predicate":{"custom_model_data":10009},"model":"elitecreatures:ia_auto_gen/zombie_apocalyptic_animated_weapon_set_leggings"},{"predicate":{"trim_type":0.1,"custom_model_data":10009},"model":"elitecreatures:ia_auto_gen/zombie_apocalyptic_animated_weapon_set_leggings"},{"predicate":{"trim_type":0.2,"custom_model_data":10009},"model":"elitecreatures:ia_auto_gen/zombie_apocalyptic_animated_weapon_set_leggings"},{"predicate":{"trim_type":0.3,"custom_model_data":10009},"model":"elitecreatures:ia_auto_gen/zombie_apocalyptic_animated_weapon_set_leggings"},{"predicate":{"trim_type":0.4,"custom_model_data":10009},"model":"elitecreatures:ia_auto_gen/zombie_apocalyptic_animated_weapon_set_leggings"},{"predicate":{"trim_type":0.5,"custom_model_data":10009},"model":"elitecreatures:ia_auto_gen/zombie_apocalyptic_animated_weapon_set_leggings"},{"predicate":{"trim_type":0.6,"custom_model_data":10009},"model":"elitecreatures:ia_auto_gen/zombie_apocalyptic_animated_weapon_set_leggings"},{"predicate":{"trim_type":0.7,"custom_model_data":10009},"model":"elitecreatures:ia_auto_gen/zombie_apocalyptic_animated_weapon_set_leggings"},{"predicate":{"trim_type":0.8,"custom_model_data":10009},"model":"elitecreatures:ia_auto_gen/zombie_apocalyptic_animated_weapon_set_leggings"},{"predicate":{"trim_type":0.9,"custom_model_data":10009},"model":"elitecreatures:ia_auto_gen/zombie_apocalyptic_animated_weapon_set_leggings"},{"predicate":{"trim_type":1.0,"custom_model_data":10009},"model":"elitecreatures:ia_auto_gen/zombie_apocalyptic_animated_weapon_set_leggings"},{"predicate":{"custom_model_data":10010},"model":"elitecreatures:ia_auto_gen/ginger_bread_gear_santa_leggings"},{"predicate":{"trim_type":0.1,"custom_model_data":10010},"model":"elitecreatures:ia_auto_gen/ginger_bread_gear_santa_leggings"},{"predicate":{"trim_type":0.2,"custom_model_data":10010},"model":"elitecreatures:ia_auto_gen/ginger_bread_gear_santa_leggings"},{"predicate":{"trim_type":0.3,"custom_model_data":10010},"model":"elitecreatures:ia_auto_gen/ginger_bread_gear_santa_leggings"},{"predicate":{"trim_type":0.4,"custom_model_data":10010},"model":"elitecreatures:ia_auto_gen/ginger_bread_gear_santa_leggings"},{"predicate":{"trim_type":0.5,"custom_model_data":10010},"model":"elitecreatures:ia_auto_gen/ginger_bread_gear_santa_leggings"},{"predicate":{"trim_type":0.6,"custom_model_data":10010},"model":"elitecreatures:ia_auto_gen/ginger_bread_gear_santa_leggings"},{"predicate":{"trim_type":0.7,"custom_model_data":10010},"model":"elitecreatures:ia_auto_gen/ginger_bread_gear_santa_leggings"},{"predicate":{"trim_type":0.8,"custom_model_data":10010},"model":"elitecreatures:ia_auto_gen/ginger_bread_gear_santa_leggings"},{"predicate":{"trim_type":0.9,"custom_model_data":10010},"model":"elitecreatures:ia_auto_gen/ginger_bread_gear_santa_leggings"},{"predicate":{"trim_type":1.0,"custom_model_data":10010},"model":"elitecreatures:ia_auto_gen/ginger_bread_gear_santa_leggings"},{"predicate":{"custom_model_data":10011},"model":"elitecreatures:ia_auto_gen/skeleton_overlord_animated_weapon_set_leggings"},{"predicate":{"trim_type":0.1,"custom_model_data":10011},"model":"elitecreatures:ia_auto_gen/skeleton_overlord_animated_weapon_set_leggings"},{"predicate":{"trim_type":0.2,"custom_model_data":10011},"model":"elitecreatures:ia_auto_gen/skeleton_overlord_animated_weapon_set_leggings"},{"predicate":{"trim_type":0.3,"custom_model_data":10011},"model":"elitecreatures:ia_auto_gen/skeleton_overlord_animated_weapon_set_leggings"},{"predicate":{"trim_type":0.4,"custom_model_data":10011},"model":"elitecreatures:ia_auto_gen/skeleton_overlord_animated_weapon_set_leggings"},{"predicate":{"trim_type":0.5,"custom_model_data":10011},"model":"elitecreatures:ia_auto_gen/skeleton_overlord_animated_weapon_set_leggings"},{"predicate":{"trim_type":0.6,"custom_model_data":10011},"model":"elitecreatures:ia_auto_gen/skeleton_overlord_animated_weapon_set_leggings"},{"predicate":{"trim_type":0.7,"custom_model_data":10011},"model":"elitecreatures:ia_auto_gen/skeleton_overlord_animated_weapon_set_leggings"},{"predicate":{"trim_type":0.8,"custom_model_data":10011},"model":"elitecreatures:ia_auto_gen/skeleton_overlord_animated_weapon_set_leggings"},{"predicate":{"trim_type":0.9,"custom_model_data":10011},"model":"elitecreatures:ia_auto_gen/skeleton_overlord_animated_weapon_set_leggings"},{"predicate":{"trim_type":1.0,"custom_model_data":10011},"model":"elitecreatures:ia_auto_gen/skeleton_overlord_animated_weapon_set_leggings"},{"predicate":{"custom_model_data":10012},"model":"medieval1:ia_auto_gen/medieval1leggings"},{"predicate":{"trim_type":0.1,"custom_model_data":10012},"model":"medieval1:ia_auto_gen/medieval1leggings"},{"predicate":{"trim_type":0.2,"custom_model_data":10012},"model":"medieval1:ia_auto_gen/medieval1leggings"},{"predicate":{"trim_type":0.3,"custom_model_data":10012},"model":"medieval1:ia_auto_gen/medieval1leggings"},{"predicate":{"trim_type":0.4,"custom_model_data":10012},"model":"medieval1:ia_auto_gen/medieval1leggings"},{"predicate":{"trim_type":0.5,"custom_model_data":10012},"model":"medieval1:ia_auto_gen/medieval1leggings"},{"predicate":{"trim_type":0.6,"custom_model_data":10012},"model":"medieval1:ia_auto_gen/medieval1leggings"},{"predicate":{"trim_type":0.7,"custom_model_data":10012},"model":"medieval1:ia_auto_gen/medieval1leggings"},{"predicate":{"trim_type":0.8,"custom_model_data":10012},"model":"medieval1:ia_auto_gen/medieval1leggings"},{"predicate":{"trim_type":0.9,"custom_model_data":10012},"model":"medieval1:ia_auto_gen/medieval1leggings"},{"predicate":{"trim_type":1.0,"custom_model_data":10012},"model":"medieval1:ia_auto_gen/medieval1leggings"},{"predicate":{"custom_model_data":10013},"model":"easter2024set:ia_auto_gen/easter2024leggings"},{"predicate":{"trim_type":0.1,"custom_model_data":10013},"model":"easter2024set:ia_auto_gen/easter2024leggings"},{"predicate":{"trim_type":0.2,"custom_model_data":10013},"model":"easter2024set:ia_auto_gen/easter2024leggings"},{"predicate":{"trim_type":0.3,"custom_model_data":10013},"model":"easter2024set:ia_auto_gen/easter2024leggings"},{"predicate":{"trim_type":0.4,"custom_model_data":10013},"model":"easter2024set:ia_auto_gen/easter2024leggings"},{"predicate":{"trim_type":0.5,"custom_model_data":10013},"model":"easter2024set:ia_auto_gen/easter2024leggings"},{"predicate":{"trim_type":0.6,"custom_model_data":10013},"model":"easter2024set:ia_auto_gen/easter2024leggings"},{"predicate":{"trim_type":0.7,"custom_model_data":10013},"model":"easter2024set:ia_auto_gen/easter2024leggings"},{"predicate":{"trim_type":0.8,"custom_model_data":10013},"model":"easter2024set:ia_auto_gen/easter2024leggings"},{"predicate":{"trim_type":0.9,"custom_model_data":10013},"model":"easter2024set:ia_auto_gen/easter2024leggings"},{"predicate":{"trim_type":1.0,"custom_model_data":10013},"model":"easter2024set:ia_auto_gen/easter2024leggings"},{"predicate":{"custom_model_data":10014},"model":"item/leather_leggings"}],"textures":{"layer0":"minecraft:item/leather_leggings","layer1":"minecraft:item/leather_leggings_overlay"}}