{"overrides":[{"predicate":{"custom_model_data":1},"model":"modelengine:bs_vm_armadillo/bs_vm_armadillo"},{"predicate":{"custom_model_data":2},"model":"modelengine:bs_vm_armadillo/left_back"},{"predicate":{"custom_model_data":3},"model":"modelengine:bs_vm_armadillo/torso"},{"predicate":{"custom_model_data":4},"model":"modelengine:bs_vm_armadillo/tail"},{"predicate":{"custom_model_data":5},"model":"modelengine:bs_vm_armadillo/right_back"},{"predicate":{"custom_model_data":6},"model":"modelengine:bs_vm_armadillo/head"},{"predicate":{"custom_model_data":7},"model":"modelengine:bs_vm_armadillo/left_front"},{"predicate":{"custom_model_data":8},"model":"modelengine:bs_vm_armadillo/right_front"},{"predicate":{"custom_model_data":9},"model":"modelengine:bs_vm_crab/bs_vm_crab"},{"predicate":{"custom_model_data":10},"model":"modelengine:bs_vm_crab/little_claw"},{"predicate":{"custom_model_data":11},"model":"modelengine:bs_vm_crab/big_claw"},{"predicate":{"custom_model_data":12},"model":"modelengine:bs_vm_crab/left_leg"},{"predicate":{"custom_model_data":13},"model":"modelengine:bs_vm_crab/right_leg"},{"predicate":{"custom_model_data":14},"model":"modelengine:bs_vm_crab/top"},{"predicate":{"custom_model_data":15},"model":"modelengine:bs_vm_penguin/bs_vm_penguin"},{"predicate":{"custom_model_data":16},"model":"modelengine:bs_vm_penguin/head"},{"predicate":{"custom_model_data":17},"model":"modelengine:bs_vm_penguin/right_foot"},{"predicate":{"custom_model_data":18},"model":"modelengine:bs_vm_penguin/right_wing"},{"predicate":{"custom_model_data":19},"model":"modelengine:bs_vm_penguin/left_wing"},{"predicate":{"custom_model_data":20},"model":"modelengine:bs_vm_penguin/left_foot"}],"parent":"minecraft:item/generated","textures":{"layer0":"minecraft:item/leather_horse_armor"}}