{"parent":"minecraft:item/generated","overrides":[{"model":"minecraft:item/leather_helmet_quartz_trim","predicate":{"trim_type":0.1}},{"model":"minecraft:item/leather_helmet_iron_trim","predicate":{"trim_type":0.2}},{"model":"minecraft:item/leather_helmet_netherite_trim","predicate":{"trim_type":0.3}},{"model":"minecraft:item/leather_helmet_redstone_trim","predicate":{"trim_type":0.4}},{"model":"minecraft:item/leather_helmet_copper_trim","predicate":{"trim_type":0.5}},{"model":"minecraft:item/leather_helmet_gold_trim","predicate":{"trim_type":0.6}},{"model":"minecraft:item/leather_helmet_emerald_trim","predicate":{"trim_type":0.7}},{"model":"minecraft:item/leather_helmet_diamond_trim","predicate":{"trim_type":0.8}},{"model":"minecraft:item/leather_helmet_lapis_trim","predicate":{"trim_type":0.9}},{"model":"minecraft:item/leather_helmet_amethyst_trim","predicate":{"trim_type":1.0}},{"predicate":{"custom_model_data":10000},"model":"nexusset:ia_auto_gen/nexushelmet"},{"predicate":{"trim_type":0.1,"custom_model_data":10000},"model":"nexusset:ia_auto_gen/nexushelmet"},{"predicate":{"trim_type":0.2,"custom_model_data":10000},"model":"nexusset:ia_auto_gen/nexushelmet"},{"predicate":{"trim_type":0.3,"custom_model_data":10000},"model":"nexusset:ia_auto_gen/nexushelmet"},{"predicate":{"trim_type":0.4,"custom_model_data":10000},"model":"nexusset:ia_auto_gen/nexushelmet"},{"predicate":{"trim_type":0.5,"custom_model_data":10000},"model":"nexusset:ia_auto_gen/nexushelmet"},{"predicate":{"trim_type":0.6,"custom_model_data":10000},"model":"nexusset:ia_auto_gen/nexushelmet"},{"predicate":{"trim_type":0.7,"custom_model_data":10000},"model":"nexusset:ia_auto_gen/nexushelmet"},{"predicate":{"trim_type":0.8,"custom_model_data":10000},"model":"nexusset:ia_auto_gen/nexushelmet"},{"predicate":{"trim_type":0.9,"custom_model_data":10000},"model":"nexusset:ia_auto_gen/nexushelmet"},{"predicate":{"trim_type":1.0,"custom_model_data":10000},"model":"nexusset:ia_auto_gen/nexushelmet"},{"predicate":{"custom_model_data":10001},"model":"merry_christmasset:ia_auto_gen/merry_christmashelmet"},{"predicate":{"trim_type":0.1,"custom_model_data":10001},"model":"merry_christmasset:ia_auto_gen/merry_christmashelmet"},{"predicate":{"trim_type":0.2,"custom_model_data":10001},"model":"merry_christmasset:ia_auto_gen/merry_christmashelmet"},{"predicate":{"trim_type":0.3,"custom_model_data":10001},"model":"merry_christmasset:ia_auto_gen/merry_christmashelmet"},{"predicate":{"trim_type":0.4,"custom_model_data":10001},"model":"merry_christmasset:ia_auto_gen/merry_christmashelmet"},{"predicate":{"trim_type":0.5,"custom_model_data":10001},"model":"merry_christmasset:ia_auto_gen/merry_christmashelmet"},{"predicate":{"trim_type":0.6,"custom_model_data":10001},"model":"merry_christmasset:ia_auto_gen/merry_christmashelmet"},{"predicate":{"trim_type":0.7,"custom_model_data":10001},"model":"merry_christmasset:ia_auto_gen/merry_christmashelmet"},{"predicate":{"trim_type":0.8,"custom_model_data":10001},"model":"merry_christmasset:ia_auto_gen/merry_christmashelmet"},{"predicate":{"trim_type":0.9,"custom_model_data":10001},"model":"merry_christmasset:ia_auto_gen/merry_christmashelmet"},{"predicate":{"trim_type":1.0,"custom_model_data":10001},"model":"merry_christmasset:ia_auto_gen/merry_christmashelmet"},{"predicate":{"custom_model_data":10002},"model":"angel:ia_auto_gen/helmet"},{"predicate":{"trim_type":0.1,"custom_model_data":10002},"model":"angel:ia_auto_gen/helmet"},{"predicate":{"trim_type":0.2,"custom_model_data":10002},"model":"angel:ia_auto_gen/helmet"},{"predicate":{"trim_type":0.3,"custom_model_data":10002},"model":"angel:ia_auto_gen/helmet"},{"predicate":{"trim_type":0.4,"custom_model_data":10002},"model":"angel:ia_auto_gen/helmet"},{"predicate":{"trim_type":0.5,"custom_model_data":10002},"model":"angel:ia_auto_gen/helmet"},{"predicate":{"trim_type":0.6,"custom_model_data":10002},"model":"angel:ia_auto_gen/helmet"},{"predicate":{"trim_type":0.7,"custom_model_data":10002},"model":"angel:ia_auto_gen/helmet"},{"predicate":{"trim_type":0.8,"custom_model_data":10002},"model":"angel:ia_auto_gen/helmet"},{"predicate":{"trim_type":0.9,"custom_model_data":10002},"model":"angel:ia_auto_gen/helmet"},{"predicate":{"trim_type":1.0,"custom_model_data":10002},"model":"angel:ia_auto_gen/helmet"},{"predicate":{"custom_model_data":10003},"model":"guardian:ia_auto_gen/helmet"},{"predicate":{"trim_type":0.1,"custom_model_data":10003},"model":"guardian:ia_auto_gen/helmet"},{"predicate":{"trim_type":0.2,"custom_model_data":10003},"model":"guardian:ia_auto_gen/helmet"},{"predicate":{"trim_type":0.3,"custom_model_data":10003},"model":"guardian:ia_auto_gen/helmet"},{"predicate":{"trim_type":0.4,"custom_model_data":10003},"model":"guardian:ia_auto_gen/helmet"},{"predicate":{"trim_type":0.5,"custom_model_data":10003},"model":"guardian:ia_auto_gen/helmet"},{"predicate":{"trim_type":0.6,"custom_model_data":10003},"model":"guardian:ia_auto_gen/helmet"},{"predicate":{"trim_type":0.7,"custom_model_data":10003},"model":"guardian:ia_auto_gen/helmet"},{"predicate":{"trim_type":0.8,"custom_model_data":10003},"model":"guardian:ia_auto_gen/helmet"},{"predicate":{"trim_type":0.9,"custom_model_data":10003},"model":"guardian:ia_auto_gen/helmet"},{"predicate":{"trim_type":1.0,"custom_model_data":10003},"model":"guardian:ia_auto_gen/helmet"},{"predicate":{"custom_model_data":10004},"model":"elitecreatures:ia_auto_gen/valentines_animated_weapon_and_tool_set_v1_helmet1"},{"predicate":{"trim_type":0.1,"custom_model_data":10004},"model":"elitecreatures:ia_auto_gen/valentines_animated_weapon_and_tool_set_v1_helmet1"},{"predicate":{"trim_type":0.2,"custom_model_data":10004},"model":"elitecreatures:ia_auto_gen/valentines_animated_weapon_and_tool_set_v1_helmet1"},{"predicate":{"trim_type":0.3,"custom_model_data":10004},"model":"elitecreatures:ia_auto_gen/valentines_animated_weapon_and_tool_set_v1_helmet1"},{"predicate":{"trim_type":0.4,"custom_model_data":10004},"model":"elitecreatures:ia_auto_gen/valentines_animated_weapon_and_tool_set_v1_helmet1"},{"predicate":{"trim_type":0.5,"custom_model_data":10004},"model":"elitecreatures:ia_auto_gen/valentines_animated_weapon_and_tool_set_v1_helmet1"},{"predicate":{"trim_type":0.6,"custom_model_data":10004},"model":"elitecreatures:ia_auto_gen/valentines_animated_weapon_and_tool_set_v1_helmet1"},{"predicate":{"trim_type":0.7,"custom_model_data":10004},"model":"elitecreatures:ia_auto_gen/valentines_animated_weapon_and_tool_set_v1_helmet1"},{"predicate":{"trim_type":0.8,"custom_model_data":10004},"model":"elitecreatures:ia_auto_gen/valentines_animated_weapon_and_tool_set_v1_helmet1"},{"predicate":{"trim_type":0.9,"custom_model_data":10004},"model":"elitecreatures:ia_auto_gen/valentines_animated_weapon_and_tool_set_v1_helmet1"},{"predicate":{"trim_type":1.0,"custom_model_data":10004},"model":"elitecreatures:ia_auto_gen/valentines_animated_weapon_and_tool_set_v1_helmet1"},{"predicate":{"custom_model_data":10005},"model":"dragonstone_guardians:ia_auto_gen/dragonstonehelmet"},{"predicate":{"trim_type":0.1,"custom_model_data":10005},"model":"dragonstone_guardians:ia_auto_gen/dragonstonehelmet"},{"predicate":{"trim_type":0.2,"custom_model_data":10005},"model":"dragonstone_guardians:ia_auto_gen/dragonstonehelmet"},{"predicate":{"trim_type":0.3,"custom_model_data":10005},"model":"dragonstone_guardians:ia_auto_gen/dragonstonehelmet"},{"predicate":{"trim_type":0.4,"custom_model_data":10005},"model":"dragonstone_guardians:ia_auto_gen/dragonstonehelmet"},{"predicate":{"trim_type":0.5,"custom_model_data":10005},"model":"dragonstone_guardians:ia_auto_gen/dragonstonehelmet"},{"predicate":{"trim_type":0.6,"custom_model_data":10005},"model":"dragonstone_guardians:ia_auto_gen/dragonstonehelmet"},{"predicate":{"trim_type":0.7,"custom_model_data":10005},"model":"dragonstone_guardians:ia_auto_gen/dragonstonehelmet"},{"predicate":{"trim_type":0.8,"custom_model_data":10005},"model":"dragonstone_guardians:ia_auto_gen/dragonstonehelmet"},{"predicate":{"trim_type":0.9,"custom_model_data":10005},"model":"dragonstone_guardians:ia_auto_gen/dragonstonehelmet"},{"predicate":{"trim_type":1.0,"custom_model_data":10005},"model":"dragonstone_guardians:ia_auto_gen/dragonstonehelmet"},{"predicate":{"custom_model_data":10006},"model":"fairyset:ia_auto_gen/fairyhelmet"},{"predicate":{"trim_type":0.1,"custom_model_data":10006},"model":"fairyset:ia_auto_gen/fairyhelmet"},{"predicate":{"trim_type":0.2,"custom_model_data":10006},"model":"fairyset:ia_auto_gen/fairyhelmet"},{"predicate":{"trim_type":0.3,"custom_model_data":10006},"model":"fairyset:ia_auto_gen/fairyhelmet"},{"predicate":{"trim_type":0.4,"custom_model_data":10006},"model":"fairyset:ia_auto_gen/fairyhelmet"},{"predicate":{"trim_type":0.5,"custom_model_data":10006},"model":"fairyset:ia_auto_gen/fairyhelmet"},{"predicate":{"trim_type":0.6,"custom_model_data":10006},"model":"fairyset:ia_auto_gen/fairyhelmet"},{"predicate":{"trim_type":0.7,"custom_model_data":10006},"model":"fairyset:ia_auto_gen/fairyhelmet"},{"predicate":{"trim_type":0.8,"custom_model_data":10006},"model":"fairyset:ia_auto_gen/fairyhelmet"},{"predicate":{"trim_type":0.9,"custom_model_data":10006},"model":"fairyset:ia_auto_gen/fairyhelmet"},{"predicate":{"trim_type":1.0,"custom_model_data":10006},"model":"fairyset:ia_auto_gen/fairyhelmet"},{"predicate":{"custom_model_data":10007},"model":"elitecreatures:ia_auto_gen/zombie_apocalyptic_animated_weapon_set_helmet"},{"predicate":{"trim_type":0.1,"custom_model_data":10007},"model":"elitecreatures:ia_auto_gen/zombie_apocalyptic_animated_weapon_set_helmet"},{"predicate":{"trim_type":0.2,"custom_model_data":10007},"model":"elitecreatures:ia_auto_gen/zombie_apocalyptic_animated_weapon_set_helmet"},{"predicate":{"trim_type":0.3,"custom_model_data":10007},"model":"elitecreatures:ia_auto_gen/zombie_apocalyptic_animated_weapon_set_helmet"},{"predicate":{"trim_type":0.4,"custom_model_data":10007},"model":"elitecreatures:ia_auto_gen/zombie_apocalyptic_animated_weapon_set_helmet"},{"predicate":{"trim_type":0.5,"custom_model_data":10007},"model":"elitecreatures:ia_auto_gen/zombie_apocalyptic_animated_weapon_set_helmet"},{"predicate":{"trim_type":0.6,"custom_model_data":10007},"model":"elitecreatures:ia_auto_gen/zombie_apocalyptic_animated_weapon_set_helmet"},{"predicate":{"trim_type":0.7,"custom_model_data":10007},"model":"elitecreatures:ia_auto_gen/zombie_apocalyptic_animated_weapon_set_helmet"},{"predicate":{"trim_type":0.8,"custom_model_data":10007},"model":"elitecreatures:ia_auto_gen/zombie_apocalyptic_animated_weapon_set_helmet"},{"predicate":{"trim_type":0.9,"custom_model_data":10007},"model":"elitecreatures:ia_auto_gen/zombie_apocalyptic_animated_weapon_set_helmet"},{"predicate":{"trim_type":1.0,"custom_model_data":10007},"model":"elitecreatures:ia_auto_gen/zombie_apocalyptic_animated_weapon_set_helmet"},{"predicate":{"custom_model_data":10008},"model":"elitecreatures:ia_auto_gen/ginger_bread_gear_santa_helmet"},{"predicate":{"trim_type":0.1,"custom_model_data":10008},"model":"elitecreatures:ia_auto_gen/ginger_bread_gear_santa_helmet"},{"predicate":{"trim_type":0.2,"custom_model_data":10008},"model":"elitecreatures:ia_auto_gen/ginger_bread_gear_santa_helmet"},{"predicate":{"trim_type":0.3,"custom_model_data":10008},"model":"elitecreatures:ia_auto_gen/ginger_bread_gear_santa_helmet"},{"predicate":{"trim_type":0.4,"custom_model_data":10008},"model":"elitecreatures:ia_auto_gen/ginger_bread_gear_santa_helmet"},{"predicate":{"trim_type":0.5,"custom_model_data":10008},"model":"elitecreatures:ia_auto_gen/ginger_bread_gear_santa_helmet"},{"predicate":{"trim_type":0.6,"custom_model_data":10008},"model":"elitecreatures:ia_auto_gen/ginger_bread_gear_santa_helmet"},{"predicate":{"trim_type":0.7,"custom_model_data":10008},"model":"elitecreatures:ia_auto_gen/ginger_bread_gear_santa_helmet"},{"predicate":{"trim_type":0.8,"custom_model_data":10008},"model":"elitecreatures:ia_auto_gen/ginger_bread_gear_santa_helmet"},{"predicate":{"trim_type":0.9,"custom_model_data":10008},"model":"elitecreatures:ia_auto_gen/ginger_bread_gear_santa_helmet"},{"predicate":{"trim_type":1.0,"custom_model_data":10008},"model":"elitecreatures:ia_auto_gen/ginger_bread_gear_santa_helmet"},{"predicate":{"custom_model_data":10009},"model":"elitecreatures:ia_auto_gen/skeleton_overlord_animated_weapon_set_helmet"},{"predicate":{"trim_type":0.1,"custom_model_data":10009},"model":"elitecreatures:ia_auto_gen/skeleton_overlord_animated_weapon_set_helmet"},{"predicate":{"trim_type":0.2,"custom_model_data":10009},"model":"elitecreatures:ia_auto_gen/skeleton_overlord_animated_weapon_set_helmet"},{"predicate":{"trim_type":0.3,"custom_model_data":10009},"model":"elitecreatures:ia_auto_gen/skeleton_overlord_animated_weapon_set_helmet"},{"predicate":{"trim_type":0.4,"custom_model_data":10009},"model":"elitecreatures:ia_auto_gen/skeleton_overlord_animated_weapon_set_helmet"},{"predicate":{"trim_type":0.5,"custom_model_data":10009},"model":"elitecreatures:ia_auto_gen/skeleton_overlord_animated_weapon_set_helmet"},{"predicate":{"trim_type":0.6,"custom_model_data":10009},"model":"elitecreatures:ia_auto_gen/skeleton_overlord_animated_weapon_set_helmet"},{"predicate":{"trim_type":0.7,"custom_model_data":10009},"model":"elitecreatures:ia_auto_gen/skeleton_overlord_animated_weapon_set_helmet"},{"predicate":{"trim_type":0.8,"custom_model_data":10009},"model":"elitecreatures:ia_auto_gen/skeleton_overlord_animated_weapon_set_helmet"},{"predicate":{"trim_type":0.9,"custom_model_data":10009},"model":"elitecreatures:ia_auto_gen/skeleton_overlord_animated_weapon_set_helmet"},{"predicate":{"trim_type":1.0,"custom_model_data":10009},"model":"elitecreatures:ia_auto_gen/skeleton_overlord_animated_weapon_set_helmet"},{"predicate":{"custom_model_data":10010},"model":"medieval1:ia_auto_gen/medieval1helmet"},{"predicate":{"trim_type":0.1,"custom_model_data":10010},"model":"medieval1:ia_auto_gen/medieval1helmet"},{"predicate":{"trim_type":0.2,"custom_model_data":10010},"model":"medieval1:ia_auto_gen/medieval1helmet"},{"predicate":{"trim_type":0.3,"custom_model_data":10010},"model":"medieval1:ia_auto_gen/medieval1helmet"},{"predicate":{"trim_type":0.4,"custom_model_data":10010},"model":"medieval1:ia_auto_gen/medieval1helmet"},{"predicate":{"trim_type":0.5,"custom_model_data":10010},"model":"medieval1:ia_auto_gen/medieval1helmet"},{"predicate":{"trim_type":0.6,"custom_model_data":10010},"model":"medieval1:ia_auto_gen/medieval1helmet"},{"predicate":{"trim_type":0.7,"custom_model_data":10010},"model":"medieval1:ia_auto_gen/medieval1helmet"},{"predicate":{"trim_type":0.8,"custom_model_data":10010},"model":"medieval1:ia_auto_gen/medieval1helmet"},{"predicate":{"trim_type":0.9,"custom_model_data":10010},"model":"medieval1:ia_auto_gen/medieval1helmet"},{"predicate":{"trim_type":1.0,"custom_model_data":10010},"model":"medieval1:ia_auto_gen/medieval1helmet"},{"predicate":{"custom_model_data":10011},"model":"easter2024set:ia_auto_gen/easter2024helmet"},{"predicate":{"trim_type":0.1,"custom_model_data":10011},"model":"easter2024set:ia_auto_gen/easter2024helmet"},{"predicate":{"trim_type":0.2,"custom_model_data":10011},"model":"easter2024set:ia_auto_gen/easter2024helmet"},{"predicate":{"trim_type":0.3,"custom_model_data":10011},"model":"easter2024set:ia_auto_gen/easter2024helmet"},{"predicate":{"trim_type":0.4,"custom_model_data":10011},"model":"easter2024set:ia_auto_gen/easter2024helmet"},{"predicate":{"trim_type":0.5,"custom_model_data":10011},"model":"easter2024set:ia_auto_gen/easter2024helmet"},{"predicate":{"trim_type":0.6,"custom_model_data":10011},"model":"easter2024set:ia_auto_gen/easter2024helmet"},{"predicate":{"trim_type":0.7,"custom_model_data":10011},"model":"easter2024set:ia_auto_gen/easter2024helmet"},{"predicate":{"trim_type":0.8,"custom_model_data":10011},"model":"easter2024set:ia_auto_gen/easter2024helmet"},{"predicate":{"trim_type":0.9,"custom_model_data":10011},"model":"easter2024set:ia_auto_gen/easter2024helmet"},{"predicate":{"trim_type":1.0,"custom_model_data":10011},"model":"easter2024set:ia_auto_gen/easter2024helmet"},{"predicate":{"custom_model_data":10012},"model":"item/leather_helmet"}],"textures":{"layer0":"minecraft:item/leather_helmet","layer1":"minecraft:item/leather_helmet_overlay"}}