{"parent":"minecraft:item/handheld","textures":{"layer0":"minecraft:item/netherite_hoe"},"overrides":[{"predicate":{"custom_model_data":10000},"model":"guardian:guardian_hoe"},{"predicate":{"custom_model_data":10002},"model":"nexusset:scythe"},{"predicate":{"custom_model_data":10003},"model":"merry_christmasset:hoe"},{"predicate":{"custom_model_data":10004},"model":"elitecreatures:vinland_animated_weapon/hoe"},{"predicate":{"custom_model_data":10005},"model":"easter2024set:hoe"},{"predicate":{"custom_model_data":10006},"model":"dragonstone_guardians:hoe"},{"predicate":{"custom_model_data":10007},"model":"elitecreatures:valentines_animated_weapon_and_tool_set_v1/hoe"},{"predicate":{"custom_model_data":10008},"model":"fairyset:hoe"},{"predicate":{"custom_model_data":10009},"model":"abyss_pack:abyss_pack/abyss_hoe"},{"predicate":{"custom_model_data":10010},"model":"elitecreatures:skeleton_overlord_animated_weapon_set/hoe"},{"predicate":{"custom_model_data":10011},"model":"halloweenset:pumpkin_rake"},{"predicate":{"custom_model_data":10012},"model":"elitecreatures:ginger_bread_gear/hoe"},{"predicate":{"custom_model_data":10013},"model":"elitecreatures:zombie_apocalyptic_animated_weapon_set/hoe"},{"predicate":{"custom_model_data":10014},"model":"elitecreatures:carnivoret_weapon_set/hoe"},{"predicate":{"custom_model_data":10016},"model":"medieval1:medieval1hoe"},{"predicate":{"custom_model_data":10017},"model":"item/netherite_hoe"}]}