{"parent":"minecraft:item/handheld","textures":{"layer0":"minecraft:item/netherite_shovel"},"overrides":[{"predicate":{"custom_model_data":10000},"model":"guardian:guardian_shovel"},{"predicate":{"custom_model_data":10002},"model":"nexusset:shovel"},{"predicate":{"custom_model_data":10003},"model":"halloween23:undertaker_shovel"},{"predicate":{"custom_model_data":10004},"model":"merry_christmasset:shovel"},{"predicate":{"custom_model_data":10005},"model":"elitecreatures:vinland_animated_weapon/shovel"},{"predicate":{"custom_model_data":10006},"model":"easter2024set:shovel"},{"predicate":{"custom_model_data":10007},"model":"dragonstone_guardians:shovel"},{"predicate":{"custom_model_data":10008},"model":"elitecreatures:valentines_animated_weapon_and_tool_set_v1/shovel"},{"predicate":{"custom_model_data":10009},"model":"fairyset:shovel"},{"predicate":{"custom_model_data":10010},"model":"abyss_pack:abyss_pack/abyss_shovel"},{"predicate":{"custom_model_data":10011},"model":"elitecreatures:skeleton_overlord_animated_weapon_set/shovel"},{"predicate":{"custom_model_data":10012},"model":"elitecreatures:ginger_bread_gear/shovel"},{"predicate":{"custom_model_data":10013},"model":"elitecreatures:zombie_apocalyptic_animated_weapon_set/shovel"},{"predicate":{"custom_model_data":10014},"model":"elitecreatures:carnivoret_weapon_set/shovel"},{"predicate":{"custom_model_data":10015},"model":"medieval1:medieval1shovel"},{"predicate":{"custom_model_data":10016},"model":"item/netherite_shovel"}]}