{"parent":"minecraft:item/handheld","textures":{"layer0":"minecraft:item/netherite_axe"},"overrides":[{"predicate":{"custom_model_data":10003},"model":"angel:ia_auto_gen/axe"},{"predicate":{"custom_model_data":10004},"model":"guardian:guardian_axe"},{"predicate":{"custom_model_data":10006},"model":"nexusset:hammer"},{"predicate":{"custom_model_data":10007},"model":"halloween23:spider_scythe"},{"predicate":{"custom_model_data":10008},"model":"merry_christmasset:axe"},{"predicate":{"custom_model_data":10009},"model":"merry_christmasset:hammer"},{"predicate":{"custom_model_data":10010},"model":"elitecreatures:vinland_animated_weapon/axe"},{"predicate":{"custom_model_data":10011},"model":"easter2024set:axe"},{"predicate":{"custom_model_data":10012},"model":"easter2024set:hammer"},{"predicate":{"custom_model_data":10013},"model":"dragonstone_guardians:axe"},{"predicate":{"custom_model_data":10015},"model":"elitecreatures:valentines_animated_weapon_and_tool_set_v1/axe"},{"predicate":{"custom_model_data":10016},"model":"elitecreatures:valentines_animated_weapon_and_tool_set_v1/hammer"},{"predicate":{"custom_model_data":10017},"model":"fairyset:axe"},{"predicate":{"custom_model_data":10018},"model":"fairyset:hammer"},{"predicate":{"custom_model_data":10019},"model":"abyss_pack:abyss_pack/abyss_axe"},{"predicate":{"custom_model_data":10020},"model":"elitecreatures:skeleton_overlord_animated_weapon_set/axe"},{"predicate":{"custom_model_data":10021},"model":"elitecreatures:skeleton_overlord_animated_weapon_set/halberd"},{"predicate":{"custom_model_data":10022},"model":"elitecreatures:skeleton_overlord_animated_weapon_set/hammer"},{"predicate":{"custom_model_data":10023},"model":"elitecreatures:skeleton_overlord_animated_weapon_set/mace"},{"predicate":{"custom_model_data":10025},"model":"elitecreatures:skeleton_overlord_animated_weapon_set/gauntlet"},{"predicate":{"custom_model_data":10026},"model":"halloweenset:devil_trident"},{"predicate":{"custom_model_data":10027},"model":"halloweenset:magic_wand"},{"predicate":{"custom_model_data":10028},"model":"halloweenset:zombie_hand"},{"predicate":{"custom_model_data":10029},"model":"elitecreatures:ginger_bread_gear/axe"},{"predicate":{"custom_model_data":10030},"model":"elitecreatures:ginger_bread_gear/hammer"},{"predicate":{"custom_model_data":10031},"model":"elitecreatures:zombie_apocalyptic_animated_weapon_set/axe"},{"predicate":{"custom_model_data":10032},"model":"elitecreatures:zombie_apocalyptic_animated_weapon_set/big_axe"},{"predicate":{"custom_model_data":10033},"model":"elitecreatures:zombie_apocalyptic_animated_weapon_set/halberd"},{"predicate":{"custom_model_data":10034},"model":"elitecreatures:zombie_apocalyptic_animated_weapon_set/hammer"},{"predicate":{"custom_model_data":10035},"model":"elitecreatures:carnivoret_weapon_set/axe"},{"predicate":{"custom_model_data":10036},"model":"elitecreatures:carnivoret_weapon_set/hammer"},{"predicate":{"custom_model_data":10037},"model":"medieval1:medieval1axe"},{"predicate":{"custom_model_data":10038},"model":"item/netherite_axe"}]}