{"parent":"minecraft:item/handheld","textures":{"layer0":"minecraft:item/netherite_sword"},"overrides":[{"predicate":{"custom_model_data":10000},"model":"dragonstone_guardians:blade"},{"predicate":{"custom_model_data":10001},"model":"dragonstone_guardians:dagger"},{"predicate":{"custom_model_data":10002},"model":"dragonstone_guardians:halberd"},{"predicate":{"custom_model_data":10003},"model":"dragonstone_guardians:spear"},{"predicate":{"custom_model_data":10004},"model":"dragonstone_guardians:staff"},{"predicate":{"custom_model_data":10005},"model":"dragonstone_guardians:sword"},{"predicate":{"custom_model_data":10006},"model":"angel:ia_auto_gen/sword"},{"predicate":{"custom_model_data":10007},"model":"guardian:guardian_sword"},{"predicate":{"custom_model_data":10008},"model":"elitecreatures:vinland_animated_weapon/chakram"},{"predicate":{"custom_model_data":10009},"model":"elitecreatures:vinland_animated_weapon/claymore"},{"predicate":{"custom_model_data":10010},"model":"elitecreatures:vinland_animated_weapon/club"},{"predicate":{"custom_model_data":10011},"model":"elitecreatures:vinland_animated_weapon/dagger"},{"predicate":{"custom_model_data":10012},"model":"elitecreatures:vinland_animated_weapon/gauntlet"},{"predicate":{"custom_model_data":10013},"model":"elitecreatures:vinland_animated_weapon/halberd"},{"predicate":{"custom_model_data":10014},"model":"elitecreatures:vinland_animated_weapon/spear"},{"predicate":{"custom_model_data":10015},"model":"elitecreatures:vinland_animated_weapon/staff"},{"predicate":{"custom_model_data":10016},"model":"elitecreatures:vinland_animated_weapon/sword"},{"predicate":{"custom_model_data":10017},"model":"fairyset:greatsword"},{"predicate":{"custom_model_data":10018},"model":"fairyset:scythe"},{"predicate":{"custom_model_data":10019},"model":"fairyset:spear"},{"predicate":{"custom_model_data":10020},"model":"fairyset:staff"},{"predicate":{"custom_model_data":10021},"model":"fairyset:sword"},{"predicate":{"custom_model_data":10022},"model":"halloweenset:ghost_glove"},{"predicate":{"custom_model_data":10023},"model":"elitecreatures:carnivoret_weapon_set/scythe"},{"predicate":{"custom_model_data":10024},"model":"elitecreatures:carnivoret_weapon_set/spear"},{"predicate":{"custom_model_data":10025},"model":"elitecreatures:carnivoret_weapon_set/sword"},{"predicate":{"custom_model_data":10026},"model":"merry_christmasset:scythe"},{"predicate":{"custom_model_data":10027},"model":"merry_christmasset:spear"},{"predicate":{"custom_model_data":10028},"model":"merry_christmasset:staff"},{"predicate":{"custom_model_data":10029},"model":"merry_christmasset:sword"},{"predicate":{"custom_model_data":10030},"model":"merry_christmasset:trident"},{"predicate":{"custom_model_data":10031},"model":"merry_christmasset:greatsword"},{"predicate":{"custom_model_data":10032},"model":"elitecreatures:valentines_animated_weapon_and_tool_set_v1/spear"},{"predicate":{"custom_model_data":10033},"model":"elitecreatures:valentines_animated_weapon_and_tool_set_v1/staff"},{"predicate":{"custom_model_data":10034},"model":"elitecreatures:valentines_animated_weapon_and_tool_set_v1/sword"},{"predicate":{"custom_model_data":10035},"model":"nexusset:sword"},{"predicate":{"custom_model_data":10036},"model":"elitecreatures:zombie_apocalyptic_animated_weapon_set/big_sword"},{"predicate":{"custom_model_data":10037},"model":"elitecreatures:zombie_apocalyptic_animated_weapon_set/dagger"},{"predicate":{"custom_model_data":10038},"model":"elitecreatures:zombie_apocalyptic_animated_weapon_set/pistol"},{"predicate":{"custom_model_data":10039},"model":"elitecreatures:zombie_apocalyptic_animated_weapon_set/shotgun"},{"predicate":{"custom_model_data":10040},"model":"elitecreatures:zombie_apocalyptic_animated_weapon_set/smg"},{"predicate":{"custom_model_data":10041},"model":"elitecreatures:zombie_apocalyptic_animated_weapon_set/sword"},{"predicate":{"custom_model_data":10042},"model":"elitecreatures:ginger_bread_gear/sword"},{"predicate":{"custom_model_data":10043},"model":"elitecreatures:skeleton_overlord_animated_weapon_set/big_sword"},{"predicate":{"custom_model_data":10044},"model":"elitecreatures:skeleton_overlord_animated_weapon_set/dagger"},{"predicate":{"custom_model_data":10045},"model":"elitecreatures:skeleton_overlord_animated_weapon_set/scythe"},{"predicate":{"custom_model_data":10046},"model":"elitecreatures:skeleton_overlord_animated_weapon_set/spear"},{"predicate":{"custom_model_data":10047},"model":"elitecreatures:skeleton_overlord_animated_weapon_set/staff"},{"predicate":{"custom_model_data":10048},"model":"elitecreatures:skeleton_overlord_animated_weapon_set/sword"},{"predicate":{"custom_model_data":10049},"model":"medieval1:medieval1blade"},{"predicate":{"custom_model_data":10050},"model":"medieval1:medieval1dagger"},{"predicate":{"custom_model_data":10051},"model":"medieval1:medieval1halberd"},{"predicate":{"custom_model_data":10052},"model":"medieval1:medieval1spear"},{"predicate":{"custom_model_data":10053},"model":"medieval1:medieval1staff"},{"predicate":{"custom_model_data":10054},"model":"medieval1:medieval1sword"},{"predicate":{"custom_model_data":10055},"model":"halloween23:pumpkin_warlock_staff"},{"predicate":{"custom_model_data":10056},"model":"abyss_pack:abyss_pack/abyss_sword"},{"predicate":{"custom_model_data":10057},"model":"easter2024set:samuscythe"},{"predicate":{"custom_model_data":10058},"model":"easter2024set:spear"},{"predicate":{"custom_model_data":10059},"model":"easter2024set:staff"},{"predicate":{"custom_model_data":10060},"model":"easter2024set:sword"},{"predicate":{"custom_model_data":10061},"model":"easter2024set:trident"},{"predicate":{"custom_model_data":10062},"model":"item/netherite_sword"}]}