{"parent":"minecraft:item/handheld","textures":{"layer0":"minecraft:item/netherite_pickaxe"},"overrides":[{"predicate":{"custom_model_data":10003},"model":"angel:ia_auto_gen/pickaxe"},{"predicate":{"custom_model_data":10004},"model":"guardian:guardian_pickaxe"},{"predicate":{"custom_model_data":10006},"model":"nexusset:pickaxe"},{"predicate":{"custom_model_data":10007},"model":"merry_christmasset:pickaxe"},{"predicate":{"custom_model_data":10008},"model":"elitecreatures:vinland_animated_weapon/pickaxe"},{"predicate":{"custom_model_data":10009},"model":"easter2024set:pickaxe"},{"predicate":{"custom_model_data":10010},"model":"dragonstone_guardians:pickaxe"},{"predicate":{"custom_model_data":10011},"model":"elitecreatures:valentines_animated_weapon_and_tool_set_v1/pickaxe"},{"predicate":{"custom_model_data":10012},"model":"fairyset:pickaxe"},{"predicate":{"custom_model_data":10013},"model":"abyss_pack:abyss_pack/abyss_pickaxe"},{"predicate":{"custom_model_data":10014},"model":"elitecreatures:skeleton_overlord_animated_weapon_set/pickaxe"},{"predicate":{"custom_model_data":10015},"model":"elitecreatures:ginger_bread_gear/pickaxe"},{"predicate":{"custom_model_data":10016},"model":"elitecreatures:zombie_apocalyptic_animated_weapon_set/pickaxe"},{"predicate":{"custom_model_data":10017},"model":"elitecreatures:carnivoret_weapon_set/pickaxe"},{"predicate":{"custom_model_data":10018},"model":"medieval1:medieval1pickaxe"},{"predicate":{"custom_model_data":10019},"model":"item/netherite_pickaxe"}]}