{"parent":"minecraft:item/generated","textures":{"layer0":"minecraft:item/paper"},"overrides":[{"predicate":{"custom_model_data":10000},"model":"dragonstone_guardians:key"},{"predicate":{"custom_model_data":10001},"model":"dragonstone_guardians:wings"},{"predicate":{"custom_model_data":10002},"model":"elitecreatures:vinland_animated_weapon/key"},{"predicate":{"custom_model_data":10003},"model":"elitecreatures:vinland_animated_weapon/wings"},{"predicate":{"custom_model_data":10004},"model":"elitecreatures:vinland_animated_weapon/chest"},{"predicate":{"custom_model_data":10005},"model":"fairyset:key"},{"predicate":{"custom_model_data":10006},"model":"fairyset:wings"},{"predicate":{"custom_model_data":10007},"model":"halloweenset:devil_horn"},{"predicate":{"custom_model_data":10008},"model":"halloweenset:devil_tail"},{"predicate":{"custom_model_data":10009},"model":"halloweenset:ghost_backpack"},{"predicate":{"custom_model_data":10010},"model":"halloweenset:ghost_head"},{"predicate":{"custom_model_data":10011},"model":"halloweenset:pumpkin_backpack"},{"predicate":{"custom_model_data":10012},"model":"halloweenset:pumpkin_head"},{"predicate":{"custom_model_data":10013},"model":"halloweenset:witch_broom"},{"predicate":{"custom_model_data":10014},"model":"halloweenset:witch_cape"},{"predicate":{"custom_model_data":10015},"model":"halloweenset:witch_hat"},{"predicate":{"custom_model_data":10016},"model":"halloweenset:zombie_backpack"},{"predicate":{"custom_model_data":10017},"model":"halloweenset:zombie_head"},{"predicate":{"custom_model_data":10018},"model":"elitecreatures:carnivoret_weapon_set/hat"},{"predicate":{"custom_model_data":10019},"model":"elitecreatures:carnivoret_weapon_set/chest"},{"predicate":{"custom_model_data":10020},"model":"elitecreatures:carnivoret_weapon_set/key"},{"predicate":{"custom_model_data":10021},"model":"elitecreatures:carnivoret_weapon_set/wing"},{"predicate":{"custom_model_data":10022},"model":"merry_christmasset:key"},{"predicate":{"custom_model_data":10023},"model":"merry_christmasset:backpack"},{"predicate":{"custom_model_data":10024},"model":"merry_christmasset:wings"},{"predicate":{"custom_model_data":10025},"model":"merry_christmasset:helmet"},{"predicate":{"custom_model_data":10026},"model":"elitecreatures:vinland_animated_weapon/helmet"},{"predicate":{"custom_model_data":10027},"model":"_iainternal:ia_auto_gen/icon_left_blue"},{"predicate":{"custom_model_data":10028},"model":"_iainternal:ia_auto_gen/icon_right_blue"},{"predicate":{"custom_model_data":10029},"model":"_iainternal:ia_auto_gen/icon_search"},{"predicate":{"custom_model_data":10030},"model":"_iainternal:ia_auto_gen/icon_cancel"},{"predicate":{"custom_model_data":10031},"model":"_iainternal:ia_auto_gen/icon_arrow_chest"},{"predicate":{"custom_model_data":10032},"model":"_iainternal:ia_auto_gen/icon_back_orange"},{"predicate":{"custom_model_data":10033},"model":"_iainternal:ia_auto_gen/icon_next_orange"},{"predicate":{"custom_model_data":10034},"model":"elitecreatures:valentines_animated_weapon_and_tool_set_v1/grenade"},{"predicate":{"custom_model_data":10035},"model":"elitecreatures:valentines_animated_weapon_and_tool_set_v1/helmet"},{"predicate":{"custom_model_data":10036},"model":"elitecreatures:valentines_animated_weapon_and_tool_set_v1/key"},{"predicate":{"custom_model_data":10037},"model":"elitecreatures:valentines_animated_weapon_and_tool_set_v1/quiver"},{"predicate":{"custom_model_data":10038},"model":"elitecreatures:valentines_animated_weapon_and_tool_set_v1/quiver_self"},{"predicate":{"custom_model_data":10039},"model":"elitecreatures:valentines_animated_weapon_and_tool_set_v1/wing"},{"predicate":{"custom_model_data":10040},"model":"elitecreatures:valentines_animated_weapon_and_tool_set_v1/wing_self"},{"predicate":{"custom_model_data":10041},"model":"nexusset:wings"},{"predicate":{"custom_model_data":10042},"model":"elitecreatures:zombie_apocalyptic_animated_weapon_set/wing"},{"predicate":{"custom_model_data":10043},"model":"elitecreatures:ginger_bread_gear/helmet"},{"predicate":{"custom_model_data":10044},"model":"elitecreatures:ginger_bread_gear/house_backwear"},{"predicate":{"custom_model_data":10045},"model":"elitecreatures:skeleton_overlord_animated_weapon_set/key"},{"predicate":{"custom_model_data":10046},"model":"elitecreatures:skeleton_overlord_animated_weapon_set/wing"},{"predicate":{"custom_model_data":10047},"model":"medieval1:medieval1key"},{"predicate":{"custom_model_data":10048},"model":"medieval1:medieval1wings"},{"predicate":{"custom_model_data":10049},"model":"halloween23:pumpkin_warlock_backpack"},{"predicate":{"custom_model_data":10050},"model":"halloween23:pumpkin_warlock_hat"},{"predicate":{"custom_model_data":10051},"model":"halloween23:spider_legs_backpack"},{"predicate":{"custom_model_data":10052},"model":"halloween23:spider_hat"},{"predicate":{"custom_model_data":10053},"model":"halloween23:undertaker_backpack"},{"predicate":{"custom_model_data":10054},"model":"halloween23:undertaker_hat"},{"predicate":{"custom_model_data":10055},"model":"easter2024set:backpack"},{"predicate":{"custom_model_data":10056},"model":"easter2024set:easter_helmet"},{"predicate":{"custom_model_data":10057},"model":"easter2024set:key"},{"predicate":{"custom_model_data":10058},"model":"easter2024set:wings"},{"predicate":{"custom_model_data":3300010},"model":"halloween23:pumpkin_warlock_balloon"},{"predicate":{"custom_model_data":3300011},"model":"halloween23:spider_balloon"},{"predicate":{"custom_model_data":3300012},"model":"halloween23:undertaker_balloon"},{"predicate":{"custom_model_data":3300013},"model":"item/paper"}]}