{"parent":"minecraft:item/template_skull","overrides":[{"predicate":{"custom_model_data":1},"model":"custom/entities/player/head"},{"predicate":{"custom_model_data":2},"model":"custom/entities/player/right_arm"},{"predicate":{"custom_model_data":3},"model":"custom/entities/player/left_arm"},{"predicate":{"custom_model_data":4},"model":"custom/entities/player/torso"},{"predicate":{"custom_model_data":5},"model":"custom/entities/player/right_leg"},{"predicate":{"custom_model_data":6},"model":"custom/entities/player/left_leg"},{"predicate":{"custom_model_data":7},"model":"custom/entities/player/slim_right"},{"predicate":{"custom_model_data":8},"model":"custom/entities/player/slim_left"},{"predicate":{"custom_model_data":10009},"model":"_iainternal:entity/player/phead_0"},{"predicate":{"custom_model_data":10010},"model":"_iainternal:entity/player/parm_left_3"},{"predicate":{"custom_model_data":10011},"model":"_iainternal:entity/player/pbody_2"},{"predicate":{"custom_model_data":10012},"model":"_iainternal:entity/player/pleg_left_1"},{"predicate":{"custom_model_data":10013},"model":"_iainternal:entity/player/pleg_right_5"},{"predicate":{"custom_model_data":10014},"model":"_iainternal:entity/player/parm_right_4"},{"predicate":{"custom_model_data":10015},"model":"item/player_head"}]}