{"parent":"minecraft:item/template_shulker_box","textures":{"particle":"minecraft:block/red_shulker_box"},"overrides":[{"predicate":{"custom_model_data":10000},"model":"dragonstone_guardians:chest"},{"predicate":{"custom_model_data":10001},"model":"merry_christmasset:chest"},{"predicate":{"custom_model_data":10002},"model":"elitecreatures:zombie_apocalyptic_animated_weapon_set/chest"},{"predicate":{"custom_model_data":10003},"model":"elitecreatures:ginger_bread_gear/chest"},{"predicate":{"custom_model_data":10004},"model":"elitecreatures:skeleton_overlord_animated_weapon_set/chest"},{"predicate":{"custom_model_data":10005},"model":"medieval1:medieval1chest"},{"predicate":{"custom_model_data":10006},"model":"item/red_shulker_box"}]}