{"parent":"minecraft:block/sea_lantern","overrides":[{"predicate":{"custom_model_data":10002},"model":"fairyset:chest"},{"predicate":{"custom_model_data":10003},"model":"fairyset:chest_opening"},{"predicate":{"custom_model_data":10004},"model":"halloweenset:grave_1"},{"predicate":{"custom_model_data":10005},"model":"halloweenset:grave_2"},{"predicate":{"custom_model_data":10006},"model":"halloweenset:grave_3"},{"predicate":{"custom_model_data":10007},"model":"halloweenset:grave_4"},{"predicate":{"custom_model_data":10008},"model":"item/sea_lantern"}]}