{"parent":"builtin/entity","gui_light":"front","textures":{"particle":"block/dark_oak_planks"},"display":{"thirdperson_righthand":{"rotation":[0,90,0],"translation":[10,6,-4],"scale":[1,1,1]},"thirdperson_lefthand":{"rotation":[0,90,0],"translation":[10,6,12],"scale":[1,1,1]},"firstperson_righthand":{"rotation":[0,180,5],"translation":[-10,2,-10],"scale":[1.25,1.25,1.25]},"firstperson_lefthand":{"rotation":[0,180,5],"translation":[10,0,-10],"scale":[1.25,1.25,1.25]},"gui":{"rotation":[15,-25,-5],"translation":[2,3,0],"scale":[0.65,0.65,0.65]},"fixed":{"rotation":[0,180,0],"translation":[-4.5,4.5,-5],"scale":[0.55,0.55,0.55]},"ground":{"rotation":[0,0,0],"translation":[2,4,2],"scale":[0.25,0.25,0.25]}},"overrides":[{"predicate":{"blocking":1},"model":"item/shield_blocking"},{"predicate":{"custom_model_data":10000},"model":"nexusset:shield"},{"predicate":{"blocking":1,"custom_model_data":10000},"model":"nexusset:shield_blocking"},{"predicate":{"custom_model_data":10001},"model":"merry_christmasset:shield"},{"predicate":{"blocking":1,"custom_model_data":10001},"model":"merry_christmasset:shield_blocking"},{"predicate":{"custom_model_data":10002},"model":"elitecreatures:vinland_animated_weapon/shield"},{"predicate":{"blocking":1,"custom_model_data":10002},"model":"elitecreatures:vinland_animated_weapon/shield_blocking"},{"predicate":{"custom_model_data":10003},"model":"easter2024set:shield"},{"predicate":{"blocking":1,"custom_model_data":10003},"model":"easter2024set:shield_blocking"},{"predicate":{"custom_model_data":10004},"model":"dragonstone_guardians:shield"},{"predicate":{"blocking":1,"custom_model_data":10004},"model":"dragonstone_guardians:shield_blocking"},{"predicate":{"custom_model_data":10005},"model":"fairyset:shield"},{"predicate":{"blocking":1,"custom_model_data":10005},"model":"fairyset:shield_blocking"},{"predicate":{"custom_model_data":10006},"model":"elitecreatures:valentines_animated_weapon_and_tool_set_v1/shield"},{"predicate":{"blocking":1,"custom_model_data":10006},"model":"elitecreatures:valentines_animated_weapon_and_tool_set_v1/shield_blocking"},{"predicate":{"custom_model_data":10007},"model":"elitecreatures:skeleton_overlord_animated_weapon_set/shield"},{"predicate":{"blocking":1,"custom_model_data":10007},"model":"elitecreatures:skeleton_overlord_animated_weapon_set/shield_blocking"},{"predicate":{"custom_model_data":10008},"model":"elitecreatures:ginger_bread_gear/shield"},{"predicate":{"blocking":1,"custom_model_data":10008},"model":"elitecreatures:ginger_bread_gear/shield_blocking"},{"predicate":{"custom_model_data":10010},"model":"elitecreatures:zombie_apocalyptic_animated_weapon_set/shield"},{"predicate":{"blocking":1,"custom_model_data":10010},"model":"elitecreatures:zombie_apocalyptic_animated_weapon_set/shield_blocking"},{"predicate":{"custom_model_data":10011},"model":"elitecreatures:carnivoret_weapon_set/shield"},{"predicate":{"blocking":1,"custom_model_data":10011},"model":"elitecreatures:carnivoret_weapon_set/shield_blocking"},{"predicate":{"custom_model_data":10013},"model":"medieval1:medieval1shield"},{"predicate":{"blocking":1,"custom_model_data":10013},"model":"medieval1:medieval1shield_blocking"},{"predicate":{"custom_model_data":10014},"model":"item/shield"}]}