{"credit":"MadebyPolygonMC","textures":{"0":"halloweenset:devil_trident","particle":"halloweenset:devil_trident"},"elements":[{"from":[7.5,0,7.5],"to":[8.5,2,8.5],"rotation":{"angle":0,"axis":"y","origin":[7,0,7]},"faces":{"north":{"uv":[10,6,9,8],"texture":"#0"},"east":{"uv":[9,6,10,8],"texture":"#0"},"south":{"uv":[10,6,9,8],"texture":"#0"},"west":{"uv":[9,6,10,8],"texture":"#0"},"up":{"uv":[6,11,5,10],"texture":"#0"},"down":{"uv":[7,10,6,11],"texture":"#0"}}},{"from":[7.6,2,7.6],"to":[8.4,7,8.4],"rotation":{"angle":0,"axis":"y","origin":[7,0,7]},"faces":{"north":{"uv":[3,7,2,12],"texture":"#0"},"east":{"uv":[2,7,3,12],"texture":"#0"},"south":{"uv":[3,7,2,12],"texture":"#0"},"west":{"uv":[2,7,3,12],"texture":"#0"},"up":{"uv":[11,7,10,6],"texture":"#0"}}},{"from":[7.6,13,7.6],"to":[8.4,18,8.4],"rotation":{"angle":0,"axis":"y","origin":[7,20,7]},"faces":{"north":{"uv":[3,12,2,7],"texture":"#0"},"east":{"uv":[2,12,3,7],"texture":"#0"},"south":{"uv":[3,12,2,7],"texture":"#0"},"west":{"uv":[2,12,3,7],"texture":"#0"},"down":{"uv":[11,6,10,7],"texture":"#0"}}},{"from":[7.7,7,7.7],"to":[8.3,13,8.3],"rotation":{"angle":0,"axis":"y","origin":[7,0,7]},"faces":{"north":{"uv":[7,7,7.5,13],"texture":"#0"},"east":{"uv":[8,7,8.5,13],"texture":"#0"},"south":{"uv":[9,0,9.5,6],"texture":"#0"},"west":{"uv":[3,9,3.5,15],"texture":"#0"}}},{"from":[7.5,17.9,7],"to":[8.5,19.9,9],"rotation":{"angle":-45,"axis":"x","origin":[8,18.9,8]},"faces":{"north":{"uv":[9,8,10,10],"texture":"#0"},"east":{"uv":[3,7,5,9],"texture":"#0"},"south":{"uv":[10,0,11,2],"texture":"#0"},"west":{"uv":[7,5,9,7],"texture":"#0"},"up":{"uv":[11,4,10,2],"texture":"#0"},"down":{"uv":[11,4,10,6],"texture":"#0"}}},{"from":[8,18.5,5.75],"to":[8,25.5,10.25],"rotation":{"angle":0,"axis":"y","origin":[8,18.5,5.75]},"faces":{"north":{"uv":[0,0,0,7],"texture":"#0"},"east":{"uv":[4.5,0,0,7],"texture":"#0"},"south":{"uv":[0,0,0,7],"texture":"#0"},"west":{"uv":[0,0,4.5,7],"texture":"#0"},"up":{"uv":[0,4.5,0,0],"texture":"#0"},"down":{"uv":[0,0,0,4.5],"texture":"#0"}}}],"gui_light":"front","display":{"thirdperson_righthand":{"translation":[0,-4.25,0.5]},"thirdperson_lefthand":{"translation":[0,-4.25,0.5]},"firstperson_righthand":{"rotation":[-16,0,0],"translation":[3.25,-2.25,-5]},"firstperson_lefthand":{"rotation":[-16,0,0],"translation":[3.25,-2.25,-5]},"ground":{"translation":[0,11.75,0],"scale":[1.37109,1.37109,1.37109]},"gui":{"rotation":[90,-45,90],"translation":[3,-3,0],"scale":[0.91797,0.91797,0.91797]},"head":{"scale":[1.5,1.5,1.5]},"fixed":{"rotation":[0,90,0],"translation":[0,-8.5,-1.5],"scale":[2.48633,2.48633,2.48633]}}}