{"credit":"MadebyPolygonMC","textures":{"0":"halloweenset:ghost_head","particle":"halloweenset:ghost_head"},"elements":[{"from":[5.5,8,5.5],"to":[10.5,13,10.5],"rotation":{"angle":0,"axis":"y","origin":[5.5,8,5.5]},"faces":{"north":{"uv":[0,0,5,5],"texture":"#0"},"east":{"uv":[0,5,5,10],"texture":"#0"},"south":{"uv":[5,0,10,5],"texture":"#0"},"west":{"uv":[5,5,10,10],"texture":"#0"},"up":{"uv":[5,15,0,10],"texture":"#0"},"down":{"uv":[15,0,10,5],"texture":"#0"}}},{"from":[10.5,5,5.5],"to":[10.5,8,10.5],"rotation":{"angle":0,"axis":"y","origin":[5.5,3,5.5]},"faces":{"north":{"uv":[0,0,0,3],"texture":"#0"},"east":{"uv":[5,10,10,13],"texture":"#0"},"south":{"uv":[0,0,0,3],"texture":"#0"},"west":{"uv":[10,10,5,13],"texture":"#0"},"up":{"uv":[0,5,0,0],"texture":"#0"},"down":{"uv":[0,0,0,5],"texture":"#0"}}},{"from":[5.5,5,5.5],"to":[5.5,8,10.5],"rotation":{"angle":0,"axis":"y","origin":[10.5,3,5.5]},"faces":{"north":{"uv":[0,0,0,3],"texture":"#0"},"east":{"uv":[5,10,10,13],"texture":"#0"},"south":{"uv":[0,0,0,3],"texture":"#0"},"west":{"uv":[10,10,5,13],"texture":"#0"},"up":{"uv":[0,5,0,0],"texture":"#0"},"down":{"uv":[0,0,0,5],"texture":"#0"}}},{"from":[5.5,5,5.5],"to":[10.5,8,5.5],"rotation":{"angle":0,"axis":"y","origin":[8,5.5,8]},"faces":{"north":{"uv":[10,5,15,8],"texture":"#0"},"east":{"uv":[0,0,0,3],"texture":"#0"},"south":{"uv":[15,5,10,8],"texture":"#0"},"west":{"uv":[0,0,0,3],"texture":"#0"},"up":{"uv":[5,0,0,0],"texture":"#0"},"down":{"uv":[5,0,0,0],"texture":"#0"}}},{"from":[5.5,5,10.5],"to":[10.5,8,10.5],"rotation":{"angle":0,"axis":"y","origin":[8,5.5,8]},"faces":{"north":{"uv":[10,5,15,8],"texture":"#0"},"east":{"uv":[0,0,0,3],"texture":"#0"},"south":{"uv":[15,5,10,8],"texture":"#0"},"west":{"uv":[0,0,0,3],"texture":"#0"},"up":{"uv":[5,0,0,0],"texture":"#0"},"down":{"uv":[5,0,0,0],"texture":"#0"}}}],"gui_light":"front","display":{"thirdperson_righthand":{"rotation":[64.75,0,0],"translation":[0,1.75,0]},"thirdperson_lefthand":{"rotation":[64.75,0,0],"translation":[0,1.75,0]},"firstperson_righthand":{"rotation":[171.25,0,-180],"translation":[-3.5,4.5,2.75]},"firstperson_lefthand":{"rotation":[171.25,0,-180],"translation":[-3.5,4.5,2.75]},"ground":{"translation":[0,4.75,0],"scale":[1.41602,1.41602,1.41602]},"gui":{"rotation":[0,180,0],"translation":[0,-2.25,0],"scale":[2.13086,2.13086,2.13086]},"head":{"translation":[0,-7.25,0],"scale":[3.00586,3.00586,3.00586]},"fixed":{"rotation":[-90,0,0],"translation":[0,0,-12.25],"scale":[4,4,4]}}}