{"credit":"Made by PolygonMC","textures":{"0":"halloweenset:ghost_glove","particle":"halloweenset:ghost_glove"},"elements":[{"from":[6.75,6.75,6],"to":[9.25,9.25,9],"rotation":{"angle":0,"axis":"y","origin":[7,7,6]},"faces":{"north":{"uv":[6,0,8.5,2.5],"texture":"#0"},"east":{"uv":[0,3,3,5.5],"texture":"#0"},"south":{"uv":[3,6,5.5,8.5],"texture":"#0"},"west":{"uv":[3,0,6,2.5],"texture":"#0"},"up":{"uv":[5.5,6,3,3],"texture":"#0"},"down":{"uv":[2.5,6,0,9],"texture":"#0"}}},{"from":[8,4.25,6],"to":[8,6.75,9],"rotation":{"angle":0,"axis":"y","origin":[5.75,7,6]},"faces":{"north":{"uv":[0,0,0,2.5],"texture":"#0"},"east":{"uv":[0,0,3,2.5],"texture":"#0"},"south":{"uv":[0,0,0,2.5],"texture":"#0"},"west":{"uv":[3,0,0,2.5],"texture":"#0"},"up":{"uv":[0,3,0,0],"texture":"#0"},"down":{"uv":[0,0,0,3],"texture":"#0"}}}],"gui_light":"front","display":{"thirdperson_righthand":{"translation":[0,-2,3],"scale":[1.88867,1.88867,1.88867]},"thirdperson_lefthand":{"translation":[0,-2,3],"scale":[1.88867,1.88867,1.88867]},"firstperson_righthand":{"rotation":[35,0,0],"translation":[0.25,0.5,0.75],"scale":[1.76367,1.76367,1.76367]},"firstperson_lefthand":{"rotation":[35,0,0],"translation":[0.25,0.5,0.75],"scale":[2.76367,2.76367,2.76367]},"ground":{"translation":[0,9,0],"scale":[3.00391,3.00391,3.00391]},"gui":{"rotation":[0,125,0],"translation":[1.25,4,0],"scale":[3.24219,3.24219,3.24219]},"head":{"scale":[1.5,1.5,1.5]},"fixed":{"translation":[0,0,-3.75],"scale":[4,4,4]}}}