{"credit":"MadebyPolygonMC","texture_size":[24,24],"textures":{"0":"halloweenset:grave_1","particle":"halloweenset:grave_1"},"elements":[{"from":[4,0,6.5],"to":[12,1,9.5],"rotation":{"angle":0,"axis":"y","origin":[4,0,6.5]},"faces":{"north":{"uv":[9.33333,0,14.66667,0.66667],"texture":"#0"},"east":{"uv":[6.66667,10,8.66667,10.66667],"texture":"#0"},"south":{"uv":[9.33333,0.66667,14.66667,1.33333],"texture":"#0"},"west":{"uv":[10.66667,4.66667,12.66667,5.33333],"texture":"#0"},"up":{"uv":[9.33333,6.66667,4,4.66667],"texture":"#0"},"down":{"uv":[9.33333,6.66667,4,8.66667],"texture":"#0"}}},{"from":[5,1,8],"to":[11,8,9],"rotation":{"angle":0,"axis":"y","origin":[3,-6,5.5]},"faces":{"north":{"uv":[0,0,4,4.66667],"texture":"#0"},"east":{"uv":[9.33333,1.33333,10,6],"texture":"#0"},"south":{"uv":[4,0,8,4.66667],"texture":"#0"},"west":{"uv":[9.33333,6,10,10.66667],"texture":"#0"},"up":{"uv":[4,11.33333,0,10.66667],"texture":"#0"},"down":{"uv":[14.66667,1.33333,10.66667,2],"texture":"#0"}}},{"from":[7,7.75,7.5],"to":[9,14.75,8.5],"rotation":{"angle":0,"axis":"y","origin":[1,0.75,5]},"faces":{"north":{"uv":[8,0,9.33333,4.66667],"texture":"#0"},"east":{"uv":[6,10,6.66667,14.66667],"texture":"#0"},"south":{"uv":[4,8.66667,5.33333,13.33333],"texture":"#0"},"west":{"uv":[10,6,10.66667,10.66667],"texture":"#0"},"up":{"uv":[12,6,10.66667,5.33333],"texture":"#0"},"down":{"uv":[12,6,10.66667,6.66667],"texture":"#0"}}},{"from":[5,10.75,7.525],"to":[11,12.75,8.475],"rotation":{"angle":0,"axis":"y","origin":[1,3.75,5]},"faces":{"north":{"uv":[5.33333,8.66667,9.33333,10],"texture":"#0"},"east":{"uv":[8.66667,10,9.33333,11.33333],"texture":"#0"},"south":{"uv":[0,9.33333,4,10.66667],"texture":"#0"},"west":{"uv":[6.66667,10.66667,7.33333,12],"texture":"#0"},"up":{"uv":[14.66667,2.66667,10.66667,2],"texture":"#0"},"down":{"uv":[14.66667,2.66667,10.66667,3.33333],"texture":"#0"}}},{"from":[5.25,1,7],"to":[10.75,7.75,8],"rotation":{"angle":0,"axis":"y","origin":[3,-6,4.5]},"faces":{"north":{"uv":[0,4.66667,3.66667,9.33333],"texture":"#0"},"east":{"uv":[10,1.33333,10.66667,6],"texture":"#0"},"west":{"uv":[5.33333,10,6,14.66667],"texture":"#0"},"up":{"uv":[14.33333,4,10.66667,3.33333],"texture":"#0"},"down":{"uv":[14.33333,4,10.66667,4.66667],"texture":"#0"}}}],"gui_light":"front","display":{"thirdperson_righthand":{"rotation":[59,0,0],"translation":[0,4.5,6]},"thirdperson_lefthand":{"rotation":[59,0,0],"translation":[0,4.5,6]},"firstperson_righthand":{"rotation":[0,180,0],"translation":[-2.5,7.75,2.5]},"firstperson_lefthand":{"rotation":[0,180,0],"translation":[-2.5,7.75,2.5]},"ground":{"translation":[0,7.75,0]},"gui":{"rotation":[0,135,0],"translation":[0,0.5,0]},"head":{"rotation":[0,180,0],"translation":[0,-19.25,0],"scale":[3,3,3]},"fixed":{"rotation":[-90,0,0],"translation":[0,0,-30.75],"scale":[4,4,4]}}}