{"credit":"MadebyPolygonMC","textures":{"0":"halloweenset:pumpkin_rake","particle":"halloweenset:pumpkin_rake"},"elements":[{"from":[7.5,0,7.5],"to":[8.5,2,8.5],"rotation":{"angle":0,"axis":"y","origin":[7.5,0,7.5]},"faces":{"north":{"uv":[8,4,7,6],"texture":"#0"},"east":{"uv":[7,4,8,6],"texture":"#0"},"south":{"uv":[8,4,7,6],"texture":"#0"},"west":{"uv":[7,4,8,6],"texture":"#0"},"up":{"uv":[9,7,8,6],"texture":"#0"},"down":{"uv":[8,8,7,9],"texture":"#0"}}},{"from":[7.5,16,7.5],"to":[8.5,19,8.5],"rotation":{"angle":0,"axis":"y","origin":[7.5,16,7.5]},"faces":{"north":{"uv":[6,4,7,7],"texture":"#0"},"east":{"uv":[7,4,6,7],"texture":"#0"},"south":{"uv":[6,4,7,7],"texture":"#0"},"west":{"uv":[7,4,6,7],"texture":"#0"},"up":{"uv":[9,5,8,4],"texture":"#0"},"down":{"uv":[9,5,8,6],"texture":"#0"}}},{"from":[4.65,18.05,5.35],"to":[5.35,18.75,7.45],"rotation":{"angle":0,"axis":"x","origin":[5,18.4,6.4]},"faces":{"north":{"uv":[10,6,10.5,6.5],"texture":"#0"},"east":{"uv":[9,4,11,4.5],"texture":"#0"},"west":{"uv":[5,9,7,9.5],"texture":"#0"},"up":{"uv":[9.5,7,9,5],"texture":"#0"},"down":{"uv":[7.5,9,7,11],"texture":"#0"}}},{"from":[4.734,17.884,4.427],"to":[5.266,18.416,5.523],"rotation":{"angle":-22.5,"axis":"x","origin":[5,18.15,4.725]},"faces":{"north":{"uv":[10,7,10.5,7.5],"texture":"#0"},"east":{"uv":[9,7,10,7.5],"texture":"#0"},"west":{"uv":[8,9,9,9.5],"texture":"#0"},"up":{"uv":[9.5,9,9,8],"texture":"#0"},"down":{"uv":[9.5,9,9,10],"texture":"#0"}}},{"from":[4.7872,17.51833,3.81009],"to":[5.2128,17.94393,4.68689],"rotation":{"angle":-45,"axis":"x","origin":[5,17.70613,4.14849]},"faces":{"north":{"uv":[8,10,8.5,10.5],"texture":"#0"},"east":{"uv":[4,10,5,10.5],"texture":"#0"},"west":{"uv":[5,10,6,10.5],"texture":"#0"},"up":{"uv":[10.5,6,10,5],"texture":"#0"},"down":{"uv":[6.5,10,6,11],"texture":"#0"}}},{"from":[6.15,18.05,5.35],"to":[6.85,18.75,7.45],"rotation":{"angle":0,"axis":"x","origin":[6.5,18.4,6.4]},"faces":{"north":{"uv":[10,6,10.5,6.5],"texture":"#0"},"east":{"uv":[9,4,11,4.5],"texture":"#0"},"west":{"uv":[5,9,7,9.5],"texture":"#0"},"up":{"uv":[9.5,7,9,5],"texture":"#0"},"down":{"uv":[7.5,9,7,11],"texture":"#0"}}},{"from":[6.234,17.884,4.427],"to":[6.766,18.416,5.523],"rotation":{"angle":-22.5,"axis":"x","origin":[6.5,18.15,4.725]},"faces":{"north":{"uv":[10,7,10.5,7.5],"texture":"#0"},"east":{"uv":[9,7,10,7.5],"texture":"#0"},"west":{"uv":[8,9,9,9.5],"texture":"#0"},"up":{"uv":[9.5,9,9,8],"texture":"#0"},"down":{"uv":[9.5,9,9,10],"texture":"#0"}}},{"from":[6.2872,17.51833,3.81009],"to":[6.7128,17.94393,4.68689],"rotation":{"angle":-45,"axis":"x","origin":[6.5,17.70613,4.14849]},"faces":{"north":{"uv":[8,10,8.5,10.5],"texture":"#0"},"east":{"uv":[4,10,5,10.5],"texture":"#0"},"west":{"uv":[5,10,6,10.5],"texture":"#0"},"up":{"uv":[10.5,6,10,5],"texture":"#0"},"down":{"uv":[6.5,10,6,11],"texture":"#0"}}},{"from":[7.65,18.05,5.35],"to":[8.35,18.75,7.45],"rotation":{"angle":0,"axis":"x","origin":[8,18.4,6.4]},"faces":{"north":{"uv":[10,6,10.5,6.5],"texture":"#0"},"east":{"uv":[9,4,11,4.5],"texture":"#0"},"west":{"uv":[5,9,7,9.5],"texture":"#0"},"up":{"uv":[9.5,7,9,5],"texture":"#0"},"down":{"uv":[7.5,9,7,11],"texture":"#0"}}},{"from":[7.734,17.884,4.427],"to":[8.266,18.416,5.523],"rotation":{"angle":-22.5,"axis":"x","origin":[8,18.15,4.725]},"faces":{"north":{"uv":[10,7,10.5,7.5],"texture":"#0"},"east":{"uv":[9,7,10,7.5],"texture":"#0"},"west":{"uv":[8,9,9,9.5],"texture":"#0"},"up":{"uv":[9.5,9,9,8],"texture":"#0"},"down":{"uv":[9.5,9,9,10],"texture":"#0"}}},{"from":[7.7872,17.51833,3.81009],"to":[8.2128,17.94393,4.68689],"rotation":{"angle":-45,"axis":"x","origin":[8,17.70613,4.14849]},"faces":{"north":{"uv":[8,10,8.5,10.5],"texture":"#0"},"east":{"uv":[4,10,5,10.5],"texture":"#0"},"west":{"uv":[5,10,6,10.5],"texture":"#0"},"up":{"uv":[10.5,6,10,5],"texture":"#0"},"down":{"uv":[6.5,10,6,11],"texture":"#0"}}},{"from":[9.15,18.05,5.35],"to":[9.85,18.75,7.45],"rotation":{"angle":0,"axis":"x","origin":[9.5,18.4,6.4]},"faces":{"north":{"uv":[10,6,10.5,6.5],"texture":"#0"},"east":{"uv":[9,4,11,4.5],"texture":"#0"},"west":{"uv":[5,9,7,9.5],"texture":"#0"},"up":{"uv":[9.5,7,9,5],"texture":"#0"},"down":{"uv":[7.5,9,7,11],"texture":"#0"}}},{"from":[9.234,17.884,4.427],"to":[9.766,18.416,5.523],"rotation":{"angle":-22.5,"axis":"x","origin":[9.5,18.15,4.725]},"faces":{"north":{"uv":[10,7,10.5,7.5],"texture":"#0"},"east":{"uv":[9,7,10,7.5],"texture":"#0"},"west":{"uv":[8,9,9,9.5],"texture":"#0"},"up":{"uv":[9.5,9,9,8],"texture":"#0"},"down":{"uv":[9.5,9,9,10],"texture":"#0"}}},{"from":[9.2872,17.51833,3.81009],"to":[9.7128,17.94393,4.68689],"rotation":{"angle":-45,"axis":"x","origin":[9.5,17.70613,4.14849]},"faces":{"north":{"uv":[8,10,8.5,10.5],"texture":"#0"},"east":{"uv":[4,10,5,10.5],"texture":"#0"},"west":{"uv":[5,10,6,10.5],"texture":"#0"},"up":{"uv":[10.5,6,10,5],"texture":"#0"},"down":{"uv":[6.5,10,6,11],"texture":"#0"}}},{"from":[10.65,18.05,5.35],"to":[11.35,18.75,7.45],"rotation":{"angle":0,"axis":"x","origin":[11,18.4,6.4]},"faces":{"north":{"uv":[10,6,10.5,6.5],"texture":"#0"},"east":{"uv":[9,4,11,4.5],"texture":"#0"},"west":{"uv":[5,9,7,9.5],"texture":"#0"},"up":{"uv":[9.5,7,9,5],"texture":"#0"},"down":{"uv":[7.5,9,7,11],"texture":"#0"}}},{"from":[10.734,17.884,4.427],"to":[11.266,18.416,5.523],"rotation":{"angle":-22.5,"axis":"x","origin":[11,18.15,4.725]},"faces":{"north":{"uv":[10,7,10.5,7.5],"texture":"#0"},"east":{"uv":[9,7,10,7.5],"texture":"#0"},"west":{"uv":[8,9,9,9.5],"texture":"#0"},"up":{"uv":[9.5,9,9,8],"texture":"#0"},"down":{"uv":[9.5,9,9,10],"texture":"#0"}}},{"from":[10.7872,17.51833,3.81009],"to":[11.2128,17.94393,4.68689],"rotation":{"angle":-45,"axis":"x","origin":[11,17.70613,4.14849]},"faces":{"north":{"uv":[8,10,8.5,10.5],"texture":"#0"},"east":{"uv":[4,10,5,10.5],"texture":"#0"},"west":{"uv":[5,10,6,10.5],"texture":"#0"},"up":{"uv":[10.5,6,10,5],"texture":"#0"},"down":{"uv":[6.5,10,6,11],"texture":"#0"}}},{"from":[4.5,17.9,7.425],"to":[11.5,18.9,8.425],"rotation":{"angle":0,"axis":"z","origin":[8,18.4,7.925]},"faces":{"north":{"uv":[4,0,11,1],"texture":"#0"},"east":{"uv":[8,7,9,8],"texture":"#0"},"south":{"uv":[4,1,11,2],"texture":"#0"},"west":{"uv":[8,8,9,9],"texture":"#0"},"up":{"uv":[11,3,4,2],"texture":"#0"},"down":{"uv":[11,2,4,1],"texture":"#0"}}},{"from":[7.6,2,7.6],"to":[8.4,16,8.4],"rotation":{"angle":0,"axis":"y","origin":[7.5,2,7.5]},"faces":{"north":{"uv":[0,0,1,14],"texture":"#0"},"east":{"uv":[1,0,0,14],"texture":"#0"},"south":{"uv":[0,0,1,14],"texture":"#0"},"west":{"uv":[1,0,0,14],"texture":"#0"}}}],"gui_light":"front","display":{"thirdperson_righthand":{"translation":[0,0,0.75],"scale":[1.16406,1.16406,1.16406]},"thirdperson_lefthand":{"translation":[0,0,0.75],"scale":[1.16406,1.16406,1.16406]},"firstperson_righthand":{"rotation":[-25,0,0],"translation":[-2.5,-7.25,-2.5],"scale":[1.35938,1.35938,1.35938]},"firstperson_lefthand":{"rotation":[-25,0,0],"translation":[0,3.25,1.5],"scale":[1.35938,1.35938,1.35938]},"ground":{"translation":[0,11.75,0],"scale":[1.39453,1.39453,1.39453]},"gui":{"rotation":[-90,45,90],"translation":[2.25,-1,0],"scale":[1.11328,1.11328,1.11328]},"head":{"scale":[1.5,1.5,1.5]},"fixed":{"translation":[0,-6,-0.75],"scale":[2.85938,2.85938,2.85938]}}}