{"credit":"MadebyPolygonMC","texture_size":[24,24],"textures":{"0":"halloweenset:pumpkin_head","particle":"halloweenset:pumpkin_head"},"elements":[{"from":[4,1,4],"to":[12,9,12],"rotation":{"angle":0,"axis":"y","origin":[7,1,7]},"faces":{"north":{"uv":[0,0,5.33333,5.33333],"texture":"#0"},"east":{"uv":[0,5.33333,5.33333,10.66667],"texture":"#0"},"south":{"uv":[5.33333,0,10.66667,5.33333],"texture":"#0"},"west":{"uv":[5.33333,5.33333,10.66667,10.66667],"texture":"#0"},"up":{"uv":[5.33333,16,0,10.66667],"texture":"#0"},"down":{"uv":[16,0,10.66667,5.33333],"texture":"#0"}}},{"from":[6,9,8],"to":[10,13,8],"rotation":{"angle":-45,"axis":"y","origin":[8,11,8]},"faces":{"north":{"uv":[10.66667,5.33333,13.33333,8],"texture":"#0"},"east":{"uv":[0,0,0,2.66667],"texture":"#0"},"south":{"uv":[13.33333,5.33333,10.66667,8],"texture":"#0"},"west":{"uv":[0,0,0,2.66667],"texture":"#0"},"up":{"uv":[0,0,2.66667,0],"texture":"#0"},"down":{"uv":[0,0,2.66667,0],"texture":"#0"}}},{"from":[7.3,2,7.025],"to":[13.3,11,7.025],"rotation":{"angle":22.5,"axis":"y","origin":[10.3,6.5,5.75]},"faces":{"north":{"uv":[14.66667,8,10.66667,14],"texture":"#0"},"east":{"uv":[0,0,0,6],"texture":"#0"},"south":{"uv":[10.66667,8,14.66667,14],"texture":"#0"},"west":{"uv":[0,0,0,6],"texture":"#0"},"up":{"uv":[0,0,4,0],"rotation":180,"texture":"#0"},"down":{"uv":[0,0,4,0],"rotation":180,"texture":"#0"}}}],"gui_light":"front","display":{"thirdperson_righthand":{"rotation":[55.5,0,0],"translation":[0,3.75,2.75],"scale":[0.70117,0.70117,0.70117]},"thirdperson_lefthand":{"rotation":[55.5,0,0],"translation":[0,3.75,2.75],"scale":[0.70117,0.70117,0.70117]},"firstperson_righthand":{"rotation":[-20,180,0],"translation":[-3.25,7.75,0]},"firstperson_lefthand":{"rotation":[-20,180,0],"translation":[-3.25,7.75,0]},"ground":{"translation":[0,8.25,0]},"gui":{"rotation":[0,180,0],"translation":[0,4.5,0],"scale":[1.53516,1.53516,1.53516]},"head":{"translation":[0,6.25,0],"scale":[1.91016,1.91016,1.91016]},"fixed":{"rotation":[-90,0,0],"translation":[0,0,-20],"scale":[3.05859,3.05859,3.05859]}}}