{"credit":"MadebyPolygonMC","texture_size":[32,32],"textures":{"1":"halloweenset:pumpkin_backpack"},"elements":[{"from":[6,-15.5,6],"to":[10,-11.5,10],"rotation":{"angle":0,"axis":"y","origin":[7.5,-15.5,7.5]},"faces":{"north":{"uv":[0,0,4,4],"texture":"#1","tintindex":0},"east":{"uv":[0,4,4,8],"texture":"#1","tintindex":0},"south":{"uv":[4,0,8,4],"texture":"#1","tintindex":0},"west":{"uv":[4,4,8,8],"texture":"#1","tintindex":0},"up":{"uv":[4,12,0,8],"texture":"#1","tintindex":0},"down":{"uv":[12,0,8,4],"texture":"#1","tintindex":0}}},{"from":[7,-11.5,8],"to":[9,-9.5,8],"rotation":{"angle":45,"axis":"y","origin":[8,-10.5,8]},"faces":{"north":{"uv":[11,4,13,6],"texture":"#1","tintindex":0},"east":{"uv":[0,0,0,2],"texture":"#1","tintindex":0},"south":{"uv":[11,6,13,8],"texture":"#1","tintindex":0},"west":{"uv":[0,0,0,2],"texture":"#1","tintindex":0},"up":{"uv":[2,0,0,0],"texture":"#1","tintindex":0},"down":{"uv":[2,0,0,0],"texture":"#1","tintindex":0}}},{"from":[5,-15,8],"to":[8,-10.5,8],"rotation":{"angle":0,"axis":"y","origin":[5,-11.5,8]},"faces":{"north":{"uv":[7,8.5,10,13],"texture":"#1","tintindex":0},"east":{"uv":[0,0,0,4.5],"texture":"#1","tintindex":0},"south":{"uv":[10,8.5,13,13],"texture":"#1","tintindex":0},"west":{"uv":[0,0,0,4.5],"texture":"#1","tintindex":0},"up":{"uv":[3,0,0,0],"texture":"#1","tintindex":0},"down":{"uv":[3,0,0,0],"texture":"#1","tintindex":0}}},{"from":[7.7875,-15,9.075],"to":[10.7875,-10.5,9.075],"rotation":{"angle":-22.5,"axis":"y","origin":[10.7875,-11.5,9.075]},"faces":{"north":{"uv":[4,8,7,12.5],"texture":"#1","tintindex":0},"east":{"uv":[0,0,0,4.5],"texture":"#1","tintindex":0},"south":{"uv":[8,4,11,8.5],"texture":"#1","tintindex":0},"west":{"uv":[0,0,0,4.5],"texture":"#1","tintindex":0},"up":{"uv":[3,0,0,0],"texture":"#1","tintindex":0},"down":{"uv":[3,0,0,0],"texture":"#1","tintindex":0}}},{"from":[6,-11.5,9.9995],"to":[6.75,-10.5,9.9995],"rotation":{"angle":0,"axis":"y","origin":[6.75,-15,9.9995]},"faces":{"north":{"uv":[1,12,1.75,13],"texture":"#1","tintindex":0},"east":{"uv":[0,0,0,1],"texture":"#1","tintindex":0},"south":{"uv":[1.75,12,1,13],"texture":"#1","tintindex":0},"west":{"uv":[0,0,0,1],"texture":"#1","tintindex":0},"up":{"uv":[0.75,0,0,0],"texture":"#1","tintindex":0},"down":{"uv":[0.75,0,0,0],"texture":"#1","tintindex":0}}},{"from":[6,-10.5005,10],"to":[6.75,-10.5005,12.125],"rotation":{"angle":0,"axis":"x","origin":[6.375,-10.5005,10.5]},"faces":{"north":{"uv":[0,0,0.75,0],"texture":"#1","tintindex":0},"east":{"uv":[0,0,2.25,0],"texture":"#1","tintindex":0},"south":{"uv":[0,0,0.75,0],"texture":"#1","tintindex":0},"west":{"uv":[0,0,2.25,0],"texture":"#1","tintindex":0},"up":{"uv":[12.75,2.25,12,0],"texture":"#1","tintindex":0},"down":{"uv":[12,0,12.75,2.25],"texture":"#1","tintindex":0}}},{"from":[6,-14.5005,10],"to":[6.75,-14.5005,12.125],"rotation":{"angle":0,"axis":"x","origin":[6.375,-14.5005,10.5]},"faces":{"north":{"uv":[0,0,0.75,0],"texture":"#1","tintindex":0},"east":{"uv":[0,0,2.25,0],"texture":"#1","tintindex":0},"south":{"uv":[0,0,0.75,0],"texture":"#1","tintindex":0},"west":{"uv":[0,0,2.25,0],"texture":"#1","tintindex":0},"up":{"uv":[12.75,2.25,12,0],"texture":"#1","tintindex":0},"down":{"uv":[12,0,12.75,2.25],"texture":"#1","tintindex":0}}},{"from":[6,-14.5,12.1245],"to":[6.75,-10.5,12.1245],"rotation":{"angle":0,"axis":"y","origin":[6.75,-15,10.1245]},"faces":{"north":{"uv":[0,12,0.75,16],"texture":"#1","tintindex":0},"east":{"uv":[0,0,0,4],"texture":"#1","tintindex":0},"south":{"uv":[0,12,0.75,16],"texture":"#1","tintindex":0},"west":{"uv":[0,0,0,4],"texture":"#1","tintindex":0},"up":{"uv":[0.75,0,0,0],"texture":"#1","tintindex":0},"down":{"uv":[0.75,0,0,0],"texture":"#1","tintindex":0}}},{"from":[9.25,-14.5005,10],"to":[10,-14.5005,12.125],"rotation":{"angle":0,"axis":"x","origin":[9.625,-14.5005,10.5]},"faces":{"north":{"uv":[0.75,0,0,0],"texture":"#1","tintindex":0},"east":{"uv":[2.25,0,0,0],"texture":"#1","tintindex":0},"south":{"uv":[0.75,0,0,0],"texture":"#1","tintindex":0},"west":{"uv":[2.25,0,0,0],"texture":"#1","tintindex":0},"up":{"uv":[12,2.25,12.75,0],"texture":"#1","tintindex":0},"down":{"uv":[12.75,0,12,2.25],"texture":"#1","tintindex":0}}},{"from":[9.25,-14.5,12.1245],"to":[10,-10.5,12.1245],"rotation":{"angle":0,"axis":"y","origin":[9.25,-15,10.1245]},"faces":{"north":{"uv":[0.75,12,0,16],"texture":"#1","tintindex":0},"east":{"uv":[0,0,0,4],"texture":"#1","tintindex":0},"south":{"uv":[0.75,12,0,16],"texture":"#1","tintindex":0},"west":{"uv":[0,0,0,4],"texture":"#1","tintindex":0},"up":{"uv":[0,0,0.75,0],"texture":"#1","tintindex":0},"down":{"uv":[0,0,0.75,0],"texture":"#1","tintindex":0}}},{"from":[9.25,-10.5005,10],"to":[10,-10.5005,12.125],"rotation":{"angle":0,"axis":"x","origin":[9.625,-10.5005,10.5]},"faces":{"north":{"uv":[0.75,0,0,0],"texture":"#1","tintindex":0},"east":{"uv":[2.25,0,0,0],"texture":"#1","tintindex":0},"south":{"uv":[0.75,0,0,0],"texture":"#1","tintindex":0},"west":{"uv":[2.25,0,0,0],"texture":"#1","tintindex":0},"up":{"uv":[12,2.25,12.75,0],"texture":"#1","tintindex":0},"down":{"uv":[12.75,0,12,2.25],"texture":"#1","tintindex":0}}},{"from":[9.25,-11.5,9.9995],"to":[10,-10.5,9.9995],"rotation":{"angle":0,"axis":"y","origin":[9.25,-15,9.9995]},"faces":{"north":{"uv":[1.75,12,1,13],"texture":"#1","tintindex":0},"east":{"uv":[0,0,0,1],"texture":"#1","tintindex":0},"south":{"uv":[1,12,1.75,13],"texture":"#1","tintindex":0},"west":{"uv":[0,0,0,1],"texture":"#1","tintindex":0},"up":{"uv":[0,0,0.75,0],"texture":"#1","tintindex":0},"down":{"uv":[0,0,0.75,0],"texture":"#1","tintindex":0}}}],"gui_light":"front","display":{"thirdperson_righthand":{"rotation":[55.5,0,0],"translation":[0,1.75,-2],"scale":[0.70117,0.70117,0.70117]},"thirdperson_lefthand":{"rotation":[-112.25,0,-180],"translation":[-5.5,-8,11.5]},"firstperson_righthand":{"rotation":[-20,180,0],"translation":[-3.25,7.75,0]},"firstperson_lefthand":{"rotation":[-20,180,0],"translation":[-3.25,7.75,0],"scale":[0,0,0]},"ground":{"translation":[0,8.25,0]},"gui":{"rotation":[0,156,0],"translation":[-1.25,49.25,0],"scale":[2.39,2.39,2.39]},"head":{"rotation":[0,180,0],"translation":[0,-44.75,9.75],"scale":[3.22266,3.22266,3.22266]},"fixed":{"rotation":[-90,0,0],"translation":[0,0,-20],"scale":[3.05859,3.05859,3.05859]}}}