{"credit":"MadebyPolygonMC","texture_size":[24,24],"textures":{"0":"halloweenset:witch_cape","particle":"halloweenset:witch_cape"},"elements":[{"from":[4,-4.25,7],"to":[6,-3.25,9],"rotation":{"angle":0,"axis":"y","origin":[3,-5.5,0]},"faces":{"north":{"uv":[4,8.66667,5.33333,9.33333],"texture":"#0","tintindex":0},"east":{"uv":[5.33333,8.66667,6.66667,9.33333],"texture":"#0","tintindex":0},"south":{"uv":[6.66667,8.66667,8,9.33333],"texture":"#0","tintindex":0},"west":{"uv":[8,8.66667,9.33333,9.33333],"texture":"#0","tintindex":0},"up":{"uv":[1.33333,9.33333,0,8],"texture":"#0","tintindex":0},"down":{"uv":[9.33333,0,8,1.33333],"texture":"#0","tintindex":0}}},{"from":[10,-4.25,7],"to":[12,-3.25,9],"rotation":{"angle":0,"axis":"y","origin":[13,-5.5,0]},"faces":{"north":{"uv":[5.33333,8.66667,4,9.33333],"texture":"#0","tintindex":0},"east":{"uv":[9.33333,8.66667,8,9.33333],"texture":"#0","tintindex":0},"south":{"uv":[8,8.66667,6.66667,9.33333],"texture":"#0","tintindex":0},"west":{"uv":[6.66667,8.66667,5.33333,9.33333],"texture":"#0","tintindex":0},"up":{"uv":[0,9.33333,1.33333,8],"texture":"#0","tintindex":0},"down":{"uv":[8,0,9.33333,1.33333],"texture":"#0","tintindex":0}}},{"from":[5,-9.5391,9.05343],"to":[11,-3.5391,9.55343],"rotation":{"angle":-22.5,"axis":"x","origin":[8,-5.5391,9.05343]},"faces":{"north":{"uv":[0,0,4,4],"texture":"#0","tintindex":0},"east":{"uv":[2.66667,8,3,12],"texture":"#0","tintindex":0},"south":{"uv":[0,4,4,8],"texture":"#0","tintindex":0},"west":{"uv":[8,2.66667,8.33333,6.66667],"texture":"#0","tintindex":0},"up":{"uv":[12,7,8,6.66667],"texture":"#0","tintindex":0},"down":{"uv":[12,7.33333,8,7.66667],"texture":"#0","tintindex":0}}},{"from":[5,-15.73982,13.94292],"to":[11,-12.73982,13.94292],"rotation":{"angle":-45,"axis":"x","origin":[8,-12.23982,13.94292]},"faces":{"north":{"uv":[4,8.66667,8,6.66667],"rotation":180,"texture":"#0","tintindex":0},"east":{"uv":[0,0,0,2],"texture":"#0","tintindex":0},"south":{"uv":[4,6.66667,8,8.66667],"texture":"#0","tintindex":0},"west":{"uv":[0,0,0,2],"texture":"#0","tintindex":0},"up":{"uv":[4,0,0,0],"texture":"#0","tintindex":0},"down":{"uv":[4,0,0,0],"texture":"#0","tintindex":0}}},{"from":[5,-12.73982,13.69292],"to":[11,-7.73982,14.19292],"rotation":{"angle":-45,"axis":"x","origin":[8,-12.23982,13.94292]},"faces":{"north":{"uv":[4,0,8,3.33333],"texture":"#0","tintindex":0},"east":{"uv":[3.33333,8,3.66667,11.33333],"texture":"#0","tintindex":0},"south":{"uv":[4,3.33333,8,6.66667],"texture":"#0","tintindex":0},"west":{"uv":[8.66667,3.33333,9,6.66667],"texture":"#0","tintindex":0},"up":{"uv":[12,8.33333,8,8],"texture":"#0","tintindex":0},"down":{"uv":[12.66667,2.66667,8.66667,3],"texture":"#0","tintindex":0}}}],"gui_light":"front","display":{"thirdperson_righthand":{"rotation":[-116,0,-180],"translation":[0,-0.75,0.5]},"thirdperson_lefthand":{"rotation":[66.75,0,0],"translation":[-5.5,-2,12.75],"scale":[1.50977,1.50977,1.50977]},"firstperson_righthand":{"rotation":[20.75,0,0],"translation":[0,11.25,0]},"firstperson_lefthand":{"rotation":[20.75,0,0],"translation":[0,11.25,0],"scale":[0,0,0]},"ground":{"translation":[0,11.75,-2.25],"scale":[1.23828,1.23828,1.23828]},"gui":{"rotation":[0,31,0],"translation":[-2,24.25,0],"scale":[1.43945,1.43945,1.43945]},"head":{"translation":[0,-73.75,1.75],"scale":[2.51953,2.51953,2.51953]},"fixed":{"rotation":[0,180,0],"translation":[0,0,-2.5],"scale":[3.06055,3.06055,3.06055]}}}