{"credit":"MadebyPolygonMC","texture_size":[24,24],"textures":{"0":"halloweenset:witch_broom","particle":"halloweenset:witch_broom"},"elements":[{"from":[7.5,7.5,1.525],"to":[8.5,8.5,4.525],"rotation":{"angle":0,"axis":"y","origin":[7.5,-0.5,-0.475]},"faces":{"east":{"uv":[5.33333,9.33333,6,7.33333],"rotation":90,"texture":"#0"},"south":{"uv":[10.66667,1.33333,11.33333,2],"texture":"#0"},"west":{"uv":[6,7.33333,5.33333,9.33333],"rotation":90,"texture":"#0"},"up":{"uv":[6,9.33333,5.33333,7.33333],"texture":"#0"},"down":{"uv":[5.33333,7.33333,6,9.33333],"texture":"#0"}}},{"from":[7.6,7.6,4.5],"to":[8.4,8.4,11.5],"rotation":{"angle":0,"axis":"y","origin":[7.5,-0.5,2.5]},"faces":{"east":{"uv":[6,11.33333,6.66667,6.66667],"rotation":90,"texture":"#0"},"west":{"uv":[6.66667,6.66667,6,11.33333],"rotation":90,"texture":"#0"},"up":{"uv":[6.66667,11.33333,6,6.66667],"texture":"#0"},"down":{"uv":[6,6.66667,6.66667,11.33333],"texture":"#0"}}},{"from":[7.41,8.2181,0.1178],"to":[8.59,9.4981,1.8578],"rotation":{"angle":22.5,"axis":"x","origin":[8,8.7581,-0.3022]},"faces":{"east":{"uv":[9.33333,6.66667,10.66667,7.66667],"texture":"#0"},"south":{"uv":[10,9.33333,10.66667,10.33333],"texture":"#0"},"west":{"uv":[7.33333,9.33333,8.66667,10.33333],"texture":"#0"},"up":{"uv":[7.33333,3.33333,6.66667,2],"texture":"#0"},"down":{"uv":[6,9.33333,5.33333,10.66667],"texture":"#0"}}},{"from":[7.3392,7.4357,-1.53715],"to":[8.6608,8.8693,0.72165],"rotation":{"angle":-22.5,"axis":"x","origin":[8,8.2275,-0.53275]},"faces":{"north":{"uv":[8.66667,9.33333,9.66667,10.33333],"texture":"#0"},"east":{"uv":[8.66667,2.66667,10.33333,3.66667],"texture":"#0"},"south":{"uv":[10,0,11,1],"texture":"#0"},"west":{"uv":[8.66667,8,10.33333,9],"texture":"#0"},"up":{"uv":[1,11,0,9.33333],"texture":"#0"},"down":{"uv":[2.33333,9.33333,1.33333,11],"texture":"#0"}}},{"from":[7.5,7.5,11.475],"to":[8.5,8.5,12.475],"rotation":{"angle":0,"axis":"y","origin":[7.5,-0.5,16.475]},"faces":{"north":{"uv":[10.66667,2,11.33333,2.66667],"texture":"#0"},"east":{"uv":[10.66667,2.66667,11.33333,3.33333],"texture":"#0"},"west":{"uv":[3.33333,10.66667,4,11.33333],"texture":"#0"},"up":{"uv":[11.33333,4,10.66667,3.33333],"texture":"#0"},"down":{"uv":[4.66667,10.66667,4,11.33333],"texture":"#0"}}},{"from":[7,7,12.475],"to":[9,9,13.475],"rotation":{"angle":0,"axis":"y","origin":[7,7,12.475]},"faces":{"north":{"uv":[0,8,1.33333,9.33333],"texture":"#0"},"east":{"uv":[10,1.33333,10.66667,2.66667],"texture":"#0"},"west":{"uv":[2.66667,10,3.33333,11.33333],"texture":"#0"},"up":{"uv":[10.66667,5.33333,9.33333,4.66667],"texture":"#0"},"down":{"uv":[4.66667,10,3.33333,10.66667],"texture":"#0"}}},{"from":[6.75,6.75,17.475],"to":[9.25,9.25,19.475],"rotation":{"angle":0,"axis":"y","origin":[7,7,17.475]},"faces":{"east":{"uv":[7.33333,2,8.66667,3.66667],"texture":"#0"},"south":{"uv":[6.66667,0,8.33333,1.66667],"texture":"#0"},"west":{"uv":[4,7.33333,5.33333,9],"texture":"#0"},"up":{"uv":[9,5.33333,7.33333,4],"texture":"#0"},"down":{"uv":[9,6.66667,7.33333,8],"texture":"#0"}}},{"from":[7,7,19.475],"to":[9,9,21.475],"rotation":{"angle":0,"axis":"y","origin":[7,7,19.475]},"faces":{"east":{"uv":[1.33333,8,2.66667,9.33333],"texture":"#0"},"south":{"uv":[2.66667,8,4,9.33333],"texture":"#0"},"west":{"uv":[7.33333,8,8.66667,9.33333],"texture":"#0"},"up":{"uv":[10,1.33333,8.66667,0],"texture":"#0"},"down":{"uv":[10,1.33333,8.66667,2.66667],"texture":"#0"}}},{"from":[6.5,6.5,13.475],"to":[9.5,9.5,17.475],"rotation":{"angle":0,"axis":"y","origin":[7,7,13.475]},"faces":{"north":{"uv":[5.33333,3.33333,7.33333,5.33333],"texture":"#0"},"east":{"uv":[0,3.33333,2.66667,5.33333],"texture":"#0"},"south":{"uv":[4,5.33333,6,7.33333],"texture":"#0"},"west":{"uv":[2.66667,3.33333,5.33333,5.33333],"texture":"#0"},"up":{"uv":[2,8,0,5.33333],"texture":"#0"},"down":{"uv":[4,5.33333,2,8],"texture":"#0"}}},{"from":[8,5.5,12.975],"to":[8,10.5,22.975],"rotation":{"angle":-45,"axis":"z","origin":[8,8,17.975]},"faces":{"north":{"uv":[0,0,0,3.33333],"texture":"#0"},"east":{"uv":[6.66667,0,0,3.33333],"texture":"#0"},"south":{"uv":[0,0,0,3.33333],"texture":"#0"},"west":{"uv":[0,0,6.66667,3.33333],"texture":"#0"},"up":{"uv":[0,6.66667,0,0],"texture":"#0"},"down":{"uv":[0,0,0,6.66667],"texture":"#0"}}},{"from":[8,5.5,12.975],"to":[8,10.5,22.975],"rotation":{"angle":45,"axis":"z","origin":[8,8,17.975]},"faces":{"north":{"uv":[0,0,0,3.33333],"texture":"#0"},"east":{"uv":[6.66667,0,0,3.33333],"texture":"#0"},"south":{"uv":[0,0,0,3.33333],"texture":"#0"},"west":{"uv":[0,0,6.66667,3.33333],"texture":"#0"},"up":{"uv":[0,6.66667,0,0],"texture":"#0"},"down":{"uv":[0,0,0,6.66667],"texture":"#0"}}}],"gui_light":"front","display":{"thirdperson_righthand":{"rotation":[90,0,0],"translation":[0,0,0.5]},"thirdperson_lefthand":{"rotation":[72,0,0],"translation":[-5.8,-5,-1.99],"scale":[1.74609,1.74609,1.74609]},"firstperson_righthand":{"rotation":[76,0,0],"translation":[-6.0,3.0,5.0]},"firstperson_lefthand":{"rotation":[76,0,0],"scale":[0,0,0]},"ground":{"rotation":[45,0,0],"translation":[0,8.75,0]},"gui":{"rotation":[-90,135,90],"translation":[-1.75,2.25,0]},"head":{"scale":[1.5,1.5,1.5]},"fixed":{"rotation":[-90,0,0],"translation":[0,-3.25,-3],"scale":[2.89453,2.89453,2.89453]}}}