{"credit":"MadebyPolygonMC","textures":{"0":"halloweenset:zombie_hand","particle":"halloweenset:zombie_hand"},"elements":[{"from":[7.5,1,7.5],"to":[8.5,5,8.5],"rotation":{"angle":0,"axis":"y","origin":[7.5,0,7.5]},"faces":{"north":{"uv":[8,4,9,8],"texture":"#0"},"east":{"uv":[9,4,8,8],"texture":"#0"},"south":{"uv":[8,4,9,8],"texture":"#0"},"west":{"uv":[9,4,8,8],"texture":"#0"},"down":{"uv":[13,1,12,2],"texture":"#0"}}},{"from":[7,5,7],"to":[9,10,9],"rotation":{"angle":0,"axis":"y","origin":[8,5,8]},"faces":{"north":{"uv":[0,0,2,5],"texture":"#0"},"east":{"uv":[2,5,0,10],"texture":"#0"},"south":{"uv":[4,0,6,5],"texture":"#0"},"west":{"uv":[0,5,2,10],"texture":"#0"},"up":{"uv":[11,2,9,0],"texture":"#0"},"down":{"uv":[11,2,9,4],"texture":"#0"}}},{"from":[6.5,8,6.975],"to":[9.5,10.5,8.925],"rotation":{"angle":0,"axis":"y","origin":[8,5,7.95]},"faces":{"north":{"uv":[2,5,5,7.5],"texture":"#0"},"east":{"uv":[2,8,4,10.5],"texture":"#0"},"south":{"uv":[5,5,8,7.5],"texture":"#0"},"west":{"uv":[4,8,6,10.5],"texture":"#0"},"up":{"uv":[9,2,6,0],"texture":"#0"},"down":{"uv":[9,2,6,4],"texture":"#0"}}},{"from":[7.525,0.325,7],"to":[8.475,1.325,8],"rotation":{"angle":45,"axis":"x","origin":[8,0.825,7.5]},"faces":{"north":{"uv":[3,12,4,13],"texture":"#0"},"east":{"uv":[4,12,5,13],"texture":"#0"},"south":{"uv":[12,4,13,5],"texture":"#0"},"west":{"uv":[12,5,13,6],"texture":"#0"},"up":{"uv":[7,13,6,12],"texture":"#0"},"down":{"uv":[13,6,12,7],"texture":"#0"}}},{"from":[7.525,0.325,8],"to":[8.475,1.325,9],"rotation":{"angle":45,"axis":"x","origin":[8,0.825,8.5]},"faces":{"north":{"uv":[7,12,8,13],"texture":"#0"},"east":{"uv":[12,7,13,8],"texture":"#0"},"south":{"uv":[8,12,9,13],"texture":"#0"},"west":{"uv":[12,8,13,9],"texture":"#0"},"up":{"uv":[10,13,9,12],"texture":"#0"},"down":{"uv":[13,9,12,10],"texture":"#0"}}},{"from":[8.42926,10.25,7.225],"to":[9.22926,12.25,8.025],"rotation":{"angle":-22.5,"axis":"x","origin":[8.82926,11.25,7.625]},"faces":{"north":{"uv":[9,4,10,6],"texture":"#0"},"east":{"uv":[9,6,10,8],"texture":"#0"},"south":{"uv":[9,8,10,10],"texture":"#0"},"west":{"uv":[0,10,1,12],"texture":"#0"}}},{"from":[9.50426,9.425,7.55],"to":[11.00426,10.225,8.35],"rotation":{"angle":22.5,"axis":"z","origin":[9.75426,9.325,7.45]},"faces":{"north":{"uv":[6,4,7.5,5],"texture":"#0"},"east":{"uv":[10,12,11,13],"texture":"#0"},"south":{"uv":[11,2,12.5,3],"texture":"#0"},"up":{"uv":[4.5,12,3,11],"texture":"#0"},"down":{"uv":[12.5,3,11,4],"texture":"#0"}}},{"from":[9.74821,9.71222,6.8],"to":[10.74821,10.51222,7.55],"rotation":{"angle":22.5,"axis":"z","origin":[10.34821,10.11222,6.55]},"faces":{"north":{"uv":[5,13,6,14],"texture":"#0"},"east":{"uv":[13,5,14,6],"texture":"#0"},"west":{"uv":[6,13,7,14],"texture":"#0"},"up":{"uv":[14,7,13,6],"texture":"#0"},"down":{"uv":[8,13,7,14],"texture":"#0"}}},{"from":[7.42926,10.375,7.55],"to":[8.22926,12.375,8.35],"rotation":{"angle":0,"axis":"z","origin":[8.32926,10.375,7.45]},"faces":{"north":{"uv":[1,10,2,12],"texture":"#0"},"east":{"uv":[10,4,11,6],"texture":"#0"},"south":{"uv":[10,6,11,8],"texture":"#0"},"west":{"uv":[10,8,11,10],"texture":"#0"}}},{"from":[7.42926,12.14581,7.19776],"to":[8.22926,13.39581,7.99776],"rotation":{"angle":-22.5,"axis":"x","origin":[7.82926,13.14581,7.59776]},"faces":{"north":{"uv":[11,4,12,5.5],"texture":"#0"},"east":{"uv":[5,11,6,12.5],"texture":"#0"},"south":{"uv":[11,6,12,7.5],"texture":"#0"},"west":{"uv":[11,8,12,9.5],"texture":"#0"},"up":{"uv":[12,13,11,12],"texture":"#0"}}},{"from":[5.30118,11.22622,7.55],"to":[6.10118,12.22622,8.35],"rotation":{"angle":45,"axis":"z","origin":[5.70118,12.22622,7.95]},"faces":{"north":{"uv":[13,2,14,3],"texture":"#0"},"east":{"uv":[3,13,4,14],"texture":"#0"},"south":{"uv":[13,3,14,4],"texture":"#0"},"west":{"uv":[4,13,5,14],"texture":"#0"},"up":{"uv":[14,5,13,4],"texture":"#0"}}},{"from":[8.42926,11.75122,6.22192],"to":[9.22926,12.75122,7.02192],"rotation":{"angle":-45,"axis":"x","origin":[8.82926,12.75122,6.62192]},"faces":{"north":{"uv":[12,12,13,13],"texture":"#0"},"east":{"uv":[0,13,1,14],"texture":"#0"},"south":{"uv":[1,13,2,14],"texture":"#0"},"west":{"uv":[13,1,14,2],"texture":"#0"},"up":{"uv":[3,14,2,13],"texture":"#0"}}},{"from":[6.30426,9.725,7.55],"to":[7.10426,11.725,8.35],"rotation":{"angle":22.5,"axis":"z","origin":[6.70426,10.725,7.95]},"faces":{"north":{"uv":[9,10,10,12],"texture":"#0"},"east":{"uv":[10,10,11,12],"texture":"#0"},"south":{"uv":[11,0,12,2],"texture":"#0"},"west":{"uv":[2,11,3,13],"texture":"#0"}}},{"from":[5.38393,9.72928,7.55],"to":[6.88393,10.52928,8.35],"rotation":{"angle":-22.5,"axis":"z","origin":[5.22949,10.04883,7.95]},"faces":{"north":{"uv":[11,10,12.5,11],"texture":"#0"},"south":{"uv":[11,11,12.5,12],"texture":"#0"},"up":{"uv":[1.5,13,0,12],"texture":"#0"},"down":{"uv":[13.5,0,12,1],"texture":"#0"}}},{"from":[4.67917,9.9309,7.55],"to":[5.67917,10.7309,8.35],"rotation":{"angle":-45,"axis":"z","origin":[5.17917,10.3309,7.95]},"faces":{"north":{"uv":[13,7,14,8],"texture":"#0"},"south":{"uv":[8,13,9,14],"texture":"#0"},"west":{"uv":[13,8,14,9],"texture":"#0"},"up":{"uv":[10,14,9,13],"texture":"#0"},"down":{"uv":[14,9,13,10],"texture":"#0"}}}],"gui_light":"front","display":{"thirdperson_righthand":{"translation":[0,3.75,1],"scale":[1.1582,1.1582,1.1582]},"thirdperson_lefthand":{"translation":[0,3.75,1],"scale":[1.1582,1.1582,1.1582]},"firstperson_righthand":{"rotation":[-19,0,0],"translation":[3.25,2.25,-5],"scale":[1.06445,1.06445,1.06445]},"firstperson_lefthand":{"rotation":[-19,0,0],"translation":[3.25,2.25,-5],"scale":[1.06445,1.06445,1.06445]},"ground":{"rotation":[-35,0,0],"translation":[0,7.75,0],"scale":[1.34766,1.34766,1.34766]},"gui":{"rotation":[0,180,-45],"translation":[-1.25,1.25,0],"scale":[1.64844,1.64844,1.64844]},"head":{"scale":[1.5,1.5,1.5]},"fixed":{"translation":[0,6.25,-2.5],"scale":[3.11133,3.11133,3.11133]}}}