{"credit":"MadebyPolygonMC","texture_size":[32,32],"textures":{"1":"halloweenset:zombie_backpack"},"elements":[{"from":[4.5,-15.25,5.5],"to":[11.5,-7.25,10.5],"rotation":{"angle":0,"axis":"y","origin":[4.5,-15.25,5.5]},"faces":{"north":{"uv":[0,0,3.5,4],"texture":"#1","tintindex":0},"east":{"uv":[0,4,2.5,8],"texture":"#1","tintindex":0},"south":{"uv":[3.5,0,7,4],"texture":"#1","tintindex":0},"west":{"uv":[2.5,4,5,8],"texture":"#1","tintindex":0},"up":{"uv":[8.5,6.5,5,4],"texture":"#1","tintindex":0},"down":{"uv":[8.5,6.5,5,9],"texture":"#1","tintindex":0}}},{"from":[11.5,-14.75,6.5],"to":[13.5,-10.75,9.5],"rotation":{"angle":0,"axis":"y","origin":[11.5,-15.25,5.5]},"faces":{"north":{"uv":[7,2,8,4],"texture":"#1","tintindex":0},"east":{"uv":[7,0,8.5,2],"texture":"#1","tintindex":0},"south":{"uv":[9.5,2.5,10.5,4.5],"texture":"#1","tintindex":0},"up":{"uv":[2,12,1,10.5],"texture":"#1","tintindex":0},"down":{"uv":[11.5,1.5,10.5,3],"texture":"#1","tintindex":0}}},{"from":[2.5,-14.75,6.5],"to":[4.5,-10.75,9.5],"rotation":{"angle":0,"axis":"y","origin":[4.5,-15.25,5.5]},"faces":{"north":{"uv":[8,2,7,4],"texture":"#1","tintindex":0},"south":{"uv":[10.5,2.5,9.5,4.5],"texture":"#1","tintindex":0},"west":{"uv":[8.5,0,7,2],"texture":"#1","tintindex":0},"up":{"uv":[1,12,2,10.5],"texture":"#1","tintindex":0},"down":{"uv":[10.5,1.5,11.5,3],"texture":"#1","tintindex":0}}},{"from":[4.5,-13.25,1.751],"to":[6,-6.25,1.751],"rotation":{"angle":0,"axis":"y","origin":[15.5,-20.25,16.501]},"faces":{"north":{"uv":[0,8,0.75,11.5],"texture":"#1","tintindex":0},"east":{"uv":[0,0,0,3.5],"texture":"#1","tintindex":0},"south":{"uv":[0.75,8,0,11.5],"texture":"#1","tintindex":0},"west":{"uv":[0,0,0,3.5],"texture":"#1","tintindex":0},"up":{"uv":[0.75,0,0,0],"texture":"#1","tintindex":0},"down":{"uv":[0.75,0,0,0],"texture":"#1","tintindex":0}}},{"from":[4.5,-6.251,1.75],"to":[6,-6.251,5.5],"rotation":{"angle":0,"axis":"x","origin":[5.25,-4.251,4]},"faces":{"north":{"uv":[0,0,0.75,0],"texture":"#1","tintindex":0},"east":{"uv":[0,0,2,0],"texture":"#1","tintindex":0},"south":{"uv":[0,0,0.75,0],"texture":"#1","tintindex":0},"west":{"uv":[0,0,2,0],"texture":"#1","tintindex":0},"up":{"uv":[2.75,12.5,2,10.5],"texture":"#1","tintindex":0},"down":{"uv":[2.75,10.5,2,12.5],"texture":"#1","tintindex":0}}},{"from":[4.5,-13.251,1.75],"to":[6,-13.251,5.5],"rotation":{"angle":0,"axis":"x","origin":[5.25,-11.251,4]},"faces":{"north":{"uv":[0,0,0.75,0],"texture":"#1","tintindex":0},"east":{"uv":[0,0,2,0],"texture":"#1","tintindex":0},"south":{"uv":[0,0,0.75,0],"texture":"#1","tintindex":0},"west":{"uv":[0,0,2,0],"texture":"#1","tintindex":0},"up":{"uv":[2.75,12.5,2,10.5],"texture":"#1","tintindex":0},"down":{"uv":[2.75,10.5,2,12.5],"texture":"#1","tintindex":0}}},{"from":[4.5,-7.25,5.501],"to":[6,-6.25,5.501],"rotation":{"angle":0,"axis":"y","origin":[15.5,-20.25,16.501]},"faces":{"north":{"uv":[13.75,4.5,13,5],"texture":"#1","tintindex":0},"east":{"uv":[0,0,0,0.5],"texture":"#1","tintindex":0},"south":{"uv":[13,4.5,13.75,5],"texture":"#1","tintindex":0},"west":{"uv":[0,0,0,0.5],"texture":"#1","tintindex":0},"up":{"uv":[0.75,0,0,0],"texture":"#1","tintindex":0},"down":{"uv":[0.75,0,0,0],"texture":"#1","tintindex":0}}},{"from":[10,-6.251,1.75],"to":[11.5,-6.251,5.5],"rotation":{"angle":0,"axis":"x","origin":[10.75,-4.251,4]},"faces":{"north":{"uv":[0.75,0,0,0],"texture":"#1","tintindex":0},"east":{"uv":[2,0,0,0],"texture":"#1","tintindex":0},"south":{"uv":[0.75,0,0,0],"texture":"#1","tintindex":0},"west":{"uv":[2,0,0,0],"texture":"#1","tintindex":0},"up":{"uv":[2,12.5,2.75,10.5],"texture":"#1","tintindex":0},"down":{"uv":[2,10.5,2.75,12.5],"texture":"#1","tintindex":0}}},{"from":[10,-13.25,1.751],"to":[11.5,-6.25,1.751],"rotation":{"angle":0,"axis":"y","origin":[0.5,-20.25,16.501]},"faces":{"north":{"uv":[0.75,8,0,11.5],"texture":"#1","tintindex":0},"east":{"uv":[0,0,0,3.5],"texture":"#1","tintindex":0},"south":{"uv":[0,8,0.75,11.5],"texture":"#1","tintindex":0},"west":{"uv":[0,0,0,3.5],"texture":"#1","tintindex":0},"up":{"uv":[0,0,0.75,0],"texture":"#1","tintindex":0},"down":{"uv":[0,0,0.75,0],"texture":"#1","tintindex":0}}},{"from":[10,-13.251,1.75],"to":[11.5,-13.251,5.5],"rotation":{"angle":0,"axis":"x","origin":[10.75,-11.251,4]},"faces":{"north":{"uv":[0.75,0,0,0],"texture":"#1","tintindex":0},"east":{"uv":[2,0,0,0],"texture":"#1","tintindex":0},"south":{"uv":[0.75,0,0,0],"texture":"#1","tintindex":0},"west":{"uv":[2,0,0,0],"texture":"#1","tintindex":0},"up":{"uv":[2,12.5,2.75,10.5],"texture":"#1","tintindex":0},"down":{"uv":[2,10.5,2.75,12.5],"texture":"#1","tintindex":0}}},{"from":[10,-7.25,5.501],"to":[11.5,-6.25,5.501],"rotation":{"angle":0,"axis":"y","origin":[0.5,-20.25,16.501]},"faces":{"north":{"uv":[13,4.5,13.75,5],"texture":"#1","tintindex":0},"east":{"uv":[0,0,0,0.5],"texture":"#1","tintindex":0},"south":{"uv":[13.75,4.5,13,5],"texture":"#1","tintindex":0},"west":{"uv":[0,0,0,0.5],"texture":"#1","tintindex":0},"up":{"uv":[0,0,0.75,0],"texture":"#1","tintindex":0},"down":{"uv":[0,0,0.75,0],"texture":"#1","tintindex":0}}},{"from":[7.5,-9.5,8.3],"to":[8.5,-5.5,9.3],"rotation":{"angle":0,"axis":"y","origin":[7.5,-10.5,8.3]},"faces":{"north":{"uv":[8,2,8.5,4],"texture":"#1","tintindex":0},"east":{"uv":[5,11.5,5.5,13.5],"texture":"#1","tintindex":0},"south":{"uv":[5.5,11.5,6,13.5],"texture":"#1","tintindex":0},"west":{"uv":[6,11.5,6.5,13.5],"texture":"#1","tintindex":0},"down":{"uv":[11,4,10.5,4.5],"texture":"#1","tintindex":0}}},{"from":[7,-5.5,7.8],"to":[9,-0.5,9.8],"rotation":{"angle":0,"axis":"y","origin":[8,-5.5,8.8]},"faces":{"north":{"uv":[1,8,2,10.5],"texture":"#1","tintindex":0},"east":{"uv":[2,8,3,10.5],"texture":"#1","tintindex":0},"south":{"uv":[3,8,4,10.5],"texture":"#1","tintindex":0},"west":{"uv":[4,8,5,10.5],"texture":"#1","tintindex":0},"up":{"uv":[7.5,12.5,6.5,11.5],"texture":"#1","tintindex":0},"down":{"uv":[8.5,11.5,7.5,12.5],"texture":"#1","tintindex":0}}},{"from":[6.5,-2.5,7.775],"to":[9.5,0,9.725],"rotation":{"angle":0,"axis":"y","origin":[8,-5.5,8.75]},"faces":{"north":{"uv":[9.5,4.5,11,5.75],"texture":"#1","tintindex":0},"east":{"uv":[11,7,12,8.25],"texture":"#1","tintindex":0},"south":{"uv":[9.5,6,11,7.25],"texture":"#1","tintindex":0},"west":{"uv":[11,8.5,12,9.75],"texture":"#1","tintindex":0},"up":{"uv":[4.5,11.5,3,10.5],"texture":"#1","tintindex":0},"down":{"uv":[12,3,10.5,4],"texture":"#1","tintindex":0}}},{"from":[7.525,-10.175,7],"to":[8.475,-9.175,8],"rotation":{"angle":45,"axis":"x","origin":[8,-9.675,7.5]},"faces":{"north":{"uv":[11,10,11.5,10.5],"texture":"#1","tintindex":0},"east":{"uv":[12,1,12.5,1.5],"texture":"#1","tintindex":0},"south":{"uv":[12,13.5,12.5,14],"texture":"#1","tintindex":0},"west":{"uv":[13.5,12,14,12.5],"texture":"#1","tintindex":0},"up":{"uv":[13,14,12.5,13.5],"texture":"#1","tintindex":0},"down":{"uv":[14,12.5,13.5,13],"texture":"#1","tintindex":0}}},{"from":[7.525,-10.175,8],"to":[8.475,-9.175,9],"rotation":{"angle":45,"axis":"x","origin":[8,-9.675,8.5]},"faces":{"north":{"uv":[13,13.5,13.5,14],"texture":"#1","tintindex":0},"east":{"uv":[13.5,13,14,13.5],"texture":"#1","tintindex":0},"south":{"uv":[13.5,13.5,14,14],"texture":"#1","tintindex":0},"west":{"uv":[0,14,0.5,14.5],"texture":"#1","tintindex":0},"up":{"uv":[1,14.5,0.5,14],"texture":"#1","tintindex":0},"down":{"uv":[14.5,0.5,14,1],"texture":"#1","tintindex":0}}},{"from":[8.42926,-0.25,8.025],"to":[9.22926,1.75,8.825],"rotation":{"angle":-22.5,"axis":"x","origin":[8.82926,0.75,8.425]},"faces":{"north":{"uv":[8,9,8.5,10],"texture":"#1","tintindex":0},"east":{"uv":[4.5,10.5,5,11.5],"texture":"#1","tintindex":0},"south":{"uv":[10.5,12,11,13],"texture":"#1","tintindex":0},"west":{"uv":[11,12,11.5,13],"texture":"#1","tintindex":0}}},{"from":[9.50426,-1.075,8.35],"to":[11.00426,-0.275,9.15],"rotation":{"angle":22.5,"axis":"z","origin":[9.75426,-1.175,8.25]},"faces":{"north":{"uv":[6.5,13,7.25,13.5],"texture":"#1","tintindex":0},"east":{"uv":[1,14,1.5,14.5],"texture":"#1","tintindex":0},"south":{"uv":[13,6.5,13.75,7],"texture":"#1","tintindex":0},"up":{"uv":[13.75,7.5,13,7],"texture":"#1","tintindex":0},"down":{"uv":[13.75,7.5,13,8],"texture":"#1","tintindex":0}}},{"from":[9.74821,-0.78778,7.6],"to":[10.74821,0.01222,8.35],"rotation":{"angle":22.5,"axis":"z","origin":[10.34821,-0.38778,7.35]},"faces":{"north":{"uv":[14,1,14.5,1.5],"texture":"#1","tintindex":0},"east":{"uv":[1.5,14,2,14.5],"texture":"#1","tintindex":0},"west":{"uv":[14,1.5,14.5,2],"texture":"#1","tintindex":0},"up":{"uv":[14.5,2.5,14,2],"texture":"#1","tintindex":0},"down":{"uv":[3.5,14,3,14.5],"texture":"#1","tintindex":0}}},{"from":[7.42926,-0.125,8.35],"to":[8.22926,1.875,9.15],"rotation":{"angle":0,"axis":"y","origin":[8.32926,-0.125,8.25]},"faces":{"north":{"uv":[12,11,12.5,12],"texture":"#1","tintindex":0},"east":{"uv":[11.5,12,12,13],"texture":"#1","tintindex":0},"south":{"uv":[12,12,12.5,13],"texture":"#1","tintindex":0},"west":{"uv":[12.5,1,13,2],"texture":"#1","tintindex":0}}},{"from":[7.42926,1.64581,7.99776],"to":[8.22926,2.89581,8.79776],"rotation":{"angle":-22.5,"axis":"x","origin":[7.82926,2.64581,8.39776]},"faces":{"north":{"uv":[4.5,13,5,13.75],"texture":"#1","tintindex":0},"east":{"uv":[9.5,13,10,13.75],"texture":"#1","tintindex":0},"south":{"uv":[10,13,10.5,13.75],"texture":"#1","tintindex":0},"west":{"uv":[13,10,13.5,10.75],"texture":"#1","tintindex":0},"up":{"uv":[14.5,3.5,14,3],"texture":"#1","tintindex":0}}},{"from":[5.30118,0.72622,8.35],"to":[6.10118,1.72622,9.15],"rotation":{"angle":45,"axis":"z","origin":[5.70118,1.72622,8.75]},"faces":{"north":{"uv":[14,3.5,14.5,4],"texture":"#1","tintindex":0},"east":{"uv":[14,4,14.5,4.5],"texture":"#1","tintindex":0},"south":{"uv":[4.5,14,5,14.5],"texture":"#1","tintindex":0},"west":{"uv":[14,4.5,14.5,5],"texture":"#1","tintindex":0},"up":{"uv":[5.5,14.5,5,14],"texture":"#1","tintindex":0}}},{"from":[8.42926,1.25122,7.02192],"to":[9.22926,2.25122,7.82192],"rotation":{"angle":-45,"axis":"x","origin":[8.82926,2.25122,7.42192]},"faces":{"north":{"uv":[14,5,14.5,5.5],"texture":"#1","tintindex":0},"east":{"uv":[5.5,14,6,14.5],"texture":"#1","tintindex":0},"south":{"uv":[14,5.5,14.5,6],"texture":"#1","tintindex":0},"west":{"uv":[6.5,14,7,14.5],"texture":"#1","tintindex":0},"up":{"uv":[14.5,7,14,6.5],"texture":"#1","tintindex":0}}},{"from":[6.30426,-0.775,8.35],"to":[7.10426,1.225,9.15],"rotation":{"angle":22.5,"axis":"z","origin":[6.70426,0.225,8.75]},"faces":{"north":{"uv":[2,12.5,2.5,13.5],"texture":"#1","tintindex":0},"east":{"uv":[12.5,2,13,3],"texture":"#1","tintindex":0},"south":{"uv":[2.5,12.5,3,13.5],"texture":"#1","tintindex":0},"west":{"uv":[12.5,4,13,5],"texture":"#1","tintindex":0}}},{"from":[5.38393,-0.77072,8.35],"to":[6.88393,0.02928,9.15],"rotation":{"angle":-22.5,"axis":"z","origin":[5.22949,-0.45117,8.75]},"faces":{"north":{"uv":[13,8,13.75,8.5],"texture":"#1","tintindex":0},"south":{"uv":[10.5,13,11.25,13.5],"texture":"#1","tintindex":0},"up":{"uv":[12.25,13.5,11.5,13],"texture":"#1","tintindex":0},"down":{"uv":[13.25,13,12.5,13.5],"texture":"#1","tintindex":0}}},{"from":[4.67917,-0.5691,8.35],"to":[5.67917,0.2309,9.15],"rotation":{"angle":-45,"axis":"z","origin":[5.17917,-0.1691,8.75]},"faces":{"north":{"uv":[7,14,7.5,14.5],"texture":"#1","tintindex":0},"south":{"uv":[14,7,14.5,7.5],"texture":"#1","tintindex":0},"west":{"uv":[14,7.5,14.5,8],"texture":"#1","tintindex":0},"up":{"uv":[14.5,8.5,14,8],"texture":"#1","tintindex":0},"down":{"uv":[14.5,8.5,14,9],"texture":"#1","tintindex":0}}},{"from":[10.31935,-10.35392,9.09524],"to":[11.31935,-6.35392,10.09524],"rotation":{"angle":-22.5,"axis":"z","origin":[10.91069,-4.57166,9.80595]},"faces":{"north":{"uv":[8.5,11.5,9,13.5],"texture":"#1","tintindex":0},"east":{"uv":[9,11.5,9.5,13.5],"texture":"#1","tintindex":0},"south":{"uv":[11.5,10,12,12],"texture":"#1","tintindex":0},"west":{"uv":[1,12,1.5,14],"texture":"#1","tintindex":0},"down":{"uv":[14.5,9,14,9.5],"texture":"#1","tintindex":0}}},{"from":[12.69439,-8.22714,8.59524],"to":[14.69439,-3.22714,10.59524],"rotation":{"angle":-45,"axis":"z","origin":[14.06137,-2.92757,9.80595]},"faces":{"north":{"uv":[8.5,0,9.5,2.5],"texture":"#1","tintindex":0},"east":{"uv":[8.5,2.5,9.5,5],"texture":"#1","tintindex":0},"south":{"uv":[8.5,5,9.5,7.5],"texture":"#1","tintindex":0},"west":{"uv":[8.5,7.5,9.5,10],"texture":"#1","tintindex":0},"up":{"uv":[13,1,12,0],"texture":"#1","tintindex":0},"down":{"uv":[13,3,12,4],"texture":"#1","tintindex":0}}},{"from":[12.76939,-5.22714,8.09524],"to":[14.71939,-2.72714,11.09524],"rotation":{"angle":-45,"axis":"z","origin":[14.06137,-2.92757,9.80595]},"faces":{"north":{"uv":[0,11.5,1,12.75],"texture":"#1","tintindex":0},"east":{"uv":[9.5,7.5,11,8.75],"texture":"#1","tintindex":0},"south":{"uv":[11.5,1.5,12.5,2.75],"texture":"#1","tintindex":0},"west":{"uv":[9.5,9,11,10.25],"texture":"#1","tintindex":0},"up":{"uv":[10.5,12,9.5,10.5],"texture":"#1","tintindex":0},"down":{"uv":[11.5,10.5,10.5,12],"texture":"#1","tintindex":0}}},{"from":[6.48724,-9.57305,8.32024],"to":[7.48724,-8.57305,9.27024],"rotation":{"angle":22.5,"axis":"z","origin":[10.91069,-4.57166,9.00595]},"faces":{"north":{"uv":[9.5,14,10,14.5],"texture":"#1","tintindex":0},"east":{"uv":[14,9.5,14.5,10],"texture":"#1","tintindex":0},"south":{"uv":[10,14,10.5,14.5],"texture":"#1","tintindex":0},"west":{"uv":[14,10,14.5,10.5],"texture":"#1","tintindex":0},"up":{"uv":[11,14.5,10.5,14],"texture":"#1","tintindex":0},"down":{"uv":[11.5,14,11,14.5],"texture":"#1","tintindex":0}}},{"from":[5.78014,-8.86594,8.32024],"to":[6.78014,-7.86594,9.27024],"rotation":{"angle":22.5,"axis":"z","origin":[10.91069,-4.57166,9.00595]},"faces":{"north":{"uv":[14,11,14.5,11.5],"texture":"#1","tintindex":0},"east":{"uv":[14,11.5,14.5,12],"texture":"#1","tintindex":0},"south":{"uv":[12,14,12.5,14.5],"texture":"#1","tintindex":0},"west":{"uv":[14,12,14.5,12.5],"texture":"#1","tintindex":0},"up":{"uv":[13,14.5,12.5,14],"texture":"#1","tintindex":0},"down":{"uv":[14.5,12.5,14,13],"texture":"#1","tintindex":0}}},{"from":[13.94252,-2.97126,10.0245],"to":[15.94252,-2.17126,10.8245],"rotation":{"angle":22.5,"axis":"z","origin":[14.06137,-2.92757,9.80595]},"faces":{"north":{"uv":[12.5,5,13.5,5.5],"texture":"#1","tintindex":0},"south":{"uv":[12.5,5.5,13.5,6],"texture":"#1","tintindex":0},"up":{"uv":[13.5,6.5,12.5,6],"texture":"#1","tintindex":0},"down":{"uv":[7.5,12.5,6.5,13],"texture":"#1","tintindex":0}}},{"from":[13.34439,-4.0685,11.0497],"to":[14.14439,-3.2685,12.5497],"rotation":{"angle":-45,"axis":"z","origin":[14.06137,-2.92757,9.80595]},"faces":{"east":{"uv":[0,13.5,0.75,14],"texture":"#1","tintindex":0},"south":{"uv":[13,14,13.5,14.5],"texture":"#1","tintindex":0},"west":{"uv":[13.5,0,14.25,0.5],"texture":"#1","tintindex":0},"up":{"uv":[14,1.25,13.5,0.5],"texture":"#1","tintindex":0},"down":{"uv":[14,1.5,13.5,2.25],"texture":"#1","tintindex":0}}},{"from":[14.14439,-4.0685,11.54969],"to":[14.89439,-3.2685,12.54969],"rotation":{"angle":-45,"axis":"z","origin":[14.06137,-2.92757,9.80595]},"faces":{"north":{"uv":[10.5,14.5,10.75,15],"texture":"#1","tintindex":0},"east":{"uv":[14,13,14.5,13.5],"texture":"#1","tintindex":0},"south":{"uv":[14.5,10.5,14.75,11],"texture":"#1","tintindex":0},"up":{"uv":[11.25,15,11,14.5],"texture":"#1","tintindex":0},"down":{"uv":[14.75,11,14.5,11.5],"texture":"#1","tintindex":0}}},{"from":[13.58504,-2.90589,9.0245],"to":[14.38504,-0.90589,9.8245],"rotation":{"angle":-22.5,"axis":"z","origin":[14.06137,-2.92757,9.80595]},"faces":{"north":{"uv":[12.5,6.5,13,7.5],"texture":"#1","tintindex":0},"east":{"uv":[7.5,12.5,8,13.5],"texture":"#1","tintindex":0},"south":{"uv":[12.5,7.5,13,8.5],"texture":"#1","tintindex":0},"west":{"uv":[8,12.5,8.5,13.5],"texture":"#1","tintindex":0}}},{"from":[12.84764,-1.24206,9.0245],"to":[13.64764,0.00794,9.8245],"rotation":{"angle":-45,"axis":"z","origin":[14.06137,-2.92757,9.80595]},"faces":{"north":{"uv":[2,13.5,2.5,14.25],"texture":"#1","tintindex":0},"east":{"uv":[2.5,13.5,3,14.25],"texture":"#1","tintindex":0},"south":{"uv":[3.5,13.5,4,14.25],"texture":"#1","tintindex":0},"west":{"uv":[4,13.5,4.5,14.25],"texture":"#1","tintindex":0},"up":{"uv":[14,14.5,13.5,14],"texture":"#1","tintindex":0}}},{"from":[15.36148,-2.56927,7.8995],"to":[16.36148,-1.76927,8.6995],"rotation":{"angle":0,"axis":"z","origin":[14.06137,-2.92757,9.80595]},"faces":{"north":{"uv":[14,13.5,14.5,14],"texture":"#1","tintindex":0},"east":{"uv":[14,14,14.5,14.5],"texture":"#1","tintindex":0},"south":{"uv":[0,14.5,0.5,15],"texture":"#1","tintindex":0},"up":{"uv":[15,0.5,14.5,0],"texture":"#1","tintindex":0},"down":{"uv":[1,14.5,0.5,15],"texture":"#1","tintindex":0}}},{"from":[15.5099,-2.30895,10.0245],"to":[16.5099,-1.50895,10.8245],"rotation":{"angle":0,"axis":"z","origin":[14.06137,-2.92757,9.80595]},"faces":{"north":{"uv":[14.5,0.5,15,1],"texture":"#1","tintindex":0},"east":{"uv":[1,14.5,1.5,15],"texture":"#1","tintindex":0},"south":{"uv":[14.5,1,15,1.5],"texture":"#1","tintindex":0},"up":{"uv":[2,15,1.5,14.5],"texture":"#1","tintindex":0},"down":{"uv":[15,1.5,14.5,2],"texture":"#1","tintindex":0}}},{"from":[13.70578,-3.15497,7.8995],"to":[15.70578,-2.35497,8.6995],"rotation":{"angle":22.5,"axis":"z","origin":[14.06137,-2.92757,9.80595]},"faces":{"north":{"uv":[12.5,8.5,13.5,9],"texture":"#1","tintindex":0},"east":{"uv":[2,14.5,2.5,15],"texture":"#1","tintindex":0},"south":{"uv":[12.5,9,13.5,9.5],"texture":"#1","tintindex":0},"west":{"uv":[14.5,2,15,2.5],"texture":"#1","tintindex":0},"up":{"uv":[13.5,10,12.5,9.5],"texture":"#1","tintindex":0},"down":{"uv":[13.5,11,12.5,11.5],"texture":"#1","tintindex":0}}},{"from":[13.34439,-3.77862,6.8122],"to":[14.14439,-2.97862,8.3122],"rotation":{"angle":-45,"axis":"z","origin":[14.06137,-2.92757,9.80595]},"faces":{"north":{"uv":[2.5,14.5,3,15],"texture":"#1","tintindex":0},"east":{"uv":[13.5,2.5,14.25,3],"texture":"#1","tintindex":0},"south":{"uv":[14.5,2.5,15,3],"texture":"#1","tintindex":0},"west":{"uv":[5,13.5,5.75,14],"texture":"#1","tintindex":0},"up":{"uv":[14,5.75,13.5,5],"texture":"#1","tintindex":0},"down":{"uv":[6.5,13.5,6,14.25],"texture":"#1","tintindex":0}}},{"from":[4.68065,-10.35392,9.00476],"to":[5.68065,-6.35392,10.00476],"rotation":{"angle":22.5,"axis":"z","origin":[5.08931,-4.57166,9.29405]},"faces":{"north":{"uv":[1.5,12,2,14],"texture":"#1","tintindex":0},"east":{"uv":[12,4,12.5,6],"texture":"#1","tintindex":0},"south":{"uv":[12,6,12.5,8],"texture":"#1","tintindex":0},"west":{"uv":[12,8,12.5,10],"texture":"#1","tintindex":0},"down":{"uv":[3.5,14.5,3,15],"texture":"#1","tintindex":0}}},{"from":[4.18065,-6.35392,8.50476],"to":[6.18065,-1.35392,10.50476],"rotation":{"angle":22.5,"axis":"z","origin":[5.08931,-4.57166,9.29405]},"faces":{"north":{"uv":[5,9,6,11.5],"texture":"#1","tintindex":0},"east":{"uv":[6,9,7,11.5],"texture":"#1","tintindex":0},"south":{"uv":[7,9,8,11.5],"texture":"#1","tintindex":0},"west":{"uv":[9.5,0,10.5,2.5],"texture":"#1","tintindex":0},"up":{"uv":[10.5,13,9.5,12],"texture":"#1","tintindex":0},"down":{"uv":[13,10,12,11],"texture":"#1","tintindex":0}}},{"from":[1.59985,-4.50375,8.00476],"to":[3.54985,-2.00375,11.00476],"rotation":{"angle":45,"axis":"z","origin":[2.23068,-1.33446,9.29405]},"faces":{"north":{"uv":[3,11.5,4,12.75],"texture":"#1","tintindex":0},"east":{"uv":[8,10,9.5,11.25],"texture":"#1","tintindex":0},"south":{"uv":[4,11.5,5,12.75],"texture":"#1","tintindex":0},"west":{"uv":[10.5,0,12,1.25],"texture":"#1","tintindex":0},"up":{"uv":[12,5.5,11,4],"texture":"#1","tintindex":0},"down":{"uv":[12,5.5,11,7],"texture":"#1","tintindex":0}}},{"from":[8.51276,-9.57305,8.22976],"to":[9.51276,-8.57305,9.17976],"rotation":{"angle":-22.5,"axis":"z","origin":[5.08931,-4.57166,8.49405]},"faces":{"north":{"uv":[14.5,3,15,3.5],"texture":"#1","tintindex":0},"east":{"uv":[3.5,14.5,4,15],"texture":"#1","tintindex":0},"south":{"uv":[14.5,3.5,15,4],"texture":"#1","tintindex":0},"west":{"uv":[4,14.5,4.5,15],"texture":"#1","tintindex":0},"up":{"uv":[15,4.5,14.5,4],"texture":"#1","tintindex":0},"down":{"uv":[5,14.5,4.5,15],"texture":"#1","tintindex":0}}},{"from":[9.21986,-8.86594,8.22976],"to":[10.21986,-7.86594,9.17976],"rotation":{"angle":-22.5,"axis":"z","origin":[5.08931,-4.57166,8.49405]},"faces":{"north":{"uv":[14.5,4.5,15,5],"texture":"#1","tintindex":0},"east":{"uv":[5,14.5,5.5,15],"texture":"#1","tintindex":0},"south":{"uv":[14.5,5,15,5.5],"texture":"#1","tintindex":0},"west":{"uv":[5.5,14.5,6,15],"texture":"#1","tintindex":0},"up":{"uv":[15,6,14.5,5.5],"texture":"#1","tintindex":0},"down":{"uv":[6.5,14.5,6,15],"texture":"#1","tintindex":0}}},{"from":[1.16346,-1.68586,8.2755],"to":[3.16346,-0.88586,9.0755],"rotation":{"angle":-22.5,"axis":"z","origin":[2.23068,-1.33446,9.29405]},"faces":{"north":{"uv":[12.5,11.5,13.5,12],"texture":"#1","tintindex":0},"south":{"uv":[12.5,12,13.5,12.5],"texture":"#1","tintindex":0},"up":{"uv":[13.5,13,12.5,12.5],"texture":"#1","tintindex":0},"down":{"uv":[1,13,0,13.5],"texture":"#1","tintindex":0}}},{"from":[2.17485,-3.34511,6.5503],"to":[2.97485,-2.54511,8.0503],"rotation":{"angle":45,"axis":"z","origin":[2.23068,-1.33446,9.29405]},"faces":{"north":{"uv":[14.5,6,15,6.5],"texture":"#1","tintindex":0},"east":{"uv":[13.5,6,14.25,6.5],"texture":"#1","tintindex":0},"west":{"uv":[6.5,13.5,7.25,14],"texture":"#1","tintindex":0},"up":{"uv":[8,14.25,7.5,13.5],"texture":"#1","tintindex":0},"down":{"uv":[8.5,13.5,8,14.25],"texture":"#1","tintindex":0}}},{"from":[1.42485,-3.34511,6.55031],"to":[2.17485,-2.54511,7.55031],"rotation":{"angle":45,"axis":"z","origin":[2.23068,-1.33446,9.29405]},"faces":{"north":{"uv":[11.5,14.5,11.75,15],"texture":"#1","tintindex":0},"south":{"uv":[14.5,11.5,14.75,12],"texture":"#1","tintindex":0},"west":{"uv":[6.5,14.5,7,15],"texture":"#1","tintindex":0},"up":{"uv":[12.25,15,12,14.5],"texture":"#1","tintindex":0},"down":{"uv":[14.75,12,14.5,12.5],"texture":"#1","tintindex":0}}},{"from":[2.26496,-2.10589,9.2755],"to":[3.06496,-0.10589,10.0755],"rotation":{"angle":22.5,"axis":"z","origin":[2.23068,-1.33446,9.29405]},"faces":{"north":{"uv":[13,0,13.5,1],"texture":"#1","tintindex":0},"east":{"uv":[13,1,13.5,2],"texture":"#1","tintindex":0},"south":{"uv":[13,2,13.5,3],"texture":"#1","tintindex":0},"west":{"uv":[3,13,3.5,14],"texture":"#1","tintindex":0}}},{"from":[2.6716,-0.51867,9.2755],"to":[3.4716,0.73133,10.0755],"rotation":{"angle":45,"axis":"z","origin":[2.23068,-1.33446,9.29405]},"faces":{"north":{"uv":[8.5,13.5,9,14.25],"texture":"#1","tintindex":0},"east":{"uv":[13.5,8.5,14,9.25],"texture":"#1","tintindex":0},"south":{"uv":[9,13.5,9.5,14.25],"texture":"#1","tintindex":0},"west":{"uv":[13.5,9.5,14,10.25],"texture":"#1","tintindex":0},"up":{"uv":[15,7,14.5,6.5],"texture":"#1","tintindex":0}}},{"from":[0.56478,-1.57191,10.4005],"to":[1.56478,-0.77191,11.2005],"rotation":{"angle":0,"axis":"z","origin":[2.23068,-1.33446,9.29405]},"faces":{"north":{"uv":[7,14.5,7.5,15],"texture":"#1","tintindex":0},"south":{"uv":[14.5,7,15,7.5],"texture":"#1","tintindex":0},"west":{"uv":[7.5,14.5,8,15],"texture":"#1","tintindex":0},"up":{"uv":[15,8,14.5,7.5],"texture":"#1","tintindex":0},"down":{"uv":[8.5,14.5,8,15],"texture":"#1","tintindex":0}}},{"from":[0.41636,-1.3116,8.2755],"to":[1.41636,-0.5116,9.0755],"rotation":{"angle":0,"axis":"z","origin":[2.23068,-1.33446,9.29405]},"faces":{"north":{"uv":[14.5,8,15,8.5],"texture":"#1","tintindex":0},"south":{"uv":[8.5,14.5,9,15],"texture":"#1","tintindex":0},"west":{"uv":[14.5,8.5,15,9],"texture":"#1","tintindex":0},"up":{"uv":[9.5,15,9,14.5],"texture":"#1","tintindex":0},"down":{"uv":[15,9,14.5,9.5],"texture":"#1","tintindex":0}}},{"from":[1.40019,-1.86957,10.4005],"to":[3.40019,-1.06957,11.2005],"rotation":{"angle":-22.5,"axis":"z","origin":[2.23068,-1.33446,9.29405]},"faces":{"north":{"uv":[13,3,14,3.5],"texture":"#1","tintindex":0},"east":{"uv":[9.5,14.5,10,15],"texture":"#1","tintindex":0},"south":{"uv":[3.5,13,4.5,13.5],"texture":"#1","tintindex":0},"west":{"uv":[14.5,9.5,15,10],"texture":"#1","tintindex":0},"up":{"uv":[14,4,13,3.5],"texture":"#1","tintindex":0},"down":{"uv":[14,4,13,4.5],"texture":"#1","tintindex":0}}},{"from":[2.17485,-3.05523,10.7878],"to":[2.97485,-2.25523,12.2878],"rotation":{"angle":45,"axis":"z","origin":[2.23068,-1.33446,9.29405]},"faces":{"north":{"uv":[10,14.5,10.5,15],"texture":"#1","tintindex":0},"east":{"uv":[10.5,13.5,11.25,14],"texture":"#1","tintindex":0},"south":{"uv":[14.5,10,15,10.5],"texture":"#1","tintindex":0},"west":{"uv":[13.5,10.5,14.25,11],"texture":"#1","tintindex":0},"up":{"uv":[14,11.75,13.5,11],"texture":"#1","tintindex":0},"down":{"uv":[12,13.5,11.5,14.25],"texture":"#1","tintindex":0}}}],"gui_light":"front","display":{"thirdperson_righthand":{"rotation":[60,180,0],"translation":[0,-0.75,-4.75]},"thirdperson_lefthand":{"rotation":[67.75,0,0],"translation":[-5.5,-8.25,7.5],"scale":[1.1582,1.1582,1.1582]},"firstperson_righthand":{"rotation":[-19,0,0],"translation":[-3.25,4.25,4.5],"scale":[0.65429,0.65429,0.65429]},"firstperson_lefthand":{"rotation":[-19,0,0],"translation":[-3.25,7.25,4],"scale":[0,0,0]},"ground":{"rotation":[-35,0,0],"translation":[0,5.5,0],"scale":[1.08985,1.08985,1.08985]},"gui":{"rotation":[0,-29,0],"translation":[0,15.5,0],"scale":[1.07617,1.07617,1.07617]},"head":{"translation":[0,-74,7.5],"scale":[1.75586,1.75586,1.75586]},"fixed":{"rotation":[-90,180,0],"translation":[0,0,-9.75],"scale":[3.11133,3.11133,3.11133]}}}