{
	"credit": "Made with Blockbench",
	"texture_size": [128, 128],
	"textures": {
		"0": "elitecreatures:zombie_apocalyptic_animated_weapon_set/zombie_texture_01",
		"2": "elitecreatures:zombie_apocalyptic_animated_weapon_set/zombie_animation_02",
		"particle": "elitecreatures:zombie_apocalyptic_animated_weapon_set/zombie_texture_01"
	},
	"elements": [
		{
			"from": [7, 2, 6],
			"to": [9, 9, 7.5],
			"rotation": {"angle": 0, "axis": "y", "origin": [0, -6, -2]},
			"faces": {
				"north": {"uv": [0.3125, 3.5625, 0.5625, 4.4375], "texture": "#0"},
				"east": {"uv": [0.1875, 3.5625, 0, 4.4375], "texture": "#0"},
				"south": {"uv": [0.5625, 3.5625, 0.8125, 4.4375], "texture": "#0"},
				"west": {"uv": [0, 3.5625, 0.1875, 4.4375], "texture": "#0"},
				"up": {"uv": [0.375, 3.25, 0.625, 3.4375], "texture": "#0"},
				"down": {"uv": [0.375, 3.25, 0.625, 3.4375], "texture": "#0"}
			}
		},
		{
			"from": [8, 10.875, -4.125],
			"to": [8, 12.875, 4.375],
			"rotation": {"angle": 0, "axis": "y", "origin": [8, 5.375, 0.5]},
			"faces": {
				"north": {"uv": [0, 1, 0, 0], "rotation": 180, "texture": "#2"},
				"east": {"uv": [2, 0, 1, 4.25], "rotation": 90, "texture": "#2"},
				"south": {"uv": [0, 0, 0, 1], "texture": "#2"},
				"west": {"uv": [1, 0, 2, 4.25], "rotation": 270, "texture": "#2"},
				"up": {"uv": [0, 0, 0, 12], "texture": "#2"},
				"down": {"uv": [0, 0, 0, 12], "rotation": 180, "texture": "#2"}
			}
		},
		{
			"from": [8, 12.375, -6.125],
			"to": [8, 15.875, -4.125],
			"rotation": {"angle": 0, "axis": "y", "origin": [8, 5.375, 0.5]},
			"faces": {
				"north": {"uv": [0, 0, 0, 1.75], "texture": "#2"},
				"east": {"uv": [1, 2, 2, 0.25], "rotation": 180, "texture": "#2"},
				"south": {"uv": [0, 0, 0, 1.75], "texture": "#2"},
				"west": {"uv": [1, 0.5, 2, 2.25], "texture": "#2"},
				"up": {"uv": [0, 1, 0, 0], "texture": "#2"},
				"down": {"uv": [0, 0, 0, 1], "texture": "#2"}
			}
		},
		{
			"from": [8, 15.875, -4.125],
			"to": [8, 17.875, 4.375],
			"rotation": {"angle": 0, "axis": "y", "origin": [8, 5.375, 0.5]},
			"faces": {
				"north": {"uv": [0, 0, 0, 1], "rotation": 180, "texture": "#2"},
				"east": {"uv": [1, 4.25, 2, 0], "rotation": 90, "texture": "#2"},
				"south": {"uv": [0, 1, 0, 0], "texture": "#2"},
				"west": {"uv": [2, 4.25, 1, 0], "rotation": 270, "texture": "#2"},
				"up": {"uv": [0, 0, 0, 12], "texture": "#2"},
				"down": {"uv": [0, 0, 0, 12], "rotation": 180, "texture": "#2"}
			}
		},
		{
			"from": [8, 12.875, -4.125],
			"to": [8, 15.875, 4.375],
			"rotation": {"angle": 0, "axis": "y", "origin": [8, 5.375, 0.5]},
			"faces": {
				"north": {"uv": [0.0625, 0, 0.0625, 0.375], "rotation": 180, "texture": "#missing"},
				"east": {"uv": [3, 0, 3.375, 1.125], "rotation": 90, "texture": "#0"},
				"south": {"uv": [0.0625, 0, 0.0625, 0.375], "texture": "#missing"},
				"west": {"uv": [3, 0, 3.375, 1.0625], "rotation": 270, "texture": "#0"},
				"up": {"uv": [0.0625, 0, 0.0625, 1.125], "texture": "#missing"},
				"down": {"uv": [0.0625, 0, 0.0625, 1.125], "rotation": 180, "texture": "#missing"}
			}
		},
		{
			"from": [7.7, 12.625, -4.125],
			"to": [7.7, 15.625, 4.375],
			"rotation": {"angle": 0, "axis": "y", "origin": [8, 5.375, 0.5]},
			"faces": {
				"north": {"uv": [0.375, 0.1875, 0.375, 0.5625], "rotation": 180, "texture": "#0"},
				"east": {"uv": [3.9375, 0, 3.5625, 1.0625], "rotation": 90, "texture": "#0"},
				"south": {"uv": [0.375, 0.1875, 0.375, 0.5625], "texture": "#0"},
				"west": {"uv": [3.5625, 0, 3.9375, 1.0625], "rotation": 270, "texture": "#0"},
				"up": {"uv": [0.375, 0, 0.375, 1.0625], "texture": "#0"},
				"down": {"uv": [0.5, 0, 0.5, 1.0625], "rotation": 180, "texture": "#0"}
			}
		},
		{
			"from": [8.3, 12.625, -4.125],
			"to": [8.3, 15.625, 4.375],
			"rotation": {"angle": 0, "axis": "y", "origin": [8, 5.375, 0.5]},
			"faces": {
				"north": {"uv": [0.375, 0.1875, 0.375, 0.5625], "rotation": 180, "texture": "#0"},
				"east": {"uv": [3.9375, 0, 3.5625, 1.0625], "rotation": 90, "texture": "#0"},
				"south": {"uv": [0.375, 0.1875, 0.375, 0.5625], "texture": "#0"},
				"west": {"uv": [3.5625, 0, 3.9375, 1.0625], "rotation": 270, "texture": "#0"},
				"up": {"uv": [0.375, 0, 0.375, 1.0625], "texture": "#0"},
				"down": {"uv": [0.5, 0, 0.5, 1.0625], "rotation": 180, "texture": "#0"}
			}
		},
		{
			"from": [8.3, -0.625, -4.125],
			"to": [8.3, 2.375, 4.375],
			"rotation": {"angle": 0, "axis": "y", "origin": [8, 10.625, 0.5]},
			"faces": {
				"north": {"uv": [0.375, 0.5625, 0.375, 0.1875], "rotation": 180, "texture": "#0"},
				"east": {"uv": [3.5625, 0, 3.9375, 1.0625], "rotation": 90, "texture": "#0"},
				"south": {"uv": [0.375, 0.5625, 0.375, 0.1875], "texture": "#0"},
				"west": {"uv": [3.9375, 0, 3.5625, 1.0625], "rotation": 270, "texture": "#0"},
				"up": {"uv": [0.5, 1.0625, 0.5, 0], "rotation": 180, "texture": "#0"},
				"down": {"uv": [0.375, 1.0625, 0.375, 0], "texture": "#0"}
			}
		},
		{
			"from": [8, -0.875, -6.125],
			"to": [8, 2.625, -4.125],
			"rotation": {"angle": 0, "axis": "y", "origin": [8, 10.625, 0.5]},
			"faces": {
				"north": {"uv": [0, 1.75, 0, 0], "texture": "#2"},
				"east": {"uv": [1, 0.25, 2, 2], "rotation": 180, "texture": "#2"},
				"south": {"uv": [0, 1.75, 0, 0], "texture": "#2"},
				"west": {"uv": [1, 2.25, 2, 0.5], "texture": "#2"},
				"up": {"uv": [0, 1, 0, 0], "texture": "#2"},
				"down": {"uv": [0, 0, 0, 1], "texture": "#2"}
			}
		},
		{
			"from": [8, -2.875, -4.125],
			"to": [8, -0.875, 4.375],
			"rotation": {"angle": 0, "axis": "y", "origin": [8, 10.625, 0.5]},
			"faces": {
				"north": {"uv": [0, 1, 0, 0], "rotation": 180, "texture": "#2"},
				"east": {"uv": [2, 4.25, 1, 0], "rotation": 90, "texture": "#2"},
				"south": {"uv": [0, 0, 0, 1], "texture": "#2"},
				"west": {"uv": [1, 4.25, 2, 0], "rotation": 270, "texture": "#2"},
				"up": {"uv": [0, 12, 0, 0], "rotation": 180, "texture": "#2"},
				"down": {"uv": [0, 12, 0, 0], "texture": "#2"}
			}
		},
		{
			"from": [8, 2.125, -4.125],
			"to": [8, 4.125, 4.375],
			"rotation": {"angle": 0, "axis": "y", "origin": [8, 10.625, 0.5]},
			"faces": {
				"north": {"uv": [0, 0, 0, 1], "rotation": 180, "texture": "#2"},
				"east": {"uv": [1, 0, 2, 4.25], "rotation": 90, "texture": "#2"},
				"south": {"uv": [0, 1, 0, 0], "texture": "#2"},
				"west": {"uv": [2, 0, 1, 4.25], "rotation": 270, "texture": "#2"},
				"up": {"uv": [0, 12, 0, 0], "rotation": 180, "texture": "#2"},
				"down": {"uv": [0, 12, 0, 0], "texture": "#2"}
			}
		},
		{
			"from": [8, -0.875, -4.125],
			"to": [8, 2.125, 4.375],
			"rotation": {"angle": 0, "axis": "y", "origin": [8, 10.625, 0.5]},
			"faces": {
				"north": {"uv": [0.0625, 0.375, 0.0625, 0], "rotation": 180, "texture": "#missing"},
				"east": {"uv": [3.375, 0, 3, 1.125], "rotation": 90, "texture": "#0"},
				"south": {"uv": [0.0625, 0.375, 0.0625, 0], "texture": "#missing"},
				"west": {"uv": [3.375, 0, 3, 1.0625], "rotation": 270, "texture": "#0"},
				"up": {"uv": [0.0625, 1.125, 0.0625, 0], "rotation": 180, "texture": "#missing"},
				"down": {"uv": [0.0625, 1.125, 0.0625, 0], "texture": "#missing"}
			}
		},
		{
			"from": [7.7, -0.625, -4.125],
			"to": [7.7, 2.375, 4.375],
			"rotation": {"angle": 0, "axis": "y", "origin": [8, 10.625, 0.5]},
			"faces": {
				"north": {"uv": [0.375, 0.5625, 0.375, 0.1875], "rotation": 180, "texture": "#0"},
				"east": {"uv": [3.5625, 0, 3.9375, 1.0625], "rotation": 90, "texture": "#0"},
				"south": {"uv": [0.375, 0.5625, 0.375, 0.1875], "texture": "#0"},
				"west": {"uv": [3.9375, 0, 3.5625, 1.0625], "rotation": 270, "texture": "#0"},
				"up": {"uv": [0.5, 1.0625, 0.5, 0], "rotation": 180, "texture": "#0"},
				"down": {"uv": [0.375, 1.0625, 0.375, 0], "texture": "#0"}
			}
		},
		{
			"from": [6.5, 11, 4],
			"to": [9.5, 14, 8],
			"rotation": {"angle": 0, "axis": "y", "origin": [0, -7, -2]},
			"faces": {
				"north": {"uv": [1.25, 4.8125, 1.625, 5.1875], "texture": "#0"},
				"east": {"uv": [1.1875, 3.9375, 1.6875, 4.3125], "texture": "#0"},
				"south": {"uv": [1.25, 4.8125, 1.625, 5.1875], "texture": "#0"},
				"west": {"uv": [1.1875, 3.9375, 1.6875, 4.3125], "texture": "#0"},
				"up": {"uv": [1.25, 4.3125, 1.625, 4.8125], "texture": "#0"},
				"down": {"uv": [1.25, 4.3125, 1.625, 4.8125], "texture": "#0"}
			}
		},
		{
			"from": [6.5, 1, 4],
			"to": [9.5, 4, 8],
			"rotation": {"angle": 0, "axis": "y", "origin": [0, -6, -2]},
			"faces": {
				"north": {"uv": [1.25, 4.8125, 1.625, 5.1875], "texture": "#0"},
				"east": {"uv": [1.1875, 3.9375, 1.6875, 4.3125], "texture": "#0"},
				"south": {"uv": [1.25, 4.8125, 1.625, 5.1875], "texture": "#0"},
				"west": {"uv": [1.1875, 3.9375, 1.6875, 4.3125], "texture": "#0"},
				"up": {"uv": [1.25, 4.3125, 1.625, 4.8125], "texture": "#0"},
				"down": {"uv": [1.25, 4.3125, 1.625, 4.8125], "texture": "#0"}
			}
		},
		{
			"from": [7, 9, 6],
			"to": [9, 13, 7.5],
			"rotation": {"angle": 0, "axis": "y", "origin": [0, -6, -2]},
			"faces": {
				"north": {"uv": [0.3125, 4.0625, 0.5625, 3.5625], "texture": "#0"},
				"east": {"uv": [0.1875, 4.0625, 0, 3.5625], "texture": "#0"},
				"south": {"uv": [0.5625, 4.0625, 0.8125, 3.5625], "texture": "#0"},
				"west": {"uv": [0, 4.0625, 0.1875, 3.5625], "texture": "#0"},
				"up": {"uv": [0.375, 3.25, 0.625, 3.4375], "texture": "#0"},
				"down": {"uv": [0.375, 3.25, 0.625, 3.4375], "texture": "#0"}
			}
		},
		{
			"from": [6, 2, 11.5],
			"to": [10, 5.5, 14.5],
			"rotation": {"angle": -45, "axis": "x", "origin": [0, 0, -2]},
			"faces": {
				"north": {"uv": [0.625, 11.9375, 1.125, 11.5], "texture": "#0"},
				"east": {"uv": [0.625, 11.9375, 0.25, 11.5], "texture": "#0"},
				"south": {"uv": [0.625, 11.9375, 1.125, 11.5], "texture": "#0"},
				"west": {"uv": [0.625, 11.9375, 0.25, 11.5], "texture": "#0"},
				"up": {"uv": [0.25, 12.6875, 0.75, 13.0625], "texture": "#0"},
				"down": {"uv": [0.25, 12.6875, 0.75, 13.0625], "texture": "#0"}
			}
		},
		{
			"from": [6, 5.5, 11.5],
			"to": [10, 9, 14.5],
			"rotation": {"angle": -45, "axis": "x", "origin": [0, 0, -2]},
			"faces": {
				"north": {"uv": [0.625, 11.5, 1.125, 11.9375], "texture": "#0"},
				"east": {"uv": [0.25, 11.5, 0.625, 11.9375], "texture": "#0"},
				"south": {"uv": [0.625, 11.5, 1.125, 11.9375], "texture": "#0"},
				"west": {"uv": [0.25, 11.5, 0.625, 11.9375], "texture": "#0"},
				"up": {"uv": [0.25, 12.6875, 0.75, 13.0625], "texture": "#0"},
				"down": {"uv": [0.25, 12.6875, 0.75, 13.0625], "texture": "#0"}
			}
		},
		{
			"from": [6, 6, 11.5],
			"to": [10, 9.5, 14.5],
			"rotation": {"angle": 45, "axis": "x", "origin": [0, 15, -2]},
			"faces": {
				"north": {"uv": [0.625, 11.9375, 1.125, 11.5], "texture": "#0"},
				"east": {"uv": [0.25, 11.9375, 0.625, 11.5], "texture": "#0"},
				"south": {"uv": [0.625, 11.9375, 1.125, 11.5], "texture": "#0"},
				"west": {"uv": [0.25, 11.9375, 0.625, 11.5], "texture": "#0"},
				"up": {"uv": [0.25, 13.0625, 0.75, 12.6875], "texture": "#0"},
				"down": {"uv": [0.25, 13.0625, 0.75, 12.6875], "texture": "#0"}
			}
		},
		{
			"from": [6, 9.5, 11.5],
			"to": [10, 13, 14.5],
			"rotation": {"angle": 45, "axis": "x", "origin": [0, 15, -2]},
			"faces": {
				"north": {"uv": [0.625, 11.5, 1.125, 11.9375], "texture": "#0"},
				"east": {"uv": [0.625, 11.5, 0.25, 11.9375], "texture": "#0"},
				"south": {"uv": [0.625, 11.5, 1.125, 11.9375], "texture": "#0"},
				"west": {"uv": [0.625, 11.5, 0.25, 11.9375], "texture": "#0"},
				"up": {"uv": [0.25, 13.0625, 0.75, 12.6875], "texture": "#0"},
				"down": {"uv": [0.25, 13.0625, 0.75, 12.6875], "texture": "#0"}
			}
		},
		{
			"from": [6.5, 16, -7],
			"to": [7.5, 24.5, -4],
			"rotation": {"angle": 22.5, "axis": "x", "origin": [0, -8, -2]},
			"faces": {
				"north": {"uv": [0.5, 0.875, 0.625, 1.9375], "texture": "#0"},
				"east": {"uv": [0.375, 0.875, 0, 1.9375], "texture": "#0"},
				"south": {"uv": [0.375, 0.875, 0.5, 1.9375], "texture": "#0"},
				"west": {"uv": [0, 0.875, 0.375, 1.9375], "texture": "#0"},
				"up": {"uv": [0.375, 0.1875, 0.5, 0.5625], "texture": "#0"},
				"down": {"uv": [0.375, 0.1875, 0.5, 0.5625], "texture": "#0"}
			}
		},
		{
			"from": [8.5, 16, -7],
			"to": [9.5, 24.5, -4],
			"rotation": {"angle": 22.5, "axis": "x", "origin": [0, -8, -2]},
			"faces": {
				"north": {"uv": [0.5, 0.875, 0.625, 1.9375], "texture": "#0"},
				"east": {"uv": [0.375, 0.875, 0, 1.9375], "texture": "#0"},
				"south": {"uv": [0.375, 0.875, 0.5, 1.9375], "texture": "#0"},
				"west": {"uv": [0, 0.875, 0.375, 1.9375], "texture": "#0"},
				"up": {"uv": [0.375, 0.1875, 0.5, 0.5625], "texture": "#0"},
				"down": {"uv": [0.375, 0.1875, 0.5, 0.5625], "texture": "#0"}
			}
		},
		{
			"from": [6.5, -9.5, -7],
			"to": [7.5, -1, -4],
			"rotation": {"angle": -22.5, "axis": "x", "origin": [0, 23, -2]},
			"faces": {
				"north": {"uv": [0.5, 1.9375, 0.625, 0.875], "texture": "#0"},
				"east": {"uv": [0.375, 1.9375, 0, 0.875], "texture": "#0"},
				"south": {"uv": [0.375, 1.9375, 0.5, 0.875], "texture": "#0"},
				"west": {"uv": [0, 1.9375, 0.375, 0.875], "texture": "#0"},
				"up": {"uv": [0.375, 0.5625, 0.5, 0.1875], "texture": "#0"},
				"down": {"uv": [0.375, 0.5625, 0.5, 0.1875], "texture": "#0"}
			}
		},
		{
			"from": [8.5, -9.5, -7],
			"to": [9.5, -1, -4],
			"rotation": {"angle": -22.5, "axis": "x", "origin": [0, 23, -2]},
			"faces": {
				"north": {"uv": [0.5, 1.9375, 0.625, 0.875], "texture": "#0"},
				"east": {"uv": [0.375, 1.9375, 0, 0.875], "texture": "#0"},
				"south": {"uv": [0.375, 1.9375, 0.5, 0.875], "texture": "#0"},
				"west": {"uv": [0, 1.9375, 0.375, 0.875], "texture": "#0"},
				"up": {"uv": [0.375, 0.5625, 0.5, 0.1875], "texture": "#0"},
				"down": {"uv": [0.375, 0.5625, 0.5, 0.1875], "texture": "#0"}
			}
		},
		{
			"from": [8, -8.8037, 6.68003],
			"to": [10, -7.3037, 8.18003],
			"rotation": {"angle": -45, "axis": "x", "origin": [9, -8.3537, 7.43003]},
			"faces": {
				"north": {"uv": [0.5625, 3.25, 0.3125, 3.0625], "texture": "#0"},
				"east": {"uv": [0.625, 3, 0.4375, 2.8125], "texture": "#0"},
				"south": {"uv": [0.5625, 3.25, 0.3125, 3.0625], "texture": "#0"},
				"west": {"uv": [0.625, 3, 0.4375, 2.8125], "texture": "#0"},
				"up": {"uv": [0.5625, 3.25, 0.3125, 3.0625], "texture": "#0"},
				"down": {"uv": [0.5625, 3.25, 0.3125, 3.0625], "texture": "#0"}
			}
		},
		{
			"from": [8, 12, 7],
			"to": [9.6, 14, 13],
			"rotation": {"angle": -22.5, "axis": "x", "origin": [8, 11, 7]},
			"faces": {
				"north": {"uv": [2.125, 5.5625, 1.9375, 5.8125], "texture": "#0"},
				"east": {"uv": [0.8125, 6.5625, 1.5625, 6.8125], "texture": "#0"},
				"south": {"uv": [2.125, 5.5625, 1.9375, 5.8125], "texture": "#0"},
				"west": {"uv": [1.5625, 6.5625, 0.8125, 6.8125], "texture": "#0"},
				"up": {"uv": [1.9375, 6.5625, 2.125, 5.8125], "texture": "#0"},
				"down": {"uv": [1.9375, 6.5625, 2.125, 5.8125], "texture": "#0"}
			}
		},
		{
			"from": [6.4, 12, 7],
			"to": [8, 14, 13],
			"rotation": {"angle": -22.5, "axis": "x", "origin": [8, 11, 7]},
			"faces": {
				"north": {"uv": [1.9375, 5.5625, 2.125, 5.8125], "texture": "#0"},
				"east": {"uv": [0.8125, 6.5625, 1.5625, 6.8125], "texture": "#0"},
				"south": {"uv": [1.9375, 5.5625, 2.125, 5.8125], "texture": "#0"},
				"west": {"uv": [1.5625, 6.5625, 0.8125, 6.8125], "texture": "#0"},
				"up": {"uv": [2.125, 6.5625, 1.9375, 5.8125], "texture": "#0"},
				"down": {"uv": [2.125, 6.5625, 1.9375, 5.8125], "texture": "#0"}
			}
		},
		{
			"from": [6.9, 14, 5.8],
			"to": [7.4, 21, 6.3],
			"rotation": {"angle": -45, "axis": "x", "origin": [7.6, 18, 7.55]},
			"faces": {
				"north": {"uv": [1.625, 5.1875, 1.5625, 6.0625], "texture": "#0"},
				"east": {"uv": [1.625, 5.1875, 1.5625, 6.0625], "texture": "#0"},
				"south": {"uv": [1.625, 5.1875, 1.5625, 6.0625], "texture": "#0"},
				"west": {"uv": [1.625, 5.1875, 1.5625, 6.0625], "texture": "#0"},
				"up": {"uv": [0.6875, 3.1875, 0.625, 3.25], "texture": "#0"},
				"down": {"uv": [0.6875, 3.1875, 0.625, 3.25], "texture": "#0"}
			}
		},
		{
			"from": [8.6, 14, 5.8],
			"to": [9.1, 21, 6.3],
			"rotation": {"angle": -45, "axis": "x", "origin": [8.4, 18, 7.55]},
			"faces": {
				"north": {"uv": [1.5625, 5.1875, 1.625, 6.0625], "texture": "#0"},
				"east": {"uv": [1.5625, 5.1875, 1.625, 6.0625], "texture": "#0"},
				"south": {"uv": [1.5625, 5.1875, 1.625, 6.0625], "texture": "#0"},
				"west": {"uv": [1.5625, 5.1875, 1.625, 6.0625], "texture": "#0"},
				"up": {"uv": [0.625, 3.1875, 0.6875, 3.25], "texture": "#0"},
				"down": {"uv": [0.625, 3.1875, 0.6875, 3.25], "texture": "#0"}
			}
		},
		{
			"from": [8.6, 14, 8.5],
			"to": [9.1, 22, 9],
			"rotation": {"angle": -22.5, "axis": "x", "origin": [8.4, 18, 7.55]},
			"faces": {
				"north": {"uv": [1.5625, 5.1875, 1.625, 6.1875], "texture": "#0"},
				"east": {"uv": [1.5625, 5.1875, 1.625, 6.1875], "texture": "#0"},
				"south": {"uv": [1.5625, 5.1875, 1.625, 6.1875], "texture": "#0"},
				"west": {"uv": [1.5625, 5.1875, 1.625, 6.1875], "texture": "#0"},
				"up": {"uv": [0.625, 3.1875, 0.6875, 3.25], "texture": "#0"},
				"down": {"uv": [0.625, 3.1875, 0.6875, 3.25], "texture": "#0"}
			}
		},
		{
			"from": [6.9, 14, 8.5],
			"to": [7.4, 22, 9],
			"rotation": {"angle": -22.5, "axis": "x", "origin": [7.6, 18, 7.55]},
			"faces": {
				"north": {"uv": [1.625, 5.1875, 1.5625, 6.1875], "texture": "#0"},
				"east": {"uv": [1.625, 5.1875, 1.5625, 6.1875], "texture": "#0"},
				"south": {"uv": [1.625, 5.1875, 1.5625, 6.1875], "texture": "#0"},
				"west": {"uv": [1.625, 5.1875, 1.5625, 6.1875], "texture": "#0"},
				"up": {"uv": [0.6875, 3.1875, 0.625, 3.25], "texture": "#0"},
				"down": {"uv": [0.6875, 3.1875, 0.625, 3.25], "texture": "#0"}
			}
		},
		{
			"from": [8.2, 15, 11],
			"to": [8.7, 26, 11.5],
			"rotation": {"angle": 0, "axis": "y", "origin": [8.4, 18, 7.55]},
			"faces": {
				"north": {"uv": [1.5625, 5.1875, 1.625, 6.1875], "texture": "#0"},
				"east": {"uv": [1.5625, 5.1875, 1.625, 6.1875], "texture": "#0"},
				"south": {"uv": [1.5625, 5.1875, 1.625, 6.1875], "texture": "#0"},
				"west": {"uv": [1.5625, 5.1875, 1.625, 6.1875], "texture": "#0"},
				"up": {"uv": [0.625, 3.1875, 0.6875, 3.25], "texture": "#0"},
				"down": {"uv": [0.625, 3.1875, 0.6875, 3.25], "texture": "#0"}
			}
		},
		{
			"from": [7.3, 15, 11],
			"to": [7.8, 26, 11.5],
			"rotation": {"angle": 0, "axis": "y", "origin": [7.6, 18, 7.55]},
			"faces": {
				"north": {"uv": [1.625, 5.1875, 1.5625, 6.1875], "texture": "#0"},
				"east": {"uv": [1.625, 5.1875, 1.5625, 6.1875], "texture": "#0"},
				"south": {"uv": [1.625, 5.1875, 1.5625, 6.1875], "texture": "#0"},
				"west": {"uv": [1.625, 5.1875, 1.5625, 6.1875], "texture": "#0"},
				"up": {"uv": [0.6875, 3.1875, 0.625, 3.25], "texture": "#0"},
				"down": {"uv": [0.6875, 3.1875, 0.625, 3.25], "texture": "#0"}
			}
		},
		{
			"from": [8.2, -11, 11],
			"to": [8.7, 1, 11.5],
			"rotation": {"angle": 0, "axis": "y", "origin": [8.4, -2, 7.55]},
			"faces": {
				"north": {"uv": [1.5625, 6.1875, 1.625, 5.1875], "texture": "#0"},
				"east": {"uv": [1.5625, 6.1875, 1.625, 5.1875], "texture": "#0"},
				"south": {"uv": [1.5625, 6.1875, 1.625, 5.1875], "texture": "#0"},
				"west": {"uv": [1.5625, 6.1875, 1.625, 5.1875], "texture": "#0"},
				"up": {"uv": [0.625, 3.25, 0.6875, 3.1875], "texture": "#0"},
				"down": {"uv": [0.625, 3.25, 0.6875, 3.1875], "texture": "#0"}
			}
		},
		{
			"from": [7.3, -11, 11],
			"to": [7.8, 1, 11.5],
			"rotation": {"angle": 0, "axis": "y", "origin": [7.6, -2, 7.55]},
			"faces": {
				"north": {"uv": [1.625, 6.1875, 1.5625, 5.1875], "texture": "#0"},
				"east": {"uv": [1.625, 6.1875, 1.5625, 5.1875], "texture": "#0"},
				"south": {"uv": [1.625, 6.1875, 1.5625, 5.1875], "texture": "#0"},
				"west": {"uv": [1.625, 6.1875, 1.5625, 5.1875], "texture": "#0"},
				"up": {"uv": [0.6875, 3.25, 0.625, 3.1875], "texture": "#0"},
				"down": {"uv": [0.6875, 3.25, 0.625, 3.1875], "texture": "#0"}
			}
		},
		{
			"from": [8.6, -6, 8.5],
			"to": [9.1, 2, 9],
			"rotation": {"angle": 22.5, "axis": "x", "origin": [8.4, -2, 7.55]},
			"faces": {
				"north": {"uv": [1.5625, 6.1875, 1.625, 5.1875], "texture": "#0"},
				"east": {"uv": [1.5625, 6.1875, 1.625, 5.1875], "texture": "#0"},
				"south": {"uv": [1.5625, 6.1875, 1.625, 5.1875], "texture": "#0"},
				"west": {"uv": [1.5625, 6.1875, 1.625, 5.1875], "texture": "#0"},
				"up": {"uv": [0.625, 3.25, 0.6875, 3.1875], "texture": "#0"},
				"down": {"uv": [0.625, 3.25, 0.6875, 3.1875], "texture": "#0"}
			}
		},
		{
			"from": [6.9, -6, 8.5],
			"to": [7.4, 2, 9],
			"rotation": {"angle": 22.5, "axis": "x", "origin": [7.6, -2, 7.55]},
			"faces": {
				"north": {"uv": [1.625, 6.1875, 1.5625, 5.1875], "texture": "#0"},
				"east": {"uv": [1.625, 6.1875, 1.5625, 5.1875], "texture": "#0"},
				"south": {"uv": [1.625, 6.1875, 1.5625, 5.1875], "texture": "#0"},
				"west": {"uv": [1.625, 6.1875, 1.5625, 5.1875], "texture": "#0"},
				"up": {"uv": [0.6875, 3.25, 0.625, 3.1875], "texture": "#0"},
				"down": {"uv": [0.6875, 3.25, 0.625, 3.1875], "texture": "#0"}
			}
		},
		{
			"from": [8.6, -5, 5.8],
			"to": [9.1, 2, 6.3],
			"rotation": {"angle": 45, "axis": "x", "origin": [8.4, -2, 7.55]},
			"faces": {
				"north": {"uv": [1.5625, 6.0625, 1.625, 5.1875], "texture": "#0"},
				"east": {"uv": [1.5625, 6.0625, 1.625, 5.1875], "texture": "#0"},
				"south": {"uv": [1.5625, 6.0625, 1.625, 5.1875], "texture": "#0"},
				"west": {"uv": [1.5625, 6.0625, 1.625, 5.1875], "texture": "#0"},
				"up": {"uv": [0.625, 3.25, 0.6875, 3.1875], "texture": "#0"},
				"down": {"uv": [0.625, 3.25, 0.6875, 3.1875], "texture": "#0"}
			}
		},
		{
			"from": [6.9, -5, 5.8],
			"to": [7.4, 2, 6.3],
			"rotation": {"angle": 45, "axis": "x", "origin": [7.6, -2, 7.55]},
			"faces": {
				"north": {"uv": [1.625, 6.0625, 1.5625, 5.1875], "texture": "#0"},
				"east": {"uv": [1.625, 6.0625, 1.5625, 5.1875], "texture": "#0"},
				"south": {"uv": [1.625, 6.0625, 1.5625, 5.1875], "texture": "#0"},
				"west": {"uv": [1.625, 6.0625, 1.5625, 5.1875], "texture": "#0"},
				"up": {"uv": [0.6875, 3.25, 0.625, 3.1875], "texture": "#0"},
				"down": {"uv": [0.6875, 3.25, 0.625, 3.1875], "texture": "#0"}
			}
		},
		{
			"from": [6.4, 1, 7],
			"to": [8, 3, 13],
			"rotation": {"angle": 22.5, "axis": "x", "origin": [8, 4, 7]},
			"faces": {
				"north": {"uv": [1.9375, 5.8125, 2.125, 5.5625], "texture": "#0"},
				"east": {"uv": [0.8125, 6.8125, 1.5625, 6.5625], "texture": "#0"},
				"south": {"uv": [1.9375, 5.8125, 2.125, 5.5625], "texture": "#0"},
				"west": {"uv": [1.5625, 6.8125, 0.8125, 6.5625], "texture": "#0"},
				"up": {"uv": [2.125, 5.8125, 1.9375, 6.5625], "texture": "#0"},
				"down": {"uv": [2.125, 5.8125, 1.9375, 6.5625], "texture": "#0"}
			}
		},
		{
			"from": [8, 1, 7],
			"to": [9.6, 3, 13],
			"rotation": {"angle": 22.5, "axis": "x", "origin": [8, 4, 7]},
			"faces": {
				"north": {"uv": [2.125, 5.8125, 1.9375, 5.5625], "texture": "#0"},
				"east": {"uv": [0.8125, 6.8125, 1.5625, 6.5625], "texture": "#0"},
				"south": {"uv": [2.125, 5.8125, 1.9375, 5.5625], "texture": "#0"},
				"west": {"uv": [1.5625, 6.8125, 0.8125, 6.5625], "texture": "#0"},
				"up": {"uv": [1.9375, 5.8125, 2.125, 6.5625], "texture": "#0"},
				"down": {"uv": [1.9375, 5.8125, 2.125, 6.5625], "texture": "#0"}
			}
		},
		{
			"from": [6.75, 10, 4.7],
			"to": [9.25, 11.5, 7.7],
			"rotation": {"angle": 0, "axis": "y", "origin": [0, -8, -2]},
			"faces": {
				"north": {"uv": [0.1875, 3.25, 0.375, 3.4375], "texture": "#0"},
				"east": {"uv": [0, 3.0625, 0.3125, 3.25], "texture": "#0"},
				"south": {"uv": [0.1875, 3.25, 0.375, 3.4375], "texture": "#0"},
				"west": {"uv": [0, 3.0625, 0.3125, 3.25], "texture": "#0"},
				"up": {"uv": [0, 3.25, 0.1875, 3.5625], "texture": "#0"},
				"down": {"uv": [0, 3.25, 0.1875, 3.5625], "texture": "#0"}
			}
		},
		{
			"from": [6.75, 3.5, 4.7],
			"to": [9.25, 5, 7.7],
			"rotation": {"angle": 0, "axis": "y", "origin": [0, -8, -2]},
			"faces": {
				"north": {"uv": [0.1875, 3.25, 0.375, 3.4375], "texture": "#0"},
				"east": {"uv": [0, 3.0625, 0.3125, 3.25], "texture": "#0"},
				"south": {"uv": [0.1875, 3.25, 0.375, 3.4375], "texture": "#0"},
				"west": {"uv": [0, 3.0625, 0.3125, 3.25], "texture": "#0"},
				"up": {"uv": [0, 3.25, 0.1875, 3.5625], "texture": "#0"},
				"down": {"uv": [0, 3.25, 0.1875, 3.5625], "texture": "#0"}
			}
		},
		{
			"from": [7.25, 13.5, 3.2],
			"to": [8.75, 23, 5.2],
			"rotation": {"angle": 45, "axis": "x", "origin": [8, 15.25, 16]},
			"faces": {
				"north": {"uv": [2.625, 4.375, 2.8125, 5.5625], "texture": "#0"},
				"east": {"uv": [2.4375, 4.375, 2.1875, 5.5625], "texture": "#0"},
				"south": {"uv": [2.4375, 4.375, 2.625, 5.5625], "texture": "#0"},
				"west": {"uv": [2.1875, 4.375, 2.4375, 5.5625], "texture": "#0"},
				"up": {"uv": [1.3125, 3.625, 1.5, 3.875], "texture": "#0"},
				"down": {"uv": [1.3125, 3.625, 1.5, 3.875], "texture": "#0"}
			}
		},
		{
			"from": [7.25, -8, 3.2],
			"to": [8.75, 1.5, 5.2],
			"rotation": {"angle": -45, "axis": "x", "origin": [8, -0.25, 16]},
			"faces": {
				"north": {"uv": [2.625, 5.5625, 2.8125, 4.375], "texture": "#0"},
				"east": {"uv": [2.4375, 5.5625, 2.1875, 4.375], "texture": "#0"},
				"south": {"uv": [2.4375, 5.5625, 2.625, 4.375], "texture": "#0"},
				"west": {"uv": [2.1875, 5.5625, 2.4375, 4.375], "texture": "#0"},
				"up": {"uv": [1.3125, 3.875, 1.5, 3.625], "texture": "#0"},
				"down": {"uv": [1.3125, 3.875, 1.5, 3.625], "texture": "#0"}
			}
		},
		{
			"from": [5.8, 11.75, 10.55],
			"to": [7.8, 13.25, 12.05],
			"rotation": {"angle": -22.5, "axis": "x", "origin": [8, 11.75, 5.75]},
			"faces": {
				"north": {"uv": [0.3125, 3.0625, 0.5625, 3.25], "texture": "#0"},
				"east": {"uv": [0.4375, 2.8125, 0.625, 3], "texture": "#0"},
				"south": {"uv": [0.3125, 3.0625, 0.5625, 3.25], "texture": "#0"},
				"west": {"uv": [0.4375, 2.8125, 0.625, 3], "texture": "#0"},
				"up": {"uv": [0.3125, 3.0625, 0.5625, 3.25], "texture": "#0"},
				"down": {"uv": [0.3125, 3.0625, 0.5625, 3.25], "texture": "#0"}
			}
		},
		{
			"from": [6.2, 10.8, 10.3],
			"to": [6.2, 23.3, 12.3],
			"rotation": {"angle": -22.5, "axis": "x", "origin": [8, 11.75, 5.75]},
			"faces": {
				"north": {"uv": [0.3125, 3.0625, 0.5625, 3.25], "texture": "#0"},
				"east": {"uv": [3.0625, 4.375, 2.8125, 5.9375], "texture": "#0"},
				"south": {"uv": [0.3125, 3.0625, 0.5625, 3.25], "texture": "#0"},
				"west": {"uv": [2.8125, 4.375, 3.0625, 5.9375], "texture": "#0"},
				"up": {"uv": [0.3125, 3.0625, 0.5625, 3.25], "texture": "#0"},
				"down": {"uv": [0.3125, 3.0625, 0.5625, 3.25], "texture": "#0"}
			}
		},
		{
			"from": [5.8, 20.75, 10.55],
			"to": [7.8, 22.25, 12.05],
			"rotation": {"angle": -22.5, "axis": "x", "origin": [8, 11.75, 5.75]},
			"faces": {
				"north": {"uv": [0.3125, 3.0625, 0.5625, 3.25], "texture": "#0"},
				"east": {"uv": [0.4375, 2.8125, 0.625, 3], "texture": "#0"},
				"south": {"uv": [0.3125, 3.0625, 0.5625, 3.25], "texture": "#0"},
				"west": {"uv": [0.4375, 2.8125, 0.625, 3], "texture": "#0"},
				"up": {"uv": [0.3125, 3.0625, 0.5625, 3.25], "texture": "#0"},
				"down": {"uv": [0.3125, 3.0625, 0.5625, 3.25], "texture": "#0"}
			}
		},
		{
			"from": [8.2, 20.75, 10.55],
			"to": [10.2, 22.25, 12.05],
			"rotation": {"angle": -22.5, "axis": "x", "origin": [8, 11.75, 5.75]},
			"faces": {
				"north": {"uv": [0.5625, 3.0625, 0.3125, 3.25], "texture": "#0"},
				"east": {"uv": [0.625, 2.8125, 0.4375, 3], "texture": "#0"},
				"south": {"uv": [0.5625, 3.0625, 0.3125, 3.25], "texture": "#0"},
				"west": {"uv": [0.625, 2.8125, 0.4375, 3], "texture": "#0"},
				"up": {"uv": [0.5625, 3.0625, 0.3125, 3.25], "texture": "#0"},
				"down": {"uv": [0.5625, 3.0625, 0.3125, 3.25], "texture": "#0"}
			}
		},
		{
			"from": [9.8, 10.8, 10.3],
			"to": [9.8, 23.3, 12.3],
			"rotation": {"angle": -22.5, "axis": "x", "origin": [8, 11.75, 5.75]},
			"faces": {
				"north": {"uv": [0.5625, 3.0625, 0.3125, 3.25], "texture": "#0"},
				"east": {"uv": [3.0625, 4.375, 2.8125, 5.9375], "texture": "#0"},
				"south": {"uv": [0.5625, 3.0625, 0.3125, 3.25], "texture": "#0"},
				"west": {"uv": [2.8125, 4.375, 3.0625, 5.9375], "texture": "#0"},
				"up": {"uv": [0.5625, 3.0625, 0.3125, 3.25], "texture": "#0"},
				"down": {"uv": [0.5625, 3.0625, 0.3125, 3.25], "texture": "#0"}
			}
		},
		{
			"from": [8.2, 11.75, 10.55],
			"to": [10.2, 13.25, 12.05],
			"rotation": {"angle": -22.5, "axis": "x", "origin": [8, 11.75, 5.75]},
			"faces": {
				"north": {"uv": [0.5625, 3.0625, 0.3125, 3.25], "texture": "#0"},
				"east": {"uv": [0.625, 2.8125, 0.4375, 3], "texture": "#0"},
				"south": {"uv": [0.5625, 3.0625, 0.3125, 3.25], "texture": "#0"},
				"west": {"uv": [0.625, 2.8125, 0.4375, 3], "texture": "#0"},
				"up": {"uv": [0.5625, 3.0625, 0.3125, 3.25], "texture": "#0"},
				"down": {"uv": [0.5625, 3.0625, 0.3125, 3.25], "texture": "#0"}
			}
		},
		{
			"from": [6, -8.8037, 6.68003],
			"to": [8, -7.3037, 8.18003],
			"rotation": {"angle": -45, "axis": "x", "origin": [7, -8.3537, 7.43003]},
			"faces": {
				"north": {"uv": [0.3125, 3.25, 0.5625, 3.0625], "texture": "#0"},
				"east": {"uv": [0.4375, 3, 0.625, 2.8125], "texture": "#0"},
				"south": {"uv": [0.3125, 3.25, 0.5625, 3.0625], "texture": "#0"},
				"west": {"uv": [0.4375, 3, 0.625, 2.8125], "texture": "#0"},
				"up": {"uv": [0.3125, 3.25, 0.5625, 3.0625], "texture": "#0"},
				"down": {"uv": [0.3125, 3.25, 0.5625, 3.0625], "texture": "#0"}
			}
		},
		{
			"from": [0.5, 9.5, 4.5],
			"to": [6.5, 15.5, 4.5],
			"rotation": {"angle": 0, "axis": "y", "origin": [2.5, 13.5, 4.85]},
			"faces": {
				"north": {"uv": [8.9375, 0.625, 9.6875, 1.375], "rotation": 90, "texture": "#0"},
				"east": {"uv": [8.9375, 2.4375, 9.1875, 3.1], "rotation": 270, "texture": "#0"},
				"south": {"uv": [8.9375, 0.625, 9.6875, 1.375], "rotation": 270, "texture": "#0"},
				"west": {"uv": [8.9375, 2.4375, 9.6875, 2.4375], "rotation": 270, "texture": "#0"},
				"up": {"uv": [8.0625, 6.125, 8.725, 6.25], "rotation": 270, "texture": "#0"},
				"down": {"uv": [8.0625, 6.125, 8.725, 6.25], "rotation": 270, "texture": "#0"}
			}
		},
		{
			"from": [0.5, 9.5, 4.2],
			"to": [6.5, 15.5, 4.2],
			"rotation": {"angle": 0, "axis": "y", "origin": [2.5, 13.5, 4.85]},
			"faces": {
				"north": {"uv": [8.9375, 0.625, 9.6875, 1.375], "rotation": 90, "texture": "#0"},
				"east": {"uv": [8.9375, 2.4375, 9.1875, 3.1], "rotation": 270, "texture": "#0"},
				"south": {"uv": [8.9375, 0.625, 9.6875, 1.375], "rotation": 270, "texture": "#0"},
				"west": {"uv": [8.9375, 2.4375, 9.6875, 2.4375], "rotation": 270, "texture": "#0"},
				"up": {"uv": [8.0625, 6.125, 8.725, 6.25], "rotation": 270, "texture": "#0"},
				"down": {"uv": [8.0625, 6.125, 8.725, 6.25], "rotation": 270, "texture": "#0"}
			}
		},
		{
			"from": [8, 5.5, 28.4],
			"to": [8, 9.5, 31.9],
			"rotation": {"angle": -22.5, "axis": "z", "origin": [8, 7.5, 30.4]},
			"faces": {
				"north": {"uv": [0, 0, 0, 0.125], "texture": "#missing"},
				"east": {"uv": [4.25, 7.375, 4.6875, 7.875], "texture": "#0"},
				"south": {"uv": [0, 0, 0, 0.125], "texture": "#missing"},
				"west": {"uv": [4.6875, 7.375, 4.25, 7.875], "texture": "#0"},
				"up": {"uv": [0, 0, 0, 3.5], "texture": "#missing"},
				"down": {"uv": [0, 0, 0, 3.5], "texture": "#missing"}
			}
		},
		{
			"from": [6, 7.5, 28.4],
			"to": [10, 7.5, 31.9],
			"rotation": {"angle": -22.5, "axis": "z", "origin": [8, 7.5, 30.4]},
			"faces": {
				"north": {"uv": [0, 0, 0, 0.125], "rotation": 90, "texture": "#missing"},
				"east": {"uv": [0, 0, 0, 3.5], "rotation": 270, "texture": "#missing"},
				"south": {"uv": [0, 0, 0, 0.125], "rotation": 270, "texture": "#missing"},
				"west": {"uv": [0, 0, 0, 3.5], "rotation": 270, "texture": "#missing"},
				"up": {"uv": [4.25, 7.375, 4.6875, 7.875], "rotation": 270, "texture": "#0"},
				"down": {"uv": [4.6875, 7.375, 4.25, 7.875], "rotation": 270, "texture": "#0"}
			}
		},
		{
			"from": [8, 7, 0.4],
			"to": [8, 8, 31.9],
			"rotation": {"angle": 45, "axis": "z", "origin": [8, 7.5, 3.4]},
			"faces": {
				"north": {"uv": [0.75, 8, 0.75, 8.125], "texture": "#0"},
				"east": {"uv": [6.4375, 15.875, 2.5, 16], "texture": "#0"},
				"south": {"uv": [0.75, 8, 0.75, 8.125], "texture": "#0"},
				"west": {"uv": [2.5, 15.875, 6.4375, 16], "texture": "#0"},
				"up": {"uv": [0.75, 8, 0.75, 11.9375], "texture": "#0"},
				"down": {"uv": [0.75, 8, 0.75, 11.9375], "texture": "#0"}
			}
		},
		{
			"from": [8, 7, 0.4],
			"to": [8, 8, 31.9],
			"rotation": {"angle": -45, "axis": "z", "origin": [8, 7.5, 3.4]},
			"faces": {
				"north": {"uv": [0.75, 8, 0.75, 8.125], "texture": "#0"},
				"east": {"uv": [6.4375, 15.875, 2.5, 16], "texture": "#0"},
				"south": {"uv": [0.75, 8, 0.75, 8.125], "texture": "#0"},
				"west": {"uv": [2.5, 15.875, 6.4375, 16], "texture": "#0"},
				"up": {"uv": [0.75, 8, 0.75, 11.9375], "texture": "#0"},
				"down": {"uv": [0.75, 8, 0.75, 11.9375], "texture": "#0"}
			}
		},
		{
			"from": [8, 7.7, 4.775],
			"to": [8, 9.7, 13.275],
			"rotation": {"angle": 0, "axis": "y", "origin": [8, 10.625, 17.4]},
			"faces": {
				"north": {"uv": [0, 0, 0, 1], "rotation": 180, "texture": "#2"},
				"east": {"uv": [1, 0, 2, 4.25], "rotation": 90, "texture": "#2"},
				"south": {"uv": [0, 1, 0, 0], "texture": "#2"},
				"west": {"uv": [2, 0, 1, 4.25], "rotation": 270, "texture": "#2"},
				"up": {"uv": [0, 12, 0, 0], "rotation": 180, "texture": "#2"},
				"down": {"uv": [0, 12, 0, 0], "texture": "#2"}
			}
		},
		{
			"from": [8, 5.3, 4.775],
			"to": [8, 7.3, 13.275],
			"rotation": {"angle": 0, "axis": "y", "origin": [8, 5.375, 17.4]},
			"faces": {
				"north": {"uv": [0, 1, 0, 0], "rotation": 180, "texture": "#2"},
				"east": {"uv": [2, 0, 1, 4.25], "rotation": 90, "texture": "#2"},
				"south": {"uv": [0, 0, 0, 1], "texture": "#2"},
				"west": {"uv": [1, 0, 2, 4.25], "rotation": 270, "texture": "#2"},
				"up": {"uv": [0, 0, 0, 12], "texture": "#2"},
				"down": {"uv": [0, 0, 0, 12], "rotation": 180, "texture": "#2"}
			}
		},
		{
			"from": [8, 5.5, 1.4],
			"to": [8, 9.5, 4.9],
			"rotation": {"angle": 22.5, "axis": "z", "origin": [8, 7.5, 2.4]},
			"faces": {
				"north": {"uv": [0, 0, 0, 0.125], "texture": "#missing"},
				"east": {"uv": [4.125, 7.375, 3.6875, 7.875], "texture": "#0"},
				"south": {"uv": [0, 0, 0, 0.125], "texture": "#missing"},
				"west": {"uv": [3.6875, 7.375, 4.125, 7.875], "texture": "#0"},
				"up": {"uv": [0, 0, 0, 3.5], "texture": "#missing"},
				"down": {"uv": [0, 0, 0, 3.5], "texture": "#missing"}
			}
		},
		{
			"from": [8, 5.5, 1.4],
			"to": [8, 9.5, 4.9],
			"rotation": {"angle": -22.5, "axis": "z", "origin": [8, 7.5, 2.4]},
			"faces": {
				"north": {"uv": [0, 0, 0, 0.125], "texture": "#missing"},
				"east": {"uv": [4.125, 7.375, 3.6875, 7.875], "texture": "#0"},
				"south": {"uv": [0, 0, 0, 0.125], "texture": "#missing"},
				"west": {"uv": [3.6875, 7.375, 4.125, 7.875], "texture": "#0"},
				"up": {"uv": [0, 0, 0, 3.5], "texture": "#missing"},
				"down": {"uv": [0, 0, 0, 3.5], "texture": "#missing"}
			}
		},
		{
			"from": [6.75, 27, 10.8],
			"to": [9.25, 30, 13.8],
			"rotation": {"angle": 22.5, "axis": "x", "origin": [8, 27.5, 12.5]},
			"faces": {
				"north": {"uv": [3.4375, 7.9375, 3.75, 8.3125], "texture": "#0"},
				"east": {"uv": [3.0625, 7.9375, 3.4375, 8.3125], "rotation": 270, "texture": "#0"},
				"south": {"uv": [3.4375, 7.9375, 3.75, 8.3125], "texture": "#0"},
				"west": {"uv": [3.0625, 7.9375, 3.4375, 8.3125], "rotation": 270, "texture": "#0"},
				"up": {"uv": [3.4375, 7.9375, 3.75, 8.3125], "texture": "#0"},
				"down": {"uv": [3.4375, 7.9375, 3.75, 8.3125], "texture": "#0"}
			}
		},
		{
			"from": [7.15, 26, 17.5],
			"to": [8.85, 28.5, 19],
			"rotation": {"angle": -45, "axis": "x", "origin": [8, 21.75, 16.75]},
			"faces": {
				"north": {"uv": [0, 3.25, 0.1875, 3.5625], "rotation": 180, "texture": "#0"},
				"east": {"uv": [0, 3.0625, 0.3125, 3.25], "rotation": 270, "texture": "#0"},
				"south": {"uv": [0, 3.25, 0.1875, 3.5625], "texture": "#0"},
				"west": {"uv": [0, 3.0625, 0.3125, 3.25], "rotation": 90, "texture": "#0"},
				"up": {"uv": [0.1875, 3.25, 0.375, 3.4375], "rotation": 180, "texture": "#0"},
				"down": {"uv": [0.1875, 3.25, 0.375, 3.4375], "texture": "#0"}
			}
		},
		{
			"from": [7.75, -0.4, 14.5],
			"to": [8.25, 26.5, 15],
			"rotation": {"angle": -45, "axis": "x", "origin": [8, 26, 14.75]},
			"faces": {
				"north": {"uv": [3.875, 10.75, 3.9375, 8.375], "texture": "#0"},
				"east": {"uv": [3.875, 10.75, 3.9375, 8.375], "texture": "#0"},
				"south": {"uv": [3.875, 10.75, 3.9375, 8.375], "texture": "#0"},
				"west": {"uv": [3.875, 10.75, 3.9375, 8.375], "texture": "#0"},
				"up": {"uv": [3.875, 8.4375, 3.9375, 8.375], "texture": "#0"},
				"down": {"uv": [3.875, 8.4375, 3.9375, 8.375], "texture": "#0"}
			}
		},
		{
			"from": [7.75, -11.5, 14.5],
			"to": [8.25, 15.4, 15],
			"rotation": {"angle": 45, "axis": "x", "origin": [8, -11, 14.75]},
			"faces": {
				"north": {"uv": [3.875, 8.375, 3.9375, 10.75], "texture": "#0"},
				"east": {"uv": [3.875, 8.375, 3.9375, 10.75], "texture": "#0"},
				"south": {"uv": [3.875, 8.375, 3.9375, 10.75], "texture": "#0"},
				"west": {"uv": [3.875, 8.375, 3.9375, 10.75], "texture": "#0"},
				"up": {"uv": [3.875, 8.375, 3.9375, 8.4375], "texture": "#0"},
				"down": {"uv": [3.875, 8.375, 3.9375, 8.4375], "texture": "#0"}
			}
		},
		{
			"from": [7.15, -13.5, 17.5],
			"to": [8.85, -11, 19],
			"rotation": {"angle": 45, "axis": "x", "origin": [8, -6.75, 16.75]},
			"faces": {
				"north": {"uv": [0, 3.5625, 0.1875, 3.25], "rotation": 180, "texture": "#0"},
				"east": {"uv": [0.3125, 3.0625, 0, 3.25], "rotation": 270, "texture": "#0"},
				"south": {"uv": [0, 3.5625, 0.1875, 3.25], "texture": "#0"},
				"west": {"uv": [0.3125, 3.0625, 0, 3.25], "rotation": 90, "texture": "#0"},
				"up": {"uv": [0.1875, 3.4375, 0.375, 3.25], "texture": "#0"},
				"down": {"uv": [0.1875, 3.4375, 0.375, 3.25], "rotation": 180, "texture": "#0"}
			}
		},
		{
			"from": [6.75, -15, 10.8],
			"to": [9.25, -12, 13.8],
			"rotation": {"angle": -22.5, "axis": "x", "origin": [8, -12.5, 12.5]},
			"faces": {
				"north": {"uv": [3.4375, 8.3125, 3.75, 7.9375], "texture": "#0"},
				"east": {"uv": [3.4375, 7.9375, 3.0625, 8.3125], "rotation": 270, "texture": "#0"},
				"south": {"uv": [3.4375, 8.3125, 3.75, 7.9375], "texture": "#0"},
				"west": {"uv": [3.4375, 7.9375, 3.0625, 8.3125], "rotation": 270, "texture": "#0"},
				"up": {"uv": [3.4375, 8.3125, 3.75, 7.9375], "texture": "#0"},
				"down": {"uv": [3.4375, 8.3125, 3.75, 7.9375], "texture": "#0"}
			}
		}
	],
	"gui_light": "front",
	"display": {
		"thirdperson_righthand": {
			"translation": [0, -1.5, 0.25],
			"scale": [0.55, 0.55, 0.55]
		},
		"thirdperson_lefthand": {
			"translation": [0, -1.5, 0.25],
			"scale": [0.55, 0.55, 0.55]
		},
		"firstperson_righthand": {
			"rotation": [12, 0, 0],
			"translation": [4, 5.5, 0.5],
			"scale": [0.32, 0.32, 0.32]
		},
		"firstperson_lefthand": {
			"rotation": [12, 0, 0],
			"translation": [4, 5.5, 0.5],
			"scale": [0.32, 0.32, 0.32]
		},
		"ground": {
			"rotation": [45, 0, 0],
			"translation": [0, 10, 0],
			"scale": [0.45, 0.45, 0.45]
		},
		"gui": {
			"rotation": [-90, 135, -90],
			"translation": [-0.75, 0.5, 0],
			"scale": [0.41563, 0.41563, 0.41563]
		},
		"head": {
			"scale": [0, 0, 0]
		},
		"fixed": {
			"rotation": [0, -90, 0],
			"translation": [8.75, 0.5, -2.75],
			"scale": [1.3, 1.3, 1.3]
		}
	},
	"groups": [
		0,
		1,
		2,
		3,
		4,
		5,
		6,
		7,
		8,
		9,
		10,
		11,
		12,
		13,
		14,
		15,
		16,
		17,
		18,
		19,
		20,
		21,
		22,
		23,
		24,
		25,
		26,
		27,
		28,
		29,
		30,
		31,
		32,
		33,
		34,
		35,
		36,
		37,
		38,
		39,
		40,
		41,
		42,
		43,
		44,
		45,
		46,
		47,
		48,
		49,
		50,
		51,
		52,
		53,
		{
			"name": "group",
			"origin": [8, 7.5, 1.8],
			"color": 0,
			"children": [54, 55, 56, 57, 58, 59, 60, 61]
		},
		62,
		63,
		64,
		65,
		66,
		67
	]
}