{"credit":"MadewithBlockbench","texture_size":[128,128],"textures":{"0":"elitecreatures:zombie_apocalyptic_animated_weapon_set/zombie_texture_01","particle":"elitecreatures:zombie_apocalyptic_animated_weapon_set/zombie_texture_01"},"elements":[{"from":[-1,0.5,4],"to":[17,1.5,12],"faces":{"north":{"uv":[1.5,13.375,3.75,13.5],"texture":"#0"},"east":{"uv":[0.5,13.125,1.5,13.25],"texture":"#0"},"south":{"uv":[1.5,13.375,3.75,13.5],"texture":"#0"},"west":{"uv":[0.5,13.125,1.5,13.25],"texture":"#0"},"up":{"uv":[1.5,12.375,3.75,13.375],"texture":"#0"},"down":{"uv":[1.5,12.375,3.75,13.375],"texture":"#0"}}},{"from":[-0.5,1.5,4],"to":[-0.5,9.5,12],"rotation":{"angle":0,"axis":"y","origin":[16,0,0]},"faces":{"north":{"uv":[0,0,0,1],"texture":"#missing"},"east":{"uv":[1.5,13.25,0.5,14.25],"texture":"#0"},"south":{"uv":[0,0,0,1],"texture":"#missing"},"west":{"uv":[1.5,13.25,0.5,14.25],"texture":"#0"},"up":{"uv":[0,0,0,1],"texture":"#missing"},"down":{"uv":[0,0,0,1],"texture":"#missing"}}},{"from":[16.5,1.5,4],"to":[16.5,9.5,12],"faces":{"north":{"uv":[0,0,0,1],"texture":"#missing"},"east":{"uv":[0.5,13.25,1.5,14.25],"texture":"#0"},"south":{"uv":[0,0,0,1],"texture":"#missing"},"west":{"uv":[0.5,13.25,1.5,14.25],"texture":"#0"},"up":{"uv":[0,0,0,1],"texture":"#missing"},"down":{"uv":[0,0,0,1],"texture":"#missing"}}},{"from":[-1,0.5,2],"to":[17,9.5,4],"faces":{"north":{"uv":[1.5,11,3.75,12.125],"texture":"#0"},"east":{"uv":[3.75,11,4,12.125],"texture":"#0"},"south":{"uv":[1.5,11,3.75,12.125],"texture":"#0"},"west":{"uv":[3.75,11,4,12.125],"texture":"#0"},"up":{"uv":[1.5,12.125,3.75,12.375],"texture":"#0"},"down":{"uv":[1.5,12.125,3.75,12.375],"texture":"#0"}}},{"from":[5.26114,2.4362,13.27672],"to":[10.76114,9.4362,16.27672],"rotation":{"angle":0,"axis":"y","origin":[10.1,18.625,3.77672]},"faces":{"north":{"uv":[1.125,6.8125,0.4375,7.6875],"texture":"#0"},"east":{"uv":[1.125,6.8125,1.5,7.6875],"texture":"#0"},"south":{"uv":[1.125,6.8125,0.4375,7.6875],"texture":"#0"},"west":{"uv":[1.125,6.8125,1.5,7.6875],"texture":"#0"},"up":{"uv":[0.8125,8.375,0.4375,7.6875],"rotation":90,"texture":"#0"},"down":{"uv":[0.8125,8.375,0.4375,7.6875],"rotation":270,"texture":"#0"}}},{"from":[5.51114,8.9362,14.17672],"to":[6.51114,9.9362,15.17672],"rotation":{"angle":0,"axis":"y","origin":[10.1,18.625,3.77672]},"faces":{"north":{"uv":[0,0,0.125,0.125],"texture":"#0"},"east":{"uv":[0,0,0.125,0.125],"texture":"#0"},"south":{"uv":[0,0,0.125,0.125],"texture":"#0"},"west":{"uv":[0,0,0.125,0.125],"texture":"#0"},"up":{"uv":[0.125,0.125,0,0],"rotation":270,"texture":"#0"},"down":{"uv":[0.125,0.125,0,0],"rotation":90,"texture":"#0"}}},{"from":[6.26114,9.4362,15.67672],"to":[10.76114,10.9362,15.67672],"rotation":{"angle":0,"axis":"y","origin":[10.1,18.625,3.77672]},"faces":{"north":{"uv":[1.375,7.875,0.8125,8.0625],"texture":"#0"},"east":{"uv":[1.125,6.8125,1.5,7.6875],"texture":"#0"},"south":{"uv":[0.8125,7.875,1.375,8.0625],"texture":"#0"},"west":{"uv":[1.125,6.8125,1.5,7.6875],"texture":"#0"},"up":{"uv":[0.8125,8.375,0.4375,7.6875],"rotation":90,"texture":"#0"},"down":{"uv":[0.8125,8.375,0.4375,7.6875],"rotation":270,"texture":"#0"}}},{"from":[6.26114,9.4362,13.87672],"to":[10.76114,10.9362,13.87672],"rotation":{"angle":0,"axis":"y","origin":[10.1,18.625,3.77672]},"faces":{"north":{"uv":[1.375,7.875,0.8125,8.0625],"texture":"#0"},"east":{"uv":[1.125,6.8125,1.5,7.6875],"texture":"#0"},"south":{"uv":[0.8125,7.875,1.375,8.0625],"texture":"#0"},"west":{"uv":[1.125,6.8125,1.5,7.6875],"texture":"#0"},"up":{"uv":[0.8125,8.375,0.4375,7.6875],"rotation":90,"texture":"#0"},"down":{"uv":[0.8125,8.375,0.4375,7.6875],"rotation":270,"texture":"#0"}}},{"from":[8.26114,9.4362,13.27672],"to":[10.76114,10.9362,16.27672],"rotation":{"angle":0,"axis":"y","origin":[10.1,18.625,3.77672]},"faces":{"north":{"uv":[1.125,7.6875,0.8125,7.875],"texture":"#0"},"east":{"uv":[1.125,6.8125,1.5,7],"texture":"#0"},"south":{"uv":[1.125,7.6875,0.8125,7.875],"texture":"#0"},"west":{"uv":[1.125,6.8125,1.5,7],"texture":"#0"},"up":{"uv":[0.8125,8,0.4375,7.6875],"rotation":90,"texture":"#0"},"down":{"uv":[0.8125,8,0.4375,7.6875],"rotation":270,"texture":"#0"}}},{"from":[-1,0.5,12],"to":[17,9.5,14],"rotation":{"angle":0,"axis":"y","origin":[0,0,16]},"faces":{"north":{"uv":[3.75,11,1.5,12.125],"texture":"#0"},"east":{"uv":[4,11,3.75,12.125],"texture":"#0"},"south":{"uv":[3.75,11,1.5,12.125],"texture":"#0"},"west":{"uv":[4,11,3.75,12.125],"texture":"#0"},"up":{"uv":[1.5,12.375,3.75,12.125],"texture":"#0"},"down":{"uv":[1.5,12.375,3.75,12.125],"texture":"#0"}}},{"from":[-1.5,9.5,1.5],"to":[17.5,12.5,14.5],"faces":{"north":{"uv":[1.5,10.625,3.875,11],"texture":"#0"},"east":{"uv":[1.75,8.625,3.375,9],"texture":"#0"},"south":{"uv":[1.5,10.625,3.875,11],"texture":"#0"},"west":{"uv":[1.75,8.625,3.375,9],"texture":"#0"},"up":{"uv":[1.5,9,3.875,10.625],"texture":"#0"},"down":{"uv":[1.5,9,3.875,10.625],"texture":"#0"}}},{"from":[-3.7,8.5,11.2],"to":[0.3,12.5,11.2],"rotation":{"angle":22.5,"axis":"z","origin":[-1.6,10.5,11.2]},"faces":{"north":{"uv":[2.375,1.3125,2.875,1.8125],"texture":"#0"},"east":{"uv":[0,0,0,4],"texture":"#missing"},"south":{"uv":[2.875,1.3125,2.375,1.8125],"texture":"#0"},"west":{"uv":[0,0,0,0.5],"texture":"#0"},"up":{"uv":[4,0,0,0],"texture":"#missing"},"down":{"uv":[0,0,4,0],"texture":"#missing"}}},{"from":[17,6.4,11],"to":[19,14.4,13],"rotation":{"angle":0,"axis":"y","origin":[8,26.4,6]},"faces":{"north":{"uv":[0.25,5.6875,0.5,4.6875],"rotation":180,"texture":"#0"},"east":{"uv":[1.25,4.4375,0.25,4.6875],"rotation":270,"texture":"#0"},"south":{"uv":[0.25,4.6875,0.5,5.6875],"texture":"#0"},"west":{"uv":[0.25,4.4375,1.25,4.6875],"rotation":90,"texture":"#0"},"up":{"uv":[0.8125,4.1875,1.0625,4.4375],"rotation":180,"texture":"#0"},"down":{"uv":[0.8125,4.1875,1.0625,4.4375],"texture":"#0"}}},{"from":[17.5,13.9,11.5],"to":[18.5,14.9,12.5],"rotation":{"angle":0,"axis":"y","origin":[8,26.4,6]},"faces":{"north":{"uv":[1.0625,4.1875,1.1875,4.3125],"rotation":180,"texture":"#0"},"east":{"uv":[1.0625,4.1875,1.1875,4.3125],"rotation":270,"texture":"#0"},"south":{"uv":[1.0625,4.1875,1.1875,4.3125],"texture":"#0"},"west":{"uv":[1.0625,4.1875,1.1875,4.3125],"rotation":90,"texture":"#0"},"up":{"uv":[1.0625,4.1875,1.1875,4.3125],"rotation":180,"texture":"#0"},"down":{"uv":[1.0625,4.1875,1.1875,4.3125],"texture":"#0"}}},{"from":[17.5,13.9,9],"to":[18.5,14.9,10],"rotation":{"angle":0,"axis":"y","origin":[8,26.4,6]},"faces":{"north":{"uv":[1.0625,4.1875,1.1875,4.3125],"rotation":180,"texture":"#0"},"east":{"uv":[1.0625,4.1875,1.1875,4.3125],"rotation":270,"texture":"#0"},"south":{"uv":[1.0625,4.1875,1.1875,4.3125],"texture":"#0"},"west":{"uv":[1.0625,4.1875,1.1875,4.3125],"rotation":90,"texture":"#0"},"up":{"uv":[1.0625,4.1875,1.1875,4.3125],"rotation":180,"texture":"#0"},"down":{"uv":[1.0625,4.1875,1.1875,4.3125],"texture":"#0"}}},{"from":[17,6.4,8.5],"to":[19,14.4,10.5],"rotation":{"angle":0,"axis":"y","origin":[8,26.4,6]},"faces":{"north":{"uv":[0.25,5.6875,0.5,4.6875],"rotation":180,"texture":"#0"},"east":{"uv":[1.25,4.4375,0.25,4.6875],"rotation":270,"texture":"#0"},"south":{"uv":[0.25,4.6875,0.5,5.6875],"texture":"#0"},"west":{"uv":[0.25,4.4375,1.25,4.6875],"rotation":90,"texture":"#0"},"up":{"uv":[0.8125,4.1875,1.0625,4.4375],"rotation":180,"texture":"#0"},"down":{"uv":[0.8125,4.1875,1.0625,4.4375],"texture":"#0"}}},{"from":[-3.7,8.5,12.8],"to":[0.3,12.5,12.8],"rotation":{"angle":22.5,"axis":"z","origin":[-1.6,10.5,11.2]},"faces":{"north":{"uv":[2.375,1.3125,2.875,1.8125],"texture":"#0"},"east":{"uv":[0,0,0,4],"texture":"#missing"},"south":{"uv":[2.875,1.3125,2.375,1.8125],"texture":"#0"},"west":{"uv":[0,0,0,0.5],"texture":"#0"},"up":{"uv":[4,0,0,0],"texture":"#missing"},"down":{"uv":[0,0,4,0],"texture":"#missing"}}},{"from":[3.5,15.6,4.5],"to":[12.5,15.6,13.5],"rotation":{"angle":-45,"axis":"x","origin":[8,12.7,8]},"faces":{"north":{"uv":[0,36,0,0],"rotation":90,"texture":"#missing"},"east":{"uv":[0,0,0,64],"rotation":270,"texture":"#missing"},"south":{"uv":[0,36,0,0],"rotation":90,"texture":"#missing"},"west":{"uv":[0,0,0,64],"rotation":90,"texture":"#missing"},"up":{"uv":[11.1875,2.8125,12.3125,1.6875],"rotation":180,"texture":"#0"},"down":{"uv":[12.3125,2.8125,11.1875,1.6875],"texture":"#0"}}},{"from":[3.5,15.8,4.5],"to":[12.5,15.8,13.5],"rotation":{"angle":-45,"axis":"x","origin":[8,12.7,8]},"faces":{"north":{"uv":[0,36,0,0],"rotation":90,"texture":"#missing"},"east":{"uv":[0,0,0,64],"rotation":270,"texture":"#missing"},"south":{"uv":[0,36,0,0],"rotation":90,"texture":"#missing"},"west":{"uv":[0,0,0,64],"rotation":90,"texture":"#missing"},"up":{"uv":[11.1875,2.8125,12.3125,1.6875],"rotation":180,"texture":"#0"},"down":{"uv":[12.3125,2.8125,11.1875,1.6875],"texture":"#0"}}},{"from":[-2,7.5,12.3],"to":[-1,8.5,13.3],"rotation":{"angle":0,"axis":"y","origin":[0,-11,0]},"faces":{"north":{"uv":[1.0625,4.3125,1.1875,4.4375],"texture":"#0"},"east":{"uv":[1.0625,4.3125,1.1875,4.4375],"texture":"#0"},"south":{"uv":[1.0625,4.3125,1.1875,4.4375],"texture":"#0"},"west":{"uv":[1.0625,4.3125,1.1875,4.4375],"texture":"#0"},"up":{"uv":[1.0625,4.3125,1.1875,4.4375],"rotation":90,"texture":"#0"},"down":{"uv":[1.0625,4.3125,1.1875,4.4375],"rotation":270,"texture":"#0"}}},{"from":[-2,7.5,10.7],"to":[-1,8.5,11.7],"rotation":{"angle":0,"axis":"y","origin":[0,-11,0]},"faces":{"north":{"uv":[1.0625,4.3125,1.1875,4.4375],"texture":"#0"},"east":{"uv":[1.0625,4.3125,1.1875,4.4375],"texture":"#0"},"south":{"uv":[1.0625,4.3125,1.1875,4.4375],"texture":"#0"},"west":{"uv":[1.0625,4.3125,1.1875,4.4375],"texture":"#0"},"up":{"uv":[1.0625,4.3125,1.1875,4.4375],"rotation":90,"texture":"#0"},"down":{"uv":[1.0625,4.3125,1.1875,4.4375],"rotation":270,"texture":"#0"}}},{"from":[-2.6,3.5,10.15],"to":[-0.4,4.5,13.85],"rotation":{"angle":0,"axis":"y","origin":[0,-11,0]},"faces":{"north":{"uv":[1.0625,6,1.3125,6.125],"texture":"#0"},"east":{"uv":[1.0625,6,1.5,6.125],"texture":"#0"},"south":{"uv":[1.0625,6,1.3125,6.125],"texture":"#0"},"west":{"uv":[1.0625,6,1.5,6.125],"texture":"#0"},"up":{"uv":[1.0625,5.75,1.5,6],"rotation":90,"texture":"#0"},"down":{"uv":[1.0625,5.75,1.5,6],"rotation":270,"texture":"#0"}}},{"from":[-2.6,6,10.15],"to":[-0.4,7,13.85],"rotation":{"angle":0,"axis":"y","origin":[0,-11,0]},"faces":{"north":{"uv":[1.0625,6,1.3125,6.125],"texture":"#0"},"east":{"uv":[1.0625,6,1.5,6.125],"texture":"#0"},"south":{"uv":[1.0625,6,1.3125,6.125],"texture":"#0"},"west":{"uv":[1.0625,6,1.5,6.125],"texture":"#0"},"up":{"uv":[1.0625,5.75,1.5,6],"rotation":90,"texture":"#0"},"down":{"uv":[1.0625,5.75,1.5,6],"rotation":270,"texture":"#0"}}},{"from":[-2.5,3,10.25],"to":[-0.5,8,13.75],"rotation":{"angle":0,"axis":"y","origin":[0,-11,0]},"faces":{"north":{"uv":[0.8125,5.9375,1.0625,6.5625],"texture":"#0"},"east":{"uv":[0.375,5.9375,0.8125,6.5625],"texture":"#0"},"south":{"uv":[1.0625,5.9375,0.8125,6.5625],"texture":"#0"},"west":{"uv":[0.375,5.9375,0.8125,6.5625],"texture":"#0"},"up":{"uv":[0.375,6.5625,0.8125,6.8125],"rotation":90,"texture":"#0"},"down":{"uv":[0.375,6.5625,0.8125,6.8125],"rotation":270,"texture":"#0"}}},{"from":[12,0,1],"to":[15,13.5,15],"faces":{"north":{"uv":[1.75,14.3125,2.125,16],"texture":"#0"},"east":{"uv":[0,14.3125,1.75,16],"texture":"#0"},"south":{"uv":[1.75,14.3125,2.125,16],"texture":"#0"},"west":{"uv":[0,14.3125,1.75,16],"texture":"#0"},"up":{"uv":[2.125,14.25,2.5,16],"texture":"#0"},"down":{"uv":[2.125,14.25,2.5,16],"texture":"#0"}}},{"from":[12.5,13.5,2],"to":[14.5,14,4],"faces":{"north":{"uv":[0.25,13.3125,0.5,13.375],"texture":"#0"},"east":{"uv":[0.25,13.3125,0.5,13.375],"texture":"#0"},"south":{"uv":[0.25,13.3125,0.5,13.375],"texture":"#0"},"west":{"uv":[0.25,13.3125,0.5,13.375],"texture":"#0"},"up":{"uv":[0.25,13.375,0.5,13.625],"texture":"#0"},"down":{"uv":[0.25,13.375,0.5,13.625],"texture":"#0"}}},{"from":[1.5,13.5,2],"to":[3.5,14,4],"rotation":{"angle":0,"axis":"y","origin":[16,0,0]},"faces":{"north":{"uv":[0.5,13.3125,0.25,13.375],"texture":"#0"},"east":{"uv":[0.5,13.3125,0.25,13.375],"texture":"#0"},"south":{"uv":[0.5,13.3125,0.25,13.375],"texture":"#0"},"west":{"uv":[0.5,13.3125,0.25,13.375],"texture":"#0"},"up":{"uv":[0.5,13.375,0.25,13.625],"texture":"#0"},"down":{"uv":[0.5,13.375,0.25,13.625],"texture":"#0"}}},{"from":[1.5,13.5,12],"to":[3.5,14,14],"rotation":{"angle":0,"axis":"y","origin":[16,0,16]},"faces":{"north":{"uv":[0.25,13.3125,0.5,13.375],"texture":"#0"},"east":{"uv":[0.25,13.3125,0.5,13.375],"texture":"#0"},"south":{"uv":[0.25,13.3125,0.5,13.375],"texture":"#0"},"west":{"uv":[0.25,13.3125,0.5,13.375],"texture":"#0"},"up":{"uv":[0.5,13.625,0.25,13.375],"texture":"#0"},"down":{"uv":[0.5,13.625,0.25,13.375],"texture":"#0"}}},{"from":[12.5,13.5,12],"to":[14.5,14,14],"rotation":{"angle":0,"axis":"y","origin":[0,0,16]},"faces":{"north":{"uv":[0.5,13.3125,0.25,13.375],"texture":"#0"},"east":{"uv":[0.5,13.3125,0.25,13.375],"texture":"#0"},"south":{"uv":[0.5,13.3125,0.25,13.375],"texture":"#0"},"west":{"uv":[0.5,13.3125,0.25,13.375],"texture":"#0"},"up":{"uv":[0.25,13.625,0.5,13.375],"texture":"#0"},"down":{"uv":[0.25,13.625,0.5,13.375],"texture":"#0"}}},{"from":[1,0,1],"to":[4,13.5,15],"rotation":{"angle":0,"axis":"y","origin":[16,0,0]},"faces":{"north":{"uv":[2.125,14.3125,1.75,16],"texture":"#0"},"east":{"uv":[1.75,14.3125,0,16],"texture":"#0"},"south":{"uv":[2.125,14.3125,1.75,16],"texture":"#0"},"west":{"uv":[1.75,14.3125,0,16],"texture":"#0"},"up":{"uv":[2.5,14.25,2.125,16],"texture":"#0"},"down":{"uv":[2.5,14.25,2.125,16],"texture":"#0"}}},{"from":[6.5,2,1.5],"to":[9.5,5.5,2],"rotation":{"angle":0,"axis":"y","origin":[16,0,0]},"faces":{"north":{"uv":[1.875,13.5,1.5,13.9375],"texture":"#0"},"east":{"uv":[1.9375,13.5,1.875,13.9375],"texture":"#0"},"south":{"uv":[1.875,13.5,1.5,13.9375],"texture":"#0"},"west":{"uv":[1.9375,13.5,1.875,13.9375],"texture":"#0"},"up":{"uv":[1.875,13.9375,1.5,14],"texture":"#0"},"down":{"uv":[1.875,13.9375,1.5,14],"texture":"#0"}}},{"from":[7,3,0.5],"to":[9,4.5,1.5],"rotation":{"angle":0,"axis":"y","origin":[16,0,0]},"faces":{"north":{"uv":[1.25,12.6875,1,12.875],"texture":"#0"},"east":{"uv":[1.375,12.6875,1.25,12.875],"texture":"#0"},"south":{"uv":[1.25,12.6875,1,12.875],"texture":"#0"},"west":{"uv":[1.25,12.6875,1.375,12.875],"texture":"#0"},"up":{"uv":[1.25,12.875,1,13],"texture":"#0"},"down":{"uv":[1.25,12.875,1,13],"texture":"#0"}}},{"from":[16.5,3,5.5],"to":[17,7.5,10.5],"rotation":{"angle":0,"axis":"y","origin":[16,0,0]},"faces":{"north":{"uv":[3,13.5,2.9375,14.0625],"texture":"#0"},"east":{"uv":[2.9375,13.5,2.3125,14.0625],"texture":"#0"},"south":{"uv":[3,13.5,2.9375,14.0625],"texture":"#0"},"west":{"uv":[2.9375,13.5,2.3125,14.0625],"texture":"#0"},"up":{"uv":[2.9375,14.0625,2.3125,14.125],"rotation":90,"texture":"#0"},"down":{"uv":[2.9375,14.0625,2.3125,14.125],"rotation":90,"texture":"#0"}}},{"from":[17,5,6.5],"to":[18,6.5,9.5],"rotation":{"angle":0,"axis":"y","origin":[16,0,0]},"faces":{"north":{"uv":[1.25,12.6875,1.375,12.875],"texture":"#0"},"east":{"uv":[1.375,12.6875,1,12.875],"texture":"#0"},"south":{"uv":[1.375,12.6875,1.25,12.875],"texture":"#0"},"west":{"uv":[1.375,12.6875,1,12.875],"texture":"#0"},"up":{"uv":[1.375,12.875,1,13],"rotation":90,"texture":"#0"},"down":{"uv":[1.375,12.875,1,13],"rotation":270,"texture":"#0"}}},{"from":[16.75,1.5,6.5],"to":[18.25,3.5,9.5],"rotation":{"angle":22.5,"axis":"z","origin":[17.5,5.75,8]},"faces":{"north":{"uv":[3.4375,7.5,3.6875,7.6875],"rotation":270,"texture":"#0"},"east":{"uv":[3.4375,7.5,3.0625,7.75],"rotation":180,"texture":"#0"},"south":{"uv":[3.4375,7.5,3.6875,7.6875],"rotation":270,"texture":"#0"},"west":{"uv":[3.4375,7.5,3.0625,7.75],"rotation":180,"texture":"#0"},"up":{"uv":[3.4375,7.75,3.0625,7.9375],"rotation":90,"texture":"#0"},"down":{"uv":[3.4375,7.75,3.0625,7.9375],"rotation":90,"texture":"#0"}}},{"from":[6,0.75,1],"to":[10,3.75,1],"rotation":{"angle":22.5,"axis":"x","origin":[8,3.75,1.5]},"faces":{"north":{"uv":[0.5,13.625,0,14],"rotation":180,"texture":"#0"},"east":{"uv":[1.375,12.6875,1.25,12.875],"rotation":90,"texture":"#0"},"south":{"uv":[0,13.625,0.5,14],"rotation":180,"texture":"#0"},"west":{"uv":[1.375,12.6875,1.25,12.875],"rotation":270,"texture":"#0"},"up":{"uv":[1.25,12.6875,1,12.875],"texture":"#0"},"down":{"uv":[1.25,12.6875,1,12.875],"rotation":180,"texture":"#0"}}},{"from":[5.5,9.25,11],"to":[10.5,12.75,11],"rotation":{"angle":-22.5,"axis":"x","origin":[8,3.75,1.5]},"faces":{"north":{"uv":[11.875,2.875,11.25,3.3125],"texture":"#0"},"east":{"uv":[1.375,12.6875,1.25,12.875],"rotation":270,"texture":"#0"},"south":{"uv":[11.875,2.875,11.25,3.3125],"texture":"#0"},"west":{"uv":[1.375,12.6875,1.25,12.875],"rotation":90,"texture":"#0"},"up":{"uv":[1.25,12.6875,1,12.875],"rotation":180,"texture":"#0"},"down":{"uv":[1.25,12.6875,1,12.875],"texture":"#0"}}},{"from":[17.5,1.75,5],"to":[17.5,5.75,11],"rotation":{"angle":22.5,"axis":"z","origin":[17.5,5.75,8]},"faces":{"north":{"uv":[1.75,12.6875,1.25,12.6875],"rotation":270,"texture":"#0"},"east":{"uv":[3.125,8.0625,2.375,8.5625],"rotation":180,"texture":"#0"},"south":{"uv":[1.75,12.6875,1.25,12.6875],"rotation":90,"texture":"#0"},"west":{"uv":[3.125,8.0625,2.375,8.5625],"rotation":180,"texture":"#0"},"up":{"uv":[1.75,12.6875,1,12.6875],"rotation":90,"texture":"#0"},"down":{"uv":[1.75,12.6875,1,12.6875],"rotation":90,"texture":"#0"}}},{"from":[-1,3,5.5],"to":[-0.5,7.5,10.5],"faces":{"north":{"uv":[2.9375,13.5,3,14.0625],"texture":"#0"},"east":{"uv":[2.3125,13.5,2.9375,14.0625],"texture":"#0"},"south":{"uv":[2.9375,13.5,3,14.0625],"texture":"#0"},"west":{"uv":[2.3125,13.5,2.9375,14.0625],"texture":"#0"},"up":{"uv":[2.9375,14.125,2.3125,14.0625],"rotation":90,"texture":"#0"},"down":{"uv":[2.9375,14.125,2.3125,14.0625],"rotation":90,"texture":"#0"}}},{"from":[-1.5,1.75,5],"to":[-1.5,5.75,11],"rotation":{"angle":-22.5,"axis":"z","origin":[-1.5,5.75,8]},"faces":{"north":{"uv":[1.75,12.6875,1.25,12.6875],"rotation":270,"texture":"#0"},"east":{"uv":[2.375,8.0625,3.125,8.5625],"rotation":180,"texture":"#0"},"south":{"uv":[1.75,12.6875,1.25,12.6875],"rotation":90,"texture":"#0"},"west":{"uv":[2.375,8.0625,3.125,8.5625],"rotation":180,"texture":"#0"},"up":{"uv":[1.75,12.6875,1,12.6875],"rotation":90,"texture":"#0"},"down":{"uv":[1.75,12.6875,1,12.6875],"rotation":90,"texture":"#0"}}},{"from":[-2,5,6.5],"to":[-1,6.5,9.5],"faces":{"north":{"uv":[1.375,12.6875,1.25,12.875],"texture":"#0"},"east":{"uv":[1,12.6875,1.375,12.875],"texture":"#0"},"south":{"uv":[1.25,12.6875,1.375,12.875],"texture":"#0"},"west":{"uv":[1,12.6875,1.375,12.875],"texture":"#0"},"up":{"uv":[1.375,13,1,12.875],"rotation":90,"texture":"#0"},"down":{"uv":[1.375,13,1,12.875],"rotation":270,"texture":"#0"}}},{"from":[-2.25,1.5,6.5],"to":[-0.75,3.5,9.5],"rotation":{"angle":-22.5,"axis":"z","origin":[-1.5,5.75,8]},"faces":{"north":{"uv":[3.4375,7.6875,3.6875,7.5],"rotation":270,"texture":"#0"},"east":{"uv":[3.0625,7.5,3.4375,7.75],"rotation":180,"texture":"#0"},"south":{"uv":[3.4375,7.6875,3.6875,7.5],"rotation":270,"texture":"#0"},"west":{"uv":[3.0625,7.5,3.4375,7.75],"rotation":180,"texture":"#0"},"up":{"uv":[3.4375,7.9375,3.0625,7.75],"rotation":90,"texture":"#0"},"down":{"uv":[3.4375,7.9375,3.0625,7.75],"rotation":90,"texture":"#0"}}},{"from":[12.5,9,0.5],"to":[14.5,10.5,1.5],"rotation":{"angle":0,"axis":"y","origin":[16,0,0]},"faces":{"north":{"uv":[0.25,14,0,14.1875],"texture":"#0"},"east":{"uv":[0.375,14,0.25,14.1875],"texture":"#0"},"south":{"uv":[0.25,14,0,14.1875],"texture":"#0"},"west":{"uv":[0.375,14,0.25,14.1875],"texture":"#0"},"up":{"uv":[0.25,14.1875,0,14.3125],"texture":"#0"},"down":{"uv":[0.25,14.1875,0,14.3125],"texture":"#0"}}},{"from":[12,3.5,0.8],"to":[15,9,0.8],"rotation":{"angle":0,"axis":"y","origin":[16,0,0]},"faces":{"north":{"uv":[2.3125,13.5,1.9375,14.1875],"texture":"#0"},"east":{"uv":[0.375,14,0.25,14.1875],"texture":"#0"},"south":{"uv":[2.3125,13.5,1.9375,14.1875],"texture":"#0"},"west":{"uv":[0.375,14,0.25,14.1875],"texture":"#0"},"up":{"uv":[0.375,14.1875,0,14.1875],"texture":"#0"},"down":{"uv":[0.25,14.1875,0,14.3125],"texture":"#0"}}},{"from":[1.5,9,0.5],"to":[3.5,10.5,1.5],"faces":{"north":{"uv":[0,14,0.25,14.1875],"texture":"#0"},"east":{"uv":[0.25,14,0.375,14.1875],"texture":"#0"},"south":{"uv":[0,14,0.25,14.1875],"texture":"#0"},"west":{"uv":[0.25,14,0.375,14.1875],"texture":"#0"},"up":{"uv":[0,14.1875,0.25,14.3125],"texture":"#0"},"down":{"uv":[0,14.1875,0.25,14.3125],"texture":"#0"}}},{"from":[1,3.5,0.8],"to":[4,9,0.8],"faces":{"north":{"uv":[1.9375,13.5,2.3125,14.1875],"texture":"#0"},"east":{"uv":[0.25,14,0.375,14.1875],"texture":"#0"},"south":{"uv":[1.9375,13.5,2.3125,14.1875],"texture":"#0"},"west":{"uv":[0.25,14,0.375,14.1875],"texture":"#0"},"up":{"uv":[0,14.1875,0.375,14.1875],"texture":"#0"},"down":{"uv":[0,14.1875,0.25,14.3125],"texture":"#0"}}}],"gui_light":"front","display":{"thirdperson_righthand":{"rotation":[67.5,0,0],"translation":[0,2.25,1],"scale":[0.2793,0.2793,0.2793]},"thirdperson_lefthand":{"rotation":[67.5,0,0],"translation":[0,2.25,1],"scale":[0.2793,0.2793,0.2793]},"firstperson_righthand":{"translation":[-0.75,4.25,1.75],"scale":[0.30859,0.30859,0.30859]},"firstperson_lefthand":{"translation":[-0.75,4.25,1.75],"scale":[0.30859,0.30859,0.30859]},"ground":{"translation":[0,6,0],"scale":[0.55,0.55,0.55]},"gui":{"rotation":[30,135,0],"translation":[0,0.25,0],"scale":[0.62344,0.62344,0.62344]},"head":{"rotation":[0,180,0],"translation":[0,-30.4,0],"scale":[1.6,1.6,1.6]},"fixed":{"rotation":[-90,0,0],"translation":[-0.5,0,-16],"scale":[2,2,2]}}}