{"credit":"MadewithBlockbench","texture_size":[128,128],"textures":{"0":"elitecreatures:zombie_apocalyptic_animated_weapon_set/zombie_texture_01","3":"elitecreatures:zombie_apocalyptic_animated_weapon_set/zombie_animation_03","4":"elitecreatures:zombie_apocalyptic_animated_weapon_set/zombie_animation_04","particle":"elitecreatures:zombie_apocalyptic_animated_weapon_set/zombie_texture_01"},"elements":[{"from":[7,-12.2,18],"to":[9,-4.2,22],"rotation":{"angle":-45,"axis":"x","origin":[0,-1.2,3]},"faces":{"north":{"uv":[5.5625,5.125,5.8125,6.125],"texture":"#0"},"east":{"uv":[5.5625,5.125,5.0625,6.125],"texture":"#0"},"south":{"uv":[5.5625,5.125,5.8125,6.125],"texture":"#0"},"west":{"uv":[5.0625,5.125,5.5625,6.125],"texture":"#0"},"up":{"uv":[5.5,4.5,5.75,5],"texture":"#0"},"down":{"uv":[5.5,4.5,5.75,5],"texture":"#0"}}},{"from":[6.5,4.5,31],"to":[9.5,8,32],"rotation":{"angle":0,"axis":"y","origin":[0,-2,11.5]},"faces":{"north":{"uv":[9.5625,5.5625,9.9375,6],"texture":"#0"},"east":{"uv":[9.1875,5.875,9.3125,6.3125],"texture":"#0"},"south":{"uv":[9.5625,5.5625,9.9375,6],"texture":"#0"},"west":{"uv":[9.1875,5.875,9.3125,6.3125],"texture":"#0"},"up":{"uv":[9.5625,6,9.9375,6.125],"texture":"#0"},"down":{"uv":[9.5625,6,9.9375,6.125],"texture":"#0"}}},{"from":[10.7,10.9362,3.88785],"to":[11.7,11.9362,4.88785],"rotation":{"angle":-22.5,"axis":"x","origin":[10.1,18.625,3.77672]},"faces":{"north":{"uv":[0,0,0.125,0.125],"texture":"#0"},"east":{"uv":[0,0,0.125,0.125],"texture":"#0"},"south":{"uv":[0,0,0.125,0.125],"texture":"#0"},"west":{"uv":[0,0,0.125,0.125],"texture":"#0"},"up":{"uv":[0.125,0.125,0,0],"texture":"#0"},"down":{"uv":[0.125,0.125,0,0],"texture":"#0"}}},{"from":[10.2,11.4362,4.63785],"to":[10.2,12.9362,9.13785],"rotation":{"angle":-22.5,"axis":"x","origin":[10.1,18.625,3.77672]},"faces":{"north":{"uv":[1.125,6.8125,1.5,7.6875],"texture":"#0"},"east":{"uv":[1.375,7.875,0.8125,8.0625],"texture":"#0"},"south":{"uv":[1.125,6.8125,1.5,7.6875],"texture":"#0"},"west":{"uv":[0.8125,7.875,1.375,8.0625],"texture":"#0"},"up":{"uv":[0.8125,8.375,0.4375,7.6875],"rotation":180,"texture":"#0"},"down":{"uv":[0.8125,8.375,0.4375,7.6875],"rotation":180,"texture":"#0"}}},{"from":[12,11.4362,4.63785],"to":[12,12.9362,9.13785],"rotation":{"angle":-22.5,"axis":"x","origin":[10.1,18.625,3.77672]},"faces":{"north":{"uv":[1.125,6.8125,1.5,7.6875],"texture":"#0"},"east":{"uv":[1.375,7.875,0.8125,8.0625],"texture":"#0"},"south":{"uv":[1.125,6.8125,1.5,7.6875],"texture":"#0"},"west":{"uv":[0.8125,7.875,1.375,8.0625],"texture":"#0"},"up":{"uv":[0.8125,8.375,0.4375,7.6875],"rotation":180,"texture":"#0"},"down":{"uv":[0.8125,8.375,0.4375,7.6875],"rotation":180,"texture":"#0"}}},{"from":[9.6,11.4362,6.63785],"to":[12.6,12.9362,9.13785],"rotation":{"angle":-22.5,"axis":"x","origin":[10.1,18.625,3.77672]},"faces":{"north":{"uv":[1.125,6.8125,1.5,7],"texture":"#0"},"east":{"uv":[1.125,7.6875,0.8125,7.875],"texture":"#0"},"south":{"uv":[1.125,6.8125,1.5,7],"texture":"#0"},"west":{"uv":[1.125,7.6875,0.8125,7.875],"texture":"#0"},"up":{"uv":[0.8125,8,0.4375,7.6875],"rotation":180,"texture":"#0"},"down":{"uv":[0.8125,8,0.4375,7.6875],"rotation":180,"texture":"#0"}}},{"from":[9.6,4.4362,3.63785],"to":[12.6,11.4362,9.13785],"rotation":{"angle":-22.5,"axis":"x","origin":[10.1,18.625,3.77672]},"faces":{"north":{"uv":[1.125,6.8125,1.5,7.6875],"texture":"#0"},"east":{"uv":[1.125,6.8125,0.4375,7.6875],"texture":"#0"},"south":{"uv":[1.125,6.8125,1.5,7.6875],"texture":"#0"},"west":{"uv":[1.125,6.8125,0.4375,7.6875],"texture":"#0"},"up":{"uv":[0.8125,8.375,0.4375,7.6875],"rotation":180,"texture":"#0"},"down":{"uv":[0.8125,8.375,0.4375,7.6875],"rotation":180,"texture":"#0"}}},{"from":[6.5,-1.5,28.5],"to":[9.5,8,31],"rotation":{"angle":0,"axis":"y","origin":[0,-2,11.5]},"faces":{"north":{"uv":[9.5625,4.375,9.9375,5.5625],"texture":"#0"},"east":{"uv":[9.25,4.375,9.5625,5.5625],"texture":"#0"},"south":{"uv":[9.5625,4.375,9.9375,5.5625],"texture":"#0"},"west":{"uv":[9.25,4.375,9.5625,5.5625],"texture":"#0"},"up":{"uv":[9.1875,5.5625,9.5625,5.875],"texture":"#0"},"down":{"uv":[9.1875,5.875,9.5625,5.5625],"texture":"#0"}}},{"from":[8,4.8,12.6],"to":[8,7.8,15.6],"rotation":{"angle":0,"axis":"y","origin":[0,-1.2,3]},"faces":{"north":{"uv":[5.5625,5.125,5.8125,6.125],"texture":"#0"},"east":{"uv":[7.1875,0,6.8125,0.375],"texture":"#0"},"south":{"uv":[5.5625,5.125,5.8125,6.125],"texture":"#0"},"west":{"uv":[6.8125,0,7.1875,0.375],"texture":"#0"},"up":{"uv":[5.475,4.5,5.475,4.875],"texture":"#0"},"down":{"uv":[5.475,4.5,5.725,5],"texture":"#0"}}},{"from":[6.5,-12.5,19],"to":[9.5,-8.2,21],"rotation":{"angle":-45,"axis":"x","origin":[0,-1.2,3]},"faces":{"north":{"uv":[6.5625,4.625,6.9375,5.1625],"texture":"#0"},"east":{"uv":[6.3125,4.625,6.5625,5.1625],"texture":"#0"},"south":{"uv":[6.5625,4.625,6.9375,5.1625],"texture":"#0"},"west":{"uv":[6.3125,4.625,6.5625,5.1625],"texture":"#0"},"up":{"uv":[6.35,5.1875,6.725,5.4375],"texture":"#0"},"down":{"uv":[6.35,5.1875,6.725,5.4375],"texture":"#0"}}},{"from":[6,4.5,-3.5],"to":[7,5.5,-2.5],"rotation":{"angle":0,"axis":"y","origin":[8,1,10]},"faces":{"north":{"uv":[1.1875,4.1875,1.0625,4.3125],"rotation":180,"texture":"#0"},"east":{"uv":[1.1875,4.1875,1.0625,4.3125],"rotation":180,"texture":"#0"},"south":{"uv":[1.1875,4.1875,1.0625,4.3125],"rotation":180,"texture":"#0"},"west":{"uv":[1.1875,4.1875,1.0625,4.3125],"rotation":180,"texture":"#0"},"up":{"uv":[1.0625,4.3125,1.1875,4.1875],"texture":"#0"},"down":{"uv":[1.0625,4.3125,1.1875,4.1875],"texture":"#0"}}},{"from":[5.5,4,-3],"to":[7.5,6,5],"rotation":{"angle":0,"axis":"y","origin":[8,1,10]},"faces":{"north":{"uv":[1.0625,4.1875,0.8125,4.4375],"rotation":180,"texture":"#0"},"east":{"uv":[0.8125,8.125,1.8125,8.375],"rotation":180,"texture":"#0"},"south":{"uv":[1.0625,4.1875,0.8125,4.4375],"rotation":180,"texture":"#0"},"west":{"uv":[1.8125,8.125,0.8125,8.375],"rotation":180,"texture":"#0"},"up":{"uv":[0,8.125,0.25,9.125],"texture":"#0"},"down":{"uv":[0,9.125,0.25,8.125],"texture":"#0"}}},{"from":[8.5,4,-3],"to":[10.5,6,5],"rotation":{"angle":0,"axis":"y","origin":[8,1,10]},"faces":{"north":{"uv":[0.8125,4.1875,1.0625,4.4375],"rotation":180,"texture":"#0"},"east":{"uv":[0.8125,8.125,1.8125,8.375],"rotation":180,"texture":"#0"},"south":{"uv":[0.8125,4.1875,1.0625,4.4375],"rotation":180,"texture":"#0"},"west":{"uv":[1.8125,8.125,0.8125,8.375],"rotation":180,"texture":"#0"},"up":{"uv":[0.25,8.125,0,9.125],"texture":"#0"},"down":{"uv":[0.25,9.125,0,8.125],"texture":"#0"}}},{"from":[9,4.5,-3.5],"to":[10,5.5,-2.5],"rotation":{"angle":0,"axis":"y","origin":[8,1,10]},"faces":{"north":{"uv":[1.0625,4.1875,1.1875,4.3125],"rotation":180,"texture":"#0"},"east":{"uv":[1.0625,4.1875,1.1875,4.3125],"rotation":180,"texture":"#0"},"south":{"uv":[1.0625,4.1875,1.1875,4.3125],"rotation":180,"texture":"#0"},"west":{"uv":[1.0625,4.1875,1.1875,4.3125],"rotation":180,"texture":"#0"},"up":{"uv":[1.1875,4.3125,1.0625,4.1875],"texture":"#0"},"down":{"uv":[1.1875,4.3125,1.0625,4.1875],"texture":"#0"}}},{"from":[6.75,10,-4.8],"to":[9.25,13.5,-2.8],"rotation":{"angle":0,"axis":"y","origin":[0,0,6.2]},"faces":{"north":{"uv":[9.5625,2.6875,9.875,3.125],"texture":"#0"},"east":{"uv":[9.3125,2.6875,9.5625,3.125],"texture":"#0"},"south":{"uv":[9.5625,2.6875,9.875,3.125],"texture":"#0"},"west":{"uv":[9.3125,2.6875,9.5625,3.125],"texture":"#0"},"up":{"uv":[9.1875,2.4375,9.5,2.6875],"texture":"#0"},"down":{"uv":[9.1875,2.4375,9.5,2.6875],"texture":"#0"}}},{"from":[6.75,6,-4.8],"to":[9.25,9.5,-2.8],"rotation":{"angle":0,"axis":"y","origin":[0,0,6.2]},"faces":{"north":{"uv":[9.5,2.0625,9.8125,2.5],"texture":"#0"},"east":{"uv":[9.3125,2.6875,9.5625,3.125],"texture":"#0"},"south":{"uv":[9.5,2.0625,9.8125,2.5],"texture":"#0"},"west":{"uv":[9.3125,2.6875,9.5625,3.125],"texture":"#0"},"up":{"uv":[9.1875,2.4375,9.5,2.6875],"texture":"#0"},"down":{"uv":[9.1875,2.4375,9.5,2.6875],"texture":"#0"}}},{"from":[6.25,9.5,-8.3],"to":[9.75,14,-4.8],"rotation":{"angle":0,"axis":"y","origin":[0,0,6.2]},"faces":{"north":{"uv":[9.5625,2.5,10,3.0625],"texture":"#0"},"east":{"uv":[9.4375,3.5,9.875,4.0625],"texture":"#0"},"south":{"uv":[9.5625,2.5,10,3.0625],"texture":"#0"},"west":{"uv":[9.4375,3.5,9.875,4.0625],"texture":"#0"},"up":{"uv":[9.5625,3.0625,10,3.5],"texture":"#0"},"down":{"uv":[9.5625,3.0625,10,3.5],"texture":"#0"}}},{"from":[6.5,14,-1.5],"to":[9.5,16.5,-1.5],"rotation":{"angle":0,"axis":"y","origin":[0,0,-2]},"faces":{"north":{"uv":[7.25,2.5,6.875,2.8125],"texture":"#0"},"east":{"uv":[2.4375,1.1875,2.9375,1.625],"texture":"#missing"},"south":{"uv":[6.875,2.5,7.25,2.8125],"texture":"#0"},"west":{"uv":[2.4375,1.1875,2.9375,1.625],"texture":"#missing"},"up":{"uv":[3.25,1.1875,3.75,1.5],"rotation":90,"texture":"#missing"},"down":{"uv":[3.25,1.1875,3.75,1.5],"rotation":90,"texture":"#missing"}}},{"from":[6.5,14,-1.3],"to":[9.5,16.5,-1.3],"rotation":{"angle":0,"axis":"y","origin":[0,0,-2]},"faces":{"north":{"uv":[7.25,2.5,6.875,2.8125],"texture":"#0"},"east":{"uv":[2.4375,1.1875,2.9375,1.625],"texture":"#missing"},"south":{"uv":[6.875,2.5,7.25,2.8125],"texture":"#0"},"west":{"uv":[2.4375,1.1875,2.9375,1.625],"texture":"#missing"},"up":{"uv":[3.25,1.1875,3.75,1.5],"rotation":90,"texture":"#missing"},"down":{"uv":[3.25,1.1875,3.75,1.5],"rotation":90,"texture":"#missing"}}},{"from":[8.2,4.05,13.55],"to":[8.7,4.55,19.55],"rotation":{"angle":0,"axis":"y","origin":[8,6.7,14.05]},"faces":{"north":{"uv":[0.625,3.1875,0.6875,3.25],"rotation":180,"texture":"#0"},"east":{"uv":[1.625,5.75,1.5625,6.5],"rotation":90,"texture":"#0"},"south":{"uv":[0.625,3.1875,0.6875,3.25],"texture":"#0"},"west":{"uv":[1.625,5.75,1.5625,6.5],"rotation":270,"texture":"#0"},"up":{"uv":[1.5625,6.5,1.625,5.75],"rotation":180,"texture":"#0"},"down":{"uv":[1.5625,5.75,1.625,6.5],"rotation":180,"texture":"#0"}}},{"from":[7.3,4.05,13.55],"to":[7.8,4.55,19.55],"rotation":{"angle":0,"axis":"y","origin":[8,6.7,14.05]},"faces":{"north":{"uv":[0.6875,3.1875,0.625,3.25],"rotation":180,"texture":"#0"},"east":{"uv":[1.625,6.5,1.5625,5.75],"rotation":270,"texture":"#0"},"south":{"uv":[0.6875,3.1875,0.625,3.25],"texture":"#0"},"west":{"uv":[1.625,6.5,1.5625,5.75],"rotation":90,"texture":"#0"},"up":{"uv":[1.625,6.5,1.5625,5.75],"rotation":180,"texture":"#0"},"down":{"uv":[1.625,5.75,1.5625,6.5],"rotation":180,"texture":"#0"}}},{"from":[8.2,4.45,12.65],"to":[8.6,4.95,15.55],"rotation":{"angle":45,"axis":"x","origin":[8,6.7,14.05]},"faces":{"north":{"uv":[0.625,3.1875,0.6875,3.2375],"rotation":90,"texture":"#0"},"east":{"uv":[1.675,5.625,1.3125,5.6875],"texture":"#0"},"south":{"uv":[0.625,3.1875,0.6875,3.2375],"rotation":90,"texture":"#0"},"west":{"uv":[1.3125,5.625,1.675,5.6875],"texture":"#0"},"up":{"uv":[1.3125,5.625,1.675,5.675],"rotation":90,"texture":"#0"},"down":{"uv":[1.675,5.625,1.3125,5.675],"rotation":90,"texture":"#0"}}},{"from":[7.4,4.45,12.65],"to":[7.8,4.95,15.55],"rotation":{"angle":45,"axis":"x","origin":[8,6.7,14.05]},"faces":{"north":{"uv":[0.625,3.2375,0.6875,3.1875],"rotation":90,"texture":"#0"},"east":{"uv":[1.675,5.625,1.3125,5.6875],"texture":"#0"},"south":{"uv":[0.625,3.2375,0.6875,3.1875],"rotation":90,"texture":"#0"},"west":{"uv":[1.3125,5.625,1.675,5.6875],"texture":"#0"},"up":{"uv":[1.3125,5.675,1.675,5.625],"rotation":90,"texture":"#0"},"down":{"uv":[1.675,5.675,1.3125,5.625],"rotation":90,"texture":"#0"}}},{"from":[6.5,7.5,18],"to":[9.5,13.5,20.5],"rotation":{"angle":0,"axis":"y","origin":[0,0,3]},"faces":{"north":{"uv":[6.3125,4.1875,6.6875,3.4375],"texture":"#0"},"east":{"uv":[6.3125,3.4375,6,4.1875],"texture":"#0"},"south":{"uv":[6.3125,3.4375,6.6875,4.1875],"texture":"#0"},"west":{"uv":[6,3.4375,6.3125,4.1875],"texture":"#0"},"up":{"uv":[6.375,3.125,6.75,3.4375],"texture":"#0"},"down":{"uv":[6.375,3.125,6.75,3.4375],"texture":"#0"}}},{"from":[6.75,8,20.5],"to":[9.25,11,21],"rotation":{"angle":0,"axis":"y","origin":[0,0,3]},"faces":{"north":{"uv":[7,3.0625,7.3125,3.4375],"texture":"#0"},"east":{"uv":[7.3125,3.0625,7.375,3.4375],"texture":"#0"},"south":{"uv":[7,3.0625,7.3125,3.4375],"texture":"#0"},"west":{"uv":[7.3125,3.0625,7.375,3.4375],"texture":"#0"},"up":{"uv":[7,3.4375,7.3125,3.5],"texture":"#0"},"down":{"uv":[7,3.4375,7.3125,3.5],"texture":"#0"}}},{"from":[6.75,2.9,24.5],"to":[9.25,7.4,25.5],"rotation":{"angle":0,"axis":"y","origin":[0,-3.5,3]},"faces":{"north":{"uv":[8.75,5.625,9.0625,6.1875],"texture":"#0"},"east":{"uv":[9.0625,5.625,9.1875,6.1875],"texture":"#0"},"south":{"uv":[8.75,5.625,9.0625,6.1875],"texture":"#0"},"west":{"uv":[9.0625,5.625,9.1875,6.1875],"texture":"#0"},"up":{"uv":[8.4375,6,8.75,6.125],"texture":"#0"},"down":{"uv":[8.4375,6,8.75,6.125],"texture":"#0"}}},{"from":[6.5,6.5,-2.8],"to":[9.5,14,11.7],"rotation":{"angle":0,"axis":"y","origin":[0,0,4]},"faces":{"north":{"uv":[8.75,5.625,9.125,4.6875],"texture":"#0"},"east":{"uv":[8.75,4.6875,6.9375,5.625],"texture":"#0"},"south":{"uv":[8.75,5.625,9.125,4.6875],"texture":"#0"},"west":{"uv":[6.9375,4.6875,8.75,5.625],"texture":"#0"},"up":{"uv":[6.9375,5.625,8.75,6],"rotation":90,"texture":"#0"},"down":{"uv":[6.9375,5.625,8.75,6],"rotation":90,"texture":"#0"}}},{"from":[6.5,5.5,-2.8],"to":[9.5,6.5,-1.3],"rotation":{"angle":0,"axis":"y","origin":[0,0,4]},"faces":{"north":{"uv":[8.25,5.125,8.625,5],"texture":"#0"},"east":{"uv":[6.9375,5,7.125,5.125],"texture":"#0"},"south":{"uv":[8.75,4.8125,9.125,4.6875],"texture":"#0"},"west":{"uv":[7.25,4.6875,7.4375,4.8125],"texture":"#0"},"up":{"uv":[6.9375,5.625,7.125,6],"rotation":90,"texture":"#0"},"down":{"uv":[6.9375,5.625,7.125,6],"rotation":90,"texture":"#0"}}},{"from":[6.75,10.95,22],"to":[9.25,13.45,23.5],"rotation":{"angle":0,"axis":"y","origin":[0,-1,4]},"faces":{"north":{"uv":[5.0625,2.1875,5.375,2.5],"rotation":270,"texture":"#0"},"east":{"uv":[5.5,3.0625,5.8125,2.875],"rotation":270,"texture":"#0"},"south":{"uv":[5.0625,2.1875,5.375,2.5],"rotation":270,"texture":"#0"},"west":{"uv":[5.5,2.875,5.8125,3.0625],"rotation":270,"texture":"#0"},"up":{"uv":[5.8125,3.0625,5.5,2.875],"rotation":180,"texture":"#0"},"down":{"uv":[5.5,2.875,5.8125,3.0625],"rotation":180,"texture":"#0"}}},{"from":[7.25,11.5,11],"to":[8.75,13,22],"rotation":{"angle":0,"axis":"y","origin":[0,-1,4]},"faces":{"north":{"uv":[6.8125,4.4375,7,4.625],"rotation":270,"texture":"#0"},"east":{"uv":[6.8125,3.25,7,4.625],"rotation":270,"texture":"#0"},"south":{"uv":[6.8125,4.4375,7,4.625],"rotation":270,"texture":"#0"},"west":{"uv":[6.8125,3.25,7,4.625],"rotation":270,"texture":"#0"},"up":{"uv":[5.8125,2.875,7.1875,3.0625],"rotation":270,"texture":"#0"},"down":{"uv":[5.8125,2.875,7.1875,3.0625],"rotation":270,"texture":"#0"}}},{"from":[6,7.8,16.5],"to":[10,9.3,19.5],"rotation":{"angle":0,"axis":"y","origin":[0,-1,4]},"faces":{"north":{"uv":[5.75,4.625,5.9375,5.125],"rotation":270,"texture":"#0"},"east":{"uv":[6.25,4.25,6.4375,4.625],"rotation":270,"texture":"#0"},"south":{"uv":[5.75,4.625,5.9375,5.125],"rotation":270,"texture":"#0"},"west":{"uv":[6.25,4.25,6.4375,4.625],"rotation":270,"texture":"#0"},"up":{"uv":[5.75,4.25,6.25,4.625],"rotation":180,"texture":"#0"},"down":{"uv":[5.75,4.25,6.25,4.625],"rotation":180,"texture":"#0"}}},{"from":[10.5,14.8,8.2],"to":[10.5,17.3,11.2],"rotation":{"angle":0,"axis":"y","origin":[8,5,8]},"faces":{"north":{"uv":[0,0,0,7],"texture":"#3"},"east":{"uv":[0,0,6,5],"texture":"#3"},"south":{"uv":[0,0,0,7],"texture":"#3"},"west":{"uv":[0,0,6,5],"texture":"#3"},"up":{"uv":[0,4,0,0],"texture":"#3"},"down":{"uv":[0,0,0,4],"texture":"#3"}}},{"from":[7,9,13.5],"to":[9,11,16.5],"rotation":{"angle":0,"axis":"y","origin":[0,0,4]},"faces":{"north":{"uv":[6.0625,4.625,6.3125,4.875],"texture":"#0"},"east":{"uv":[6.3125,4.625,5.9375,4.875],"texture":"#0"},"south":{"uv":[6.0625,4.625,6.3125,4.875],"texture":"#0"},"west":{"uv":[5.9375,4.625,6.3125,4.875],"texture":"#0"},"up":{"uv":[6.4375,4.1875,6.8125,4.4375],"rotation":90,"texture":"#0"},"down":{"uv":[6.4375,4.1875,6.8125,4.4375],"rotation":90,"texture":"#0"}}},{"from":[7,9,16.5],"to":[9,11,18.5],"rotation":{"angle":0,"axis":"y","origin":[0,0,4]},"faces":{"north":{"uv":[6.0625,4.625,6.3125,4.875],"texture":"#0"},"east":{"uv":[6.1875,4.625,5.9375,4.875],"texture":"#0"},"south":{"uv":[6.0625,4.625,6.3125,4.875],"texture":"#0"},"west":{"uv":[5.9375,4.625,6.1875,4.875],"texture":"#0"},"up":{"uv":[6.4375,4.1875,6.6875,4.4375],"rotation":90,"texture":"#0"},"down":{"uv":[6.4375,4.1875,6.6875,4.4375],"rotation":90,"texture":"#0"}}},{"from":[7,9,11.5],"to":[9,13.5,13.5],"rotation":{"angle":0,"axis":"y","origin":[0,0,4]},"faces":{"north":{"uv":[6.0625,5.125,6.3125,5.6875],"texture":"#0"},"east":{"uv":[6.0625,5.125,5.8125,5.6875],"texture":"#0"},"south":{"uv":[6.0625,5.125,6.3125,5.6875],"texture":"#0"},"west":{"uv":[5.8125,5.125,6.0625,5.6875],"texture":"#0"},"up":{"uv":[5.9375,4.875,6.1875,5.125],"rotation":90,"texture":"#0"},"down":{"uv":[5.9375,4.875,6.1875,5.125],"rotation":90,"texture":"#0"}}},{"from":[7,7.6,13],"to":[9,9,15],"rotation":{"angle":0,"axis":"y","origin":[0,0,4]},"faces":{"north":{"uv":[6.0625,5.125,6.3125,5.3125],"texture":"#0"},"east":{"uv":[6.625,5.75,6.875,5.9375],"texture":"#0"},"south":{"uv":[6.0625,5.125,6.3125,5.3125],"texture":"#0"},"west":{"uv":[6.625,5.75,6.875,5.9375],"texture":"#0"},"up":{"uv":[6.625,5.9375,6.875,6.1875],"rotation":90,"texture":"#0"},"down":{"uv":[6.625,5.9375,6.875,6.1875],"rotation":90,"texture":"#0"}}},{"from":[6.5,7.5,11.7],"to":[9.5,10,18],"rotation":{"angle":0,"axis":"y","origin":[0,0,6]},"faces":{"north":{"uv":[6.3125,6.5,6.6875,6.8125],"texture":"#0"},"east":{"uv":[5.9375,6.1875,6.725,6.5],"texture":"#0"},"south":{"uv":[6.3125,6.5,6.6875,6.8125],"texture":"#0"},"west":{"uv":[5.9375,6.1875,6.725,6.5],"texture":"#0"},"up":{"uv":[5.9375,6.5,6.3125,7.2875],"texture":"#0"},"down":{"uv":[5.9375,6.5,6.3125,7.2875],"texture":"#0"}}},{"from":[5,6,4.5],"to":[6.5,7.5,6],"rotation":{"angle":45,"axis":"x","origin":[8,6.75,5.25]},"faces":{"north":{"uv":[6.4375,4.4375,6.625,4.625],"texture":"#0"},"east":{"uv":[6.4375,4.4375,6.625,4.625],"texture":"#0"},"south":{"uv":[6.4375,4.4375,6.625,4.625],"texture":"#0"},"west":{"uv":[6.4375,4.4375,6.625,4.625],"texture":"#0"},"up":{"uv":[6.4375,4.4375,6.625,4.625],"texture":"#0"},"down":{"uv":[6.4375,4.4375,6.625,4.625],"texture":"#0"}}},{"from":[6.15,5.5,10.5],"to":[9.85,7,12],"rotation":{"angle":0,"axis":"y","origin":[7.75,6,11]},"faces":{"north":{"uv":[8.625,4.1875,9.0625,4.375],"texture":"#0"},"east":{"uv":[9.0625,4.1875,9.25,4.375],"rotation":90,"texture":"#0"},"south":{"uv":[8.625,4.1875,9.0625,4.375],"texture":"#0"},"west":{"uv":[9.0625,4.1875,9.25,4.375],"rotation":90,"texture":"#0"},"up":{"uv":[8.625,4.1875,9.0625,4.375],"rotation":180,"texture":"#0"},"down":{"uv":[8.625,4.1875,9.0625,4.375],"rotation":180,"texture":"#0"}}},{"from":[9.5,6,4.5],"to":[11,7.5,6],"rotation":{"angle":45,"axis":"x","origin":[8,6.75,5.25]},"faces":{"north":{"uv":[6.625,4.4375,6.4375,4.625],"texture":"#0"},"east":{"uv":[6.625,4.4375,6.4375,4.625],"texture":"#0"},"south":{"uv":[6.625,4.4375,6.4375,4.625],"texture":"#0"},"west":{"uv":[6.625,4.4375,6.4375,4.625],"texture":"#0"},"up":{"uv":[6.625,4.4375,6.4375,4.625],"texture":"#0"},"down":{"uv":[6.625,4.4375,6.4375,4.625],"texture":"#0"}}},{"from":[9.5,6,-1.5],"to":[11,7.5,0],"rotation":{"angle":45,"axis":"x","origin":[8,6.75,-0.75]},"faces":{"north":{"uv":[6.625,4.4375,6.4375,4.625],"texture":"#0"},"east":{"uv":[6.625,4.4375,6.4375,4.625],"texture":"#0"},"south":{"uv":[6.625,4.4375,6.4375,4.625],"texture":"#0"},"west":{"uv":[6.625,4.4375,6.4375,4.625],"texture":"#0"},"up":{"uv":[6.625,4.4375,6.4375,4.625],"texture":"#0"},"down":{"uv":[6.625,4.4375,6.4375,4.625],"texture":"#0"}}},{"from":[5,6,-1.5],"to":[6.5,7.5,0],"rotation":{"angle":45,"axis":"x","origin":[8,6.75,-0.75]},"faces":{"north":{"uv":[6.4375,4.4375,6.625,4.625],"texture":"#0"},"east":{"uv":[6.4375,4.4375,6.625,4.625],"texture":"#0"},"south":{"uv":[6.4375,4.4375,6.625,4.625],"texture":"#0"},"west":{"uv":[6.4375,4.4375,6.625,4.625],"texture":"#0"},"up":{"uv":[6.4375,4.4375,6.625,4.625],"texture":"#0"},"down":{"uv":[6.4375,4.4375,6.625,4.625],"texture":"#0"}}},{"from":[6.25,6,6.3],"to":[9.75,10.5,11.8],"rotation":{"angle":0,"axis":"y","origin":[0,0,6]},"faces":{"north":{"uv":[7.9375,2.5,8.375,3.0625],"texture":"#0"},"east":{"uv":[7.9375,2.5,7.25,3.0625],"texture":"#0"},"south":{"uv":[7.9375,2.5,8.375,3.0625],"texture":"#0"},"west":{"uv":[7.25,2.5,7.9375,3.0625],"texture":"#0"},"up":{"uv":[7.375,3.0625,7.8125,3.75],"texture":"#0"},"down":{"uv":[7.375,3.0625,7.8125,3.75],"texture":"#0"}}},{"from":[6.5,2,-16],"to":[6.5,8,-3],"rotation":{"angle":0,"axis":"y","origin":[0,0,16]},"faces":{"north":{"uv":[0,0,0,4],"texture":"#4"},"east":{"uv":[0,4,12,8],"texture":"#4"},"south":{"uv":[0,0,0,4],"texture":"#4"},"west":{"uv":[12,4,0,8],"texture":"#4"},"up":{"uv":[0,0,0,12],"texture":"#4"},"down":{"uv":[0,12,0,0],"texture":"#4"}}},{"from":[9.5,2,-16],"to":[9.5,8,-3],"rotation":{"angle":0,"axis":"y","origin":[16,0,16]},"faces":{"north":{"uv":[0,0,0,4],"texture":"#4"},"east":{"uv":[0,4,12,8],"texture":"#4"},"south":{"uv":[0,0,0,4],"texture":"#4"},"west":{"uv":[12,4,0,8],"texture":"#4"},"up":{"uv":[0,0,0,12],"texture":"#4"},"down":{"uv":[0,12,0,0],"texture":"#4"}}},{"from":[5.75,5.3,-2.2],"to":[10.25,12.8,6.3],"rotation":{"angle":0,"axis":"y","origin":[0,0,6]},"faces":{"north":{"uv":[8.0625,3.75,8.625,4.6875],"texture":"#0"},"east":{"uv":[8.0625,3.75,7,4.6875],"texture":"#0"},"south":{"uv":[8.0625,3.75,8.625,4.6875],"texture":"#0"},"west":{"uv":[7,3.75,8.0625,4.6875],"texture":"#0"},"up":{"uv":[8.375,2.5,8.9375,3.5625],"texture":"#0"},"down":{"uv":[8.9375,1.375,9.5,2.4375],"texture":"#0"}}},{"from":[8.25,6.5,19],"to":[8.75,7,30],"rotation":{"angle":0,"axis":"y","origin":[0,-11.5,6]},"faces":{"north":{"uv":[0.625,3.1875,0.6875,3.2625],"rotation":180,"texture":"#0"},"east":{"uv":[1.5625,5.1875,1.625,6.5625],"rotation":90,"texture":"#0"},"south":{"uv":[0.625,3.1875,0.6875,3.2625],"texture":"#0"},"west":{"uv":[1.5625,5.1875,1.625,6.5625],"rotation":270,"texture":"#0"},"up":{"uv":[1.5625,5.1875,1.625,6.5625],"texture":"#0"},"down":{"uv":[1.5625,5.1875,1.625,6.5625],"rotation":180,"texture":"#0"}}},{"from":[7.25,6.5,19],"to":[7.75,7,30],"rotation":{"angle":0,"axis":"y","origin":[0,-11.5,6]},"faces":{"north":{"uv":[0.625,3.1875,0.6875,3.2625],"rotation":180,"texture":"#0"},"east":{"uv":[1.5625,5.1875,1.625,6.5625],"rotation":90,"texture":"#0"},"south":{"uv":[0.625,3.1875,0.6875,3.2625],"texture":"#0"},"west":{"uv":[1.5625,5.1875,1.625,6.5625],"rotation":270,"texture":"#0"},"up":{"uv":[1.5625,5.1875,1.625,6.5625],"texture":"#0"},"down":{"uv":[1.5625,5.1875,1.625,6.5625],"rotation":180,"texture":"#0"}}},{"from":[8.25,9.5,11],"to":[8.75,10,22],"rotation":{"angle":22.5,"axis":"x","origin":[0,-11.5,6]},"faces":{"north":{"uv":[0.625,3.1875,0.6875,3.2625],"rotation":180,"texture":"#0"},"east":{"uv":[1.5625,5.1875,1.625,6.5625],"rotation":90,"texture":"#0"},"south":{"uv":[0.625,3.1875,0.6875,3.2625],"texture":"#0"},"west":{"uv":[1.5625,5.1875,1.625,6.5625],"rotation":270,"texture":"#0"},"up":{"uv":[1.5625,5.1875,1.625,6.5625],"texture":"#0"},"down":{"uv":[1.5625,5.1875,1.625,6.5625],"rotation":180,"texture":"#0"}}},{"from":[7.25,9.5,11],"to":[7.75,10,22],"rotation":{"angle":22.5,"axis":"x","origin":[0,-11.5,6]},"faces":{"north":{"uv":[0.625,3.1875,0.6875,3.2625],"rotation":180,"texture":"#0"},"east":{"uv":[1.5625,5.1875,1.625,6.5625],"rotation":90,"texture":"#0"},"south":{"uv":[0.625,3.1875,0.6875,3.2625],"texture":"#0"},"west":{"uv":[1.5625,5.1875,1.625,6.5625],"rotation":270,"texture":"#0"},"up":{"uv":[1.5625,5.1875,1.625,6.5625],"texture":"#0"},"down":{"uv":[1.5625,5.1875,1.625,6.5625],"rotation":180,"texture":"#0"}}},{"from":[10.8,10.9,3.1],"to":[10.8,14.9,7.1],"rotation":{"angle":0,"axis":"y","origin":[12,10.9,5.7]},"faces":{"north":{"uv":[0,0,0,0.5],"texture":"#0"},"east":{"uv":[2.375,1.3125,2.875,1.8125],"texture":"#0"},"south":{"uv":[0,0,0,4],"texture":"#missing"},"west":{"uv":[2.875,1.3125,2.375,1.8125],"texture":"#0"},"up":{"uv":[4,0,0,0],"rotation":90,"texture":"#missing"},"down":{"uv":[0,0,4,0],"rotation":270,"texture":"#missing"}}},{"from":[10,10,3.8],"to":[11,11,4.8],"rotation":{"angle":0,"axis":"y","origin":[0,-8,0]},"faces":{"north":{"uv":[1.0625,4.3125,1.1875,4.4375],"texture":"#0"},"east":{"uv":[1.0625,4.3125,1.1875,4.4375],"texture":"#0"},"south":{"uv":[1.0625,4.3125,1.1875,4.4375],"texture":"#0"},"west":{"uv":[1.0625,4.3125,1.1875,4.4375],"texture":"#0"},"up":{"uv":[1.0625,4.3125,1.1875,4.4375],"rotation":270,"texture":"#0"},"down":{"uv":[1.0625,4.3125,1.1875,4.4375],"rotation":90,"texture":"#0"}}}],"gui_light":"front","display":{"thirdperson_righthand":{"translation":[0,0.75,-2.25],"scale":[0.5,0.5,0.5]},"thirdperson_lefthand":{"translation":[0,0.75,-2.25],"scale":[0.5,0.5,0.5]},"firstperson_righthand":{"translation":[2,3.25,-0.75],"scale":[0.46875,0.46875,0.46875]},"firstperson_lefthand":{"translation":[2,3.25,-0.75],"scale":[0.46875,0.46875,0.46875]},"ground":{"translation":[0,6,-2],"scale":[0.55,0.55,0.55]},"gui":{"rotation":[180,-90,180],"translation":[1.5,0,0],"scale":[0.37461,0.37461,0.37461]},"head":{"scale":[0,0,0]},"fixed":{"rotation":[0,-90,0],"translation":[5,-2,-6],"scale":[1.3,1.3,1.3]}}}