{"credit":"MadewithBlockbench","texture_size":[32,32],"textures":{"0":"elitecreatures:valentines_animated_weapon_and_tool_set_v1/valentine_tex1","1":"elitecreatures:valentines_animated_weapon_and_tool_set_v1/valentine_tex2","2":"elitecreatures:valentines_animated_weapon_and_tool_set_v1/valentine_tex3","5":"elitecreatures:valentines_animated_weapon_and_tool_set_v1/valentine_tex6","6":"elitecreatures:valentines_animated_weapon_and_tool_set_v1/valentine_tex7","7":"elitecreatures:valentines_animated_weapon_and_tool_set_v1/bowfill","8":"elitecreatures:valentines_animated_weapon_and_tool_set_v1/cameralens1","9":"elitecreatures:valentines_animated_weapon_and_tool_set_v1/battery","10":"elitecreatures:valentines_animated_weapon_and_tool_set_v1/heartnitro","particle":"elitecreatures:valentines_animated_weapon_and_tool_set_v1/valentine_tex1"},"elements":[{"from":[6.5328,-5.15305,6.68239],"to":[9.1872,-3.82585,9.33679],"rotation":{"angle":0,"axis":"y","origin":[7.86,-6.895,7.993]},"faces":{"north":{"uv":[0,12,3.5,14],"rotation":180,"texture":"#6"},"east":{"uv":[0,12,3.5,14],"rotation":180,"texture":"#6"},"south":{"uv":[0,12,3.5,14],"rotation":180,"texture":"#6"},"west":{"uv":[0,12,3.5,14],"rotation":180,"texture":"#6"},"up":{"uv":[8.5,11,12,14.5],"texture":"#6"},"down":{"uv":[5,11,8.5,14.5],"texture":"#6"}}},{"from":[7.09686,-5.15305,9.33712],"to":[7.76046,-3.82585,9.33712],"rotation":{"angle":0,"axis":"y","origin":[7.86,-6.895,7.993]},"faces":{"north":{"uv":[7.5,10,9.5,6],"rotation":180,"texture":"#9"},"east":{"uv":[0,0,6,0],"rotation":270,"texture":"#9"},"south":{"uv":[7.5,6,9.5,10],"texture":"#9"},"west":{"uv":[0,0,6,0],"rotation":270,"texture":"#9"},"up":{"uv":[0,0,0,2],"rotation":270,"texture":"#9"},"down":{"uv":[0,0,0,2],"rotation":270,"texture":"#9"}}},{"from":[7.95954,-5.15305,9.33712],"to":[8.62314,-3.82585,9.33712],"rotation":{"angle":0,"axis":"y","origin":[7.86,-6.895,7.993]},"faces":{"north":{"uv":[7.5,10,9.5,6],"rotation":180,"texture":"#9"},"east":{"uv":[0,0,6,0],"rotation":270,"texture":"#9"},"south":{"uv":[7.5,6,9.5,10],"texture":"#9"},"west":{"uv":[0,0,6,0],"rotation":270,"texture":"#9"},"up":{"uv":[0,0,0,2],"rotation":270,"texture":"#9"},"down":{"uv":[0,0,0,2],"rotation":270,"texture":"#9"}}},{"from":[7.95954,-5.15305,6.64888],"to":[8.62314,-3.82585,6.64888],"rotation":{"angle":0,"axis":"y","origin":[7.86,-6.895,7.993]},"faces":{"north":{"uv":[9.5,6,7.5,10],"texture":"#9"},"east":{"uv":[0,0,6,0],"rotation":270,"texture":"#9"},"south":{"uv":[9.5,10,7.5,6],"rotation":180,"texture":"#9"},"west":{"uv":[0,0,6,0],"rotation":270,"texture":"#9"},"up":{"uv":[0,0,0,2],"rotation":270,"texture":"#9"},"down":{"uv":[0,0,0,2],"rotation":270,"texture":"#9"}}},{"from":[7.09686,-5.15305,6.64888],"to":[7.76046,-3.82585,6.64888],"rotation":{"angle":0,"axis":"y","origin":[7.86,-6.895,7.993]},"faces":{"north":{"uv":[9.5,6,7.5,10],"texture":"#9"},"east":{"uv":[0,0,6,0],"rotation":270,"texture":"#9"},"south":{"uv":[9.5,10,7.5,6],"rotation":180,"texture":"#9"},"west":{"uv":[0,0,6,0],"rotation":270,"texture":"#9"},"up":{"uv":[0,0,0,2],"rotation":270,"texture":"#9"},"down":{"uv":[0,0,0,2],"rotation":270,"texture":"#9"}}},{"from":[6.5328,-9.79825,7.34599],"to":[7.1964,-5.15305,8.67319],"rotation":{"angle":0,"axis":"y","origin":[7.86,-6.895,7.993]},"faces":{"north":{"uv":[9,15,16,16],"rotation":90,"texture":"#2"},"east":{"uv":[6.5,0,13.5,2],"rotation":90,"texture":"#1"},"south":{"uv":[16,15,9,16],"rotation":270,"texture":"#2"},"west":{"uv":[15,6.5,1,2.5],"rotation":90,"texture":"#7"},"up":{"uv":[6.5,13,10.5,15],"rotation":270,"texture":"#7"},"down":{"uv":[7,15,9,16],"rotation":270,"texture":"#2"}}},{"from":[8.5236,-9.79825,7.34599],"to":[9.1872,-5.15305,8.67319],"rotation":{"angle":0,"axis":"y","origin":[7.86,-6.895,7.993]},"faces":{"north":{"uv":[9,16,16,15],"rotation":90,"texture":"#2"},"east":{"uv":[15,2.5,1,6.5],"rotation":90,"texture":"#7"},"south":{"uv":[16,16,9,15],"rotation":270,"texture":"#2"},"west":{"uv":[6.5,2,13.5,0],"rotation":90,"texture":"#1"},"up":{"uv":[6.5,15,10.5,13],"rotation":270,"texture":"#7"},"down":{"uv":[7,16,9,15],"rotation":270,"texture":"#2"}}},{"from":[7.1964,-9.79825,6.68239],"to":[8.5236,-5.15305,7.34599],"rotation":{"angle":0,"axis":"y","origin":[7.86,-6.895,7.993]},"faces":{"north":{"uv":[15,6.5,1,2.5],"rotation":90,"texture":"#7"},"east":{"uv":[9,15,16,16],"rotation":90,"texture":"#2"},"south":{"uv":[6.5,0,13.5,2],"rotation":90,"texture":"#1"},"west":{"uv":[16,15,9,16],"rotation":270,"texture":"#2"},"up":{"uv":[6.5,13,10.5,15],"texture":"#7"},"down":{"uv":[7,15,9,16],"rotation":180,"texture":"#2"}}},{"from":[7.1964,-9.79825,8.67319],"to":[8.5236,-5.15305,9.33679],"rotation":{"angle":0,"axis":"y","origin":[7.86,-6.895,7.993]},"faces":{"north":{"uv":[6.5,2,13.5,0],"rotation":90,"texture":"#1"},"east":{"uv":[9,16,16,15],"rotation":90,"texture":"#2"},"south":{"uv":[15,2.5,1,6.5],"rotation":90,"texture":"#7"},"west":{"uv":[16,16,9,15],"rotation":270,"texture":"#2"},"up":{"uv":[6.5,15,10.5,13],"texture":"#7"},"down":{"uv":[7,16,9,15],"rotation":180,"texture":"#2"}}},{"from":[7.02273,-11.11768,9.00499],"to":[8.68173,-10.78588,9.33679],"rotation":{"angle":0,"axis":"y","origin":[7.86,-6.895,7.993]},"faces":{"north":{"uv":[11.5,7.5,11,10],"rotation":90,"texture":"#2"},"east":{"uv":[6.25,10,7.25,9.5],"rotation":180,"texture":"#2"},"south":{"uv":[7,10.5,6.5,13],"rotation":270,"texture":"#2"},"west":{"uv":[6.25,10,7.25,9.5],"rotation":180,"texture":"#2"},"up":{"uv":[12,7,9.5,6.5],"rotation":180,"texture":"#2"},"down":{"uv":[12,6.5,9.5,7],"rotation":180,"texture":"#2"}}},{"from":[7.02273,-10.78588,7.01419],"to":[8.68173,-9.79048,9.00499],"rotation":{"angle":0,"axis":"y","origin":[7.86,-6.895,7.993]},"faces":{"north":{"uv":[9,10,10.5,12.5],"rotation":90,"texture":"#2"},"east":{"uv":[9,10,7.5,13],"rotation":90,"texture":"#2"},"south":{"uv":[10.5,10,9,12.5],"rotation":270,"texture":"#2"},"west":{"uv":[9,10,7.5,13],"rotation":90,"texture":"#2"},"up":{"uv":[7.5,10,10.5,7.5],"rotation":90,"texture":"#2"},"down":{"uv":[12,9,15,6.5],"rotation":90,"texture":"#2"}}},{"from":[7.38771,-9.47422,7.34599],"to":[8.38311,-9.14242,8.67319],"rotation":{"angle":0,"axis":"y","origin":[7.86,-6.895,7.993]},"color":1,"faces":{"north":{"uv":[13,10,13.5,11.5],"rotation":90,"texture":"#missing"},"east":{"uv":[11,11.5,11.5,13.5],"rotation":90,"texture":"#missing"},"south":{"uv":[13.5,10,13,11.5],"rotation":270,"texture":"#missing"},"west":{"uv":[11,11.5,11.5,13.5],"rotation":90,"texture":"#missing"},"up":{"uv":[13,11.5,11,10],"rotation":90,"texture":"#missing"},"down":{"uv":[13,11.5,11,10],"rotation":90,"texture":"#missing"}}},{"from":[8.68173,-11.11768,7.01419],"to":[9.01353,-10.78588,9.00499],"rotation":{"angle":0,"axis":"y","origin":[7.86,-6.895,7.993]},"faces":{"north":{"uv":[8,13.5,7.5,13],"rotation":90,"texture":"#2"},"east":{"uv":[11,10.5,10.5,7.5],"rotation":90,"texture":"#2"},"south":{"uv":[8,13.5,7.5,13],"rotation":270,"texture":"#2"},"west":{"uv":[11,13.5,10.5,10.5],"rotation":90,"texture":"#2"},"up":{"uv":[7,10.5,7.5,13.5],"rotation":180,"texture":"#2"},"down":{"uv":[7,10.5,7.5,13.5],"rotation":180,"texture":"#2"}}},{"from":[7.02273,-11.11768,6.68239],"to":[8.68173,-10.78588,7.01419],"rotation":{"angle":0,"axis":"y","origin":[7.86,-6.895,7.993]},"faces":{"north":{"uv":[6.5,10.5,7,13],"rotation":90,"texture":"#2"},"east":{"uv":[7.25,10,6.25,9.5],"rotation":180,"texture":"#2"},"south":{"uv":[11.5,7.5,12,10],"rotation":270,"texture":"#2"},"west":{"uv":[7.25,10,6.25,9.5],"rotation":180,"texture":"#2"},"up":{"uv":[12,6.5,9.5,7],"rotation":180,"texture":"#2"},"down":{"uv":[12,7,9.5,6.5],"rotation":180,"texture":"#2"}}},{"from":[6.69093,-11.11768,7.01419],"to":[7.02273,-10.78588,9.00499],"rotation":{"angle":0,"axis":"y","origin":[7.86,-6.895,7.993]},"faces":{"north":{"uv":[8,13,7.5,13.5],"rotation":90,"texture":"#2"},"east":{"uv":[11,10.5,10.5,13.5],"rotation":90,"texture":"#2"},"south":{"uv":[8,13,7.5,13.5],"rotation":270,"texture":"#2"},"west":{"uv":[11,7.5,10.5,10.5],"rotation":90,"texture":"#2"},"up":{"uv":[7.5,10.5,7,13.5],"rotation":180,"texture":"#2"},"down":{"uv":[7.5,10.5,7,13.5],"rotation":180,"texture":"#2"}}},{"from":[8.10149,-11.29912,6.64859],"to":[8.43329,-10.63552,6.98039],"rotation":{"angle":0,"axis":"y","origin":[7.86,-6.895,7.993]},"faces":{"north":{"uv":[6.5,4.5,5.5,5],"rotation":270,"texture":"#0"},"east":{"uv":[2,7.5,1,8],"rotation":270,"texture":"#0"},"south":{"uv":[6.5,4,5.5,4.5],"rotation":270,"texture":"#0"},"west":{"uv":[2,8,1,7.5],"rotation":270,"texture":"#0"},"up":{"uv":[6,3.5,5.5,4],"texture":"#0"},"down":{"uv":[6,3.5,5.5,4],"rotation":180,"texture":"#0"}}},{"from":[8.13467,-10.85552,8.16686],"to":[8.40011,-10.52372,8.49866],"rotation":{"angle":22.5,"axis":"x","origin":[7.86,-6.895,7.993]},"faces":{"north":{"uv":[5,1.5,5.5,1],"rotation":180,"texture":"#0"},"east":{"uv":[5,2.5,5.5,2],"rotation":180,"texture":"#0"},"south":{"uv":[5,2,5.5,1.5],"rotation":180,"texture":"#0"},"west":{"uv":[5.5,2.5,5,2],"rotation":180,"texture":"#0"},"up":{"uv":[5,3,5.5,2.5],"rotation":270,"texture":"#0"},"down":{"uv":[5,3.5,5.5,3],"rotation":90,"texture":"#0"}}},{"from":[7.37153,-10.19197,9.55694],"to":[7.57061,-9.86017,9.88874],"rotation":{"angle":45,"axis":"x","origin":[7.86,-6.895,7.993]},"faces":{"north":{"uv":[5.25,4,5.5,3.5],"rotation":180,"texture":"#0"},"east":{"uv":[5,4.5,5.5,4],"rotation":180,"texture":"#0"},"south":{"uv":[5,4,5.25,3.5],"rotation":180,"texture":"#0"},"west":{"uv":[5.5,4.5,5,4],"rotation":180,"texture":"#0"},"up":{"uv":[5,4.75,5.5,4.5],"rotation":270,"texture":"#0"},"down":{"uv":[5,5,5.5,4.75],"rotation":90,"texture":"#0"}}},{"from":[7.33835,-10.85552,8.16686],"to":[7.60379,-10.52372,8.49866],"rotation":{"angle":22.5,"axis":"x","origin":[7.86,-6.895,7.993]},"faces":{"north":{"uv":[5,1.5,5.5,1],"rotation":180,"texture":"#0"},"east":{"uv":[5,2.5,5.5,2],"rotation":180,"texture":"#0"},"south":{"uv":[5,2,5.5,1.5],"rotation":180,"texture":"#0"},"west":{"uv":[5.5,2.5,5,2],"rotation":180,"texture":"#0"},"up":{"uv":[5,3,5.5,2.5],"rotation":270,"texture":"#0"},"down":{"uv":[5,3.5,5.5,3],"rotation":90,"texture":"#0"}}},{"from":[7.30517,-11.29912,6.64859],"to":[7.63697,-10.63552,6.98039],"rotation":{"angle":0,"axis":"y","origin":[7.86,-6.895,7.993]},"faces":{"north":{"uv":[6.5,4.5,5.5,5],"rotation":270,"texture":"#0"},"east":{"uv":[2,7.5,1,8],"rotation":270,"texture":"#0"},"south":{"uv":[6.5,4,5.5,4.5],"rotation":270,"texture":"#0"},"west":{"uv":[2,8,1,7.5],"rotation":270,"texture":"#0"},"up":{"uv":[6,3.5,5.5,4],"texture":"#0"},"down":{"uv":[6,3.5,5.5,4],"rotation":180,"texture":"#0"}}},{"from":[8.16785,-10.19197,9.55694],"to":[8.36693,-9.86017,9.88874],"rotation":{"angle":45,"axis":"x","origin":[7.86,-6.895,7.993]},"faces":{"north":{"uv":[5.25,4,5.5,3.5],"rotation":180,"texture":"#0"},"east":{"uv":[5,4.5,5.5,4],"rotation":180,"texture":"#0"},"south":{"uv":[5,4,5.25,3.5],"rotation":180,"texture":"#0"},"west":{"uv":[5.5,4.5,5,4],"rotation":180,"texture":"#0"},"up":{"uv":[5,4.75,5.5,4.5],"rotation":270,"texture":"#0"},"down":{"uv":[5,5,5.5,4.75],"rotation":90,"texture":"#0"}}},{"from":[8.10149,-11.29912,9.03879],"to":[8.43329,-10.63552,9.37059],"rotation":{"angle":0,"axis":"y","origin":[7.86,-6.895,7.993]},"faces":{"north":{"uv":[5.5,4,6.5,4.5],"rotation":90,"texture":"#0"},"east":{"uv":[2,8,1,7.5],"rotation":270,"texture":"#0"},"south":{"uv":[5.5,4.5,6.5,5],"rotation":90,"texture":"#0"},"west":{"uv":[2,7.5,1,8],"rotation":270,"texture":"#0"},"up":{"uv":[6,4,5.5,3.5],"texture":"#0"},"down":{"uv":[6,4,5.5,3.5],"rotation":180,"texture":"#0"}}},{"from":[8.13467,-10.86822,7.51799],"to":[8.40011,-10.53642,7.84979],"rotation":{"angle":-22.5,"axis":"x","origin":[7.86,-6.895,7.993]},"faces":{"north":{"uv":[5,1.5,5.5,2],"texture":"#0"},"east":{"uv":[5.5,2.5,5,2],"rotation":180,"texture":"#0"},"south":{"uv":[5,1,5.5,1.5],"texture":"#0"},"west":{"uv":[5,2.5,5.5,2],"rotation":180,"texture":"#0"},"up":{"uv":[5.5,3,5,2.5],"rotation":270,"texture":"#0"},"down":{"uv":[5.5,3.5,5,3],"rotation":90,"texture":"#0"}}},{"from":[7.33835,-10.86822,7.51799],"to":[7.60379,-10.53642,7.84979],"rotation":{"angle":-22.5,"axis":"x","origin":[7.86,-6.895,7.993]},"faces":{"north":{"uv":[5,1.5,5.5,2],"texture":"#0"},"east":{"uv":[5.5,2.5,5,2],"rotation":180,"texture":"#0"},"south":{"uv":[5,1,5.5,1.5],"texture":"#0"},"west":{"uv":[5,2.5,5.5,2],"rotation":180,"texture":"#0"},"up":{"uv":[5.5,3,5,2.5],"rotation":270,"texture":"#0"},"down":{"uv":[5.5,3.5,5,3],"rotation":90,"texture":"#0"}}},{"from":[7.30517,-11.29912,9.03879],"to":[7.63697,-10.63552,9.37059],"rotation":{"angle":0,"axis":"y","origin":[7.86,-6.895,7.993]},"faces":{"north":{"uv":[5.5,4,6.5,4.5],"rotation":90,"texture":"#0"},"east":{"uv":[2,8,1,7.5],"rotation":270,"texture":"#0"},"south":{"uv":[5.5,4.5,6.5,5],"rotation":90,"texture":"#0"},"west":{"uv":[2,7.5,1,8],"rotation":270,"texture":"#0"},"up":{"uv":[6,4,5.5,3.5],"texture":"#0"},"down":{"uv":[6,4,5.5,3.5],"rotation":180,"texture":"#0"}}},{"from":[8.16785,-10.21544,6.12072],"to":[8.36693,-9.88364,6.45252],"rotation":{"angle":-45,"axis":"x","origin":[7.86,-6.895,7.993]},"faces":{"north":{"uv":[5,3.5,5.25,4],"texture":"#0"},"east":{"uv":[5.5,4.5,5,4],"rotation":180,"texture":"#0"},"south":{"uv":[5.25,3.5,5.5,4],"texture":"#0"},"west":{"uv":[5,4.5,5.5,4],"rotation":180,"texture":"#0"},"up":{"uv":[5.5,4.75,5,4.5],"rotation":270,"texture":"#0"},"down":{"uv":[5.5,5,5,4.75],"rotation":90,"texture":"#0"}}},{"from":[7.37153,-10.21544,6.12072],"to":[7.57061,-9.88364,6.45252],"rotation":{"angle":-45,"axis":"x","origin":[7.86,-6.895,7.993]},"faces":{"north":{"uv":[5,3.5,5.25,4],"texture":"#0"},"east":{"uv":[5.5,4.5,5,4],"rotation":180,"texture":"#0"},"south":{"uv":[5.25,3.5,5.5,4],"texture":"#0"},"west":{"uv":[5,4.5,5.5,4],"rotation":180,"texture":"#0"},"up":{"uv":[5.5,4.75,5,4.5],"rotation":270,"texture":"#0"},"down":{"uv":[5.5,5,5,4.75],"rotation":90,"texture":"#0"}}},{"from":[9.18669,-4.15765,7.64512],"to":[9.58485,-3.82585,8.30872],"rotation":{"angle":0,"axis":"y","origin":[7.86,-6.895,7.993]},"faces":{"north":{"uv":[2.5,11,2,11.5],"rotation":270,"texture":"#2"},"east":{"uv":[2,10,2.5,11],"rotation":90,"texture":"#2"},"south":{"uv":[2.5,11,2,11.5],"rotation":270,"texture":"#2"},"west":{"uv":[2.5,10,2,11],"rotation":270,"texture":"#2"},"up":{"uv":[3.5,10.5,3,11.5],"texture":"#2"},"down":{"uv":[3,10,2.5,11],"rotation":180,"texture":"#2"}}},{"from":[9.25305,-5.60732,10.16559],"to":[9.51849,-5.27552,10.49739],"rotation":{"angle":-45,"axis":"x","origin":[7.86,-6.895,7.993]},"faces":{"north":{"uv":[0.5,11.5,1,12],"texture":"#2"},"east":{"uv":[1.5,11,1,11.5],"texture":"#2"},"south":{"uv":[3,10,3.5,10.5],"texture":"#2"},"west":{"uv":[1,11,1.5,11.5],"texture":"#2"},"up":{"uv":[1,10.5,1.5,11],"rotation":90,"texture":"#2"},"down":{"uv":[1,10.5,1.5,11],"rotation":270,"texture":"#2"}}},{"from":[9.21987,-4.28734,7.13207],"to":[9.55167,-3.95554,7.46387],"rotation":{"angle":22.5,"axis":"x","origin":[7.86,-6.895,7.993]},"faces":{"north":{"uv":[3.25,11.5,3.75,12],"rotation":90,"texture":"#2"},"east":{"uv":[2.5,12,2,12.5],"rotation":270,"texture":"#2"},"south":{"uv":[3.25,11.5,3.75,12],"rotation":90,"texture":"#2"},"west":{"uv":[2.5,12,2,12.5],"rotation":270,"texture":"#2"},"up":{"uv":[2.75,11.5,3.25,12],"rotation":90,"texture":"#2"},"down":{"uv":[2,12.5,2.5,13],"rotation":270,"texture":"#2"}}},{"from":[9.18669,-5.58439,7.64512],"to":[9.58485,-5.25259,8.30872],"rotation":{"angle":0,"axis":"y","origin":[7.86,-6.895,7.993]},"faces":{"north":{"uv":[1.75,11.5,2.25,12],"rotation":270,"texture":"#2"},"east":{"uv":[1.5,12,1,13],"rotation":90,"texture":"#2"},"south":{"uv":[1.75,11.5,2.25,12],"rotation":270,"texture":"#2"},"west":{"uv":[1,12,1.5,13],"rotation":270,"texture":"#2"},"up":{"uv":[1.5,12,2,13],"texture":"#2"},"down":{"uv":[2.5,12,3,13],"rotation":180,"texture":"#2"}}},{"from":[9.21987,-5.81369,8.80322],"to":[9.55167,-5.48189,9.13502],"rotation":{"angle":-22.5,"axis":"x","origin":[7.86,-6.895,7.993]},"faces":{"north":{"uv":[1.5,11,2,11.5],"rotation":270,"texture":"#2"},"east":{"uv":[2,10.5,1.5,11],"rotation":90,"texture":"#2"},"south":{"uv":[1.5,11,2,11.5],"rotation":270,"texture":"#2"},"west":{"uv":[1.5,10.5,2,11],"rotation":270,"texture":"#2"},"up":{"uv":[1.25,11.5,1.75,12],"texture":"#2"},"down":{"uv":[2.25,11.5,2.75,12],"rotation":180,"texture":"#2"}}},{"from":[9.25305,-5.42155,7.10583],"to":[9.51849,-5.08975,7.43763],"rotation":{"angle":45,"axis":"x","origin":[7.86,-6.895,7.993]},"faces":{"north":{"uv":[0.5,12.5,1,13],"texture":"#2"},"east":{"uv":[1,12,0.5,12.5],"texture":"#2"},"south":{"uv":[2.5,11,3,11.5],"texture":"#2"},"west":{"uv":[0.5,12,1,12.5],"texture":"#2"},"up":{"uv":[1.5,10,2,10.5],"rotation":90,"texture":"#2"},"down":{"uv":[1.5,10,2,10.5],"rotation":270,"texture":"#2"}}},{"from":[9.21987,-5.21941,8.54098],"to":[9.55167,-4.22401,8.87278],"rotation":{"angle":0,"axis":"y","origin":[7.86,-6.895,7.993]},"faces":{"north":{"uv":[0,11.5,0.5,13],"texture":"#2"},"east":{"uv":[0.5,10,1,11.5],"texture":"#2"},"south":{"uv":[0,10,0.5,11.5],"texture":"#2"},"west":{"uv":[1,10,0.5,11.5],"texture":"#2"},"up":{"uv":[1,10,1.5,10.5],"rotation":90,"texture":"#2"},"down":{"uv":[1,10,1.5,10.5],"rotation":270,"texture":"#2"}}},{"from":[9.21987,-5.21941,7.14742],"to":[9.55167,-4.22401,7.47922],"rotation":{"angle":0,"axis":"y","origin":[7.86,-6.895,7.993]},"faces":{"north":{"uv":[0.5,10,0,11.5],"texture":"#2"},"east":{"uv":[1,10,0.5,11.5],"texture":"#2"},"south":{"uv":[0.5,11.5,0,13],"texture":"#2"},"west":{"uv":[0.5,10,1,11.5],"texture":"#2"},"up":{"uv":[1.5,10,1,10.5],"rotation":90,"texture":"#2"},"down":{"uv":[1.5,10,1,10.5],"rotation":270,"texture":"#2"}}},{"from":[9.25305,-5.44573,8.57254],"to":[9.51849,-5.11393,8.90434],"rotation":{"angle":-45,"axis":"x","origin":[7.86,-6.895,7.993]},"faces":{"north":{"uv":[3,11,2.5,11.5],"texture":"#2"},"east":{"uv":[0.5,12,1,12.5],"texture":"#2"},"south":{"uv":[1,12.5,0.5,13],"texture":"#2"},"west":{"uv":[1,12,0.5,12.5],"texture":"#2"},"up":{"uv":[2,10,1.5,10.5],"rotation":90,"texture":"#2"},"down":{"uv":[2,10,1.5,10.5],"rotation":270,"texture":"#2"}}},{"from":[9.21987,-5.8006,6.88258],"to":[9.55167,-5.4688,7.21438],"rotation":{"angle":22.5,"axis":"x","origin":[7.86,-6.895,7.993]},"faces":{"north":{"uv":[1.5,11.5,2,11],"rotation":270,"texture":"#2"},"east":{"uv":[2,11,1.5,10.5],"rotation":90,"texture":"#2"},"south":{"uv":[1.5,11.5,2,11],"rotation":270,"texture":"#2"},"west":{"uv":[1.5,11,2,10.5],"rotation":270,"texture":"#2"},"up":{"uv":[1.25,12,1.75,11.5],"texture":"#2"},"down":{"uv":[2.25,12,2.75,11.5],"rotation":180,"texture":"#2"}}},{"from":[9.21987,-4.30043,8.55372],"to":[9.55167,-3.96863,8.88552],"rotation":{"angle":-22.5,"axis":"x","origin":[7.86,-6.895,7.993]},"faces":{"north":{"uv":[2.5,12,2,12.5],"rotation":270,"texture":"#2"},"east":{"uv":[2.5,12.5,2,12],"rotation":270,"texture":"#2"},"south":{"uv":[3,12.5,3.5,12],"rotation":90,"texture":"#2"},"west":{"uv":[2.5,12.5,2,12],"rotation":270,"texture":"#2"},"up":{"uv":[3.25,11.5,2.75,12],"rotation":90,"texture":"#2"},"down":{"uv":[2.5,12.5,2,13],"rotation":270,"texture":"#2"}}},{"from":[9.38577,-5.28577,7.44604],"to":[9.38577,-4.12447,8.60734],"rotation":{"angle":0,"axis":"y","origin":[7.86,-6.895,7.993]},"faces":{"north":{"uv":[0,6,0,0],"texture":"#8"},"east":{"uv":[2,10,5.5,13.5],"texture":"#8"},"south":{"uv":[0,6,0,0],"texture":"#8"},"west":{"uv":[2,13.5,5.5,10],"texture":"#8"},"up":{"uv":[0,0,3,0],"rotation":90,"texture":"#8"},"down":{"uv":[0,0,3,0],"rotation":270,"texture":"#8"}}},{"from":[9.25305,-5.58314,5.51279],"to":[9.51849,-5.25134,5.84459],"rotation":{"angle":45,"axis":"x","origin":[7.86,-6.895,7.993]},"faces":{"north":{"uv":[3.5,10,3,10.5],"texture":"#2"},"east":{"uv":[1,11,1.5,11.5],"texture":"#2"},"south":{"uv":[1,11.5,0.5,12],"texture":"#2"},"west":{"uv":[1.5,11,1,11.5],"texture":"#2"},"up":{"uv":[1.5,10.5,1,11],"rotation":90,"texture":"#2"},"down":{"uv":[1.5,10.5,1,11],"rotation":270,"texture":"#2"}}},{"from":[6.13515,-4.15765,7.64512],"to":[6.53331,-3.82585,8.30872],"rotation":{"angle":0,"axis":"y","origin":[7.86,-6.895,7.993]},"faces":{"north":{"uv":[2.5,11.5,2,11],"rotation":270,"texture":"#2"},"east":{"uv":[2.5,11,2,10],"rotation":270,"texture":"#2"},"south":{"uv":[2.5,11.5,2,11],"rotation":270,"texture":"#2"},"west":{"uv":[2,11,2.5,10],"rotation":90,"texture":"#2"},"up":{"uv":[3,10.5,3.5,11.5],"texture":"#2"},"down":{"uv":[2.5,10,3,11],"rotation":180,"texture":"#2"}}},{"from":[6.20151,-5.60732,10.16559],"to":[6.46695,-5.27552,10.49739],"rotation":{"angle":-45,"axis":"x","origin":[7.86,-6.895,7.993]},"faces":{"north":{"uv":[1,11.5,0.5,12],"texture":"#2"},"east":{"uv":[1.5,11,1,11.5],"texture":"#2"},"south":{"uv":[3.5,10,3,10.5],"texture":"#2"},"west":{"uv":[1,11,1.5,11.5],"texture":"#2"},"up":{"uv":[1,11,1.5,10.5],"rotation":90,"texture":"#2"},"down":{"uv":[1,11,1.5,10.5],"rotation":270,"texture":"#2"}}},{"from":[6.16833,-4.28734,7.13207],"to":[6.50013,-3.95554,7.46387],"rotation":{"angle":22.5,"axis":"x","origin":[7.86,-6.895,7.993]},"faces":{"north":{"uv":[3.25,12,3.75,11.5],"rotation":90,"texture":"#2"},"east":{"uv":[2.5,12.5,2,12],"rotation":270,"texture":"#2"},"south":{"uv":[3.25,12,3.75,11.5],"rotation":90,"texture":"#2"},"west":{"uv":[2.5,12.5,2,12],"rotation":270,"texture":"#2"},"up":{"uv":[2.75,12,3.25,11.5],"rotation":90,"texture":"#2"},"down":{"uv":[2,13,2.5,12.5],"rotation":270,"texture":"#2"}}},{"from":[6.13515,-5.58439,7.64512],"to":[6.53331,-5.25259,8.30872],"rotation":{"angle":0,"axis":"y","origin":[7.86,-6.895,7.993]},"faces":{"north":{"uv":[1.75,12,2.25,11.5],"rotation":270,"texture":"#2"},"east":{"uv":[1,13,1.5,12],"rotation":270,"texture":"#2"},"south":{"uv":[1.75,12,2.25,11.5],"rotation":270,"texture":"#2"},"west":{"uv":[1.5,13,1,12],"rotation":90,"texture":"#2"},"up":{"uv":[2,12,1.5,13],"texture":"#2"},"down":{"uv":[3,12,2.5,13],"rotation":180,"texture":"#2"}}},{"from":[6.16833,-5.81369,8.80322],"to":[6.50013,-5.48189,9.13502],"rotation":{"angle":-22.5,"axis":"x","origin":[7.86,-6.895,7.993]},"faces":{"north":{"uv":[1.5,11.5,2,11],"rotation":270,"texture":"#2"},"east":{"uv":[1.5,11,2,10.5],"rotation":270,"texture":"#2"},"south":{"uv":[1.5,11.5,2,11],"rotation":270,"texture":"#2"},"west":{"uv":[2,11,1.5,10.5],"rotation":90,"texture":"#2"},"up":{"uv":[1.75,11.5,1.25,12],"texture":"#2"},"down":{"uv":[2.75,11.5,2.25,12],"rotation":180,"texture":"#2"}}},{"from":[6.20151,-5.42155,7.10583],"to":[6.46695,-5.08975,7.43763],"rotation":{"angle":45,"axis":"x","origin":[7.86,-6.895,7.993]},"faces":{"north":{"uv":[1,12.5,0.5,13],"texture":"#2"},"east":{"uv":[1,12,0.5,12.5],"texture":"#2"},"south":{"uv":[3,11,2.5,11.5],"texture":"#2"},"west":{"uv":[0.5,12,1,12.5],"texture":"#2"},"up":{"uv":[1.5,10.5,2,10],"rotation":90,"texture":"#2"},"down":{"uv":[1.5,10.5,2,10],"rotation":270,"texture":"#2"}}},{"from":[6.16833,-5.21941,8.54098],"to":[6.50013,-4.22401,8.87278],"rotation":{"angle":0,"axis":"y","origin":[7.86,-6.895,7.993]},"faces":{"north":{"uv":[0.5,11.5,0,13],"texture":"#2"},"east":{"uv":[0.5,10,1,11.5],"texture":"#2"},"south":{"uv":[0.5,10,0,11.5],"texture":"#2"},"west":{"uv":[1,10,0.5,11.5],"texture":"#2"},"up":{"uv":[1,10.5,1.5,10],"rotation":90,"texture":"#2"},"down":{"uv":[1,10.5,1.5,10],"rotation":270,"texture":"#2"}}},{"from":[6.16833,-5.21941,7.14742],"to":[6.50013,-4.22401,7.47922],"rotation":{"angle":0,"axis":"y","origin":[7.86,-6.895,7.993]},"faces":{"north":{"uv":[0,10,0.5,11.5],"texture":"#2"},"east":{"uv":[1,10,0.5,11.5],"texture":"#2"},"south":{"uv":[0,11.5,0.5,13],"texture":"#2"},"west":{"uv":[0.5,10,1,11.5],"texture":"#2"},"up":{"uv":[1.5,10.5,1,10],"rotation":90,"texture":"#2"},"down":{"uv":[1.5,10.5,1,10],"rotation":270,"texture":"#2"}}},{"from":[6.20151,-5.44573,8.57254],"to":[6.46695,-5.11393,8.90434],"rotation":{"angle":-45,"axis":"x","origin":[7.86,-6.895,7.993]},"faces":{"north":{"uv":[2.5,11,3,11.5],"texture":"#2"},"east":{"uv":[0.5,12,1,12.5],"texture":"#2"},"south":{"uv":[0.5,12.5,1,13],"texture":"#2"},"west":{"uv":[1,12,0.5,12.5],"texture":"#2"},"up":{"uv":[2,10.5,1.5,10],"rotation":90,"texture":"#2"},"down":{"uv":[2,10.5,1.5,10],"rotation":270,"texture":"#2"}}},{"from":[6.16833,-5.8006,6.88258],"to":[6.50013,-5.4688,7.21438],"rotation":{"angle":22.5,"axis":"x","origin":[7.86,-6.895,7.993]},"faces":{"north":{"uv":[1.5,11,2,11.5],"rotation":270,"texture":"#2"},"east":{"uv":[1.5,10.5,2,11],"rotation":270,"texture":"#2"},"south":{"uv":[1.5,11,2,11.5],"rotation":270,"texture":"#2"},"west":{"uv":[2,10.5,1.5,11],"rotation":90,"texture":"#2"},"up":{"uv":[1.75,12,1.25,11.5],"texture":"#2"},"down":{"uv":[2.75,12,2.25,11.5],"rotation":180,"texture":"#2"}}},{"from":[6.16833,-4.30043,8.55372],"to":[6.50013,-3.96863,8.88552],"rotation":{"angle":-22.5,"axis":"x","origin":[7.86,-6.895,7.993]},"faces":{"north":{"uv":[2.5,12.5,2,12],"rotation":270,"texture":"#2"},"east":{"uv":[2.5,12,2,12.5],"rotation":270,"texture":"#2"},"south":{"uv":[3,12,3.5,12.5],"rotation":90,"texture":"#2"},"west":{"uv":[2.5,12,2,12.5],"rotation":270,"texture":"#2"},"up":{"uv":[3.25,12,2.75,11.5],"rotation":90,"texture":"#2"},"down":{"uv":[2.5,13,2,12.5],"rotation":270,"texture":"#2"}}},{"from":[6.33423,-5.28577,7.44604],"to":[6.33423,-4.12447,8.60734],"rotation":{"angle":0,"axis":"y","origin":[7.86,-6.895,7.993]},"faces":{"north":{"uv":[0,6,0,0],"texture":"#8"},"east":{"uv":[5.5,13.5,2,10],"texture":"#8"},"south":{"uv":[0,6,0,0],"texture":"#8"},"west":{"uv":[5.5,10,2,13.5],"texture":"#8"},"up":{"uv":[0,0,3,0],"rotation":90,"texture":"#8"},"down":{"uv":[0,0,3,0],"rotation":270,"texture":"#8"}}},{"from":[6.20151,-5.58314,5.51279],"to":[6.46695,-5.25134,5.84459],"rotation":{"angle":45,"axis":"x","origin":[7.86,-6.895,7.993]},"faces":{"north":{"uv":[3,10,3.5,10.5],"texture":"#2"},"east":{"uv":[1,11,1.5,11.5],"texture":"#2"},"south":{"uv":[0.5,11.5,1,12],"texture":"#2"},"west":{"uv":[1.5,11,1,11.5],"texture":"#2"},"up":{"uv":[1.5,11,1,10.5],"rotation":90,"texture":"#2"},"down":{"uv":[1.5,11,1,10.5],"rotation":270,"texture":"#2"}}},{"from":[8.0259,-15.77065,6.35059],"to":[8.0259,-10.46185,9.66859],"rotation":{"angle":0,"axis":"y","origin":[7.86,-6.895,7.993]},"faces":{"north":{"uv":[0,0,0,16],"texture":"#10"},"east":{"uv":[10,0,0,16],"texture":"#10"},"south":{"uv":[0,0,0,16],"texture":"#10"},"west":{"uv":[0,0,10,16],"texture":"#10"},"up":{"uv":[0,8,0,0],"texture":"#10"},"down":{"uv":[0,8,0,0],"texture":"#10"}}},{"from":[7.6941,-6.81205,7.84369],"to":[8.0259,-3.16225,8.17549],"rotation":{"angle":0,"axis":"y","origin":[7.86,-6.895,7.993]},"faces":{"north":{"uv":[5.5,15.5,0,16],"rotation":90,"texture":"#5"},"east":{"uv":[5.5,15.5,0,16],"rotation":270,"texture":"#5"},"south":{"uv":[5.5,15.5,0,16],"rotation":270,"texture":"#5"},"west":{"uv":[5.5,15.5,0,16],"rotation":270,"texture":"#5"},"up":{"uv":[16,10.5,15.5,11],"rotation":270,"texture":"#5"},"down":{"uv":[16,10.5,15.5,11],"rotation":270,"texture":"#5"}}},{"from":[7.5282,-0.83965,7.67779],"to":[8.1918,-0.50785,8.34139],"rotation":{"angle":0,"axis":"y","origin":[7.86,-6.895,7.993]},"faces":{"north":{"uv":[3,13,2,13.5],"rotation":180,"texture":"#5"},"east":{"uv":[3,13.5,2,14],"rotation":180,"texture":"#5"},"south":{"uv":[3,13,2,13.5],"rotation":180,"texture":"#5"},"west":{"uv":[3,13.5,2,14],"rotation":180,"texture":"#5"},"up":{"uv":[4,13,3,14],"rotation":180,"texture":"#5"},"down":{"uv":[5,13,4,14],"rotation":180,"texture":"#5"}}},{"from":[7.5282,-3.16225,7.67779],"to":[8.1918,-2.83045,8.34139],"rotation":{"angle":0,"axis":"y","origin":[7.86,-6.895,7.993]},"faces":{"north":{"uv":[9.5,7,10,6],"rotation":90,"texture":"#5"},"east":{"uv":[9.5,6,10,5],"rotation":90,"texture":"#5"},"south":{"uv":[9.5,7,10,6],"rotation":90,"texture":"#5"},"west":{"uv":[9.5,6,10,5],"rotation":90,"texture":"#5"},"up":{"uv":[2,13,1,14],"rotation":180,"texture":"#5"},"down":{"uv":[2,13,1,14],"rotation":180,"texture":"#5"}}},{"from":[8.1918,-3.49405,7.67779],"to":[8.5236,-0.83965,8.34139],"rotation":{"angle":0,"axis":"y","origin":[7.86,-6.895,7.993]},"faces":{"north":{"uv":[5.5,15.5,9.5,16],"rotation":90,"texture":"#5"},"east":{"uv":[10,4,11,8],"rotation":180,"texture":"#5"},"south":{"uv":[5.5,16,9.5,15.5],"rotation":90,"texture":"#5"},"west":{"uv":[11,4,12,8],"rotation":180,"texture":"#5"},"up":{"uv":[9.5,14,10,15],"rotation":180,"texture":"#5"},"down":{"uv":[9.5,15,10,16],"rotation":180,"texture":"#5"}}},{"from":[8.8554,-3.16225,7.67779],"to":[9.1872,-1.50325,8.34139],"rotation":{"angle":0,"axis":"y","origin":[7.86,-6.895,7.993]},"faces":{"north":{"uv":[2.5,14,5,14.5],"rotation":90,"texture":"#5"},"east":{"uv":[1,14.5,3.5,15.5],"rotation":90,"texture":"#5"},"south":{"uv":[2.5,14.5,5,14],"rotation":90,"texture":"#5"},"west":{"uv":[3.5,14.5,6,15.5],"rotation":90,"texture":"#5"},"up":{"uv":[1.5,14,2.5,14.5],"rotation":90,"texture":"#5"},"down":{"uv":[5,14,6,14.5],"rotation":90,"texture":"#5"}}},{"from":[9.1872,-2.83045,7.67779],"to":[9.519,-1.83505,8.34139],"rotation":{"angle":0,"axis":"y","origin":[7.86,-6.895,7.993]},"faces":{"north":{"uv":[9.5,7,10,8.5],"rotation":180,"texture":"#5"},"east":{"uv":[0,12.5,1,14],"rotation":180,"texture":"#5"},"south":{"uv":[10,7,9.5,8.5],"rotation":180,"texture":"#5"},"west":{"uv":[0,14,1,15.5],"rotation":180,"texture":"#5"},"up":{"uv":[5,13.5,6,13],"rotation":90,"texture":"#5"},"down":{"uv":[5,13.5,6,14],"rotation":90,"texture":"#5"}}},{"from":[8.5236,-3.49405,7.67779],"to":[8.8554,-1.17145,8.34139],"rotation":{"angle":0,"axis":"y","origin":[7.86,-6.895,7.993]},"faces":{"north":{"uv":[9.5,10.5,10,14],"rotation":180,"texture":"#5"},"east":{"uv":[6,13.5,9.5,14.5],"rotation":90,"texture":"#5"},"south":{"uv":[10,10.5,9.5,14],"rotation":180,"texture":"#5"},"west":{"uv":[6,14.5,9.5,15.5],"rotation":90,"texture":"#5"},"up":{"uv":[9.5,8.5,10,9.5],"rotation":180,"texture":"#5"},"down":{"uv":[9.5,9.5,10,10.5],"rotation":180,"texture":"#5"}}},{"from":[6.8646,-3.49405,7.67779],"to":[7.1964,-1.17145,8.34139],"rotation":{"angle":0,"axis":"y","origin":[7.86,-6.895,7.993]},"faces":{"north":{"uv":[10,10.5,9.5,14],"rotation":180,"texture":"#5"},"east":{"uv":[6,15.5,9.5,14.5],"rotation":90,"texture":"#5"},"south":{"uv":[9.5,10.5,10,14],"rotation":180,"texture":"#5"},"west":{"uv":[6,14.5,9.5,13.5],"rotation":90,"texture":"#5"},"up":{"uv":[10,8.5,9.5,9.5],"rotation":180,"texture":"#5"},"down":{"uv":[10,9.5,9.5,10.5],"rotation":180,"texture":"#5"}}},{"from":[6.201,-2.83045,7.67779],"to":[6.5328,-1.83505,8.34139],"rotation":{"angle":0,"axis":"y","origin":[7.86,-6.895,7.993]},"faces":{"north":{"uv":[10,7,9.5,8.5],"rotation":180,"texture":"#5"},"east":{"uv":[1,14,0,15.5],"rotation":180,"texture":"#5"},"south":{"uv":[9.5,7,10,8.5],"rotation":180,"texture":"#5"},"west":{"uv":[1,12.5,0,14],"rotation":180,"texture":"#5"},"up":{"uv":[5,13.5,6,13],"rotation":90,"texture":"#5"},"down":{"uv":[5,14,6,13.5],"rotation":90,"texture":"#5"}}},{"from":[7.5282,-2.83045,8.00959],"to":[8.1918,-0.83965,8.00959],"rotation":{"angle":0,"axis":"y","origin":[7.86,-6.895,7.993]},"faces":{"north":{"uv":[7.5,11,9.5,5],"rotation":180,"texture":"#9"},"east":{"uv":[0,0,6,0],"rotation":270,"texture":"#9"},"south":{"uv":[7.5,5,9.5,11],"texture":"#9"},"west":{"uv":[0,0,6,0],"rotation":270,"texture":"#9"},"up":{"uv":[0,0,0,2],"rotation":270,"texture":"#9"},"down":{"uv":[0,0,0,2],"rotation":270,"texture":"#9"}}},{"from":[6.5328,-3.16225,7.67779],"to":[6.8646,-1.50325,8.34139],"rotation":{"angle":0,"axis":"y","origin":[7.86,-6.895,7.993]},"faces":{"north":{"uv":[2.5,14.5,5,14],"rotation":90,"texture":"#5"},"east":{"uv":[3.5,15.5,6,14.5],"rotation":90,"texture":"#5"},"south":{"uv":[2.5,14,5,14.5],"rotation":90,"texture":"#5"},"west":{"uv":[1,15.5,3.5,14.5],"rotation":90,"texture":"#5"},"up":{"uv":[1.5,14.5,2.5,14],"rotation":90,"texture":"#5"},"down":{"uv":[5,14.5,6,14],"rotation":90,"texture":"#5"}}},{"from":[7.1964,-3.49405,7.67779],"to":[7.5282,-0.83965,8.34139],"rotation":{"angle":0,"axis":"y","origin":[7.86,-6.895,7.993]},"faces":{"north":{"uv":[5.5,16,9.5,15.5],"rotation":90,"texture":"#5"},"east":{"uv":[12,4,11,8],"rotation":180,"texture":"#5"},"south":{"uv":[5.5,15.5,9.5,16],"rotation":90,"texture":"#5"},"west":{"uv":[11,4,10,8],"rotation":180,"texture":"#5"},"up":{"uv":[10,14,9.5,15],"rotation":180,"texture":"#5"},"down":{"uv":[10,15,9.5,16],"rotation":180,"texture":"#5"}}}],"gui_light":"front","display":{"thirdperson_righthand":{"rotation":[18,0,0],"translation":[0.5,-1.25,-1.25],"scale":[0.45,0.45,0.45]},"thirdperson_lefthand":{"rotation":[180,51.4,-98],"translation":[-6.75,-9.5,5],"scale":[0.61,0.61,0.61]},"firstperson_righthand":{"rotation":[0,-92,30],"translation":[0.5,0,2.25],"scale":[0.56,0.56,0.56]},"firstperson_lefthand":{"rotation":[0,-92,30],"translation":[0.5,0,2.25],"scale":[0,0,0]},"ground":{"rotation":[49,0,0],"translation":[0,8,0],"scale":[0.38,0.38,0.38]},"gui":{"rotation":[0,0,-45],"translation":[-1.25,-2.5,-2],"scale":[0.5132,0.5132,0.5132]},"head":{"rotation":[0,0,-45],"translation":[34.5,-76.25,7],"scale":[3.1,3.1,3.1]},"fixed":{"rotation":[1,-180,-49],"translation":[1.25,-4.5,-7],"scale":[1.5,1.5,1.5]}}}