{"credit":"Made by PolygonMC","texture_size":[8,8],"textures":{"0":"halloween23:pumpkin_warlock_balloon","1":"halloween23:animations/pumpkin_eyes","particle":"halloween23:pumpkin_warlock_balloon"},"elements":[{"from":[4,4,4],"to":[12,12,12],"rotation":{"angle":0,"axis":"y","origin":[7,7,7]},"faces":{"north":{"uv":[0,0,5.33333,5.33333],"texture":"#0"},"east":{"uv":[0,5.33333,5.33333,10.66667],"texture":"#0"},"south":{"uv":[5.33333,0,10.66667,5.33333],"texture":"#0"},"west":{"uv":[5.33333,5.33333,10.66667,10.66667],"texture":"#0"},"up":{"uv":[5.33333,16,0,10.66667],"texture":"#0"},"down":{"uv":[16,0,10.66667,5.33333],"texture":"#0"}}},{"from":[4,4,3.95],"to":[12,12,3.95],"rotation":{"angle":0,"axis":"y","origin":[7,7,7]},"faces":{"north":{"uv":[0,0,16,16],"texture":"#1"}}},{"from":[1.25,6.75,7.985],"to":[8.25,14.75,8.015],"rotation":{"angle":0,"axis":"y","origin":[6.25,6.75,6.985]},"faces":{"north":{"uv":[11.33333,8.5,16,13.83333],"texture":"#0"},"south":{"uv":[16,8.5,11.33333,13.83333],"texture":"#0"}}},{"from":[6.75,12,7.985],"to":[9.75,16,8.015],"rotation":{"angle":45,"axis":"y","origin":[8.25,14,8]},"faces":{"north":{"uv":[10.66667,5.33333,12.66667,8],"texture":"#0"},"south":{"uv":[12.66667,5.33333,10.66667,8],"texture":"#0"}}},{"from":[6.75,12,7.985],"to":[9.75,16,8.015],"rotation":{"angle":-45,"axis":"y","origin":[8.25,14,8]},"faces":{"north":{"uv":[10.66667,5.33333,12.66667,8],"texture":"#0"},"south":{"uv":[12.66667,5.33333,10.66667,8],"texture":"#0"}}}],"gui_light":"front","display":{"thirdperson_righthand":{"rotation":[51.5,0,0],"translation":[0,3,1.75],"scale":[0.73633,0.73633,0.73633]},"thirdperson_lefthand":{"rotation":[51.5,0,0],"translation":[0,3,1.75],"scale":[0.73633,0.73633,0.73633]},"firstperson_righthand":{"rotation":[156.5,0,-180],"translation":[0,2.75,0],"scale":[0.83594,0.83594,0.83594]},"firstperson_lefthand":{"rotation":[156.5,0,-180],"translation":[0,2.75,0],"scale":[0.83594,0.83594,0.83594]},"ground":{"translation":[0,5,0]},"gui":{"rotation":[25,135,0],"translation":[0,-0.75,0],"scale":[1.32227,1.32227,1.32227]},"head":{"translation":[0,11.75,0],"scale":[1.36328,1.36328,1.36328]},"fixed":{"rotation":[-90,0,0],"translation":[0,0,-12.25],"scale":[3,3,3]}}}