{"credit":"Made by PolygonMC","texture_size":[20,20],"textures":{"2":"halloween23:spider_scythe","particle":"halloween23:spider_scythe"},"elements":[{"from":[7.6,6.5,7.6],"to":[8.4,13.5,8.4],"rotation":{"angle":0,"axis":"y","origin":[7.5,7,7.5]},"faces":{"north":{"uv":[0,0,0.6,5.6],"texture":"#2"},"east":{"uv":[0.8,0,1.4,5.6],"texture":"#2"},"south":{"uv":[1.6,0,2.2,5.6],"texture":"#2"},"west":{"uv":[2.4,0,3,5.6],"texture":"#2"}}},{"from":[7.5,13.5,7.5],"to":[8.5,15,8.5],"rotation":{"angle":0,"axis":"y","origin":[7.5,11,7.5]},"faces":{"north":{"uv":[4.8,9.6,5.6,10.8],"texture":"#2"},"east":{"uv":[5.6,9.6,6.4,10.8],"texture":"#2"},"south":{"uv":[6.4,9.6,7.2,10.8],"texture":"#2"},"west":{"uv":[9.6,6.4,10.4,7.6],"texture":"#2"},"down":{"uv":[12,0,11.2,0.8],"texture":"#2"}}},{"from":[7.43,14.86,7.905],"to":[8.57,16.64,9.045],"rotation":{"angle":22.5,"axis":"x","origin":[8,16,8.025]},"faces":{"north":{"uv":[1.6,7.2,2.6,8.6],"texture":"#2"},"east":{"uv":[7.2,3.2,8.2,4.6],"texture":"#2"},"south":{"uv":[7.2,4.8,8.2,6.2],"texture":"#2"},"west":{"uv":[8,0,9,1.4],"texture":"#2"},"down":{"uv":[2.6,8.8,1.6,9.8],"texture":"#2"}}},{"from":[7.3502,15.90263,8.65788],"to":[8.6498,18.00183,9.95748],"rotation":{"angle":45,"axis":"x","origin":[8,16.90223,9.30768]},"faces":{"north":{"uv":[0,5.6,1,7.2],"texture":"#2"},"east":{"uv":[1.6,5.6,2.6,7.2],"texture":"#2"},"south":{"uv":[5.6,3.2,6.6,4.8],"texture":"#2"},"west":{"uv":[5.6,4.8,6.6,6.4],"texture":"#2"},"up":{"uv":[9.8,4.2,8.8,3.2],"texture":"#2"},"down":{"uv":[9.8,4.8,8.8,5.8],"texture":"#2"}}},{"from":[7.3502,1.99817,6.04252],"to":[8.6498,4.09737,7.34212],"rotation":{"angle":45,"axis":"x","origin":[8,3.09777,6.69232]},"faces":{"north":{"uv":[6.4,0,7.4,1.6],"texture":"#2"},"east":{"uv":[6.4,1.6,7.4,3.2],"texture":"#2"},"south":{"uv":[3.2,6.4,4.2,8],"texture":"#2"},"west":{"uv":[4.8,6.4,5.8,8],"texture":"#2"},"up":{"uv":[10.6,2.6,9.6,1.6],"texture":"#2"},"down":{"uv":[4.2,9.6,3.2,10.6],"texture":"#2"}}},{"from":[7.43,3.36,6.955],"to":[8.57,5.14,8.095],"rotation":{"angle":22.5,"axis":"x","origin":[8,4,7.975]},"faces":{"north":{"uv":[8,1.6,9,3],"texture":"#2"},"east":{"uv":[3.2,8,4.2,9.4],"texture":"#2"},"south":{"uv":[4.8,8,5.8,9.4],"texture":"#2"},"west":{"uv":[6.4,8,7.4,9.4],"texture":"#2"},"up":{"uv":[10.6,1,9.6,0],"texture":"#2"}}},{"from":[7.5,5,7.5],"to":[8.5,6.5,8.5],"rotation":{"angle":0,"axis":"y","origin":[7.5,9,8.5]},"faces":{"north":{"uv":[1.6,10.4,2.4,11.6],"texture":"#2"},"east":{"uv":[2.4,10.4,3.2,11.6],"texture":"#2"},"south":{"uv":[10.4,3.2,11.2,4.4],"texture":"#2"},"west":{"uv":[10.4,4.8,11.2,6],"texture":"#2"},"up":{"uv":[12,1.6,11.2,0.8],"texture":"#2"}}},{"from":[7.75,1.27971,5.45531],"to":[8.25,2.77971,6.95531],"rotation":{"angle":-22.5,"axis":"x","origin":[7.5,2.77971,5.45531]},"faces":{"north":{"uv":[3.2,11.2,3.6,12.4],"texture":"#2"},"east":{"uv":[6.4,6.4,7.6,7.6],"texture":"#2"},"south":{"uv":[11.2,3.2,11.6,4.4],"texture":"#2"},"west":{"uv":[0,7.2,1.2,8.4],"texture":"#2"},"down":{"uv":[4.4,11.2,4,12.4],"texture":"#2"}}},{"from":[7.751,1.06882,6.16359],"to":[8.249,2.31882,7.66359],"rotation":{"angle":22.5,"axis":"x","origin":[8.001,1.56882,6.91359]},"faces":{"east":{"uv":[8,6.4,9.2,7.4],"texture":"#2"},"south":{"uv":[12,1.6,12.4,2.6],"texture":"#2"},"west":{"uv":[8,8,9.2,9],"texture":"#2"},"up":{"uv":[5.2,12.4,4.8,11.2],"texture":"#2"},"down":{"uv":[11.6,4.8,11.2,6],"texture":"#2"}}},{"from":[7.7535,1.06882,7.16672],"to":[8.2465,1.96882,8.66672],"rotation":{"angle":-22.5,"axis":"x","origin":[8.0035,1.56882,7.91672]},"faces":{"east":{"uv":[7.2,9.6,8.4,10.4],"texture":"#2"},"south":{"uv":[12,4.8,12.4,5.6],"texture":"#2"},"west":{"uv":[9.6,8,10.8,8.8],"texture":"#2"},"up":{"uv":[6,12.4,5.6,11.2],"texture":"#2"},"down":{"uv":[6.8,11.2,6.4,12.4],"texture":"#2"}}},{"from":[7.75,17.85147,5.63038],"to":[8.25,19.35147,9.13038],"rotation":{"angle":22.5,"axis":"x","origin":[8,17.71758,5.8465]},"faces":{"north":{"uv":[8.8,11.2,9.2,12.4],"texture":"#2"},"east":{"uv":[3.2,0,6,1.2],"texture":"#2"},"west":{"uv":[3.2,1.6,6,2.8],"texture":"#2"},"up":{"uv":[0.4,11.6,0,8.8],"texture":"#2"},"down":{"uv":[1.2,8.8,0.8,11.6],"texture":"#2"}}},{"from":[7.751,17.77573,4.34901],"to":[8.249,19.02573,6.84901],"rotation":{"angle":-22.5,"axis":"x","origin":[8,17.71758,5.8465]},"faces":{"north":{"uv":[12,3.2,12.4,4.2],"texture":"#2"},"east":{"uv":[3.2,3.2,5.2,4.2],"texture":"#2"},"west":{"uv":[3.2,4.8,5.2,5.8],"texture":"#2"},"up":{"uv":[10,12.4,9.6,10.4],"texture":"#2"},"down":{"uv":[10.8,9.6,10.4,11.6],"texture":"#2"}}},{"from":[7.7535,16.0837,3.86261],"to":[8.2465,17.5837,4.76261],"rotation":{"angle":22.5,"axis":"x","origin":[8,17.71758,5.8465]},"faces":{"north":{"uv":[7.2,11.2,7.6,12.4],"texture":"#2"},"east":{"uv":[8.8,9.6,9.6,10.8],"texture":"#2"},"south":{"uv":[8,11.2,8.4,12.4],"texture":"#2"},"west":{"uv":[9.6,8.8,10.4,10],"texture":"#2"},"down":{"uv":[12.4,5.6,12,6.4],"texture":"#2"}}},{"from":[7.25,16.71142,9.35],"to":[8.75,17.71142,10.35],"rotation":{"angle":45,"axis":"x","origin":[8,17.36142,10.05]},"faces":{"north":{"uv":[10.4,6.4,11.6,7.2],"texture":"#2"},"east":{"uv":[11.2,1.6,12,2.4],"texture":"#2"},"south":{"uv":[7.2,10.4,8.4,11.2],"texture":"#2"},"west":{"uv":[11.2,2.4,12,3.2],"texture":"#2"},"up":{"uv":[11.6,8,10.4,7.2],"texture":"#2"},"down":{"uv":[11.6,8.8,10.4,9.6],"texture":"#2"}}},{"from":[7.25,15.96142,9.6],"to":[8.75,16.46142,10.1],"rotation":{"angle":45,"axis":"x","origin":[8,17.36142,10.05]},"faces":{"north":{"uv":[11.2,8,12.4,8.4],"texture":"#2"},"east":{"uv":[12,6.4,12.4,6.8],"texture":"#2"},"south":{"uv":[11.2,9.6,12.4,10],"texture":"#2"},"west":{"uv":[12,7.2,12.4,7.6],"texture":"#2"},"up":{"uv":[12.4,10.8,11.2,10.4],"texture":"#2"},"down":{"uv":[12.4,11.2,11.2,11.6],"texture":"#2"}}},{"from":[7.25,15.80934,8.41507],"to":[8.75,16.30934,8.91507],"rotation":{"angle":22.5,"axis":"x","origin":[8,16.15934,8.56507]},"faces":{"north":{"uv":[0,12,1.2,12.4],"texture":"#2"},"east":{"uv":[12,8.8,12.4,9.2],"texture":"#2"},"south":{"uv":[12,0,13.2,0.4],"texture":"#2"},"west":{"uv":[10.4,12,10.8,12.4],"texture":"#2"},"up":{"uv":[13.2,1.2,12,0.8],"texture":"#2"},"down":{"uv":[2.8,12,1.6,12.4],"texture":"#2"}}},{"from":[7.25,2.28858,5.65],"to":[8.75,3.28858,6.65],"rotation":{"angle":45,"axis":"x","origin":[8,2.63858,5.95]},"faces":{"north":{"uv":[8.4,11.2,7.2,10.4],"texture":"#2"},"east":{"uv":[12,2.4,11.2,1.6],"texture":"#2"},"south":{"uv":[11.6,7.2,10.4,6.4],"texture":"#2"},"west":{"uv":[12,3.2,11.2,2.4],"texture":"#2"},"up":{"uv":[11.6,8.8,10.4,9.6],"texture":"#2"},"down":{"uv":[11.6,8,10.4,7.2],"texture":"#2"}}},{"from":[7.25,3.53858,5.9],"to":[8.75,4.03858,6.4],"rotation":{"angle":45,"axis":"x","origin":[8,2.63858,5.95]},"faces":{"north":{"uv":[12.4,10,11.2,9.6],"texture":"#2"},"east":{"uv":[12.4,6.8,12,6.4],"texture":"#2"},"south":{"uv":[12.4,8.4,11.2,8],"texture":"#2"},"west":{"uv":[12.4,7.6,12,7.2],"texture":"#2"},"up":{"uv":[12.4,11.2,11.2,11.6],"texture":"#2"},"down":{"uv":[12.4,10.8,11.2,10.4],"texture":"#2"}}},{"from":[7.25,3.69066,7.08493],"to":[8.75,4.19066,7.58493],"rotation":{"angle":22.5,"axis":"x","origin":[8,3.84066,7.43493]},"faces":{"north":{"uv":[13.2,0.4,12,0],"texture":"#2"},"east":{"uv":[12.4,9.2,12,8.8],"texture":"#2"},"south":{"uv":[1.2,12.4,0,12],"texture":"#2"},"west":{"uv":[10.8,12.4,10.4,12],"texture":"#2"},"up":{"uv":[2.8,12,1.6,12.4],"texture":"#2"},"down":{"uv":[13.2,1.2,12,0.8],"texture":"#2"}}}],"gui_light":"front","display":{"thirdperson_righthand":{"translation":[0,-3,1]},"thirdperson_lefthand":{"translation":[0,-3,1]},"firstperson_righthand":{"rotation":[-17,18,0],"translation":[0,0.25,3.25]},"firstperson_lefthand":{"rotation":[-17,18,0],"translation":[0,0.25,3.25]},"ground":{"rotation":[-45,0,0],"translation":[0,6,0]},"gui":{"rotation":[-90,45,90],"translation":[2.75,-1.25,0],"scale":[1.14063,1.14063,1.14063]},"head":{"rotation":[90,-135,90]},"fixed":{"rotation":[0,-90,0],"translation":[0,-5.25,-1],"scale":[2.5,2.5,2.5]}}}