{"credit":"Made by PolygonMC","texture_size":[24,24],"textures":{"2":"halloween23:undertaker_balloon","particle":"halloween23:undertaker_balloon"},"elements":[{"from":[10.5,8.95671,3.5597],"to":[12.5,10.95671,9.5597],"rotation":{"angle":-22.5,"axis":"x","origin":[11.9925,8.95671,6.0597]},"faces":{"north":{"uv":[11.33333,11.33333,12.66667,12.66667],"texture":"#2"},"east":{"uv":[10,4,14,5.33333],"texture":"#2"},"south":{"uv":[0,12,1.33333,13.33333],"texture":"#2"},"west":{"uv":[10,5.33333,14,6.66667],"texture":"#2"},"up":{"uv":[8,14,6.66667,10],"texture":"#2"},"down":{"uv":[9.33333,10,8,14],"texture":"#2"}}},{"from":[11.47,6.95671,7.3097],"to":[11.5,8.95671,9.5597],"rotation":{"angle":-22.5,"axis":"x","origin":[11.9925,8.95671,6.0597]},"faces":{"east":{"uv":[10.66667,8.66667,12.16667,10],"texture":"#2"},"west":{"uv":[11.33333,10,12.83333,11.33333],"texture":"#2"}}},{"from":[3.5,8.95671,3.5597],"to":[5.5,10.95671,9.5597],"rotation":{"angle":-22.5,"axis":"x","origin":[4.0075,8.95671,6.0597]},"faces":{"north":{"uv":[12.66667,11.33333,11.33333,12.66667],"texture":"#2"},"east":{"uv":[14,5.33333,10,6.66667],"texture":"#2"},"south":{"uv":[1.33333,12,0,13.33333],"texture":"#2"},"west":{"uv":[14,4,10,5.33333],"texture":"#2"},"up":{"uv":[6.66667,14,8,10],"texture":"#2"},"down":{"uv":[8,10,9.33333,14],"texture":"#2"}}},{"from":[4.5,6.95671,7.3097],"to":[4.53,8.95671,9.5597],"rotation":{"angle":-22.5,"axis":"x","origin":[4.0075,8.95671,6.0597]},"faces":{"east":{"uv":[12.83333,10,11.33333,11.33333],"texture":"#2"},"west":{"uv":[12.16667,8.66667,10.66667,10],"texture":"#2"}}},{"from":[5.5,7,6.5],"to":[10.5,12,9.5],"rotation":{"angle":0,"axis":"y","origin":[5.5,7,6.5]},"faces":{"north":{"uv":[0,0,3.33333,3.33333],"texture":"#2"},"east":{"uv":[6.66667,6.66667,8.66667,10],"texture":"#2"},"south":{"uv":[0,3.33333,3.33333,6.66667],"texture":"#2"},"west":{"uv":[8.66667,6.66667,10.66667,10],"texture":"#2"},"up":{"uv":[3.33333,12,0,10],"texture":"#2"},"down":{"uv":[13.33333,0,10,2],"texture":"#2"}}},{"from":[5.5,4,6.5],"to":[10.5,7,9.5],"rotation":{"angle":0,"axis":"y","origin":[5.5,2,6.5]},"faces":{"north":{"uv":[10,2,13.33333,4],"texture":"#2"},"east":{"uv":[9.33333,10,11.33333,12],"texture":"#2"},"south":{"uv":[3.33333,10,6.66667,12],"texture":"#2"},"west":{"uv":[10.66667,6.66667,12.66667,8.66667],"texture":"#2"}}},{"from":[5.5,12,5.5],"to":[10.5,17,10.5],"rotation":{"angle":0,"axis":"y","origin":[5.5,12,6.5]},"faces":{"north":{"uv":[3.33333,0,6.66667,3.33333],"texture":"#2"},"east":{"uv":[3.33333,3.33333,6.66667,6.66667],"texture":"#2"},"south":{"uv":[0,6.66667,3.33333,10],"texture":"#2"},"west":{"uv":[6.66667,0,10,3.33333],"texture":"#2"},"up":{"uv":[6.66667,10,3.33333,6.66667],"texture":"#2"},"down":{"uv":[10,3.33333,6.66667,6.66667],"texture":"#2"}}}],"gui_light":"front","display":{"thirdperson_righthand":{"rotation":[65,0,0],"translation":[0,1.25,1.5]},"thirdperson_lefthand":{"rotation":[65,0,0],"translation":[0,1.25,1.5]},"firstperson_righthand":{"rotation":[0,180,0],"translation":[0,2.25,0]},"firstperson_lefthand":{"rotation":[0,180,0],"translation":[0,2.25,0]},"ground":{"translation":[0,3.75,0]},"gui":{"rotation":[25,135,0],"translation":[0.25,-3.25,0],"scale":[1.19727,1.19727,1.19727]},"head":{"translation":[0,8,0]},"fixed":{"rotation":[-90,0,0],"translation":[0,0,-14.25],"scale":[3.96094,3.96094,3.96094]}}}