{"credit":"MadewithBlockbench","texture_size":[128,128],"textures":{"0":"elitecreatures:skeleton_overlord_animated_weapon_set/skeletonoverlord_texture_01","1":"elitecreatures:skeleton_overlord_animated_weapon_set/skeletonoverlord_animation_01","2":"elitecreatures:skeleton_overlord_animated_weapon_set/skeletonoverlord_animation_02","3":"elitecreatures:skeleton_overlord_animated_weapon_set/skeletonoverlord_animation_03","4":"elitecreatures:skeleton_overlord_animated_weapon_set/skeletonoverlord_animation_04","particle":"elitecreatures:skeleton_overlord_animated_weapon_set/skeletonoverlord_texture_01"},"elements":[{"from":[7.25,-12,7.25],"to":[8.75,-5,8.75],"rotation":{"angle":0,"axis":"y","origin":[8,5.81499,8]},"faces":{"north":{"uv":[1.25,0,1.4375,0.875],"texture":"#0"},"east":{"uv":[1.25,0,1.4375,0.875],"texture":"#0"},"south":{"uv":[1.25,0,1.4375,0.875],"texture":"#0"},"west":{"uv":[1.25,0,1.4375,0.875],"texture":"#0"},"up":{"uv":[1.25,0.6875,1.4375,0.875],"texture":"#0"},"down":{"uv":[1.25,0.6875,1.4375,0.875],"texture":"#0"}}},{"from":[7.5,-14,8],"to":[8.5,-12.5,10],"rotation":{"angle":22.5,"axis":"x","origin":[8,-13.975,9.575]},"faces":{"north":{"uv":[0.5,1.4375,0.625,1.625],"texture":"#0"},"east":{"uv":[0.875,1.375,0.625,1.5625],"texture":"#0"},"south":{"uv":[0.5,1.4375,0.625,1.625],"texture":"#0"},"west":{"uv":[0.625,1.375,0.875,1.5625],"texture":"#0"},"up":{"uv":[0.875,1.375,1.125,1.5],"rotation":90,"texture":"#0"},"down":{"uv":[0.875,1.375,1.125,1.5],"rotation":90,"texture":"#0"}}},{"from":[7.6,-14.88188,9.52574],"to":[8.4,-13.38188,10.52574],"rotation":{"angle":-22.5,"axis":"x","origin":[8,-13.975,9.575]},"faces":{"north":{"uv":[1.25,1,1.4375,1.1],"rotation":270,"texture":"#0"},"east":{"uv":[1.4375,0.875,1.25,1],"rotation":270,"texture":"#0"},"south":{"uv":[1.25,1,1.4375,1.1],"rotation":90,"texture":"#0"},"west":{"uv":[1.25,0.875,1.4375,1],"rotation":90,"texture":"#0"},"up":{"uv":[1.2125,1.125,1.3125,1.25],"rotation":180,"texture":"#0"},"down":{"uv":[1.2125,1.125,1.3125,1.25],"texture":"#0"}}},{"from":[7.75,-15.2,9.9],"to":[8.25,-14.2,10.4],"rotation":{"angle":22.5,"axis":"x","origin":[8,-13.975,9.575]},"faces":{"north":{"uv":[1.125,1.25,1.25,1.3125],"rotation":90,"texture":"#0"},"east":{"uv":[1.125,1.25,1.25,1.3125],"rotation":90,"texture":"#0"},"south":{"uv":[1.125,1.25,1.25,1.3125],"rotation":90,"texture":"#0"},"west":{"uv":[1.125,1.25,1.25,1.3125],"rotation":90,"texture":"#0"},"up":{"uv":[1.25,1.25,1.3125,1.3125],"texture":"#0"},"down":{"uv":[1.25,1.25,1.3125,1.3125],"texture":"#0"}}},{"from":[7.6,-13.47574,9.68188],"to":[8.4,-12.47574,11.18188],"rotation":{"angle":-22.5,"axis":"x","origin":[8,-12.525,10.275]},"faces":{"north":{"uv":[1.2125,1.25,1.3125,1.125],"texture":"#0"},"east":{"uv":[1.25,0.875,1.4375,1],"rotation":180,"texture":"#0"},"south":{"uv":[1.2125,1.25,1.3125,1.125],"texture":"#0"},"west":{"uv":[1.4375,0.875,1.25,1],"rotation":180,"texture":"#0"},"up":{"uv":[1.25,1,1.4375,1.1],"rotation":90,"texture":"#0"},"down":{"uv":[1.4375,1,1.25,1.1],"rotation":90,"texture":"#0"}}},{"from":[7.75,-12.3,10.6],"to":[8.25,-11.3,11.1],"rotation":{"angle":22.5,"axis":"x","origin":[8,-12.525,10.275]},"faces":{"north":{"uv":[1.25,1.25,1.125,1.3125],"rotation":90,"texture":"#0"},"east":{"uv":[1.25,1.25,1.125,1.3125],"rotation":90,"texture":"#0"},"south":{"uv":[1.25,1.25,1.125,1.3125],"rotation":90,"texture":"#0"},"west":{"uv":[1.25,1.25,1.125,1.3125],"rotation":90,"texture":"#0"},"up":{"uv":[1.25,1.3125,1.3125,1.25],"texture":"#0"},"down":{"uv":[1.25,1.3125,1.3125,1.25],"texture":"#0"}}},{"from":[7.75,-12.3,4.9],"to":[8.25,-11.3,5.4],"rotation":{"angle":-22.5,"axis":"x","origin":[8,-12.525,5.725]},"faces":{"north":{"uv":[1.25,1.3125,1.125,1.25],"rotation":90,"texture":"#0"},"east":{"uv":[1.25,1.3125,1.125,1.25],"rotation":90,"texture":"#0"},"south":{"uv":[1.25,1.3125,1.125,1.25],"rotation":90,"texture":"#0"},"west":{"uv":[1.25,1.3125,1.125,1.25],"rotation":90,"texture":"#0"},"up":{"uv":[1.25,1.25,1.3125,1.3125],"texture":"#0"},"down":{"uv":[1.25,1.25,1.3125,1.3125],"texture":"#0"}}},{"from":[7.6,-13.47574,4.81812],"to":[8.4,-12.47574,6.31812],"rotation":{"angle":22.5,"axis":"x","origin":[8,-12.525,5.725]},"faces":{"north":{"uv":[1.3125,1.25,1.2125,1.125],"texture":"#0"},"east":{"uv":[1.4375,0.875,1.25,1],"rotation":180,"texture":"#0"},"south":{"uv":[1.3125,1.25,1.2125,1.125],"texture":"#0"},"west":{"uv":[1.25,0.875,1.4375,1],"rotation":180,"texture":"#0"},"up":{"uv":[1.4375,1,1.25,1.1],"rotation":90,"texture":"#0"},"down":{"uv":[1.25,1,1.4375,1.1],"rotation":90,"texture":"#0"}}},{"from":[7.5,-14,6],"to":[8.5,-12.5,8],"rotation":{"angle":-22.5,"axis":"x","origin":[8,-13.975,6.425]},"faces":{"north":{"uv":[0.625,1.4375,0.5,1.625],"texture":"#0"},"east":{"uv":[0.625,1.375,0.875,1.5625],"texture":"#0"},"south":{"uv":[0.625,1.4375,0.5,1.625],"texture":"#0"},"west":{"uv":[0.875,1.375,0.625,1.5625],"texture":"#0"},"up":{"uv":[1.125,1.375,0.875,1.5],"rotation":90,"texture":"#0"},"down":{"uv":[1.125,1.375,0.875,1.5],"rotation":90,"texture":"#0"}}},{"from":[7.6,-14.88188,5.47426],"to":[8.4,-13.38188,6.47426],"rotation":{"angle":22.5,"axis":"x","origin":[8,-13.975,6.425]},"faces":{"north":{"uv":[1.25,1.1,1.4375,1],"rotation":90,"texture":"#0"},"east":{"uv":[1.4375,1,1.25,0.875],"rotation":270,"texture":"#0"},"south":{"uv":[1.25,1.1,1.4375,1],"rotation":270,"texture":"#0"},"west":{"uv":[1.25,1,1.4375,0.875],"rotation":90,"texture":"#0"},"up":{"uv":[1.2125,1.25,1.3125,1.125],"rotation":180,"texture":"#0"},"down":{"uv":[1.2125,1.25,1.3125,1.125],"texture":"#0"}}},{"from":[7.75,-15.2,5.6],"to":[8.25,-14.2,6.1],"rotation":{"angle":-22.5,"axis":"x","origin":[8,-13.975,6.425]},"faces":{"north":{"uv":[1.125,1.3125,1.25,1.25],"rotation":90,"texture":"#0"},"east":{"uv":[1.125,1.3125,1.25,1.25],"rotation":90,"texture":"#0"},"south":{"uv":[1.125,1.3125,1.25,1.25],"rotation":90,"texture":"#0"},"west":{"uv":[1.125,1.3125,1.25,1.25],"rotation":90,"texture":"#0"},"up":{"uv":[1.25,1.3125,1.3125,1.25],"texture":"#0"},"down":{"uv":[1.25,1.3125,1.3125,1.25],"texture":"#0"}}},{"from":[6,-2.5,5.25],"to":[10,1.5,10.75],"rotation":{"angle":0,"axis":"y","origin":[8,-6.81499,8]},"faces":{"north":{"uv":[2.375,0,2.875,0.5],"texture":"#0"},"east":{"uv":[1.6875,0,2.375,0.5],"texture":"#0"},"south":{"uv":[2.375,0,2.875,0.5],"texture":"#0"},"west":{"uv":[1.6875,0,2.375,0.5],"texture":"#0"},"up":{"uv":[1.6875,0.5,2.1875,1.1875],"texture":"#0"},"down":{"uv":[1.6875,0.5,2.1875,1.1875],"texture":"#0"}}},{"from":[5.9,-1.5,5.25],"to":[5.9,0.5,10.75],"rotation":{"angle":0,"axis":"y","origin":[8,-6.81499,8]},"faces":{"north":{"uv":[0,0,0,4],"texture":"#2"},"south":{"uv":[0,0,0,4],"texture":"#2"},"west":{"uv":[0,0,11,4],"texture":"#2"},"up":{"uv":[0,11,0,0],"texture":"#2"},"down":{"uv":[0,0,0,11],"texture":"#2"}}},{"from":[10.1,-1.5,5.25],"to":[10.1,0.5,10.75],"rotation":{"angle":0,"axis":"y","origin":[8,-6.81499,8]},"faces":{"north":{"uv":[0,0,0,4],"texture":"#2"},"east":{"uv":[11,0,0,4],"texture":"#2"},"south":{"uv":[0,0,0,4],"texture":"#2"},"up":{"uv":[0,11,0,0],"texture":"#2"},"down":{"uv":[0,0,0,11],"texture":"#2"}}},{"from":[7.5,0.66415,9.08048],"to":[8.5,2.16415,11.08048],"rotation":{"angle":-22.5,"axis":"x","origin":[8,2.03431,10.91032]},"faces":{"north":{"uv":[1.5,1.3125,1.375,1.5],"texture":"#0"},"east":{"uv":[1.375,1.3125,1.125,1.5],"texture":"#0"},"south":{"uv":[1.5,1.3125,1.375,1.5],"rotation":180,"texture":"#0"},"west":{"uv":[1.375,1.3125,1.125,1.5],"rotation":180,"texture":"#0"},"up":{"uv":[1.5625,1.1875,1.3125,1.3125],"rotation":270,"texture":"#0"},"down":{"uv":[1.5625,1.1875,1.3125,1.3125],"rotation":90,"texture":"#0"}}},{"from":[7.6,1.4,10.7],"to":[8.4,2.9,11.7],"rotation":{"angle":22.5,"axis":"x","origin":[8,2.03431,10.91032]},"faces":{"north":{"uv":[1.5,1.5375,1.6875,1.4375],"rotation":270,"texture":"#0"},"east":{"uv":[1.5,1.4375,1.6875,1.3125],"rotation":270,"texture":"#0"},"south":{"uv":[1.5,1.5375,1.6875,1.4375],"rotation":270,"texture":"#0"},"west":{"uv":[1.5,1.4375,1.6875,1.3125],"rotation":270,"texture":"#0"},"up":{"uv":[1.5875,1.3125,1.6875,1.1875],"texture":"#0"},"down":{"uv":[1.5875,1.3125,1.6875,1.1875],"texture":"#0"}}},{"from":[7.75,2.46415,11.18048],"to":[8.25,3.46415,11.68048],"rotation":{"angle":-22.5,"axis":"x","origin":[8,2.03431,10.91032]},"faces":{"north":{"uv":[1.375,1.5625,1.5,1.5],"rotation":90,"texture":"#0"},"east":{"uv":[1.375,1.5625,1.5,1.5],"rotation":90,"texture":"#0"},"south":{"uv":[1.375,1.5625,1.5,1.5],"rotation":270,"texture":"#0"},"west":{"uv":[1.375,1.5625,1.5,1.5],"rotation":270,"texture":"#0"},"up":{"uv":[1.3,1.5625,1.3625,1.5],"texture":"#0"},"down":{"uv":[1.3,1.5625,1.3625,1.5],"rotation":180,"texture":"#0"}}},{"from":[7.75,2.46415,4.31952],"to":[8.25,3.46415,4.81952],"rotation":{"angle":22.5,"axis":"x","origin":[8,2.03431,5.08968]},"faces":{"north":{"uv":[1.5,1.5625,1.375,1.5],"rotation":90,"texture":"#0"},"east":{"uv":[1.5,1.5625,1.375,1.5],"rotation":270,"texture":"#0"},"south":{"uv":[1.5,1.5625,1.375,1.5],"rotation":270,"texture":"#0"},"west":{"uv":[1.5,1.5625,1.375,1.5],"rotation":90,"texture":"#0"},"up":{"uv":[1.3625,1.5625,1.3,1.5],"rotation":180,"texture":"#0"},"down":{"uv":[1.3625,1.5625,1.3,1.5],"texture":"#0"}}},{"from":[7.6,1.4,4.3],"to":[8.4,2.9,5.3],"rotation":{"angle":-22.5,"axis":"x","origin":[8,2.03431,5.08968]},"faces":{"north":{"uv":[1.5,1.4375,1.6875,1.5375],"rotation":270,"texture":"#0"},"east":{"uv":[1.5,1.3125,1.6875,1.4375],"rotation":270,"texture":"#0"},"south":{"uv":[1.5,1.4375,1.6875,1.5375],"rotation":270,"texture":"#0"},"west":{"uv":[1.5,1.3125,1.6875,1.4375],"rotation":270,"texture":"#0"},"up":{"uv":[1.5875,1.1875,1.6875,1.3125],"texture":"#0"},"down":{"uv":[1.5875,1.1875,1.6875,1.3125],"texture":"#0"}}},{"from":[7.5,0.66415,4.91952],"to":[8.5,2.16415,6.91952],"rotation":{"angle":22.5,"axis":"x","origin":[8,2.03431,5.08968]},"faces":{"north":{"uv":[1.5,1.5,1.375,1.3125],"texture":"#0"},"east":{"uv":[1.375,1.5,1.125,1.3125],"rotation":180,"texture":"#0"},"south":{"uv":[1.5,1.5,1.375,1.3125],"rotation":180,"texture":"#0"},"west":{"uv":[1.375,1.5,1.125,1.3125],"texture":"#0"},"up":{"uv":[1.5625,1.3125,1.3125,1.1875],"rotation":90,"texture":"#0"},"down":{"uv":[1.5625,1.3125,1.3125,1.1875],"rotation":270,"texture":"#0"}}},{"from":[6.6,-5,6.5],"to":[9.6,-2,9.5],"rotation":{"angle":0,"axis":"y","origin":[8,-6.81499,8]},"faces":{"north":{"uv":[2.4375,1.5625,2.0625,1.1875],"texture":"#0"},"east":{"uv":[2.0625,1.5625,1.6875,1.1875],"texture":"#0"},"south":{"uv":[2.4375,1.5625,2.0625,1.1875],"texture":"#0"},"west":{"uv":[2.0625,1.5625,1.6875,1.1875],"texture":"#0"},"up":{"uv":[2.4375,1.5625,2.8125,1.1875],"rotation":90,"texture":"#0"},"down":{"uv":[2.4375,1.5625,2.8125,1.1875],"rotation":90,"texture":"#0"}}},{"from":[7.1,-4,5.75],"to":[9.1,-2,10.25],"rotation":{"angle":0,"axis":"y","origin":[8,-6.81499,8]},"faces":{"north":{"uv":[3.6875,0.25,3.4375,0],"texture":"#0"},"east":{"uv":[3.4375,0.25,2.875,0],"texture":"#0"},"south":{"uv":[3.6875,0.25,3.4375,0],"texture":"#0"},"west":{"uv":[3.4375,0.25,2.875,0],"texture":"#0"},"up":{"uv":[2.875,0.5,3.4375,0.25],"rotation":90,"texture":"#0"},"down":{"uv":[2.875,0.5,3.4375,0.25],"rotation":90,"texture":"#0"}}},{"from":[6.85,-1.12703,12.02504],"to":[9.15,1.87297,14.52504],"rotation":{"angle":45,"axis":"x","origin":[8,2.33417,11.294]},"faces":{"north":{"uv":[0.375,1,0,1.2875],"rotation":270,"texture":"#0"},"east":{"uv":[0,0.6875,0.375,1],"rotation":90,"texture":"#0"},"south":{"uv":[0,1,0.375,1.2875],"rotation":90,"texture":"#0"},"west":{"uv":[0.375,0.6875,0,1],"rotation":270,"texture":"#0"},"up":{"uv":[0.525,0.375,0.8125,0.6875],"texture":"#0"},"down":{"uv":[0.525,0.375,0.8125,0.6875],"rotation":180,"texture":"#0"}}},{"from":[7,-0.45154,11.40862],"to":[9,2.54846,13.40862],"rotation":{"angle":0,"axis":"y","origin":[8,2.33417,11.294]},"faces":{"north":{"uv":[0.375,0.9375,0.75,1.1875],"rotation":270,"texture":"#0"},"east":{"uv":[0.375,0.6875,0.75,0.9375],"rotation":270,"texture":"#0"},"south":{"uv":[0.375,0.9375,0.75,1.1875],"rotation":270,"texture":"#0"},"west":{"uv":[0.375,0.9375,0.75,0.6875],"rotation":270,"texture":"#0"},"up":{"uv":[0.375,1.1875,0.625,1.4375],"texture":"#0"},"down":{"uv":[0.375,1.1875,0.625,1.4375],"texture":"#0"}}},{"from":[7.25,1.00939,11.55001],"to":[8.75,4.00939,13.05001],"rotation":{"angle":-22.5,"axis":"x","origin":[8,2.33417,11.294]},"faces":{"north":{"uv":[0.8125,0.375,1.1875,0.1875],"rotation":270,"texture":"#0"},"east":{"uv":[1.1875,0.1875,0.8125,0],"rotation":90,"texture":"#0"},"south":{"uv":[0.8125,0.375,1.1875,0.1875],"rotation":270,"texture":"#0"},"west":{"uv":[1.1875,0.1875,0.8125,0],"rotation":90,"texture":"#0"},"up":{"uv":[0,1.5,0.1875,1.3125],"texture":"#0"},"down":{"uv":[0,1.5,0.1875,1.3125],"texture":"#0"}}},{"from":[7.5,3.78842,11.01902],"to":[8.5,5.28842,12.01902],"rotation":{"angle":0,"axis":"y","origin":[8,2.33417,11.294]},"faces":{"north":{"uv":[0.9375,0.5625,0.8125,0.375],"texture":"#0"},"east":{"uv":[1.0625,0.5625,0.9375,0.375],"rotation":180,"texture":"#0"},"south":{"uv":[0.9375,0.5625,0.8125,0.375],"texture":"#0"},"west":{"uv":[0.9375,0.5625,1.0625,0.375],"rotation":180,"texture":"#0"},"up":{"uv":[0.9375,0.6875,0.8125,0.5625],"rotation":90,"texture":"#0"},"down":{"uv":[0.9375,0.6875,0.8125,0.5625],"rotation":90,"texture":"#0"}}},{"from":[7.55,4.23897,10.12808],"to":[8.45,5.43897,10.82808],"rotation":{"angle":22.5,"axis":"x","origin":[8,2.33417,12.294]},"faces":{"north":{"uv":[1.175,0.525,1.0625,0.375],"rotation":180,"texture":"#0"},"east":{"uv":[0.8625,0.6875,0.775,0.8375],"texture":"#0"},"south":{"uv":[1.0625,0.375,1.175,0.525],"texture":"#0"},"west":{"uv":[0.775,0.8375,0.8625,0.6875],"rotation":180,"texture":"#0"},"up":{"uv":[0.9625,0.5625,1.05,0.675],"rotation":270,"texture":"#0"},"down":{"uv":[0.9625,0.5625,1.05,0.675],"rotation":90,"texture":"#0"}}},{"from":[7.65,5.48028,11.61785],"to":[8.35,5.98028,12.61785],"rotation":{"angle":0,"axis":"y","origin":[8,2.33417,12.294]},"faces":{"north":{"uv":[1.1,0.5625,1.1875,0.625],"texture":"#0"},"east":{"uv":[1,0.6875,0.875,0.75],"texture":"#0"},"south":{"uv":[1.1,0.5625,1.1875,0.625],"rotation":180,"texture":"#0"},"west":{"uv":[0.875,0.6875,1,0.75],"rotation":180,"texture":"#0"},"up":{"uv":[0.875,0.75,1,0.8375],"rotation":270,"texture":"#0"},"down":{"uv":[0.875,0.75,1,0.8375],"rotation":90,"texture":"#0"}}},{"from":[7.65,5.48028,3.48215],"to":[8.35,5.98028,4.48215],"rotation":{"angle":0,"axis":"y","origin":[8,2.33417,3.806]},"faces":{"north":{"uv":[1.1875,0.5625,1.1,0.625],"rotation":180,"texture":"#0"},"east":{"uv":[0.875,0.6875,1,0.75],"texture":"#0"},"south":{"uv":[1.1875,0.5625,1.1,0.625],"texture":"#0"},"west":{"uv":[1,0.6875,0.875,0.75],"rotation":180,"texture":"#0"},"up":{"uv":[1,0.75,0.875,0.8375],"rotation":270,"texture":"#0"},"down":{"uv":[1,0.75,0.875,0.8375],"rotation":90,"texture":"#0"}}},{"from":[7.55,4.23897,5.27192],"to":[8.45,5.43897,5.97192],"rotation":{"angle":-22.5,"axis":"x","origin":[8,2.33417,3.806]},"faces":{"north":{"uv":[1.175,0.375,1.0625,0.525],"texture":"#0"},"east":{"uv":[0.775,0.6875,0.8625,0.8375],"texture":"#0"},"south":{"uv":[1.0625,0.525,1.175,0.375],"rotation":180,"texture":"#0"},"west":{"uv":[0.8625,0.8375,0.775,0.6875],"rotation":180,"texture":"#0"},"up":{"uv":[1.05,0.5625,0.9625,0.675],"rotation":270,"texture":"#0"},"down":{"uv":[1.05,0.5625,0.9625,0.675],"rotation":90,"texture":"#0"}}},{"from":[7.5,3.78842,4.08098],"to":[8.5,5.28842,5.08098],"rotation":{"angle":0,"axis":"y","origin":[8,2.33417,4.806]},"faces":{"north":{"uv":[0.8125,0.5625,0.9375,0.375],"texture":"#0"},"east":{"uv":[0.9375,0.5625,1.0625,0.375],"rotation":180,"texture":"#0"},"south":{"uv":[0.8125,0.5625,0.9375,0.375],"texture":"#0"},"west":{"uv":[1.0625,0.5625,0.9375,0.375],"rotation":180,"texture":"#0"},"up":{"uv":[0.8125,0.6875,0.9375,0.5625],"rotation":90,"texture":"#0"},"down":{"uv":[0.8125,0.6875,0.9375,0.5625],"rotation":90,"texture":"#0"}}},{"from":[7.25,1.00939,3.04999],"to":[8.75,4.00939,4.54999],"rotation":{"angle":22.5,"axis":"x","origin":[8,2.33417,4.806]},"faces":{"north":{"uv":[0.8125,0.1875,1.1875,0.375],"rotation":270,"texture":"#0"},"east":{"uv":[1.1875,0,0.8125,0.1875],"rotation":90,"texture":"#0"},"south":{"uv":[0.8125,0.1875,1.1875,0.375],"rotation":270,"texture":"#0"},"west":{"uv":[1.1875,0,0.8125,0.1875],"rotation":90,"texture":"#0"},"up":{"uv":[0,1.3125,0.1875,1.5],"texture":"#0"},"down":{"uv":[0,1.3125,0.1875,1.5],"texture":"#0"}}},{"from":[7,-0.45154,2.69138],"to":[9,2.54846,4.69138],"rotation":{"angle":0,"axis":"y","origin":[8,2.33417,4.806]},"faces":{"north":{"uv":[0.375,1.1875,0.75,0.9375],"rotation":270,"texture":"#0"},"east":{"uv":[0.375,0.9375,0.75,0.6875],"rotation":270,"texture":"#0"},"south":{"uv":[0.375,1.1875,0.75,0.9375],"rotation":270,"texture":"#0"},"west":{"uv":[0.375,0.6875,0.75,0.9375],"rotation":270,"texture":"#0"},"up":{"uv":[0.375,1.4375,0.625,1.1875],"texture":"#0"},"down":{"uv":[0.375,1.4375,0.625,1.1875],"texture":"#0"}}},{"from":[6.85,-1.12703,1.57496],"to":[9.15,1.87297,4.07496],"rotation":{"angle":-45,"axis":"x","origin":[8,2.33417,4.806]},"faces":{"north":{"uv":[0,1.2875,0.375,1],"rotation":90,"texture":"#0"},"east":{"uv":[0,1,0.375,0.6875],"rotation":90,"texture":"#0"},"south":{"uv":[0.375,1.2875,0,1],"rotation":270,"texture":"#0"},"west":{"uv":[0.375,1,0,0.6875],"rotation":270,"texture":"#0"},"up":{"uv":[0.525,0.6875,0.8125,0.375],"texture":"#0"},"down":{"uv":[0.525,0.6875,0.8125,0.375],"rotation":180,"texture":"#0"}}},{"from":[7.6,-5,10.2],"to":[8.4,-4.5,11.2],"rotation":{"angle":-45,"axis":"x","origin":[8,-3.46436,11.21336]},"faces":{"north":{"uv":[0.25,1.625,0.1875,1.5],"rotation":270,"texture":"#0"},"east":{"uv":[0,1.5,0.0625,1.625],"rotation":270,"texture":"#0"},"south":{"uv":[0.25,1.625,0.1875,1.5],"rotation":270,"texture":"#0"},"west":{"uv":[0.0625,1.5,0,1.625],"rotation":270,"texture":"#0"},"up":{"uv":[0.0625,1.5,0.1875,1.625],"rotation":180,"texture":"#0"},"down":{"uv":[0.0625,1.625,0.1875,1.5],"rotation":180,"texture":"#0"}}},{"from":[7.65,-4.97301,11.1458],"to":[8.35,-4.47301,12.1458],"rotation":{"angle":22.5,"axis":"x","origin":[8,-3.46436,11.21336]},"faces":{"north":{"uv":[0.4125,1.5,0.5,1.5625],"texture":"#0"},"east":{"uv":[0.5,1.5,0.375,1.4375],"rotation":180,"texture":"#0"},"south":{"uv":[0.4125,1.5,0.5,1.5625],"texture":"#0"},"west":{"uv":[0.5,1.5,0.375,1.4375],"rotation":180,"texture":"#0"},"up":{"uv":[0.375,1.5875,0.25,1.5],"rotation":90,"texture":"#0"},"down":{"uv":[0.375,1.5875,0.25,1.5],"rotation":90,"texture":"#0"}}},{"from":[7.5,-5.09935,11.14225],"to":[8.5,-3.59935,12.14225],"rotation":{"angle":-45,"axis":"x","origin":[8,-3.46436,11.21336]},"faces":{"north":{"uv":[1.1875,1.125,1,1.25],"rotation":270,"texture":"#0"},"east":{"uv":[1,1.375,0.8125,1.25],"rotation":270,"texture":"#0"},"south":{"uv":[1.1875,1.125,1,1.25],"rotation":270,"texture":"#0"},"west":{"uv":[1,1.25,0.8125,1.375],"rotation":270,"texture":"#0"},"up":{"uv":[1,1.375,1.125,1.25],"texture":"#0"},"down":{"uv":[1,1.375,1.125,1.25],"texture":"#0"}}},{"from":[7.25,-3.59935,10.79225],"to":[8.75,-2.09935,12.29225],"rotation":{"angle":-45,"axis":"x","origin":[8,-3.46436,11.21336]},"faces":{"north":{"uv":[0.375,1.3125,0.1875,1.5],"rotation":270,"texture":"#0"},"east":{"uv":[1,1.25,0.8125,1.0625],"rotation":270,"texture":"#0"},"south":{"uv":[0.375,1.3125,0.1875,1.5],"rotation":270,"texture":"#0"},"west":{"uv":[1,1.0625,0.8125,1.25],"rotation":270,"texture":"#0"},"up":{"uv":[0.625,1.375,0.8125,1.1875],"texture":"#0"},"down":{"uv":[0.625,1.375,0.8125,1.1875],"texture":"#0"}}},{"from":[7,-3.28896,9.03459],"to":[9,-1.78896,11.03459],"rotation":{"angle":0,"axis":"y","origin":[8,-3.46436,11.21336]},"faces":{"north":{"uv":[1,1.125,1.25,0.9375],"texture":"#0"},"east":{"uv":[0.75,1.0625,1,0.875],"texture":"#0"},"south":{"uv":[1,1.125,1.25,0.9375],"texture":"#0"},"west":{"uv":[0.75,1.0625,1,0.875],"texture":"#0"},"up":{"uv":[1.25,0.6875,1,0.9375],"rotation":90,"texture":"#0"},"down":{"uv":[1.25,0.6875,1,0.9375],"rotation":90,"texture":"#0"}}},{"from":[7,-3.28896,4.96541],"to":[9,-1.78896,6.96541],"rotation":{"angle":0,"axis":"y","origin":[8,-3.46436,4.78664]},"faces":{"north":{"uv":[1.25,1.125,1,0.9375],"texture":"#0"},"east":{"uv":[1,1.0625,0.75,0.875],"texture":"#0"},"south":{"uv":[1.25,1.125,1,0.9375],"texture":"#0"},"west":{"uv":[1,1.0625,0.75,0.875],"texture":"#0"},"up":{"uv":[1,0.6875,1.25,0.9375],"rotation":90,"texture":"#0"},"down":{"uv":[1,0.6875,1.25,0.9375],"rotation":90,"texture":"#0"}}},{"from":[7.25,-3.59935,3.70775],"to":[8.75,-2.09935,5.20775],"rotation":{"angle":45,"axis":"x","origin":[8,-3.46436,4.78664]},"faces":{"north":{"uv":[0.375,1.5,0.1875,1.3125],"rotation":270,"texture":"#0"},"east":{"uv":[1,1.0625,0.8125,1.25],"rotation":270,"texture":"#0"},"south":{"uv":[0.375,1.5,0.1875,1.3125],"rotation":270,"texture":"#0"},"west":{"uv":[1,1.25,0.8125,1.0625],"rotation":270,"texture":"#0"},"up":{"uv":[0.625,1.1875,0.8125,1.375],"texture":"#0"},"down":{"uv":[0.625,1.1875,0.8125,1.375],"texture":"#0"}}},{"from":[7.5,-5.09935,3.85775],"to":[8.5,-3.59935,4.85775],"rotation":{"angle":45,"axis":"x","origin":[8,-3.46436,4.78664]},"faces":{"north":{"uv":[1.1875,1.25,1,1.125],"rotation":270,"texture":"#0"},"east":{"uv":[1,1.25,0.8125,1.375],"rotation":270,"texture":"#0"},"south":{"uv":[1.1875,1.25,1,1.125],"rotation":270,"texture":"#0"},"west":{"uv":[1,1.375,0.8125,1.25],"rotation":270,"texture":"#0"},"up":{"uv":[1,1.25,1.125,1.375],"texture":"#0"},"down":{"uv":[1,1.25,1.125,1.375],"texture":"#0"}}},{"from":[7.6,-5,4.8],"to":[8.4,-4.5,5.8],"rotation":{"angle":45,"axis":"x","origin":[8,-3.46436,4.78664]},"faces":{"north":{"uv":[0.25,1.5,0.1875,1.625],"rotation":270,"texture":"#0"},"east":{"uv":[0,1.625,0.0625,1.5],"rotation":270,"texture":"#0"},"south":{"uv":[0.25,1.5,0.1875,1.625],"rotation":270,"texture":"#0"},"west":{"uv":[0.0625,1.625,0,1.5],"rotation":270,"texture":"#0"},"up":{"uv":[0.0625,1.625,0.1875,1.5],"rotation":180,"texture":"#0"},"down":{"uv":[0.0625,1.5,0.1875,1.625],"rotation":180,"texture":"#0"}}},{"from":[7.65,-4.97301,3.8542],"to":[8.35,-4.47301,4.8542],"rotation":{"angle":-22.5,"axis":"x","origin":[8,-3.46436,4.78664]},"faces":{"north":{"uv":[0.5,1.5,0.4125,1.5625],"texture":"#0"},"east":{"uv":[0.375,1.5,0.5,1.4375],"rotation":180,"texture":"#0"},"south":{"uv":[0.5,1.5,0.4125,1.5625],"texture":"#0"},"west":{"uv":[0.375,1.5,0.5,1.4375],"rotation":180,"texture":"#0"},"up":{"uv":[0.25,1.5875,0.375,1.5],"rotation":90,"texture":"#0"},"down":{"uv":[0.25,1.5875,0.375,1.5],"rotation":90,"texture":"#0"}}},{"from":[6.75,-9.48922,-5.80421],"to":[9.25,-7.48922,-3.80421],"rotation":{"angle":-45,"axis":"x","origin":[8,4.31499,8]},"faces":{"north":{"uv":[1.6875,0.5,1.4375,0.25],"texture":"#0"},"east":{"uv":[1.6875,0,1.4375,0.25],"texture":"#0"},"south":{"uv":[1.6875,0.5,1.4375,0.75],"texture":"#0"},"west":{"uv":[1.6875,0,1.4375,0.25],"texture":"#0"},"up":{"uv":[1.6875,0.25,1.4375,0.5],"texture":"#0"},"down":{"uv":[1.6875,0.5,1.4375,0.75],"texture":"#0"}}},{"from":[6.75,-3.51078,-5.80421],"to":[9.25,-1.51078,-3.80421],"rotation":{"angle":45,"axis":"x","origin":[8,-15.31499,8]},"faces":{"north":{"uv":[1.6875,0.25,1.4375,0.5],"texture":"#0"},"east":{"uv":[1.6875,0.25,1.4375,0],"texture":"#0"},"south":{"uv":[1.6875,0.75,1.4375,0.5],"texture":"#0"},"west":{"uv":[1.6875,0.25,1.4375,0],"texture":"#0"},"up":{"uv":[1.6875,0.75,1.4375,0.5],"texture":"#0"},"down":{"uv":[1.6875,0.5,1.4375,0.25],"texture":"#0"}}},{"from":[7.5,1.8,8],"to":[8.5,3.3,10],"rotation":{"angle":-22.5,"axis":"x","origin":[8,3.275,9.575]},"faces":{"north":{"uv":[0.5,1.625,0.625,1.4375],"texture":"#0"},"east":{"uv":[0.875,1.5625,0.625,1.375],"texture":"#0"},"south":{"uv":[0.5,1.625,0.625,1.4375],"texture":"#0"},"west":{"uv":[0.625,1.5625,0.875,1.375],"texture":"#0"},"up":{"uv":[1.125,1.375,0.875,1.5],"rotation":90,"texture":"#0"},"down":{"uv":[1.125,1.375,0.875,1.5],"rotation":90,"texture":"#0"}}},{"from":[7.6,2.68188,9.52574],"to":[8.4,4.18188,10.52574],"rotation":{"angle":22.5,"axis":"x","origin":[8,3.275,9.575]},"faces":{"north":{"uv":[1.4375,1,1.25,1.1],"rotation":270,"texture":"#0"},"east":{"uv":[1.25,0.875,1.4375,1],"rotation":270,"texture":"#0"},"south":{"uv":[1.4375,1,1.25,1.1],"rotation":90,"texture":"#0"},"west":{"uv":[1.4375,0.875,1.25,1],"rotation":90,"texture":"#0"},"up":{"uv":[1.2125,1.25,1.3125,1.125],"texture":"#0"},"down":{"uv":[1.2125,1.25,1.3125,1.125],"rotation":180,"texture":"#0"}}},{"from":[7.75,3.5,9.9],"to":[8.25,4.5,10.4],"rotation":{"angle":-22.5,"axis":"x","origin":[8,3.275,9.575]},"faces":{"north":{"uv":[1.25,1.25,1.125,1.3125],"rotation":90,"texture":"#0"},"east":{"uv":[1.25,1.25,1.125,1.3125],"rotation":90,"texture":"#0"},"south":{"uv":[1.25,1.25,1.125,1.3125],"rotation":90,"texture":"#0"},"west":{"uv":[1.25,1.25,1.125,1.3125],"rotation":90,"texture":"#0"},"up":{"uv":[1.25,1.3125,1.3125,1.25],"texture":"#0"},"down":{"uv":[1.25,1.3125,1.3125,1.25],"texture":"#0"}}},{"from":[7.5,1.8,6],"to":[8.5,3.3,8],"rotation":{"angle":22.5,"axis":"x","origin":[8,3.275,6.425]},"faces":{"north":{"uv":[0.625,1.625,0.5,1.4375],"texture":"#0"},"east":{"uv":[0.625,1.5625,0.875,1.375],"texture":"#0"},"south":{"uv":[0.625,1.625,0.5,1.4375],"texture":"#0"},"west":{"uv":[0.875,1.5625,0.625,1.375],"texture":"#0"},"up":{"uv":[0.875,1.375,1.125,1.5],"rotation":90,"texture":"#0"},"down":{"uv":[0.875,1.375,1.125,1.5],"rotation":90,"texture":"#0"}}},{"from":[7.6,2.68188,5.47426],"to":[8.4,4.18188,6.47426],"rotation":{"angle":-22.5,"axis":"x","origin":[8,3.275,6.425]},"faces":{"north":{"uv":[1.4375,1.1,1.25,1],"rotation":90,"texture":"#0"},"east":{"uv":[1.25,1,1.4375,0.875],"rotation":270,"texture":"#0"},"south":{"uv":[1.4375,1.1,1.25,1],"rotation":270,"texture":"#0"},"west":{"uv":[1.4375,1,1.25,0.875],"rotation":90,"texture":"#0"},"up":{"uv":[1.2125,1.125,1.3125,1.25],"texture":"#0"},"down":{"uv":[1.2125,1.125,1.3125,1.25],"rotation":180,"texture":"#0"}}},{"from":[7.75,3.5,5.6],"to":[8.25,4.5,6.1],"rotation":{"angle":22.5,"axis":"x","origin":[8,3.275,6.425]},"faces":{"north":{"uv":[1.25,1.3125,1.125,1.25],"rotation":90,"texture":"#0"},"east":{"uv":[1.25,1.3125,1.125,1.25],"rotation":90,"texture":"#0"},"south":{"uv":[1.25,1.3125,1.125,1.25],"rotation":90,"texture":"#0"},"west":{"uv":[1.25,1.3125,1.125,1.25],"rotation":90,"texture":"#0"},"up":{"uv":[1.25,1.25,1.3125,1.3125],"texture":"#0"},"down":{"uv":[1.25,1.25,1.3125,1.3125],"texture":"#0"}}},{"from":[7,-13.5,7],"to":[9,-12,9],"rotation":{"angle":0,"axis":"y","origin":[8,4.31499,8]},"faces":{"north":{"uv":[1.4375,0.75,1.6875,0.9375],"texture":"#0"},"east":{"uv":[1.4375,0.75,1.6875,0.9375],"texture":"#0"},"south":{"uv":[1.4375,0.75,1.6875,0.9375],"texture":"#0"},"west":{"uv":[1.4375,0.75,1.6875,0.9375],"texture":"#0"},"up":{"uv":[1.4375,0.9375,1.6875,1.1875],"texture":"#0"},"down":{"uv":[1.4375,0.9375,1.6875,1.1875],"texture":"#0"}}},{"from":[7,-11,7],"to":[9,-9.5,9],"rotation":{"angle":0,"axis":"y","origin":[8,4.31499,8]},"faces":{"north":{"uv":[1.4375,0.75,1.6875,0.9375],"texture":"#0"},"east":{"uv":[1.4375,0.75,1.6875,0.9375],"texture":"#0"},"south":{"uv":[1.4375,0.75,1.6875,0.9375],"texture":"#0"},"west":{"uv":[1.4375,0.75,1.6875,0.9375],"texture":"#0"},"up":{"uv":[1.4375,0.9375,1.6875,1.1875],"texture":"#0"},"down":{"uv":[1.4375,0.9375,1.6875,1.1875],"texture":"#0"}}},{"from":[7,-9,7],"to":[9,-7.5,9],"rotation":{"angle":0,"axis":"y","origin":[8,4.31499,8]},"faces":{"north":{"uv":[1.4375,0.75,1.6875,0.9375],"texture":"#0"},"east":{"uv":[1.4375,0.75,1.6875,0.9375],"texture":"#0"},"south":{"uv":[1.4375,0.75,1.6875,0.9375],"texture":"#0"},"west":{"uv":[1.4375,0.75,1.6875,0.9375],"texture":"#0"},"up":{"uv":[1.4375,0.9375,1.6875,1.1875],"texture":"#0"},"down":{"uv":[1.4375,0.9375,1.6875,1.1875],"texture":"#0"}}},{"from":[7,-7,7],"to":[9,-5.5,9],"rotation":{"angle":0,"axis":"y","origin":[8,4.31499,8]},"faces":{"north":{"uv":[1.4375,0.75,1.6875,0.9375],"texture":"#0"},"east":{"uv":[1.4375,0.75,1.6875,0.9375],"texture":"#0"},"south":{"uv":[1.4375,0.75,1.6875,0.9375],"texture":"#0"},"west":{"uv":[1.4375,0.75,1.6875,0.9375],"texture":"#0"},"up":{"uv":[1.4375,0.9375,1.6875,1.1875],"texture":"#0"},"down":{"uv":[1.4375,0.9375,1.6875,1.1875],"texture":"#0"}}},{"from":[8,-14,11],"to":[8,-7,17],"rotation":{"angle":45,"axis":"x","origin":[8,-5.5,4]},"faces":{"north":{"uv":[0,10,0,0],"texture":"#3"},"east":{"uv":[12,14,0,0],"texture":"#3"},"south":{"uv":[0,10,0,0],"texture":"#3"},"west":{"uv":[0,14,12,0],"texture":"#3"},"up":{"uv":[0,10,0,0],"texture":"#3"},"down":{"uv":[0,0,0,10],"texture":"#3"}}},{"from":[7.9,1.5,2],"to":[7.9,20,15],"rotation":{"angle":0,"axis":"y","origin":[8,-6.81499,8]},"faces":{"north":{"uv":[3,9,6,7],"texture":"#missing"},"east":{"uv":[9.8125,2.3125,11.4375,0],"texture":"#0"},"south":{"uv":[3,9,6,7],"texture":"#missing"},"west":{"uv":[11.4375,2.3125,9.8125,0],"texture":"#0"},"up":{"uv":[8,4.15,5,6.85],"rotation":270,"texture":"#missing"},"down":{"uv":[8,4.15,5,6.85],"rotation":90,"texture":"#missing"}}},{"from":[5.8,-0.5,3],"to":[5.8,8.5,8],"faces":{"north":{"uv":[0,0,0,9],"texture":"#1"},"east":{"uv":[5,0,0,9],"texture":"#1"},"south":{"uv":[0,0,0,9],"texture":"#1"},"west":{"uv":[0,0,5,9],"texture":"#1"},"up":{"uv":[0,5,0,0],"texture":"#1"},"down":{"uv":[0,0,0,5],"texture":"#1"}}},{"from":[10.2,-0.5,3],"to":[10.2,8.5,8],"rotation":{"angle":0,"axis":"y","origin":[16,0,0]},"faces":{"north":{"uv":[0,0,0,9],"texture":"#1"},"east":{"uv":[5,0,0,9],"texture":"#1"},"south":{"uv":[0,0,0,9],"texture":"#1"},"west":{"uv":[0,0,5,9],"texture":"#1"},"up":{"uv":[0,5,0,0],"texture":"#1"},"down":{"uv":[0,0,0,5],"texture":"#1"}}},{"from":[8,6,10],"to":[8,11,14],"rotation":{"angle":0,"axis":"y","origin":[0,0,16]},"faces":{"north":{"uv":[0,0,0,8],"texture":"#4"},"east":{"uv":[0,0,8,10],"texture":"#4"},"south":{"uv":[0,0,0,8],"texture":"#4"},"west":{"uv":[8,0,0,10],"texture":"#4"},"up":{"uv":[0,0,0,8],"texture":"#4"},"down":{"uv":[0,8,0,0],"texture":"#4"}}},{"from":[8,-9.6,12],"to":[8,-6.6,15],"rotation":{"angle":0,"axis":"y","origin":[0,-11,15.4]},"faces":{"north":{"uv":[0,0,0,0.375],"texture":"#missing"},"east":{"uv":[14.125,2.5625,13.75,2.9375],"texture":"#0"},"south":{"uv":[0,0,0,0.375],"texture":"#missing"},"west":{"uv":[14.125,2.5625,13.75,2.9375],"texture":"#0"},"up":{"uv":[0,0.375,0,0],"texture":"#missing"},"down":{"uv":[0,0.375,0,0],"texture":"#missing"}}},{"from":[7.25,-7.4,13.08155],"to":[8.75,-5.4,14.08155],"rotation":{"angle":0,"axis":"y","origin":[8,-4.46786,12.88155]},"faces":{"north":{"uv":[0.1875,1.75,0.375,2],"rotation":180,"texture":"#0"},"east":{"uv":[0.4375,1.625,0.6875,1.75],"rotation":270,"texture":"#0"},"south":{"uv":[0.1875,1.75,0.375,2],"rotation":180,"texture":"#0"},"west":{"uv":[0.4375,1.625,0.6875,1.75],"rotation":270,"texture":"#0"},"up":{"uv":[0.25,1.625,0.4375,1.75],"rotation":180,"texture":"#0"},"down":{"uv":[0.6875,1.625,0.875,1.75],"rotation":180,"texture":"#0"}}},{"from":[7.5,-6.06786,12.83155],"to":[8.5,-4.06786,14.33155],"rotation":{"angle":0,"axis":"y","origin":[8,-1.76786,14.18155]},"faces":{"north":{"uv":[0.375,1.75,0.625,1.875],"rotation":90,"texture":"#0"},"east":{"uv":[0,1.75,0.1875,2],"texture":"#0"},"south":{"uv":[0.375,1.75,0.625,1.875],"rotation":90,"texture":"#0"},"west":{"uv":[0,1.75,0.1875,2],"rotation":180,"texture":"#0"},"up":{"uv":[0.25,1.625,0.4375,1.75],"rotation":90,"texture":"#0"},"down":{"uv":[0.25,1.625,0.4375,1.75],"rotation":90,"texture":"#0"}}},{"from":[7.25,-4.7,13.08155],"to":[8.75,-2.7,14.08155],"rotation":{"angle":0,"axis":"y","origin":[8,-4.46786,12.88155]},"faces":{"north":{"uv":[0,1.75,0.1875,2],"texture":"#0"},"east":{"uv":[0.375,1.75,0.625,1.875],"rotation":270,"texture":"#0"},"south":{"uv":[0,1.75,0.1875,2],"rotation":180,"texture":"#0"},"west":{"uv":[0.375,1.75,0.625,1.875],"rotation":270,"texture":"#0"},"up":{"uv":[0.25,1.625,0.4375,1.75],"texture":"#0"},"down":{"uv":[0.25,1.625,0.4375,1.75],"rotation":180,"texture":"#0"}}},{"from":[7.5,-3.06786,12.33155],"to":[8.5,-1.06786,13.83155],"rotation":{"angle":-22.5,"axis":"x","origin":[8,-1.76786,14.18155]},"faces":{"north":{"uv":[0,1.625,0.25,1.75],"rotation":270,"texture":"#0"},"east":{"uv":[0,1.75,0.1875,2],"texture":"#0"},"south":{"uv":[0,1.625,0.25,1.75],"rotation":90,"texture":"#0"},"west":{"uv":[0,1.75,0.1875,2],"rotation":180,"texture":"#0"},"up":{"uv":[0.25,1.625,0.4375,1.75],"rotation":90,"texture":"#0"},"down":{"uv":[0.25,1.625,0.4375,1.75],"rotation":90,"texture":"#0"}}},{"from":[7.25,-3,9.91029],"to":[8.75,-2,11.91029],"rotation":{"angle":45,"axis":"x","origin":[8,-3.90135,13.04379]},"faces":{"north":{"uv":[0.25,1.625,0.4375,1.75],"texture":"#0"},"east":{"uv":[0,1.625,0.25,1.75],"texture":"#0"},"south":{"uv":[0.25,1.625,0.4375,1.75],"texture":"#0"},"west":{"uv":[0,1.625,0.25,1.75],"texture":"#0"},"up":{"uv":[0,1.75,0.1875,2],"texture":"#0"},"down":{"uv":[0,1.75,0.1875,2],"texture":"#0"}}},{"from":[8.1,1.5,2],"to":[8.1,20,15],"rotation":{"angle":0,"axis":"y","origin":[8,-6.81499,8]},"faces":{"north":{"uv":[6,9,3,7],"texture":"#missing"},"east":{"uv":[9.8125,2.3125,11.4375,0],"texture":"#0"},"south":{"uv":[6,9,3,7],"texture":"#missing"},"west":{"uv":[11.4375,2.3125,9.8125,0],"texture":"#0"},"up":{"uv":[8,6.85,5,4.15],"rotation":270,"texture":"#missing"},"down":{"uv":[8,6.85,5,4.15],"rotation":90,"texture":"#missing"}}},{"from":[8,5,0],"to":[8,12,6],"rotation":{"angle":-45,"axis":"x","origin":[8,21.5,4]},"faces":{"north":{"uv":[0,0,0,10],"texture":"#3"},"east":{"uv":[12,14,0,0],"texture":"#3"},"south":{"uv":[0,0,0,10],"texture":"#3"},"west":{"uv":[0,14,12,0],"texture":"#3"},"up":{"uv":[0,10,0,0],"texture":"#3"},"down":{"uv":[0,0,0,10],"texture":"#3"}}},{"from":[8,8,16],"to":[8,15,22],"rotation":{"angle":-45,"axis":"x","origin":[8,-5.5,4]},"faces":{"north":{"uv":[0,10,0,0],"texture":"#3"},"east":{"uv":[12,0,0,14],"texture":"#3"},"south":{"uv":[0,10,0,0],"texture":"#3"},"west":{"uv":[0,0,12,14],"texture":"#3"},"up":{"uv":[0,10,0,0],"texture":"#3"},"down":{"uv":[0,0,0,10],"texture":"#3"}}}],"gui_light":"front","display":{"thirdperson_righthand":{"translation":[0,9.5,1.75],"scale":[0.7,0.7,0.7]},"thirdperson_lefthand":{"translation":[0,9.5,1.75],"scale":[0.7,0.7,0.7]},"firstperson_righthand":{"rotation":[5,0,0],"translation":[4,6,0],"scale":[0.35313,0.35313,0.35313]},"firstperson_lefthand":{"rotation":[5,0,0],"translation":[4,6,0],"scale":[0.35313,0.35313,0.35313]},"ground":{"rotation":[-45,0,0],"translation":[0,9,0],"scale":[0.45,0.45,0.45]},"gui":{"rotation":[-90,-45,-90],"translation":[2.25,1.75,-1.5],"scale":[0.52734,0.52734,0.52734]},"head":{"scale":[0,0,0]},"fixed":{"rotation":[0,-90,0],"translation":[0.5,12.75,-3],"scale":[1.6,1.6,1.6]}}}