{"credit":"MadewithBlockbench","texture_size":[128,128],"textures":{"0":"elitecreatures:skeleton_overlord_animated_weapon_set/skeletonoverlord_texture_01","1":"elitecreatures:skeleton_overlord_animated_weapon_set/skeletonoverlord_animation_01","2":"elitecreatures:skeleton_overlord_animated_weapon_set/skeletonoverlord_animation_02","3":"elitecreatures:skeleton_overlord_animated_weapon_set/skeletonoverlord_animation_03","4":"elitecreatures:skeleton_overlord_animated_weapon_set/skeletonoverlord_animation_04","particle":"elitecreatures:skeleton_overlord_animated_weapon_set/skeletonoverlord_texture_01"},"elements":[{"from":[7.25,-12,7.25],"to":[8.75,-5,8.75],"rotation":{"angle":0,"axis":"y","origin":[8,5.81499,8]},"faces":{"north":{"uv":[1.25,0,1.4375,0.875],"texture":"#0"},"east":{"uv":[1.25,0,1.4375,0.875],"texture":"#0"},"south":{"uv":[1.25,0,1.4375,0.875],"texture":"#0"},"west":{"uv":[1.25,0,1.4375,0.875],"texture":"#0"},"up":{"uv":[1.25,0.6875,1.4375,0.875],"texture":"#0"},"down":{"uv":[1.25,0.6875,1.4375,0.875],"texture":"#0"}}},{"from":[7.25,-5,7.25],"to":[8.75,1,8.75],"rotation":{"angle":0,"axis":"y","origin":[8,5.81499,8]},"faces":{"north":{"uv":[1.25,0,1.4375,0.75],"texture":"#0"},"east":{"uv":[1.25,0,1.4375,0.75],"texture":"#0"},"south":{"uv":[1.25,0,1.4375,0.75],"texture":"#0"},"west":{"uv":[1.25,0,1.4375,0.75],"texture":"#0"},"up":{"uv":[1.25,0.6875,1.4375,0.875],"texture":"#0"},"down":{"uv":[1.25,0.6875,1.4375,0.875],"texture":"#0"}}},{"from":[7.5,-14,8],"to":[8.5,-12.5,10],"rotation":{"angle":22.5,"axis":"x","origin":[8,-13.975,9.575]},"faces":{"north":{"uv":[0.5,1.4375,0.625,1.625],"texture":"#0"},"east":{"uv":[0.875,1.375,0.625,1.5625],"texture":"#0"},"south":{"uv":[0.5,1.4375,0.625,1.625],"texture":"#0"},"west":{"uv":[0.625,1.375,0.875,1.5625],"texture":"#0"},"up":{"uv":[0.875,1.375,1.125,1.5],"rotation":90,"texture":"#0"},"down":{"uv":[0.875,1.375,1.125,1.5],"rotation":90,"texture":"#0"}}},{"from":[7.6,-14.88188,9.52574],"to":[8.4,-13.38188,10.52574],"rotation":{"angle":-22.5,"axis":"x","origin":[8,-13.975,9.575]},"faces":{"north":{"uv":[1.25,1,1.4375,1.1],"rotation":270,"texture":"#0"},"east":{"uv":[1.4375,0.875,1.25,1],"rotation":270,"texture":"#0"},"south":{"uv":[1.25,1,1.4375,1.1],"rotation":90,"texture":"#0"},"west":{"uv":[1.25,0.875,1.4375,1],"rotation":90,"texture":"#0"},"up":{"uv":[1.2125,1.125,1.3125,1.25],"rotation":180,"texture":"#0"},"down":{"uv":[1.2125,1.125,1.3125,1.25],"texture":"#0"}}},{"from":[7.75,-15.2,9.9],"to":[8.25,-14.2,10.4],"rotation":{"angle":22.5,"axis":"x","origin":[8,-13.975,9.575]},"faces":{"north":{"uv":[1.125,1.25,1.25,1.3125],"rotation":90,"texture":"#0"},"east":{"uv":[1.125,1.25,1.25,1.3125],"rotation":90,"texture":"#0"},"south":{"uv":[1.125,1.25,1.25,1.3125],"rotation":90,"texture":"#0"},"west":{"uv":[1.125,1.25,1.25,1.3125],"rotation":90,"texture":"#0"},"up":{"uv":[1.25,1.25,1.3125,1.3125],"texture":"#0"},"down":{"uv":[1.25,1.25,1.3125,1.3125],"texture":"#0"}}},{"from":[7.6,-13.47574,9.68188],"to":[8.4,-12.47574,11.18188],"rotation":{"angle":-22.5,"axis":"x","origin":[8,-12.525,10.275]},"faces":{"north":{"uv":[1.2125,1.25,1.3125,1.125],"texture":"#0"},"east":{"uv":[1.25,0.875,1.4375,1],"rotation":180,"texture":"#0"},"south":{"uv":[1.2125,1.25,1.3125,1.125],"texture":"#0"},"west":{"uv":[1.4375,0.875,1.25,1],"rotation":180,"texture":"#0"},"up":{"uv":[1.25,1,1.4375,1.1],"rotation":90,"texture":"#0"},"down":{"uv":[1.4375,1,1.25,1.1],"rotation":90,"texture":"#0"}}},{"from":[7.75,-12.3,10.6],"to":[8.25,-11.3,11.1],"rotation":{"angle":22.5,"axis":"x","origin":[8,-12.525,10.275]},"faces":{"north":{"uv":[1.25,1.25,1.125,1.3125],"rotation":90,"texture":"#0"},"east":{"uv":[1.25,1.25,1.125,1.3125],"rotation":90,"texture":"#0"},"south":{"uv":[1.25,1.25,1.125,1.3125],"rotation":90,"texture":"#0"},"west":{"uv":[1.25,1.25,1.125,1.3125],"rotation":90,"texture":"#0"},"up":{"uv":[1.25,1.3125,1.3125,1.25],"texture":"#0"},"down":{"uv":[1.25,1.3125,1.3125,1.25],"texture":"#0"}}},{"from":[7.75,-12.3,4.9],"to":[8.25,-11.3,5.4],"rotation":{"angle":-22.5,"axis":"x","origin":[8,-12.525,5.725]},"faces":{"north":{"uv":[1.25,1.3125,1.125,1.25],"rotation":90,"texture":"#0"},"east":{"uv":[1.25,1.3125,1.125,1.25],"rotation":90,"texture":"#0"},"south":{"uv":[1.25,1.3125,1.125,1.25],"rotation":90,"texture":"#0"},"west":{"uv":[1.25,1.3125,1.125,1.25],"rotation":90,"texture":"#0"},"up":{"uv":[1.25,1.25,1.3125,1.3125],"texture":"#0"},"down":{"uv":[1.25,1.25,1.3125,1.3125],"texture":"#0"}}},{"from":[7.6,-13.47574,4.81812],"to":[8.4,-12.47574,6.31812],"rotation":{"angle":22.5,"axis":"x","origin":[8,-12.525,5.725]},"faces":{"north":{"uv":[1.3125,1.25,1.2125,1.125],"texture":"#0"},"east":{"uv":[1.4375,0.875,1.25,1],"rotation":180,"texture":"#0"},"south":{"uv":[1.3125,1.25,1.2125,1.125],"texture":"#0"},"west":{"uv":[1.25,0.875,1.4375,1],"rotation":180,"texture":"#0"},"up":{"uv":[1.4375,1,1.25,1.1],"rotation":90,"texture":"#0"},"down":{"uv":[1.25,1,1.4375,1.1],"rotation":90,"texture":"#0"}}},{"from":[7.5,-14,6],"to":[8.5,-12.5,8],"rotation":{"angle":-22.5,"axis":"x","origin":[8,-13.975,6.425]},"faces":{"north":{"uv":[0.625,1.4375,0.5,1.625],"texture":"#0"},"east":{"uv":[0.625,1.375,0.875,1.5625],"texture":"#0"},"south":{"uv":[0.625,1.4375,0.5,1.625],"texture":"#0"},"west":{"uv":[0.875,1.375,0.625,1.5625],"texture":"#0"},"up":{"uv":[1.125,1.375,0.875,1.5],"rotation":90,"texture":"#0"},"down":{"uv":[1.125,1.375,0.875,1.5],"rotation":90,"texture":"#0"}}},{"from":[7.6,-14.88188,5.47426],"to":[8.4,-13.38188,6.47426],"rotation":{"angle":22.5,"axis":"x","origin":[8,-13.975,6.425]},"faces":{"north":{"uv":[1.25,1.1,1.4375,1],"rotation":90,"texture":"#0"},"east":{"uv":[1.4375,1,1.25,0.875],"rotation":270,"texture":"#0"},"south":{"uv":[1.25,1.1,1.4375,1],"rotation":270,"texture":"#0"},"west":{"uv":[1.25,1,1.4375,0.875],"rotation":90,"texture":"#0"},"up":{"uv":[1.2125,1.25,1.3125,1.125],"rotation":180,"texture":"#0"},"down":{"uv":[1.2125,1.25,1.3125,1.125],"texture":"#0"}}},{"from":[7.75,-15.2,5.6],"to":[8.25,-14.2,6.1],"rotation":{"angle":-22.5,"axis":"x","origin":[8,-13.975,6.425]},"faces":{"north":{"uv":[1.125,1.3125,1.25,1.25],"rotation":90,"texture":"#0"},"east":{"uv":[1.125,1.3125,1.25,1.25],"rotation":90,"texture":"#0"},"south":{"uv":[1.125,1.3125,1.25,1.25],"rotation":90,"texture":"#0"},"west":{"uv":[1.125,1.3125,1.25,1.25],"rotation":90,"texture":"#0"},"up":{"uv":[1.25,1.3125,1.3125,1.25],"texture":"#0"},"down":{"uv":[1.25,1.3125,1.3125,1.25],"texture":"#0"}}},{"from":[6,9.5,5.25],"to":[10,13.5,10.75],"rotation":{"angle":0,"axis":"y","origin":[8,5.18501,8]},"faces":{"north":{"uv":[2.375,0,2.875,0.5],"texture":"#0"},"east":{"uv":[1.6875,0,2.375,0.5],"texture":"#0"},"south":{"uv":[2.375,0,2.875,0.5],"texture":"#0"},"west":{"uv":[1.6875,0,2.375,0.5],"texture":"#0"},"up":{"uv":[1.6875,0.5,2.1875,1.1875],"texture":"#0"},"down":{"uv":[1.6875,0.5,2.1875,1.1875],"texture":"#0"}}},{"from":[5.9,10.5,5.25],"to":[5.9,12.5,10.75],"rotation":{"angle":0,"axis":"y","origin":[8,5.18501,8]},"faces":{"north":{"uv":[0,0,0,4],"texture":"#2"},"south":{"uv":[0,0,0,4],"texture":"#2"},"west":{"uv":[0,0,11,4],"texture":"#2"},"up":{"uv":[0,11,0,0],"texture":"#2"},"down":{"uv":[0,0,0,11],"texture":"#2"}}},{"from":[10.1,10.5,5.25],"to":[10.1,12.5,10.75],"rotation":{"angle":0,"axis":"y","origin":[8,5.18501,8]},"faces":{"north":{"uv":[0,0,0,4],"texture":"#2"},"east":{"uv":[11,0,0,4],"texture":"#2"},"south":{"uv":[0,0,0,4],"texture":"#2"},"up":{"uv":[0,11,0,0],"texture":"#2"},"down":{"uv":[0,0,0,11],"texture":"#2"}}},{"from":[9,13,5.5],"to":[9,17,10.5],"rotation":{"angle":0,"axis":"y","origin":[8,5.18501,8]},"faces":{"north":{"uv":[2.875,0.75,2.5625,0.5],"texture":"#0"},"east":{"uv":[16,4.3125,15.375,3.8125],"texture":"#0"},"south":{"uv":[2.875,0.75,2.5625,0.5],"texture":"#0"},"west":{"uv":[16,4.3125,15.375,3.8125],"texture":"#0"},"up":{"uv":[2.5625,0.8125,2.1875,0.5],"rotation":270,"texture":"#0"},"down":{"uv":[2.5625,0.8125,2.1875,0.5],"rotation":270,"texture":"#0"}}},{"from":[7,13,5.5],"to":[7,17,10.5],"rotation":{"angle":0,"axis":"y","origin":[8,5.18501,8]},"faces":{"north":{"uv":[2.5625,0.75,2.875,0.5],"texture":"#0"},"east":{"uv":[15.375,4.3125,16,3.8125],"texture":"#0"},"south":{"uv":[2.5625,0.75,2.875,0.5],"texture":"#0"},"west":{"uv":[15.375,4.3125,16,3.8125],"texture":"#0"},"up":{"uv":[2.5625,0.5,2.1875,0.8125],"rotation":270,"texture":"#0"},"down":{"uv":[2.5625,0.5,2.1875,0.8125],"rotation":270,"texture":"#0"}}},{"from":[7.5,12.66415,9.08048],"to":[8.5,14.16415,11.08048],"rotation":{"angle":-22.5,"axis":"x","origin":[8,14.03431,10.91032]},"faces":{"north":{"uv":[1.5,1.3125,1.375,1.5],"texture":"#0"},"east":{"uv":[1.375,1.3125,1.125,1.5],"texture":"#0"},"south":{"uv":[1.5,1.3125,1.375,1.5],"rotation":180,"texture":"#0"},"west":{"uv":[1.375,1.3125,1.125,1.5],"rotation":180,"texture":"#0"},"up":{"uv":[1.5625,1.1875,1.3125,1.3125],"rotation":270,"texture":"#0"},"down":{"uv":[1.5625,1.1875,1.3125,1.3125],"rotation":90,"texture":"#0"}}},{"from":[7.6,13.4,10.7],"to":[8.4,14.9,11.7],"rotation":{"angle":22.5,"axis":"x","origin":[8,14.03431,10.91032]},"faces":{"north":{"uv":[1.5,1.5375,1.6875,1.4375],"rotation":270,"texture":"#0"},"east":{"uv":[1.5,1.4375,1.6875,1.3125],"rotation":270,"texture":"#0"},"south":{"uv":[1.5,1.5375,1.6875,1.4375],"rotation":270,"texture":"#0"},"west":{"uv":[1.5,1.4375,1.6875,1.3125],"rotation":270,"texture":"#0"},"up":{"uv":[1.5875,1.3125,1.6875,1.1875],"texture":"#0"},"down":{"uv":[1.5875,1.3125,1.6875,1.1875],"texture":"#0"}}},{"from":[7.75,14.46415,11.18048],"to":[8.25,15.46415,11.68048],"rotation":{"angle":-22.5,"axis":"x","origin":[8,14.03431,10.91032]},"faces":{"north":{"uv":[1.375,1.5625,1.5,1.5],"rotation":90,"texture":"#0"},"east":{"uv":[1.375,1.5625,1.5,1.5],"rotation":90,"texture":"#0"},"south":{"uv":[1.375,1.5625,1.5,1.5],"rotation":270,"texture":"#0"},"west":{"uv":[1.375,1.5625,1.5,1.5],"rotation":270,"texture":"#0"},"up":{"uv":[1.3,1.5625,1.3625,1.5],"texture":"#0"},"down":{"uv":[1.3,1.5625,1.3625,1.5],"rotation":180,"texture":"#0"}}},{"from":[7.75,14.46415,4.31952],"to":[8.25,15.46415,4.81952],"rotation":{"angle":22.5,"axis":"x","origin":[8,14.03431,5.08968]},"faces":{"north":{"uv":[1.5,1.5625,1.375,1.5],"rotation":90,"texture":"#0"},"east":{"uv":[1.5,1.5625,1.375,1.5],"rotation":270,"texture":"#0"},"south":{"uv":[1.5,1.5625,1.375,1.5],"rotation":270,"texture":"#0"},"west":{"uv":[1.5,1.5625,1.375,1.5],"rotation":90,"texture":"#0"},"up":{"uv":[1.3625,1.5625,1.3,1.5],"rotation":180,"texture":"#0"},"down":{"uv":[1.3625,1.5625,1.3,1.5],"texture":"#0"}}},{"from":[7.6,13.4,4.3],"to":[8.4,14.9,5.3],"rotation":{"angle":-22.5,"axis":"x","origin":[8,14.03431,5.08968]},"faces":{"north":{"uv":[1.5,1.4375,1.6875,1.5375],"rotation":270,"texture":"#0"},"east":{"uv":[1.5,1.3125,1.6875,1.4375],"rotation":270,"texture":"#0"},"south":{"uv":[1.5,1.4375,1.6875,1.5375],"rotation":270,"texture":"#0"},"west":{"uv":[1.5,1.3125,1.6875,1.4375],"rotation":270,"texture":"#0"},"up":{"uv":[1.5875,1.1875,1.6875,1.3125],"texture":"#0"},"down":{"uv":[1.5875,1.1875,1.6875,1.3125],"texture":"#0"}}},{"from":[7.5,12.66415,4.91952],"to":[8.5,14.16415,6.91952],"rotation":{"angle":22.5,"axis":"x","origin":[8,14.03431,5.08968]},"faces":{"north":{"uv":[1.5,1.5,1.375,1.3125],"texture":"#0"},"east":{"uv":[1.375,1.5,1.125,1.3125],"rotation":180,"texture":"#0"},"south":{"uv":[1.5,1.5,1.375,1.3125],"rotation":180,"texture":"#0"},"west":{"uv":[1.375,1.5,1.125,1.3125],"texture":"#0"},"up":{"uv":[1.5625,1.3125,1.3125,1.1875],"rotation":90,"texture":"#0"},"down":{"uv":[1.5625,1.3125,1.3125,1.1875],"rotation":270,"texture":"#0"}}},{"from":[6.6,5.1,6.5],"to":[9.6,8.1,9.5],"rotation":{"angle":0,"axis":"y","origin":[8,5.18501,8]},"faces":{"north":{"uv":[2.4375,1.5625,2.0625,1.1875],"texture":"#0"},"east":{"uv":[2.0625,1.5625,1.6875,1.1875],"texture":"#0"},"south":{"uv":[2.4375,1.5625,2.0625,1.1875],"texture":"#0"},"west":{"uv":[2.0625,1.5625,1.6875,1.1875],"texture":"#0"},"up":{"uv":[2.4375,1.5625,2.8125,1.1875],"rotation":90,"texture":"#0"},"down":{"uv":[2.4375,1.5625,2.8125,1.1875],"rotation":90,"texture":"#0"}}},{"from":[11.4,5,4.7],"to":[11.4,14,9.7],"rotation":{"angle":-22.5,"axis":"z","origin":[16,12,0]},"faces":{"north":{"uv":[0,0,0,9],"texture":"#1"},"east":{"uv":[5,0,0,9],"texture":"#1"},"south":{"uv":[0,0,0,9],"texture":"#1"},"west":{"uv":[0,0,5,9],"texture":"#1"},"up":{"uv":[0,5,0,0],"texture":"#1"},"down":{"uv":[0,0,0,5],"texture":"#1"}}},{"from":[4.6,5,4.7],"to":[4.6,14,9.7],"rotation":{"angle":22.5,"axis":"z","origin":[0,12,0]},"faces":{"north":{"uv":[0,0,0,9],"texture":"#1"},"east":{"uv":[5,0,0,9],"texture":"#1"},"south":{"uv":[0,0,0,9],"texture":"#1"},"west":{"uv":[0,0,5,9],"texture":"#1"},"up":{"uv":[0,5,0,0],"texture":"#1"},"down":{"uv":[0,0,0,5],"texture":"#1"}}},{"from":[8,19,13],"to":[8,24,17],"rotation":{"angle":0,"axis":"y","origin":[0,0,16]},"faces":{"north":{"uv":[0,0,0,8],"texture":"#4"},"east":{"uv":[0,0,8,10],"texture":"#4"},"south":{"uv":[0,0,0,8],"texture":"#4"},"west":{"uv":[8,0,0,10],"texture":"#4"},"up":{"uv":[0,0,0,8],"texture":"#4"},"down":{"uv":[0,8,0,0],"texture":"#4"}}},{"from":[8,7.5,-10.5],"to":[8,13.5,-3.5],"rotation":{"angle":-22.5,"axis":"x","origin":[8,21.5,3]},"faces":{"north":{"uv":[0,0,0,10],"rotation":180,"texture":"#3"},"east":{"uv":[0,14,12,0],"rotation":270,"texture":"#3"},"south":{"uv":[0,10,0,0],"texture":"#3"},"west":{"uv":[12,14,0,0],"rotation":90,"texture":"#3"},"up":{"uv":[0,10,0,0],"rotation":180,"texture":"#3"},"down":{"uv":[0,10,0,0],"texture":"#3"}}},{"from":[8,3.4,13],"to":[8,6.4,16],"rotation":{"angle":0,"axis":"y","origin":[0,2,16.4]},"faces":{"north":{"uv":[0,0,0,0.375],"texture":"#missing"},"east":{"uv":[14.125,2.5625,13.75,2.9375],"texture":"#0"},"south":{"uv":[0,0,0,0.375],"texture":"#missing"},"west":{"uv":[14.125,2.5625,13.75,2.9375],"texture":"#0"},"up":{"uv":[0,0.375,0,0],"texture":"#missing"},"down":{"uv":[0,0.375,0,0],"texture":"#missing"}}},{"from":[7.5,6.93214,13.83155],"to":[8.5,8.93214,15.33155],"rotation":{"angle":0,"axis":"y","origin":[8,11.23214,15.18155]},"faces":{"north":{"uv":[0.375,1.75,0.625,1.875],"rotation":90,"texture":"#0"},"east":{"uv":[0,1.75,0.1875,2],"texture":"#0"},"south":{"uv":[0.375,1.75,0.625,1.875],"rotation":90,"texture":"#0"},"west":{"uv":[0,1.75,0.1875,2],"rotation":180,"texture":"#0"},"up":{"uv":[0.25,1.625,0.4375,1.75],"rotation":90,"texture":"#0"},"down":{"uv":[0.25,1.625,0.4375,1.75],"rotation":90,"texture":"#0"}}},{"from":[7.25,5.6,14.08155],"to":[8.75,7.6,15.08155],"rotation":{"angle":0,"axis":"y","origin":[8,8.53214,13.88155]},"faces":{"north":{"uv":[0.1875,1.75,0.375,2],"rotation":180,"texture":"#0"},"east":{"uv":[0.4375,1.625,0.6875,1.75],"rotation":270,"texture":"#0"},"south":{"uv":[0.1875,1.75,0.375,2],"rotation":180,"texture":"#0"},"west":{"uv":[0.4375,1.625,0.6875,1.75],"rotation":270,"texture":"#0"},"up":{"uv":[0.25,1.625,0.4375,1.75],"rotation":180,"texture":"#0"},"down":{"uv":[0.6875,1.625,0.875,1.75],"rotation":180,"texture":"#0"}}},{"from":[7.25,8.3,14.08155],"to":[8.75,10.3,15.08155],"rotation":{"angle":0,"axis":"y","origin":[8,8.53214,13.88155]},"faces":{"north":{"uv":[0,1.75,0.1875,2],"texture":"#0"},"east":{"uv":[0.375,1.75,0.625,1.875],"rotation":270,"texture":"#0"},"south":{"uv":[0,1.75,0.1875,2],"rotation":180,"texture":"#0"},"west":{"uv":[0.375,1.75,0.625,1.875],"rotation":270,"texture":"#0"},"up":{"uv":[0.25,1.625,0.4375,1.75],"texture":"#0"},"down":{"uv":[0.25,1.625,0.4375,1.75],"rotation":180,"texture":"#0"}}},{"from":[7.5,9.93214,13.33155],"to":[8.5,11.93214,14.83155],"rotation":{"angle":-22.5,"axis":"x","origin":[8,11.23214,15.18155]},"faces":{"north":{"uv":[0,1.625,0.25,1.75],"rotation":270,"texture":"#0"},"east":{"uv":[0,1.75,0.1875,2],"texture":"#0"},"south":{"uv":[0,1.625,0.25,1.75],"rotation":90,"texture":"#0"},"west":{"uv":[0,1.75,0.1875,2],"rotation":180,"texture":"#0"},"up":{"uv":[0.25,1.625,0.4375,1.75],"rotation":90,"texture":"#0"},"down":{"uv":[0.25,1.625,0.4375,1.75],"rotation":90,"texture":"#0"}}},{"from":[7.25,10,10.91029],"to":[8.75,11,12.91029],"rotation":{"angle":45,"axis":"x","origin":[8,9.09865,14.04379]},"faces":{"north":{"uv":[0.25,1.625,0.4375,1.75],"texture":"#0"},"east":{"uv":[0,1.625,0.25,1.75],"texture":"#0"},"south":{"uv":[0.25,1.625,0.4375,1.75],"texture":"#0"},"west":{"uv":[0,1.625,0.25,1.75],"texture":"#0"},"up":{"uv":[0,1.75,0.1875,2],"texture":"#0"},"down":{"uv":[0,1.75,0.1875,2],"texture":"#0"}}},{"from":[7.25,8,4.08971],"to":[8.75,9,6.08971],"rotation":{"angle":-45,"axis":"x","origin":[8,7.09865,2.95621]},"faces":{"north":{"uv":[0.4375,1.625,0.25,1.75],"texture":"#0"},"east":{"uv":[0.25,1.625,0,1.75],"texture":"#0"},"south":{"uv":[0.4375,1.625,0.25,1.75],"texture":"#0"},"west":{"uv":[0.25,1.625,0,1.75],"texture":"#0"},"up":{"uv":[0,2,0.1875,1.75],"texture":"#0"},"down":{"uv":[0,2,0.1875,1.75],"texture":"#0"}}},{"from":[7.5,7.93214,2.16845],"to":[8.5,9.93214,3.66845],"rotation":{"angle":22.5,"axis":"x","origin":[8,9.23214,1.81845]},"faces":{"north":{"uv":[0,1.75,0.25,1.625],"rotation":90,"texture":"#0"},"east":{"uv":[0.1875,1.75,0,2],"texture":"#0"},"south":{"uv":[0,1.75,0.25,1.625],"rotation":270,"texture":"#0"},"west":{"uv":[0.1875,1.75,0,2],"rotation":180,"texture":"#0"},"up":{"uv":[0.4375,1.625,0.25,1.75],"rotation":90,"texture":"#0"},"down":{"uv":[0.4375,1.625,0.25,1.75],"rotation":90,"texture":"#0"}}},{"from":[7.25,6.3,1.91845],"to":[8.75,8.3,2.91845],"rotation":{"angle":0,"axis":"y","origin":[8,6.53214,3.11845]},"faces":{"north":{"uv":[0.1875,1.75,0,2],"rotation":180,"texture":"#0"},"east":{"uv":[0.375,1.875,0.625,1.75],"rotation":270,"texture":"#0"},"south":{"uv":[0.1875,1.75,0,2],"texture":"#0"},"west":{"uv":[0.375,1.875,0.625,1.75],"rotation":270,"texture":"#0"},"up":{"uv":[0.25,1.75,0.4375,1.625],"texture":"#0"},"down":{"uv":[0.25,1.75,0.4375,1.625],"rotation":180,"texture":"#0"}}},{"from":[7.5,4.93214,1.66845],"to":[8.5,6.93214,3.16845],"rotation":{"angle":0,"axis":"y","origin":[8,9.23214,1.81845]},"faces":{"north":{"uv":[0.375,1.875,0.625,1.75],"rotation":90,"texture":"#0"},"east":{"uv":[0.1875,1.75,0,2],"texture":"#0"},"south":{"uv":[0.375,1.875,0.625,1.75],"rotation":90,"texture":"#0"},"west":{"uv":[0.1875,1.75,0,2],"rotation":180,"texture":"#0"},"up":{"uv":[0.4375,1.625,0.25,1.75],"rotation":90,"texture":"#0"},"down":{"uv":[0.4375,1.625,0.25,1.75],"rotation":90,"texture":"#0"}}},{"from":[7.25,3.6,1.91845],"to":[8.75,5.6,2.91845],"rotation":{"angle":0,"axis":"y","origin":[8,6.53214,3.11845]},"faces":{"north":{"uv":[0.375,1.75,0.1875,2],"rotation":180,"texture":"#0"},"east":{"uv":[0.4375,1.75,0.6875,1.625],"rotation":270,"texture":"#0"},"south":{"uv":[0.375,1.75,0.1875,2],"rotation":180,"texture":"#0"},"west":{"uv":[0.4375,1.75,0.6875,1.625],"rotation":270,"texture":"#0"},"up":{"uv":[0.25,1.75,0.4375,1.625],"rotation":180,"texture":"#0"},"down":{"uv":[0.6875,1.75,0.875,1.625],"rotation":180,"texture":"#0"}}},{"from":[8,1.4,1],"to":[8,4.4,4],"rotation":{"angle":0,"axis":"y","origin":[0,0,0.6]},"faces":{"north":{"uv":[0,0,0,0.375],"texture":"#missing"},"east":{"uv":[13.75,2.5625,14.125,2.9375],"texture":"#0"},"south":{"uv":[0,0,0,0.375],"texture":"#missing"},"west":{"uv":[13.75,2.5625,14.125,2.9375],"texture":"#0"},"up":{"uv":[0,0,0,0.375],"texture":"#missing"},"down":{"uv":[0,0,0,0.375],"texture":"#missing"}}},{"from":[8,20,-10.3],"to":[8,29,-5.3],"rotation":{"angle":22.5,"axis":"x","origin":[0,12,0]},"faces":{"north":{"uv":[0,0,0,9],"texture":"#1"},"east":{"uv":[5,0,0,9],"texture":"#1"},"south":{"uv":[0,0,0,9],"texture":"#1"},"west":{"uv":[0,0,5,9],"texture":"#1"},"up":{"uv":[0,5,0,0],"texture":"#1"},"down":{"uv":[0,0,0,5],"texture":"#1"}}},{"from":[7.1,8,5.75],"to":[9.1,10,10.25],"rotation":{"angle":0,"axis":"y","origin":[8,5.18501,8]},"faces":{"north":{"uv":[3.6875,0.25,3.4375,0],"texture":"#0"},"east":{"uv":[3.4375,0.25,2.875,0],"texture":"#0"},"south":{"uv":[3.6875,0.25,3.4375,0],"texture":"#0"},"west":{"uv":[3.4375,0.25,2.875,0],"texture":"#0"},"up":{"uv":[2.875,0.5,3.4375,0.25],"rotation":90,"texture":"#0"},"down":{"uv":[2.875,0.5,3.4375,0.25],"rotation":90,"texture":"#0"}}},{"from":[7,8.71104,4.96541],"to":[9,10.21104,6.96541],"rotation":{"angle":0,"axis":"y","origin":[8,8.53564,4.78664]},"faces":{"north":{"uv":[1.25,1.125,1,0.9375],"texture":"#0"},"east":{"uv":[1,1.0625,0.75,0.875],"texture":"#0"},"south":{"uv":[1.25,1.125,1,0.9375],"texture":"#0"},"west":{"uv":[1,1.0625,0.75,0.875],"texture":"#0"},"up":{"uv":[1,0.6875,1.25,0.9375],"rotation":90,"texture":"#0"},"down":{"uv":[1,0.6875,1.25,0.9375],"rotation":90,"texture":"#0"}}},{"from":[7.25,8.40065,3.70775],"to":[8.75,9.90065,5.20775],"rotation":{"angle":45,"axis":"x","origin":[8,8.53564,4.78664]},"faces":{"north":{"uv":[0.375,1.5,0.1875,1.3125],"rotation":270,"texture":"#0"},"east":{"uv":[1,1.0625,0.8125,1.25],"rotation":270,"texture":"#0"},"south":{"uv":[0.375,1.5,0.1875,1.3125],"rotation":270,"texture":"#0"},"west":{"uv":[1,1.25,0.8125,1.0625],"rotation":270,"texture":"#0"},"up":{"uv":[0.625,1.1875,0.8125,1.375],"texture":"#0"},"down":{"uv":[0.625,1.1875,0.8125,1.375],"texture":"#0"}}},{"from":[7.5,6.90065,3.85775],"to":[8.5,8.40065,4.85775],"rotation":{"angle":45,"axis":"x","origin":[8,8.53564,4.78664]},"faces":{"north":{"uv":[1.1875,1.25,1,1.125],"rotation":270,"texture":"#0"},"east":{"uv":[1,1.25,0.8125,1.375],"rotation":270,"texture":"#0"},"south":{"uv":[1.1875,1.25,1,1.125],"rotation":270,"texture":"#0"},"west":{"uv":[1,1.375,0.8125,1.25],"rotation":270,"texture":"#0"},"up":{"uv":[1,1.25,1.125,1.375],"texture":"#0"},"down":{"uv":[1,1.25,1.125,1.375],"texture":"#0"}}},{"from":[7.6,7,4.8],"to":[8.4,7.5,5.8],"rotation":{"angle":45,"axis":"x","origin":[8,8.53564,4.78664]},"faces":{"north":{"uv":[0.25,1.5,0.1875,1.625],"rotation":270,"texture":"#0"},"east":{"uv":[0,1.625,0.0625,1.5],"rotation":270,"texture":"#0"},"south":{"uv":[0.25,1.5,0.1875,1.625],"rotation":270,"texture":"#0"},"west":{"uv":[0.0625,1.625,0,1.5],"rotation":270,"texture":"#0"},"up":{"uv":[0.0625,1.625,0.1875,1.5],"rotation":180,"texture":"#0"},"down":{"uv":[0.0625,1.5,0.1875,1.625],"rotation":180,"texture":"#0"}}},{"from":[7.65,7.02699,3.8542],"to":[8.35,7.52699,4.8542],"rotation":{"angle":-22.5,"axis":"x","origin":[8,8.53564,4.78664]},"faces":{"north":{"uv":[0.5,1.5,0.4125,1.5625],"texture":"#0"},"east":{"uv":[0.375,1.5,0.5,1.4375],"rotation":180,"texture":"#0"},"south":{"uv":[0.5,1.5,0.4125,1.5625],"texture":"#0"},"west":{"uv":[0.375,1.5,0.5,1.4375],"rotation":180,"texture":"#0"},"up":{"uv":[0.25,1.5875,0.375,1.5],"rotation":90,"texture":"#0"},"down":{"uv":[0.25,1.5875,0.375,1.5],"rotation":90,"texture":"#0"}}},{"from":[7,8.71104,9.03459],"to":[9,10.21104,11.03459],"rotation":{"angle":0,"axis":"y","origin":[8,8.53564,11.21336]},"faces":{"north":{"uv":[1,1.125,1.25,0.9375],"texture":"#0"},"east":{"uv":[0.75,1.0625,1,0.875],"texture":"#0"},"south":{"uv":[1,1.125,1.25,0.9375],"texture":"#0"},"west":{"uv":[0.75,1.0625,1,0.875],"texture":"#0"},"up":{"uv":[1.25,0.6875,1,0.9375],"rotation":90,"texture":"#0"},"down":{"uv":[1.25,0.6875,1,0.9375],"rotation":90,"texture":"#0"}}},{"from":[7.25,8.40065,10.79225],"to":[8.75,9.90065,12.29225],"rotation":{"angle":-45,"axis":"x","origin":[8,8.53564,11.21336]},"faces":{"north":{"uv":[0.375,1.3125,0.1875,1.5],"rotation":270,"texture":"#0"},"east":{"uv":[1,1.25,0.8125,1.0625],"rotation":270,"texture":"#0"},"south":{"uv":[0.375,1.3125,0.1875,1.5],"rotation":270,"texture":"#0"},"west":{"uv":[1,1.0625,0.8125,1.25],"rotation":270,"texture":"#0"},"up":{"uv":[0.625,1.375,0.8125,1.1875],"texture":"#0"},"down":{"uv":[0.625,1.375,0.8125,1.1875],"texture":"#0"}}},{"from":[7.5,6.90065,11.14225],"to":[8.5,8.40065,12.14225],"rotation":{"angle":-45,"axis":"x","origin":[8,8.53564,11.21336]},"faces":{"north":{"uv":[1.1875,1.125,1,1.25],"rotation":270,"texture":"#0"},"east":{"uv":[1,1.375,0.8125,1.25],"rotation":270,"texture":"#0"},"south":{"uv":[1.1875,1.125,1,1.25],"rotation":270,"texture":"#0"},"west":{"uv":[1,1.25,0.8125,1.375],"rotation":270,"texture":"#0"},"up":{"uv":[1,1.375,1.125,1.25],"texture":"#0"},"down":{"uv":[1,1.375,1.125,1.25],"texture":"#0"}}},{"from":[7.6,7,10.2],"to":[8.4,7.5,11.2],"rotation":{"angle":-45,"axis":"x","origin":[8,8.53564,11.21336]},"faces":{"north":{"uv":[0.25,1.625,0.1875,1.5],"rotation":270,"texture":"#0"},"east":{"uv":[0,1.5,0.0625,1.625],"rotation":270,"texture":"#0"},"south":{"uv":[0.25,1.625,0.1875,1.5],"rotation":270,"texture":"#0"},"west":{"uv":[0.0625,1.5,0,1.625],"rotation":270,"texture":"#0"},"up":{"uv":[0.0625,1.5,0.1875,1.625],"rotation":180,"texture":"#0"},"down":{"uv":[0.0625,1.625,0.1875,1.5],"rotation":180,"texture":"#0"}}},{"from":[7.65,7.02699,11.1458],"to":[8.35,7.52699,12.1458],"rotation":{"angle":22.5,"axis":"x","origin":[8,8.53564,11.21336]},"faces":{"north":{"uv":[0.4125,1.5,0.5,1.5625],"texture":"#0"},"east":{"uv":[0.5,1.5,0.375,1.4375],"rotation":180,"texture":"#0"},"south":{"uv":[0.4125,1.5,0.5,1.5625],"texture":"#0"},"west":{"uv":[0.5,1.5,0.375,1.4375],"rotation":180,"texture":"#0"},"up":{"uv":[0.375,1.5875,0.25,1.5],"rotation":90,"texture":"#0"},"down":{"uv":[0.375,1.5875,0.25,1.5],"rotation":90,"texture":"#0"}}},{"from":[6.75,-9.48922,-5.80421],"to":[9.25,-7.48922,-3.80421],"rotation":{"angle":-45,"axis":"x","origin":[8,4.31499,8]},"faces":{"north":{"uv":[1.6875,0.5,1.4375,0.25],"texture":"#0"},"east":{"uv":[1.6875,0,1.4375,0.25],"texture":"#0"},"south":{"uv":[1.6875,0.5,1.4375,0.75],"texture":"#0"},"west":{"uv":[1.6875,0,1.4375,0.25],"texture":"#0"},"up":{"uv":[1.6875,0.25,1.4375,0.5],"texture":"#0"},"down":{"uv":[1.6875,0.5,1.4375,0.75],"texture":"#0"}}},{"from":[6.75,8.48922,-5.80421],"to":[9.25,10.48922,-3.80421],"rotation":{"angle":45,"axis":"x","origin":[8,-3.31499,8]},"faces":{"north":{"uv":[1.6875,0.25,1.4375,0.5],"texture":"#0"},"east":{"uv":[1.6875,0.25,1.4375,0],"texture":"#0"},"south":{"uv":[1.6875,0.75,1.4375,0.5],"texture":"#0"},"west":{"uv":[1.6875,0.25,1.4375,0],"texture":"#0"},"up":{"uv":[1.6875,0.75,1.4375,0.5],"texture":"#0"},"down":{"uv":[1.6875,0.5,1.4375,0.25],"texture":"#0"}}},{"from":[7.5,13.8,8],"to":[8.5,15.3,10],"rotation":{"angle":-22.5,"axis":"x","origin":[8,15.275,9.575]},"faces":{"north":{"uv":[0.5,1.625,0.625,1.4375],"texture":"#0"},"east":{"uv":[0.875,1.5625,0.625,1.375],"texture":"#0"},"south":{"uv":[0.5,1.625,0.625,1.4375],"texture":"#0"},"west":{"uv":[0.625,1.5625,0.875,1.375],"texture":"#0"},"up":{"uv":[1.125,1.375,0.875,1.5],"rotation":90,"texture":"#0"},"down":{"uv":[1.125,1.375,0.875,1.5],"rotation":90,"texture":"#0"}}},{"from":[7.6,14.68188,9.52574],"to":[8.4,16.18188,10.52574],"rotation":{"angle":22.5,"axis":"x","origin":[8,15.275,9.575]},"faces":{"north":{"uv":[1.4375,1,1.25,1.1],"rotation":270,"texture":"#0"},"east":{"uv":[1.25,0.875,1.4375,1],"rotation":270,"texture":"#0"},"south":{"uv":[1.4375,1,1.25,1.1],"rotation":90,"texture":"#0"},"west":{"uv":[1.4375,0.875,1.25,1],"rotation":90,"texture":"#0"},"up":{"uv":[1.2125,1.25,1.3125,1.125],"texture":"#0"},"down":{"uv":[1.2125,1.25,1.3125,1.125],"rotation":180,"texture":"#0"}}},{"from":[7.75,15.5,9.9],"to":[8.25,16.5,10.4],"rotation":{"angle":-22.5,"axis":"x","origin":[8,15.275,9.575]},"faces":{"north":{"uv":[1.25,1.25,1.125,1.3125],"rotation":90,"texture":"#0"},"east":{"uv":[1.25,1.25,1.125,1.3125],"rotation":90,"texture":"#0"},"south":{"uv":[1.25,1.25,1.125,1.3125],"rotation":90,"texture":"#0"},"west":{"uv":[1.25,1.25,1.125,1.3125],"rotation":90,"texture":"#0"},"up":{"uv":[1.25,1.3125,1.3125,1.25],"texture":"#0"},"down":{"uv":[1.25,1.3125,1.3125,1.25],"texture":"#0"}}},{"from":[7.5,13.8,6],"to":[8.5,15.3,8],"rotation":{"angle":22.5,"axis":"x","origin":[8,15.275,6.425]},"faces":{"north":{"uv":[0.625,1.625,0.5,1.4375],"texture":"#0"},"east":{"uv":[0.625,1.5625,0.875,1.375],"texture":"#0"},"south":{"uv":[0.625,1.625,0.5,1.4375],"texture":"#0"},"west":{"uv":[0.875,1.5625,0.625,1.375],"texture":"#0"},"up":{"uv":[0.875,1.375,1.125,1.5],"rotation":90,"texture":"#0"},"down":{"uv":[0.875,1.375,1.125,1.5],"rotation":90,"texture":"#0"}}},{"from":[7.6,14.68188,5.47426],"to":[8.4,16.18188,6.47426],"rotation":{"angle":-22.5,"axis":"x","origin":[8,15.275,6.425]},"faces":{"north":{"uv":[1.4375,1.1,1.25,1],"rotation":90,"texture":"#0"},"east":{"uv":[1.25,1,1.4375,0.875],"rotation":270,"texture":"#0"},"south":{"uv":[1.4375,1.1,1.25,1],"rotation":270,"texture":"#0"},"west":{"uv":[1.4375,1,1.25,0.875],"rotation":90,"texture":"#0"},"up":{"uv":[1.2125,1.125,1.3125,1.25],"texture":"#0"},"down":{"uv":[1.2125,1.125,1.3125,1.25],"rotation":180,"texture":"#0"}}},{"from":[7.75,15.5,5.6],"to":[8.25,16.5,6.1],"rotation":{"angle":22.5,"axis":"x","origin":[8,15.275,6.425]},"faces":{"north":{"uv":[1.25,1.3125,1.125,1.25],"rotation":90,"texture":"#0"},"east":{"uv":[1.25,1.3125,1.125,1.25],"rotation":90,"texture":"#0"},"south":{"uv":[1.25,1.3125,1.125,1.25],"rotation":90,"texture":"#0"},"west":{"uv":[1.25,1.3125,1.125,1.25],"rotation":90,"texture":"#0"},"up":{"uv":[1.25,1.25,1.3125,1.3125],"texture":"#0"},"down":{"uv":[1.25,1.25,1.3125,1.3125],"texture":"#0"}}},{"from":[7,-13.5,7],"to":[9,-12,9],"rotation":{"angle":0,"axis":"y","origin":[8,4.31499,8]},"faces":{"north":{"uv":[1.4375,0.75,1.6875,0.9375],"texture":"#0"},"east":{"uv":[1.4375,0.75,1.6875,0.9375],"texture":"#0"},"south":{"uv":[1.4375,0.75,1.6875,0.9375],"texture":"#0"},"west":{"uv":[1.4375,0.75,1.6875,0.9375],"texture":"#0"},"up":{"uv":[1.4375,0.9375,1.6875,1.1875],"texture":"#0"},"down":{"uv":[1.4375,0.9375,1.6875,1.1875],"texture":"#0"}}},{"from":[7,2.5,7],"to":[9,4,9],"rotation":{"angle":0,"axis":"y","origin":[8,4.31499,8]},"faces":{"north":{"uv":[1.4375,0.9375,1.6875,0.75],"texture":"#0"},"east":{"uv":[1.4375,0.9375,1.6875,0.75],"texture":"#0"},"south":{"uv":[1.4375,0.9375,1.6875,0.75],"texture":"#0"},"west":{"uv":[1.4375,0.9375,1.6875,0.75],"texture":"#0"},"up":{"uv":[1.4375,0.9375,1.6875,1.1875],"texture":"#0"},"down":{"uv":[1.4375,0.9375,1.6875,1.1875],"texture":"#0"}}},{"from":[7,-11,7],"to":[9,-9.5,9],"rotation":{"angle":0,"axis":"y","origin":[8,4.31499,8]},"faces":{"north":{"uv":[1.4375,0.75,1.6875,0.9375],"texture":"#0"},"east":{"uv":[1.4375,0.75,1.6875,0.9375],"texture":"#0"},"south":{"uv":[1.4375,0.75,1.6875,0.9375],"texture":"#0"},"west":{"uv":[1.4375,0.75,1.6875,0.9375],"texture":"#0"},"up":{"uv":[1.4375,0.9375,1.6875,1.1875],"texture":"#0"},"down":{"uv":[1.4375,0.9375,1.6875,1.1875],"texture":"#0"}}},{"from":[7,-9,7],"to":[9,-7.5,9],"rotation":{"angle":0,"axis":"y","origin":[8,4.31499,8]},"faces":{"north":{"uv":[1.4375,0.75,1.6875,0.9375],"texture":"#0"},"east":{"uv":[1.4375,0.75,1.6875,0.9375],"texture":"#0"},"south":{"uv":[1.4375,0.75,1.6875,0.9375],"texture":"#0"},"west":{"uv":[1.4375,0.75,1.6875,0.9375],"texture":"#0"},"up":{"uv":[1.4375,0.9375,1.6875,1.1875],"texture":"#0"},"down":{"uv":[1.4375,0.9375,1.6875,1.1875],"texture":"#0"}}},{"from":[7,-7,7],"to":[9,-5.5,9],"rotation":{"angle":0,"axis":"y","origin":[8,4.31499,8]},"faces":{"north":{"uv":[1.4375,0.75,1.6875,0.9375],"texture":"#0"},"east":{"uv":[1.4375,0.75,1.6875,0.9375],"texture":"#0"},"south":{"uv":[1.4375,0.75,1.6875,0.9375],"texture":"#0"},"west":{"uv":[1.4375,0.75,1.6875,0.9375],"texture":"#0"},"up":{"uv":[1.4375,0.9375,1.6875,1.1875],"texture":"#0"},"down":{"uv":[1.4375,0.9375,1.6875,1.1875],"texture":"#0"}}},{"from":[7,-1,7],"to":[9,0.5,9],"rotation":{"angle":0,"axis":"y","origin":[8,4.31499,8]},"faces":{"north":{"uv":[1.4375,0.75,1.6875,0.9375],"texture":"#0"},"east":{"uv":[1.4375,0.75,1.6875,0.9375],"texture":"#0"},"south":{"uv":[1.4375,0.75,1.6875,0.9375],"texture":"#0"},"west":{"uv":[1.4375,0.75,1.6875,0.9375],"texture":"#0"},"up":{"uv":[1.4375,0.9375,1.6875,1.1875],"texture":"#0"},"down":{"uv":[1.4375,0.9375,1.6875,1.1875],"texture":"#0"}}},{"from":[7,4.5,7],"to":[9,6,9],"rotation":{"angle":0,"axis":"y","origin":[8,4.31499,8]},"faces":{"north":{"uv":[1.4375,0.75,1.6875,0.9375],"texture":"#0"},"east":{"uv":[1.4375,0.75,1.6875,0.9375],"texture":"#0"},"south":{"uv":[1.4375,0.75,1.6875,0.9375],"texture":"#0"},"west":{"uv":[1.4375,0.75,1.6875,0.9375],"texture":"#0"},"up":{"uv":[1.4375,0.9375,1.6875,1.1875],"texture":"#0"},"down":{"uv":[1.4375,0.9375,1.6875,1.1875],"texture":"#0"}}},{"from":[7,-3,7],"to":[9,-1.5,9],"rotation":{"angle":0,"axis":"y","origin":[8,4.31499,8]},"faces":{"north":{"uv":[1.4375,0.75,1.6875,0.9375],"texture":"#0"},"east":{"uv":[1.4375,0.75,1.6875,0.9375],"texture":"#0"},"south":{"uv":[1.4375,0.75,1.6875,0.9375],"texture":"#0"},"west":{"uv":[1.4375,0.75,1.6875,0.9375],"texture":"#0"},"up":{"uv":[1.4375,0.9375,1.6875,1.1875],"texture":"#0"},"down":{"uv":[1.4375,0.9375,1.6875,1.1875],"texture":"#0"}}},{"from":[7,-5,7],"to":[9,-3.5,9],"rotation":{"angle":0,"axis":"y","origin":[8,4.31499,8]},"faces":{"north":{"uv":[1.4375,0.75,1.6875,0.9375],"texture":"#0"},"east":{"uv":[1.4375,0.75,1.6875,0.9375],"texture":"#0"},"south":{"uv":[1.4375,0.75,1.6875,0.9375],"texture":"#0"},"west":{"uv":[1.4375,0.75,1.6875,0.9375],"texture":"#0"},"up":{"uv":[1.4375,0.9375,1.6875,1.1875],"texture":"#0"},"down":{"uv":[1.4375,0.9375,1.6875,1.1875],"texture":"#0"}}},{"from":[7.25,1,7.25],"to":[8.75,4.5,8.75],"rotation":{"angle":0,"axis":"y","origin":[8,5.81499,8]},"faces":{"north":{"uv":[1.25,0.25,1.4375,0.6875],"texture":"#0"},"east":{"uv":[1.25,0.25,1.4375,0.6875],"texture":"#0"},"south":{"uv":[1.25,0.25,1.4375,0.6875],"texture":"#0"},"west":{"uv":[1.25,0.25,1.4375,0.6875],"texture":"#0"},"up":{"uv":[1.25,0.6875,1.4375,0.875],"texture":"#0"},"down":{"uv":[1.25,0.6875,1.4375,0.875],"texture":"#0"}}},{"from":[7,1,7],"to":[9,2.5,9],"rotation":{"angle":0,"axis":"y","origin":[8,4.31499,8]},"faces":{"north":{"uv":[1.4375,0.75,1.6875,0.9375],"texture":"#0"},"east":{"uv":[1.4375,0.75,1.6875,0.9375],"texture":"#0"},"south":{"uv":[1.4375,0.75,1.6875,0.9375],"texture":"#0"},"west":{"uv":[1.4375,0.75,1.6875,0.9375],"texture":"#0"},"up":{"uv":[1.4375,0.9375,1.6875,1.1875],"texture":"#0"},"down":{"uv":[1.4375,0.9375,1.6875,1.1875],"texture":"#0"}}},{"from":[8,-14,11],"to":[8,-7,17],"rotation":{"angle":45,"axis":"x","origin":[8,-5.5,4]},"faces":{"north":{"uv":[0,10,0,0],"texture":"#3"},"east":{"uv":[12,14,0,0],"texture":"#3"},"south":{"uv":[0,10,0,0],"texture":"#3"},"west":{"uv":[0,14,12,0],"texture":"#3"},"up":{"uv":[0,10,0,0],"texture":"#3"},"down":{"uv":[0,0,0,10],"texture":"#3"}}},{"from":[7.65,16.97525,2.27313],"to":[8.35,17.47525,3.27313],"rotation":{"angle":-22.5,"axis":"x","origin":[8,16.62746,3.04186]},"faces":{"north":{"uv":[1.1,0.625,1.1875,0.5625],"texture":"#0"},"east":{"uv":[1,0.75,0.875,0.6875],"rotation":180,"texture":"#0"},"south":{"uv":[1.1,0.625,1.1875,0.5625],"rotation":180,"texture":"#0"},"west":{"uv":[0.875,0.75,1,0.6875],"texture":"#0"},"up":{"uv":[0.875,0.8375,1,0.75],"rotation":90,"texture":"#0"},"down":{"uv":[0.875,0.8375,1,0.75],"rotation":270,"texture":"#0"}}},{"from":[7.5,15.32614,2.9767],"to":[8.5,16.82614,3.9767],"rotation":{"angle":0,"axis":"y","origin":[8,16.62746,3.04186]},"faces":{"north":{"uv":[0.8125,0.5625,0.9375,0.375],"texture":"#0"},"east":{"uv":[0.9375,0.5625,1.0625,0.375],"rotation":180,"texture":"#0"},"south":{"uv":[0.8125,0.5625,0.9375,0.375],"texture":"#0"},"west":{"uv":[1.0625,0.5625,0.9375,0.375],"rotation":180,"texture":"#0"},"up":{"uv":[0.8125,0.6875,0.9375,0.5625],"rotation":90,"texture":"#0"},"down":{"uv":[0.8125,0.6875,0.9375,0.5625],"rotation":90,"texture":"#0"}}},{"from":[7.55,16.6115,2.35213],"to":[8.45,17.3115,3.55213],"rotation":{"angle":45,"axis":"x","origin":[8,16.62746,3.04186]},"faces":{"north":{"uv":[0.9625,0.675,1.05,0.5625],"rotation":270,"texture":"#0"},"east":{"uv":[0.8625,0.8375,0.775,0.6875],"rotation":270,"texture":"#0"},"south":{"uv":[0.9625,0.675,1.05,0.5625],"rotation":270,"texture":"#0"},"west":{"uv":[0.775,0.6875,0.8625,0.8375],"rotation":270,"texture":"#0"},"up":{"uv":[1.0625,0.525,1.175,0.375],"texture":"#0"},"down":{"uv":[1.0625,0.525,1.175,0.375],"texture":"#0"}}},{"from":[7.25,12.20939,2.14999],"to":[8.75,15.20939,3.64999],"rotation":{"angle":22.5,"axis":"x","origin":[8,13.93417,4.406]},"faces":{"north":{"uv":[0.8125,0.1875,1.1875,0.375],"rotation":270,"texture":"#0"},"east":{"uv":[1.1875,0,0.8125,0.1875],"rotation":90,"texture":"#0"},"south":{"uv":[0.8125,0.1875,1.1875,0.375],"rotation":270,"texture":"#0"},"west":{"uv":[1.1875,0,0.8125,0.1875],"rotation":90,"texture":"#0"},"up":{"uv":[0,1.3125,0.1875,1.5],"texture":"#0"},"down":{"uv":[0,1.3125,0.1875,1.5],"texture":"#0"}}},{"from":[7,11.34846,1.59138],"to":[9,14.34846,3.59138],"rotation":{"angle":-22.5,"axis":"x","origin":[8,13.93417,4.406]},"faces":{"north":{"uv":[0.375,1.1875,0.75,0.9375],"rotation":270,"texture":"#0"},"east":{"uv":[0.375,0.9375,0.75,0.6875],"rotation":270,"texture":"#0"},"south":{"uv":[0.375,1.1875,0.75,0.9375],"rotation":270,"texture":"#0"},"west":{"uv":[0.375,0.6875,0.75,0.9375],"rotation":270,"texture":"#0"},"up":{"uv":[0.375,1.4375,0.625,1.1875],"texture":"#0"},"down":{"uv":[0.375,1.4375,0.625,1.1875],"texture":"#0"}}},{"from":[6.85,10.10314,4.16721],"to":[9.15,12.60314,7.16721],"rotation":{"angle":22.5,"axis":"x","origin":[8,13.93417,4.406]},"faces":{"north":{"uv":[0.8125,0.375,0.525,0.6875],"texture":"#0"},"east":{"uv":[0.375,0.6875,0,1],"texture":"#0"},"south":{"uv":[0.8125,0.375,0.525,0.6875],"texture":"#0"},"west":{"uv":[0,0.6875,0.375,1],"texture":"#0"},"up":{"uv":[0,1,0.375,1.2875],"rotation":90,"texture":"#0"},"down":{"uv":[0.375,1,0,1.2875],"rotation":90,"texture":"#0"}}},{"from":[6.75,9.00249,3.55256],"to":[9.25,12.00249,7.55256],"rotation":{"angle":-22.5,"axis":"x","origin":[8,13.93417,4.406]},"faces":{"north":{"uv":[0.8125,0.375,0.5,0],"texture":"#0"},"east":{"uv":[0.5,0.375,0,0],"texture":"#0"},"south":{"uv":[0.8125,0.375,0.5,0],"texture":"#0"},"west":{"uv":[0,0.375,0.5,0],"texture":"#0"},"up":{"uv":[0,0.6875,0.5,0.375],"rotation":90,"texture":"#0"},"down":{"uv":[0.5,0.6875,0,0.375],"rotation":90,"texture":"#0"}}},{"from":[6.75,11.00249,7.44744],"to":[9.25,14.00249,11.44744],"rotation":{"angle":-22.5,"axis":"x","origin":[8,15.93417,10.594]},"faces":{"north":{"uv":[0.5,0.375,0.8125,0],"texture":"#0"},"east":{"uv":[0,0.375,0.5,0],"texture":"#0"},"south":{"uv":[0.5,0.375,0.8125,0],"texture":"#0"},"west":{"uv":[0.5,0.375,0,0],"texture":"#0"},"up":{"uv":[0.5,0.6875,0,0.375],"rotation":90,"texture":"#0"},"down":{"uv":[0,0.6875,0.5,0.375],"rotation":90,"texture":"#0"}}},{"from":[6.85,13.17297,11.92504],"to":[9.15,16.17297,14.42504],"rotation":{"angle":22.5,"axis":"x","origin":[8,15.93417,10.594]},"faces":{"north":{"uv":[0.375,1,0,1.2875],"rotation":270,"texture":"#0"},"east":{"uv":[0,0.6875,0.375,1],"rotation":90,"texture":"#0"},"south":{"uv":[0,1,0.375,1.2875],"rotation":90,"texture":"#0"},"west":{"uv":[0.375,0.6875,0,1],"rotation":270,"texture":"#0"},"up":{"uv":[0.525,0.375,0.8125,0.6875],"texture":"#0"},"down":{"uv":[0.525,0.375,0.8125,0.6875],"rotation":180,"texture":"#0"}}},{"from":[7.9,7.5,-7],"to":[7.9,28,14],"rotation":{"angle":0,"axis":"y","origin":[8,-6.81499,8]},"faces":{"north":{"uv":[3,9,6,7],"texture":"#missing"},"east":{"uv":[8.75,5.0625,11.375,2.5],"texture":"#0"},"south":{"uv":[3,9,6,7],"texture":"#missing"},"west":{"uv":[11.375,5.0625,8.75,2.5],"texture":"#0"},"up":{"uv":[8,4.15,5,6.85],"rotation":270,"texture":"#missing"},"down":{"uv":[8,4.15,5,6.85],"rotation":90,"texture":"#missing"}}},{"from":[8.1,7.5,-7],"to":[8.1,28,14],"rotation":{"angle":0,"axis":"y","origin":[8,-6.81499,8]},"faces":{"north":{"uv":[6,9,3,7],"texture":"#missing"},"east":{"uv":[8.75,5.0625,11.375,2.5],"texture":"#0"},"south":{"uv":[6,9,3,7],"texture":"#missing"},"west":{"uv":[11.375,5.0625,8.75,2.5],"texture":"#0"},"up":{"uv":[8,6.85,5,4.15],"rotation":270,"texture":"#missing"},"down":{"uv":[8,6.85,5,4.15],"rotation":90,"texture":"#missing"}}},{"from":[7,13.34846,11.40862],"to":[9,16.34846,13.40862],"rotation":{"angle":-22.5,"axis":"x","origin":[8,15.93417,10.594]},"faces":{"north":{"uv":[0.375,0.9375,0.75,1.1875],"rotation":270,"texture":"#0"},"east":{"uv":[0.375,0.6875,0.75,0.9375],"rotation":270,"texture":"#0"},"south":{"uv":[0.375,0.9375,0.75,1.1875],"rotation":270,"texture":"#0"},"west":{"uv":[0.375,0.9375,0.75,0.6875],"rotation":270,"texture":"#0"},"up":{"uv":[0.375,1.1875,0.625,1.4375],"texture":"#0"},"down":{"uv":[0.375,1.1875,0.625,1.4375],"texture":"#0"}}},{"from":[7.25,14.80939,12.55001],"to":[8.75,17.80939,14.05001],"rotation":{"angle":45,"axis":"x","origin":[8,17.32974,14.0821]},"faces":{"north":{"uv":[0.8125,0.375,1.1875,0.1875],"rotation":270,"texture":"#0"},"east":{"uv":[1.1875,0.1875,0.8125,0],"rotation":90,"texture":"#0"},"south":{"uv":[0.8125,0.375,1.1875,0.1875],"rotation":270,"texture":"#0"},"west":{"uv":[1.1875,0.1875,0.8125,0],"rotation":90,"texture":"#0"},"up":{"uv":[0,1.5,0.1875,1.3125],"texture":"#0"},"down":{"uv":[0,1.5,0.1875,1.3125],"texture":"#0"}}},{"from":[7.65,17.1465,14.80983],"to":[8.35,18.1465,15.30983],"rotation":{"angle":22.5,"axis":"x","origin":[8,17.32974,14.0821]},"faces":{"north":{"uv":[0.875,0.75,1,0.8375],"rotation":270,"texture":"#0"},"east":{"uv":[1,0.6875,0.875,0.75],"rotation":270,"texture":"#0"},"south":{"uv":[0.875,0.75,1,0.8375],"rotation":270,"texture":"#0"},"west":{"uv":[0.875,0.6875,1,0.75],"rotation":270,"texture":"#0"},"up":{"uv":[1.1,0.5625,1.1875,0.625],"rotation":180,"texture":"#0"},"down":{"uv":[1.1,0.5625,1.1875,0.625],"rotation":180,"texture":"#0"}}},{"from":[7.55,18.00009,13.6988],"to":[8.45,18.70009,14.8988],"rotation":{"angle":45,"axis":"x","origin":[8,17.32974,14.0821]},"faces":{"north":{"uv":[0.9625,0.5625,1.05,0.675],"rotation":270,"texture":"#0"},"east":{"uv":[0.8625,0.6875,0.775,0.8375],"rotation":270,"texture":"#0"},"south":{"uv":[0.9625,0.5625,1.05,0.675],"rotation":270,"texture":"#0"},"west":{"uv":[0.775,0.8375,0.8625,0.6875],"rotation":270,"texture":"#0"},"up":{"uv":[1.175,0.525,1.0625,0.375],"texture":"#0"},"down":{"uv":[1.0625,0.375,1.175,0.525],"texture":"#0"}}},{"from":[7.5,17.6601,13.35586],"to":[8.5,18.6601,14.85586],"rotation":{"angle":0,"axis":"y","origin":[8,17.32974,14.0821]},"faces":{"north":{"uv":[0.9375,0.6875,0.8125,0.5625],"rotation":270,"texture":"#0"},"east":{"uv":[1.0625,0.5625,0.9375,0.375],"rotation":90,"texture":"#0"},"south":{"uv":[0.9375,0.6875,0.8125,0.5625],"rotation":90,"texture":"#0"},"west":{"uv":[0.9375,0.5625,1.0625,0.375],"rotation":270,"texture":"#0"},"up":{"uv":[0.9375,0.5625,0.8125,0.375],"rotation":180,"texture":"#0"},"down":{"uv":[0.9375,0.5625,0.8125,0.375],"texture":"#0"}}}],"gui_light":"front","display":{"thirdperson_righthand":{"translation":[0,8.75,1.75],"scale":[0.7,0.7,0.7]},"thirdperson_lefthand":{"translation":[0,8.75,1.75],"scale":[0.7,0.7,0.7]},"firstperson_righthand":{"rotation":[5,0,0],"translation":[4,5.75,0],"scale":[0.36289,0.36289,0.36289]},"firstperson_lefthand":{"rotation":[5,0,0],"translation":[4,5.75,0],"scale":[0.36289,0.36289,0.36289]},"ground":{"rotation":[-45,0,0],"translation":[0,9,0],"scale":[0.45,0.45,0.45]},"gui":{"rotation":[-90,-45,-90],"translation":[-0.5,0.75,-1.5],"scale":[0.40625,0.40625,0.40625]},"head":{"scale":[0,0,0]},"fixed":{"rotation":[0,-90,0],"translation":[0.5,12.75,-3],"scale":[1.6,1.6,1.6]}}}