{"credit":"MadewithBlockbench","texture_size":[128,128],"textures":{"0":"elitecreatures:skeleton_overlord_animated_weapon_set/skeletonoverlord_texture_01","1":"elitecreatures:skeleton_overlord_animated_weapon_set/skeletonoverlord_animation_01","2":"elitecreatures:skeleton_overlord_animated_weapon_set/skeletonoverlord_animation_02","3":"elitecreatures:skeleton_overlord_animated_weapon_set/skeletonoverlord_animation_03","4":"elitecreatures:skeleton_overlord_animated_weapon_set/skeletonoverlord_animation_04","particle":"elitecreatures:skeleton_overlord_animated_weapon_set/skeletonoverlord_texture_01"},"elements":[{"from":[7.25,-12,7.25],"to":[8.75,-5,8.75],"rotation":{"angle":0,"axis":"y","origin":[8,3.31499,8]},"faces":{"north":{"uv":[1.25,0,1.4375,0.875],"texture":"#0"},"east":{"uv":[1.25,0,1.4375,0.875],"texture":"#0"},"south":{"uv":[1.25,0,1.4375,0.875],"texture":"#0"},"west":{"uv":[1.25,0,1.4375,0.875],"texture":"#0"},"up":{"uv":[1.25,0.6875,1.4375,0.875],"texture":"#0"},"down":{"uv":[1.25,0.6875,1.4375,0.875],"texture":"#0"}}},{"from":[7.25,-5,7.25],"to":[8.75,1,8.75],"rotation":{"angle":0,"axis":"y","origin":[8,5.81499,8]},"faces":{"north":{"uv":[1.25,0,1.4375,0.75],"texture":"#0"},"east":{"uv":[1.25,0,1.4375,0.75],"texture":"#0"},"south":{"uv":[1.25,0,1.4375,0.75],"texture":"#0"},"west":{"uv":[1.25,0,1.4375,0.75],"texture":"#0"},"up":{"uv":[1.25,0.6875,1.4375,0.875],"texture":"#0"},"down":{"uv":[1.25,0.6875,1.4375,0.875],"texture":"#0"}}},{"from":[7.5,-14,8],"to":[8.5,-12.5,10],"rotation":{"angle":22.5,"axis":"x","origin":[8,-13.975,9.575]},"faces":{"north":{"uv":[0.5,1.4375,0.625,1.625],"texture":"#0"},"east":{"uv":[0.875,1.375,0.625,1.5625],"texture":"#0"},"south":{"uv":[0.5,1.4375,0.625,1.625],"texture":"#0"},"west":{"uv":[0.625,1.375,0.875,1.5625],"texture":"#0"},"up":{"uv":[0.875,1.375,1.125,1.5],"rotation":90,"texture":"#0"},"down":{"uv":[0.875,1.375,1.125,1.5],"rotation":90,"texture":"#0"}}},{"from":[7.6,-14.88188,9.52574],"to":[8.4,-13.38188,10.52574],"rotation":{"angle":-22.5,"axis":"x","origin":[8,-13.975,9.575]},"faces":{"north":{"uv":[1.25,1,1.4375,1.1],"rotation":270,"texture":"#0"},"east":{"uv":[1.4375,0.875,1.25,1],"rotation":270,"texture":"#0"},"south":{"uv":[1.25,1,1.4375,1.1],"rotation":90,"texture":"#0"},"west":{"uv":[1.25,0.875,1.4375,1],"rotation":90,"texture":"#0"},"up":{"uv":[1.2125,1.125,1.3125,1.25],"rotation":180,"texture":"#0"},"down":{"uv":[1.2125,1.125,1.3125,1.25],"texture":"#0"}}},{"from":[7.75,-15.2,9.9],"to":[8.25,-14.2,10.4],"rotation":{"angle":22.5,"axis":"x","origin":[8,-13.975,9.575]},"faces":{"north":{"uv":[1.125,1.25,1.25,1.3125],"rotation":90,"texture":"#0"},"east":{"uv":[1.125,1.25,1.25,1.3125],"rotation":90,"texture":"#0"},"south":{"uv":[1.125,1.25,1.25,1.3125],"rotation":90,"texture":"#0"},"west":{"uv":[1.125,1.25,1.25,1.3125],"rotation":90,"texture":"#0"},"up":{"uv":[1.25,1.25,1.3125,1.3125],"texture":"#0"},"down":{"uv":[1.25,1.25,1.3125,1.3125],"texture":"#0"}}},{"from":[7.6,-13.47574,9.68188],"to":[8.4,-12.47574,11.18188],"rotation":{"angle":-22.5,"axis":"x","origin":[8,-12.525,10.275]},"faces":{"north":{"uv":[1.2125,1.25,1.3125,1.125],"texture":"#0"},"east":{"uv":[1.25,0.875,1.4375,1],"rotation":180,"texture":"#0"},"south":{"uv":[1.2125,1.25,1.3125,1.125],"texture":"#0"},"west":{"uv":[1.4375,0.875,1.25,1],"rotation":180,"texture":"#0"},"up":{"uv":[1.25,1,1.4375,1.1],"rotation":90,"texture":"#0"},"down":{"uv":[1.4375,1,1.25,1.1],"rotation":90,"texture":"#0"}}},{"from":[7.75,-12.3,10.6],"to":[8.25,-11.3,11.1],"rotation":{"angle":22.5,"axis":"x","origin":[8,-12.525,10.275]},"faces":{"north":{"uv":[1.25,1.25,1.125,1.3125],"rotation":90,"texture":"#0"},"east":{"uv":[1.25,1.25,1.125,1.3125],"rotation":90,"texture":"#0"},"south":{"uv":[1.25,1.25,1.125,1.3125],"rotation":90,"texture":"#0"},"west":{"uv":[1.25,1.25,1.125,1.3125],"rotation":90,"texture":"#0"},"up":{"uv":[1.25,1.3125,1.3125,1.25],"texture":"#0"},"down":{"uv":[1.25,1.3125,1.3125,1.25],"texture":"#0"}}},{"from":[7.75,-12.3,4.9],"to":[8.25,-11.3,5.4],"rotation":{"angle":-22.5,"axis":"x","origin":[8,-12.525,5.725]},"faces":{"north":{"uv":[1.25,1.3125,1.125,1.25],"rotation":90,"texture":"#0"},"east":{"uv":[1.25,1.3125,1.125,1.25],"rotation":90,"texture":"#0"},"south":{"uv":[1.25,1.3125,1.125,1.25],"rotation":90,"texture":"#0"},"west":{"uv":[1.25,1.3125,1.125,1.25],"rotation":90,"texture":"#0"},"up":{"uv":[1.25,1.25,1.3125,1.3125],"texture":"#0"},"down":{"uv":[1.25,1.25,1.3125,1.3125],"texture":"#0"}}},{"from":[7.6,-13.47574,4.81812],"to":[8.4,-12.47574,6.31812],"rotation":{"angle":22.5,"axis":"x","origin":[8,-12.525,5.725]},"faces":{"north":{"uv":[1.3125,1.25,1.2125,1.125],"texture":"#0"},"east":{"uv":[1.4375,0.875,1.25,1],"rotation":180,"texture":"#0"},"south":{"uv":[1.3125,1.25,1.2125,1.125],"texture":"#0"},"west":{"uv":[1.25,0.875,1.4375,1],"rotation":180,"texture":"#0"},"up":{"uv":[1.4375,1,1.25,1.1],"rotation":90,"texture":"#0"},"down":{"uv":[1.25,1,1.4375,1.1],"rotation":90,"texture":"#0"}}},{"from":[7.5,-14,6],"to":[8.5,-12.5,8],"rotation":{"angle":-22.5,"axis":"x","origin":[8,-13.975,6.425]},"faces":{"north":{"uv":[0.625,1.4375,0.5,1.625],"texture":"#0"},"east":{"uv":[0.625,1.375,0.875,1.5625],"texture":"#0"},"south":{"uv":[0.625,1.4375,0.5,1.625],"texture":"#0"},"west":{"uv":[0.875,1.375,0.625,1.5625],"texture":"#0"},"up":{"uv":[1.125,1.375,0.875,1.5],"rotation":90,"texture":"#0"},"down":{"uv":[1.125,1.375,0.875,1.5],"rotation":90,"texture":"#0"}}},{"from":[7.6,-14.88188,5.47426],"to":[8.4,-13.38188,6.47426],"rotation":{"angle":22.5,"axis":"x","origin":[8,-13.975,6.425]},"faces":{"north":{"uv":[1.25,1.1,1.4375,1],"rotation":90,"texture":"#0"},"east":{"uv":[1.4375,1,1.25,0.875],"rotation":270,"texture":"#0"},"south":{"uv":[1.25,1.1,1.4375,1],"rotation":270,"texture":"#0"},"west":{"uv":[1.25,1,1.4375,0.875],"rotation":90,"texture":"#0"},"up":{"uv":[1.2125,1.25,1.3125,1.125],"rotation":180,"texture":"#0"},"down":{"uv":[1.2125,1.25,1.3125,1.125],"texture":"#0"}}},{"from":[7.75,-15.2,5.6],"to":[8.25,-14.2,6.1],"rotation":{"angle":-22.5,"axis":"x","origin":[8,-13.975,6.425]},"faces":{"north":{"uv":[1.125,1.3125,1.25,1.25],"rotation":90,"texture":"#0"},"east":{"uv":[1.125,1.3125,1.25,1.25],"rotation":90,"texture":"#0"},"south":{"uv":[1.125,1.3125,1.25,1.25],"rotation":90,"texture":"#0"},"west":{"uv":[1.125,1.3125,1.25,1.25],"rotation":90,"texture":"#0"},"up":{"uv":[1.25,1.3125,1.3125,1.25],"texture":"#0"},"down":{"uv":[1.25,1.3125,1.3125,1.25],"texture":"#0"}}},{"from":[6,7,5.25],"to":[10,11,10.75],"rotation":{"angle":0,"axis":"y","origin":[8,2.68501,8]},"faces":{"north":{"uv":[2.375,0,2.875,0.5],"texture":"#0"},"east":{"uv":[1.6875,0,2.375,0.5],"texture":"#0"},"south":{"uv":[2.375,0,2.875,0.5],"texture":"#0"},"west":{"uv":[1.6875,0,2.375,0.5],"texture":"#0"},"up":{"uv":[1.6875,0.5,2.1875,1.1875],"texture":"#0"},"down":{"uv":[1.6875,0.5,2.1875,1.1875],"texture":"#0"}}},{"from":[5,11,5],"to":[11,19,11],"rotation":{"angle":0,"axis":"y","origin":[8,15.5,8]},"faces":{"north":{"uv":[0,2.0625,0.75,3.0625],"texture":"#0"},"east":{"uv":[0,2.0625,0.75,3.0625],"texture":"#0"},"south":{"uv":[0,2.0625,0.75,3.0625],"texture":"#0"},"west":{"uv":[0,2.0625,0.75,3.0625],"texture":"#0"},"up":{"uv":[0,3.0625,0.75,3.8125],"texture":"#0"},"down":{"uv":[0,3.0625,0.75,3.8125],"texture":"#0"}}},{"from":[4.5,10.5,3],"to":[11.5,19.5,5],"rotation":{"angle":0,"axis":"y","origin":[8,15.5,8]},"faces":{"north":{"uv":[0.75,2.0625,1.625,3.1875],"texture":"#0"},"east":{"uv":[1.625,2.0625,1.875,3.1875],"texture":"#0"},"south":{"uv":[0.75,2.0625,1.625,3.1875],"texture":"#0"},"west":{"uv":[1.625,2.0625,1.875,3.1875],"texture":"#0"},"up":{"uv":[0.75,1.8125,1.625,2.0625],"texture":"#0"},"down":{"uv":[0.75,1.8125,1.625,2.0625],"texture":"#0"}}},{"from":[3.5,9,-5],"to":[12.5,21,3],"rotation":{"angle":0,"axis":"y","origin":[8,15.5,0.5]},"faces":{"north":{"uv":[2.875,1.5625,4,3.0625],"texture":"#0"},"east":{"uv":[2.875,1.5625,1.875,3.0625],"texture":"#0"},"south":{"uv":[4,1.5625,5.125,3.0625],"texture":"#0"},"west":{"uv":[1.875,1.5625,2.875,3.0625],"texture":"#0"},"up":{"uv":[0.75,3.1875,1.875,4.1875],"texture":"#0"},"down":{"uv":[1.875,4.1875,0.75,3.1875],"texture":"#0"}}},{"from":[3.5,9,13],"to":[12.5,21,21],"rotation":{"angle":0,"axis":"y","origin":[8,15.5,15.5]},"faces":{"north":{"uv":[5.125,1.5625,4,3.0625],"texture":"#0"},"east":{"uv":[1.875,1.5625,2.875,3.0625],"texture":"#0"},"south":{"uv":[4,1.5625,2.875,3.0625],"texture":"#0"},"west":{"uv":[2.875,1.5625,1.875,3.0625],"texture":"#0"},"up":{"uv":[0.75,4.1875,1.875,3.1875],"texture":"#0"},"down":{"uv":[1.875,3.1875,0.75,4.1875],"texture":"#0"}}},{"from":[8,-3.1,13.1],"to":[8,-0.1,16.1],"rotation":{"angle":0,"axis":"y","origin":[0,2,16.4]},"faces":{"north":{"uv":[0,0,0,0.375],"texture":"#missing"},"east":{"uv":[14.125,2.5625,13.75,2.9375],"texture":"#0"},"south":{"uv":[0,0,0,0.375],"texture":"#missing"},"west":{"uv":[14.125,2.5625,13.75,2.9375],"texture":"#0"},"up":{"uv":[0,0.375,0,0],"texture":"#missing"},"down":{"uv":[0,0.375,0,0],"texture":"#missing"}}},{"from":[8,-0.2,-0.2],"to":[8,2.8,2.8],"rotation":{"angle":0,"axis":"y","origin":[0,2,16.4]},"faces":{"north":{"uv":[0,0,0,0.375],"texture":"#missing"},"east":{"uv":[14.125,2.5625,13.75,2.9375],"texture":"#0"},"south":{"uv":[0,0,0,0.375],"texture":"#missing"},"west":{"uv":[14.125,2.5625,13.75,2.9375],"texture":"#0"},"up":{"uv":[0,0.375,0,0],"texture":"#missing"},"down":{"uv":[0,0.375,0,0],"texture":"#missing"}}},{"from":[8,24,6],"to":[8,29,10],"rotation":{"angle":0,"axis":"y","origin":[0,0,16]},"faces":{"north":{"uv":[0,0,0,8],"texture":"#4"},"east":{"uv":[0,0,8,10],"texture":"#4"},"south":{"uv":[0,0,0,8],"texture":"#4"},"west":{"uv":[8,0,0,10],"texture":"#4"},"up":{"uv":[0,0,0,8],"texture":"#4"},"down":{"uv":[0,8,0,0],"texture":"#4"}}},{"from":[8,17,-7.3],"to":[8,26,-2.3],"rotation":{"angle":-22.5,"axis":"x","origin":[0,12,0]},"faces":{"north":{"uv":[0,0,0,9],"texture":"#1"},"east":{"uv":[5,0,0,9],"texture":"#1"},"south":{"uv":[0,0,0,9],"texture":"#1"},"west":{"uv":[0,0,5,9],"texture":"#1"},"up":{"uv":[0,5,0,0],"texture":"#1"},"down":{"uv":[0,0,0,5],"texture":"#1"}}},{"from":[8,23.9,18.5],"to":[8,29.9,25.5],"rotation":{"angle":22.5,"axis":"x","origin":[8,21.5,3]},"faces":{"north":{"uv":[0,10,0,0],"rotation":180,"texture":"#3"},"east":{"uv":[0,14,12,0],"rotation":90,"texture":"#3"},"south":{"uv":[0,0,0,10],"texture":"#3"},"west":{"uv":[12,14,0,0],"rotation":270,"texture":"#3"},"up":{"uv":[0,10,0,0],"texture":"#3"},"down":{"uv":[0,10,0,0],"rotation":180,"texture":"#3"}}},{"from":[8,19,5.5],"to":[8,23,10.5],"rotation":{"angle":0,"axis":"y","origin":[8,5.18501,8]},"faces":{"north":{"uv":[2.875,0.75,2.5625,0.5],"texture":"#0"},"east":{"uv":[16,4.3125,15.375,3.8125],"texture":"#0"},"south":{"uv":[2.875,0.75,2.5625,0.5],"texture":"#0"},"west":{"uv":[16,4.3125,15.375,3.8125],"texture":"#0"},"up":{"uv":[2.5625,0.8125,2.1875,0.5],"rotation":270,"texture":"#0"},"down":{"uv":[2.5625,0.8125,2.1875,0.5],"rotation":270,"texture":"#0"}}},{"from":[6.75,19.78761,-0.52568],"to":[9.25,23.78761,2.47432],"rotation":{"angle":-45,"axis":"x","origin":[8,22.93417,4.406]},"faces":{"north":{"uv":[0.5,0.6875,0,0.375],"rotation":270,"texture":"#0"},"east":{"uv":[0.5,0.375,0,0],"rotation":270,"texture":"#0"},"south":{"uv":[0,0.6875,0.5,0.375],"rotation":90,"texture":"#0"},"west":{"uv":[0,0.375,0.5,0],"rotation":90,"texture":"#0"},"up":{"uv":[0.8125,0.375,0.5,0],"rotation":180,"texture":"#0"},"down":{"uv":[0.8125,0.375,0.5,0],"texture":"#0"}}},{"from":[6.85,20.17297,0.57496],"to":[9.15,23.17297,3.07496],"rotation":{"angle":0,"axis":"y","origin":[8,22.93417,4.406]},"faces":{"north":{"uv":[0.375,1,0,1.2875],"rotation":270,"texture":"#0"},"east":{"uv":[0.375,0.6875,0,1],"rotation":270,"texture":"#0"},"south":{"uv":[0,1,0.375,1.2875],"rotation":90,"texture":"#0"},"west":{"uv":[0,0.6875,0.375,1],"rotation":90,"texture":"#0"},"up":{"uv":[0.8125,0.375,0.525,0.6875],"rotation":180,"texture":"#0"},"down":{"uv":[0.8125,0.375,0.525,0.6875],"texture":"#0"}}},{"from":[7,23.74879,1.82029],"to":[9,25.74879,4.82029],"rotation":{"angle":-45,"axis":"x","origin":[8,22.93417,4.406]},"faces":{"north":{"uv":[0.375,1.4375,0.625,1.1875],"rotation":180,"texture":"#0"},"east":{"uv":[0.375,0.9375,0.75,0.6875],"rotation":180,"texture":"#0"},"south":{"uv":[0.375,1.4375,0.625,1.1875],"texture":"#0"},"west":{"uv":[0.375,0.6875,0.75,0.9375],"texture":"#0"},"up":{"uv":[0.375,1.1875,0.75,0.9375],"rotation":90,"texture":"#0"},"down":{"uv":[0.375,1.1875,0.75,0.9375],"rotation":270,"texture":"#0"}}},{"from":[7.25,23.69018,2.68121],"to":[8.75,25.19018,5.68121],"rotation":{"angle":0,"axis":"y","origin":[8,22.93417,4.406]},"faces":{"north":{"uv":[0,1.3125,0.1875,1.5],"rotation":180,"texture":"#0"},"east":{"uv":[1.1875,0,0.8125,0.1875],"texture":"#0"},"south":{"uv":[0,1.3125,0.1875,1.5],"texture":"#0"},"west":{"uv":[1.1875,0,0.8125,0.1875],"rotation":180,"texture":"#0"},"up":{"uv":[0.8125,0.1875,1.1875,0.375],"rotation":90,"texture":"#0"},"down":{"uv":[0.8125,0.1875,1.1875,0.375],"rotation":270,"texture":"#0"}}},{"from":[7.5,22.65919,5.86024],"to":[8.5,23.65919,7.36024],"rotation":{"angle":-45,"axis":"x","origin":[8,22.93417,4.406]},"faces":{"north":{"uv":[0.8125,0.6875,0.9375,0.5625],"rotation":270,"texture":"#0"},"east":{"uv":[0.9375,0.5625,1.0625,0.375],"rotation":90,"texture":"#0"},"south":{"uv":[0.8125,0.6875,0.9375,0.5625],"rotation":90,"texture":"#0"},"west":{"uv":[1.0625,0.5625,0.9375,0.375],"rotation":270,"texture":"#0"},"up":{"uv":[0.8125,0.5625,0.9375,0.375],"rotation":180,"texture":"#0"},"down":{"uv":[0.8125,0.5625,0.9375,0.375],"texture":"#0"}}},{"from":[7.55,24.83897,5.87192],"to":[8.45,26.03897,6.57192],"rotation":{"angle":0,"axis":"y","origin":[8,22.93417,4.406]},"faces":{"north":{"uv":[1.0625,0.525,1.175,0.375],"rotation":180,"texture":"#0"},"east":{"uv":[0.8625,0.8375,0.775,0.6875],"rotation":180,"texture":"#0"},"south":{"uv":[1.0625,0.525,1.175,0.375],"texture":"#0"},"west":{"uv":[0.775,0.6875,0.8625,0.8375],"texture":"#0"},"up":{"uv":[0.9625,0.675,1.05,0.5625],"rotation":90,"texture":"#0"},"down":{"uv":[0.9625,0.675,1.05,0.5625],"rotation":270,"texture":"#0"}}},{"from":[7.65,25.75436,5.36837],"to":[8.35,26.25436,6.36837],"rotation":{"angle":45,"axis":"x","origin":[8,26.00436,5.86837]},"faces":{"north":{"uv":[1.1,0.625,1.1875,0.5625],"texture":"#0"},"east":{"uv":[1,0.75,0.875,0.6875],"rotation":180,"texture":"#0"},"south":{"uv":[1.1,0.625,1.1875,0.5625],"rotation":180,"texture":"#0"},"west":{"uv":[0.875,0.75,1,0.6875],"texture":"#0"},"up":{"uv":[0.875,0.8375,1,0.75],"rotation":90,"texture":"#0"},"down":{"uv":[0.875,0.8375,1,0.75],"rotation":270,"texture":"#0"}}},{"from":[7.65,25.75436,9.63163],"to":[8.35,26.25436,10.63163],"rotation":{"angle":-45,"axis":"x","origin":[8,26.00436,10.13163]},"faces":{"north":{"uv":[1.1875,0.625,1.1,0.5625],"rotation":180,"texture":"#0"},"east":{"uv":[0.875,0.75,1,0.6875],"rotation":180,"texture":"#0"},"south":{"uv":[1.1875,0.625,1.1,0.5625],"texture":"#0"},"west":{"uv":[1,0.75,0.875,0.6875],"texture":"#0"},"up":{"uv":[1,0.8375,0.875,0.75],"rotation":90,"texture":"#0"},"down":{"uv":[1,0.8375,0.875,0.75],"rotation":270,"texture":"#0"}}},{"from":[7.55,24.83897,9.42808],"to":[8.45,26.03897,10.12808],"rotation":{"angle":0,"axis":"y","origin":[8,22.93417,11.594]},"faces":{"north":{"uv":[1.175,0.525,1.0625,0.375],"texture":"#0"},"east":{"uv":[0.775,0.8375,0.8625,0.6875],"rotation":180,"texture":"#0"},"south":{"uv":[1.175,0.525,1.0625,0.375],"rotation":180,"texture":"#0"},"west":{"uv":[0.8625,0.6875,0.775,0.8375],"texture":"#0"},"up":{"uv":[1.05,0.675,0.9625,0.5625],"rotation":90,"texture":"#0"},"down":{"uv":[1.05,0.675,0.9625,0.5625],"rotation":270,"texture":"#0"}}},{"from":[7.5,22.65919,8.63976],"to":[8.5,23.65919,10.13976],"rotation":{"angle":45,"axis":"x","origin":[8,22.93417,11.594]},"faces":{"north":{"uv":[0.8125,0.5625,0.9375,0.6875],"rotation":90,"texture":"#0"},"east":{"uv":[0.9375,0.375,1.0625,0.5625],"rotation":90,"texture":"#0"},"south":{"uv":[0.8125,0.5625,0.9375,0.6875],"rotation":270,"texture":"#0"},"west":{"uv":[1.0625,0.375,0.9375,0.5625],"rotation":270,"texture":"#0"},"up":{"uv":[0.8125,0.375,0.9375,0.5625],"rotation":180,"texture":"#0"},"down":{"uv":[0.8125,0.375,0.9375,0.5625],"texture":"#0"}}},{"from":[7.25,23.69018,10.31879],"to":[8.75,25.19018,13.31879],"rotation":{"angle":0,"axis":"y","origin":[8,22.93417,11.594]},"faces":{"north":{"uv":[0.1875,1.3125,0,1.5],"texture":"#0"},"east":{"uv":[0.8125,0,1.1875,0.1875],"texture":"#0"},"south":{"uv":[0.1875,1.3125,0,1.5],"rotation":180,"texture":"#0"},"west":{"uv":[0.8125,0,1.1875,0.1875],"rotation":180,"texture":"#0"},"up":{"uv":[1.1875,0.1875,0.8125,0.375],"rotation":90,"texture":"#0"},"down":{"uv":[1.1875,0.1875,0.8125,0.375],"rotation":270,"texture":"#0"}}},{"from":[7,23.74879,11.17971],"to":[9,25.74879,14.17971],"rotation":{"angle":45,"axis":"x","origin":[8,22.93417,11.594]},"faces":{"north":{"uv":[0.625,1.4375,0.375,1.1875],"texture":"#0"},"east":{"uv":[0.75,0.9375,0.375,0.6875],"rotation":180,"texture":"#0"},"south":{"uv":[0.625,1.4375,0.375,1.1875],"rotation":180,"texture":"#0"},"west":{"uv":[0.75,0.6875,0.375,0.9375],"texture":"#0"},"up":{"uv":[0.75,1.1875,0.375,0.9375],"rotation":90,"texture":"#0"},"down":{"uv":[0.75,1.1875,0.375,0.9375],"rotation":270,"texture":"#0"}}},{"from":[6.85,20.17297,12.92504],"to":[9.15,23.17297,15.42504],"rotation":{"angle":0,"axis":"y","origin":[8,22.93417,11.594]},"faces":{"north":{"uv":[0,1.2875,0.375,1],"rotation":90,"texture":"#0"},"east":{"uv":[0.375,1,0,0.6875],"rotation":270,"texture":"#0"},"south":{"uv":[0.375,1.2875,0,1],"rotation":270,"texture":"#0"},"west":{"uv":[0,1,0.375,0.6875],"rotation":90,"texture":"#0"},"up":{"uv":[0.8125,0.6875,0.525,0.375],"rotation":180,"texture":"#0"},"down":{"uv":[0.8125,0.6875,0.525,0.375],"texture":"#0"}}},{"from":[6.75,19.78761,13.52568],"to":[9.25,23.78761,16.52568],"rotation":{"angle":45,"axis":"x","origin":[8,22.93417,11.594]},"faces":{"north":{"uv":[0,0.375,0.5,0.6875],"rotation":90,"texture":"#0"},"east":{"uv":[0.5,0,0,0.375],"rotation":270,"texture":"#0"},"south":{"uv":[0.5,0.375,0,0.6875],"rotation":270,"texture":"#0"},"west":{"uv":[0,0,0.5,0.375],"rotation":90,"texture":"#0"},"up":{"uv":[0.8125,0,0.5,0.375],"rotation":180,"texture":"#0"},"down":{"uv":[0.8125,0,0.5,0.375],"texture":"#0"}}},{"from":[7.25,2,0.81845],"to":[8.75,4,1.81845],"rotation":{"angle":0,"axis":"y","origin":[8,5.03214,1.31845]},"faces":{"north":{"uv":[0.375,1.75,0.1875,2],"rotation":180,"texture":"#0"},"east":{"uv":[0.4375,1.75,0.6875,1.625],"rotation":270,"texture":"#0"},"south":{"uv":[0.375,1.75,0.1875,2],"rotation":180,"texture":"#0"},"west":{"uv":[0.4375,1.75,0.6875,1.625],"rotation":270,"texture":"#0"},"up":{"uv":[0.25,1.75,0.4375,1.625],"rotation":180,"texture":"#0"},"down":{"uv":[0.6875,1.75,0.875,1.625],"rotation":180,"texture":"#0"}}},{"from":[7.5,3.33214,0.56845],"to":[8.5,5.33214,2.06845],"rotation":{"angle":0,"axis":"y","origin":[8,7.73214,0.01845]},"faces":{"north":{"uv":[0.375,1.875,0.625,1.75],"rotation":90,"texture":"#0"},"east":{"uv":[0.1875,1.75,0,2],"texture":"#0"},"south":{"uv":[0.375,1.875,0.625,1.75],"rotation":90,"texture":"#0"},"west":{"uv":[0.1875,1.75,0,2],"rotation":180,"texture":"#0"},"up":{"uv":[0.4375,1.625,0.25,1.75],"rotation":90,"texture":"#0"},"down":{"uv":[0.4375,1.625,0.25,1.75],"rotation":90,"texture":"#0"}}},{"from":[7.25,4.7,0.81845],"to":[8.75,6.7,1.81845],"rotation":{"angle":0,"axis":"y","origin":[8,5.03214,1.31845]},"faces":{"north":{"uv":[0.1875,1.75,0,2],"rotation":180,"texture":"#0"},"east":{"uv":[0.375,1.875,0.625,1.75],"rotation":270,"texture":"#0"},"south":{"uv":[0.1875,1.75,0,2],"texture":"#0"},"west":{"uv":[0.375,1.875,0.625,1.75],"rotation":270,"texture":"#0"},"up":{"uv":[0.25,1.75,0.4375,1.625],"texture":"#0"},"down":{"uv":[0.25,1.75,0.4375,1.625],"rotation":180,"texture":"#0"}}},{"from":[7.5,6.03214,0.56845],"to":[8.5,8.03214,2.06845],"rotation":{"angle":0,"axis":"y","origin":[8,7.73214,0.01845]},"faces":{"north":{"uv":[0,1.75,0.25,1.625],"rotation":90,"texture":"#0"},"east":{"uv":[0.1875,1.75,0,2],"texture":"#0"},"south":{"uv":[0,1.75,0.25,1.625],"rotation":270,"texture":"#0"},"west":{"uv":[0.1875,1.75,0,2],"rotation":180,"texture":"#0"},"up":{"uv":[0.4375,1.625,0.25,1.75],"rotation":90,"texture":"#0"},"down":{"uv":[0.4375,1.625,0.25,1.75],"rotation":90,"texture":"#0"}}},{"from":[7.25,6.5,2.38971],"to":[8.75,7.5,4.38971],"rotation":{"angle":-45,"axis":"x","origin":[8,5.59865,1.25621]},"faces":{"north":{"uv":[0.4375,1.625,0.25,1.75],"texture":"#0"},"east":{"uv":[0.25,1.625,0,1.75],"texture":"#0"},"south":{"uv":[0.4375,1.625,0.25,1.75],"texture":"#0"},"west":{"uv":[0.25,1.625,0,1.75],"texture":"#0"},"up":{"uv":[0,2,0.1875,1.75],"texture":"#0"},"down":{"uv":[0,2,0.1875,1.75],"texture":"#0"}}},{"from":[7.25,-0.9,14.18155],"to":[8.75,1.1,15.18155],"rotation":{"angle":0,"axis":"y","origin":[8,5.03214,14.68155]},"faces":{"north":{"uv":[0.1875,1.75,0.375,2],"rotation":180,"texture":"#0"},"east":{"uv":[0.4375,1.625,0.6875,1.75],"rotation":270,"texture":"#0"},"south":{"uv":[0.1875,1.75,0.375,2],"rotation":180,"texture":"#0"},"west":{"uv":[0.4375,1.625,0.6875,1.75],"rotation":270,"texture":"#0"},"up":{"uv":[0.25,1.625,0.4375,1.75],"rotation":180,"texture":"#0"},"down":{"uv":[0.6875,1.625,0.875,1.75],"rotation":180,"texture":"#0"}}},{"from":[7.5,0.43214,13.93155],"to":[8.5,2.43214,15.43155],"rotation":{"angle":0,"axis":"y","origin":[8,7.73214,15.98155]},"faces":{"north":{"uv":[0.375,1.75,0.625,1.875],"rotation":90,"texture":"#0"},"east":{"uv":[0,1.75,0.1875,2],"texture":"#0"},"south":{"uv":[0.375,1.75,0.625,1.875],"rotation":90,"texture":"#0"},"west":{"uv":[0,1.75,0.1875,2],"rotation":180,"texture":"#0"},"up":{"uv":[0.25,1.625,0.4375,1.75],"rotation":90,"texture":"#0"},"down":{"uv":[0.25,1.625,0.4375,1.75],"rotation":90,"texture":"#0"}}},{"from":[7.25,1.8,14.18155],"to":[8.75,3.8,15.18155],"rotation":{"angle":0,"axis":"y","origin":[8,5.03214,14.68155]},"faces":{"north":{"uv":[0,1.75,0.1875,2],"texture":"#0"},"east":{"uv":[0.375,1.75,0.625,1.875],"rotation":270,"texture":"#0"},"south":{"uv":[0,1.75,0.1875,2],"rotation":180,"texture":"#0"},"west":{"uv":[0.375,1.75,0.625,1.875],"rotation":270,"texture":"#0"},"up":{"uv":[0.25,1.625,0.4375,1.75],"texture":"#0"},"down":{"uv":[0.25,1.625,0.4375,1.75],"rotation":180,"texture":"#0"}}},{"from":[7.5,6.03214,13.93155],"to":[8.5,8.03214,15.43155],"rotation":{"angle":0,"axis":"y","origin":[8,7.73214,15.98155]},"faces":{"north":{"uv":[0,1.625,0.25,1.75],"rotation":270,"texture":"#0"},"east":{"uv":[0,1.75,0.1875,2],"texture":"#0"},"south":{"uv":[0,1.625,0.25,1.75],"rotation":90,"texture":"#0"},"west":{"uv":[0,1.75,0.1875,2],"rotation":180,"texture":"#0"},"up":{"uv":[0.25,1.625,0.4375,1.75],"rotation":90,"texture":"#0"},"down":{"uv":[0.25,1.625,0.4375,1.75],"rotation":90,"texture":"#0"}}},{"from":[7.5,3.13214,13.93155],"to":[8.5,5.13214,15.43155],"rotation":{"angle":0,"axis":"y","origin":[8,7.73214,15.98155]},"faces":{"north":{"uv":[0,1.625,0.25,1.75],"rotation":270,"texture":"#0"},"east":{"uv":[0,1.75,0.1875,2],"texture":"#0"},"south":{"uv":[0,1.625,0.25,1.75],"rotation":90,"texture":"#0"},"west":{"uv":[0,1.75,0.1875,2],"rotation":180,"texture":"#0"},"up":{"uv":[0.25,1.625,0.4375,1.75],"rotation":90,"texture":"#0"},"down":{"uv":[0.25,1.625,0.4375,1.75],"rotation":90,"texture":"#0"}}},{"from":[7.25,6.5,11.61029],"to":[8.75,7.5,13.61029],"rotation":{"angle":45,"axis":"x","origin":[8,5.59865,14.74379]},"faces":{"north":{"uv":[0.25,1.625,0.4375,1.75],"texture":"#0"},"east":{"uv":[0,1.625,0.25,1.75],"texture":"#0"},"south":{"uv":[0.25,1.625,0.4375,1.75],"texture":"#0"},"west":{"uv":[0,1.625,0.25,1.75],"texture":"#0"},"up":{"uv":[0,1.75,0.1875,2],"texture":"#0"},"down":{"uv":[0,1.75,0.1875,2],"texture":"#0"}}},{"from":[7.25,4.63214,14.24514],"to":[8.75,6.63214,15.24514],"rotation":{"angle":0,"axis":"y","origin":[8,5.59865,14.74379]},"faces":{"north":{"uv":[0,1.75,0.1875,2],"rotation":180,"texture":"#0"},"east":{"uv":[0,1.625,0.25,1.75],"rotation":270,"texture":"#0"},"south":{"uv":[0,1.75,0.1875,2],"texture":"#0"},"west":{"uv":[0,1.625,0.25,1.75],"rotation":90,"texture":"#0"},"up":{"uv":[0.25,1.625,0.4375,1.75],"rotation":180,"texture":"#0"},"down":{"uv":[0.25,1.625,0.4375,1.75],"texture":"#0"}}},{"from":[9.9,5,-11.18155],"to":[9.9,24,1.81845],"rotation":{"angle":0,"axis":"y","origin":[8,6.03214,2.31845]},"faces":{"north":{"uv":[0.375,1.75,0.1875,2],"rotation":180,"texture":"#0"},"east":{"uv":[13.5625,6.1875,15.9375,7.8125],"rotation":270,"texture":"#0"},"south":{"uv":[0.375,1.75,0.1875,2],"rotation":180,"texture":"#0"},"west":{"uv":[13.5625,7.8125,15.9375,6.1875],"rotation":270,"texture":"#0"},"up":{"uv":[0.25,1.75,0.4375,1.625],"rotation":180,"texture":"#0"},"down":{"uv":[0.6875,1.75,0.875,1.625],"rotation":180,"texture":"#0"}}},{"from":[6.1,5,-11.18155],"to":[6.1,24,1.81845],"rotation":{"angle":0,"axis":"y","origin":[8,6.03214,2.31845]},"faces":{"north":{"uv":[0.1875,1.75,0.375,2],"rotation":180,"texture":"#0"},"east":{"uv":[13.5625,6.1875,15.9375,7.8125],"rotation":270,"texture":"#0"},"south":{"uv":[0.1875,1.75,0.375,2],"rotation":180,"texture":"#0"},"west":{"uv":[13.5625,7.8125,15.9375,6.1875],"rotation":270,"texture":"#0"},"up":{"uv":[0.4375,1.75,0.25,1.625],"rotation":180,"texture":"#0"},"down":{"uv":[0.875,1.75,0.6875,1.625],"rotation":180,"texture":"#0"}}},{"from":[4.5,10.5,11],"to":[11.5,19.5,13],"rotation":{"angle":0,"axis":"y","origin":[8,15.5,8]},"faces":{"north":{"uv":[1.625,2.0625,0.75,3.1875],"texture":"#0"},"east":{"uv":[1.875,2.0625,1.625,3.1875],"texture":"#0"},"south":{"uv":[1.625,2.0625,0.75,3.1875],"texture":"#0"},"west":{"uv":[1.875,2.0625,1.625,3.1875],"texture":"#0"},"up":{"uv":[0.75,2.0625,1.625,1.8125],"texture":"#0"},"down":{"uv":[0.75,2.0625,1.625,1.8125],"texture":"#0"}}},{"from":[5.9,8,5.25],"to":[5.9,10,10.75],"rotation":{"angle":0,"axis":"y","origin":[8,2.68501,8]},"faces":{"north":{"uv":[0,0,0,4],"texture":"#2"},"south":{"uv":[0,0,0,4],"texture":"#2"},"west":{"uv":[0,0,11,4],"texture":"#2"},"up":{"uv":[0,11,0,0],"texture":"#2"},"down":{"uv":[0,0,0,11],"texture":"#2"}}},{"from":[10.1,8,5.25],"to":[10.1,10,10.75],"rotation":{"angle":0,"axis":"y","origin":[8,2.68501,8]},"faces":{"north":{"uv":[0,0,0,4],"texture":"#2"},"east":{"uv":[11,0,0,4],"texture":"#2"},"south":{"uv":[0,0,0,4],"texture":"#2"},"up":{"uv":[0,11,0,0],"texture":"#2"},"down":{"uv":[0,0,0,11],"texture":"#2"}}},{"from":[7.5,10.16415,9.08048],"to":[8.5,11.66415,11.08048],"rotation":{"angle":-22.5,"axis":"x","origin":[8,11.53431,10.91032]},"faces":{"north":{"uv":[1.5,1.3125,1.375,1.5],"texture":"#0"},"east":{"uv":[1.375,1.3125,1.125,1.5],"texture":"#0"},"south":{"uv":[1.5,1.3125,1.375,1.5],"rotation":180,"texture":"#0"},"west":{"uv":[1.375,1.3125,1.125,1.5],"rotation":180,"texture":"#0"},"up":{"uv":[1.5625,1.1875,1.3125,1.3125],"rotation":270,"texture":"#0"},"down":{"uv":[1.5625,1.1875,1.3125,1.3125],"rotation":90,"texture":"#0"}}},{"from":[7.6,10.9,10.7],"to":[8.4,12.4,11.7],"rotation":{"angle":22.5,"axis":"x","origin":[8,11.53431,10.91032]},"faces":{"north":{"uv":[1.5,1.5375,1.6875,1.4375],"rotation":270,"texture":"#0"},"east":{"uv":[1.5,1.4375,1.6875,1.3125],"rotation":270,"texture":"#0"},"south":{"uv":[1.5,1.5375,1.6875,1.4375],"rotation":270,"texture":"#0"},"west":{"uv":[1.5,1.4375,1.6875,1.3125],"rotation":270,"texture":"#0"},"up":{"uv":[1.5875,1.3125,1.6875,1.1875],"texture":"#0"},"down":{"uv":[1.5875,1.3125,1.6875,1.1875],"texture":"#0"}}},{"from":[7.75,11.96415,11.18048],"to":[8.25,12.96415,11.68048],"rotation":{"angle":-22.5,"axis":"x","origin":[8,11.53431,10.91032]},"faces":{"north":{"uv":[1.375,1.5625,1.5,1.5],"rotation":90,"texture":"#0"},"east":{"uv":[1.375,1.5625,1.5,1.5],"rotation":90,"texture":"#0"},"south":{"uv":[1.375,1.5625,1.5,1.5],"rotation":270,"texture":"#0"},"west":{"uv":[1.375,1.5625,1.5,1.5],"rotation":270,"texture":"#0"},"up":{"uv":[1.3,1.5625,1.3625,1.5],"texture":"#0"},"down":{"uv":[1.3,1.5625,1.3625,1.5],"rotation":180,"texture":"#0"}}},{"from":[7.75,11.96415,4.31952],"to":[8.25,12.96415,4.81952],"rotation":{"angle":22.5,"axis":"x","origin":[8,11.53431,5.08968]},"faces":{"north":{"uv":[1.5,1.5625,1.375,1.5],"rotation":90,"texture":"#0"},"east":{"uv":[1.5,1.5625,1.375,1.5],"rotation":270,"texture":"#0"},"south":{"uv":[1.5,1.5625,1.375,1.5],"rotation":270,"texture":"#0"},"west":{"uv":[1.5,1.5625,1.375,1.5],"rotation":90,"texture":"#0"},"up":{"uv":[1.3625,1.5625,1.3,1.5],"rotation":180,"texture":"#0"},"down":{"uv":[1.3625,1.5625,1.3,1.5],"texture":"#0"}}},{"from":[7.6,10.9,4.3],"to":[8.4,12.4,5.3],"rotation":{"angle":-22.5,"axis":"x","origin":[8,11.53431,5.08968]},"faces":{"north":{"uv":[1.5,1.4375,1.6875,1.5375],"rotation":270,"texture":"#0"},"east":{"uv":[1.5,1.3125,1.6875,1.4375],"rotation":270,"texture":"#0"},"south":{"uv":[1.5,1.4375,1.6875,1.5375],"rotation":270,"texture":"#0"},"west":{"uv":[1.5,1.3125,1.6875,1.4375],"rotation":270,"texture":"#0"},"up":{"uv":[1.5875,1.1875,1.6875,1.3125],"texture":"#0"},"down":{"uv":[1.5875,1.1875,1.6875,1.3125],"texture":"#0"}}},{"from":[7.5,10.16415,4.91952],"to":[8.5,11.66415,6.91952],"rotation":{"angle":22.5,"axis":"x","origin":[8,11.53431,5.08968]},"faces":{"north":{"uv":[1.5,1.5,1.375,1.3125],"texture":"#0"},"east":{"uv":[1.375,1.5,1.125,1.3125],"rotation":180,"texture":"#0"},"south":{"uv":[1.5,1.5,1.375,1.3125],"rotation":180,"texture":"#0"},"west":{"uv":[1.375,1.5,1.125,1.3125],"texture":"#0"},"up":{"uv":[1.5625,1.3125,1.3125,1.1875],"rotation":90,"texture":"#0"},"down":{"uv":[1.5625,1.3125,1.3125,1.1875],"rotation":270,"texture":"#0"}}},{"from":[6.6,2.7,6.5],"to":[9.6,5.7,9.5],"rotation":{"angle":0,"axis":"y","origin":[8,2.68501,8]},"faces":{"north":{"uv":[2.4375,1.5625,2.0625,1.1875],"texture":"#0"},"east":{"uv":[2.0625,1.5625,1.6875,1.1875],"texture":"#0"},"south":{"uv":[2.4375,1.5625,2.0625,1.1875],"texture":"#0"},"west":{"uv":[2.0625,1.5625,1.6875,1.1875],"texture":"#0"},"up":{"uv":[2.4375,1.5625,2.8125,1.1875],"rotation":90,"texture":"#0"},"down":{"uv":[2.4375,1.5625,2.8125,1.1875],"rotation":90,"texture":"#0"}}},{"from":[11.4,3,4.7],"to":[11.4,12,9.7],"rotation":{"angle":-22.5,"axis":"z","origin":[16,10,0]},"faces":{"north":{"uv":[0,0,0,9],"texture":"#1"},"east":{"uv":[5,0,0,9],"texture":"#1"},"south":{"uv":[0,0,0,9],"texture":"#1"},"west":{"uv":[0,0,5,9],"texture":"#1"},"up":{"uv":[0,5,0,0],"texture":"#1"},"down":{"uv":[0,0,0,5],"texture":"#1"}}},{"from":[4.6,3,4.7],"to":[4.6,12,9.7],"rotation":{"angle":22.5,"axis":"z","origin":[0,10,0]},"faces":{"north":{"uv":[0,0,0,9],"texture":"#1"},"east":{"uv":[5,0,0,9],"texture":"#1"},"south":{"uv":[0,0,0,9],"texture":"#1"},"west":{"uv":[0,0,5,9],"texture":"#1"},"up":{"uv":[0,5,0,0],"texture":"#1"},"down":{"uv":[0,0,0,5],"texture":"#1"}}},{"from":[7.1,5.5,5.75],"to":[9.1,7.5,10.25],"rotation":{"angle":0,"axis":"y","origin":[8,2.68501,8]},"faces":{"north":{"uv":[3.6875,0.25,3.4375,0],"texture":"#0"},"east":{"uv":[3.4375,0.25,2.875,0],"texture":"#0"},"south":{"uv":[3.6875,0.25,3.4375,0],"texture":"#0"},"west":{"uv":[3.4375,0.25,2.875,0],"texture":"#0"},"up":{"uv":[2.875,0.5,3.4375,0.25],"rotation":90,"texture":"#0"},"down":{"uv":[2.875,0.5,3.4375,0.25],"rotation":90,"texture":"#0"}}},{"from":[6.85,7.60314,8.83279],"to":[9.15,10.10314,11.83279],"rotation":{"angle":-22.5,"axis":"x","origin":[8,11.43417,11.594]},"faces":{"north":{"uv":[0.525,0.375,0.8125,0.6875],"texture":"#0"},"east":{"uv":[0,0.6875,0.375,1],"texture":"#0"},"south":{"uv":[0.525,0.375,0.8125,0.6875],"texture":"#0"},"west":{"uv":[0.375,0.6875,0,1],"texture":"#0"},"up":{"uv":[0.375,1,0,1.2875],"rotation":90,"texture":"#0"},"down":{"uv":[0,1,0.375,1.2875],"rotation":90,"texture":"#0"}}},{"from":[7,8.84846,12.40862],"to":[9,11.84846,14.40862],"rotation":{"angle":22.5,"axis":"x","origin":[8,11.43417,11.594]},"faces":{"north":{"uv":[0.375,0.9375,0.75,1.1875],"rotation":270,"texture":"#0"},"east":{"uv":[0.375,0.6875,0.75,0.9375],"rotation":270,"texture":"#0"},"south":{"uv":[0.375,0.9375,0.75,1.1875],"rotation":270,"texture":"#0"},"west":{"uv":[0.375,0.9375,0.75,0.6875],"rotation":270,"texture":"#0"},"up":{"uv":[0.375,1.1875,0.625,1.4375],"texture":"#0"},"down":{"uv":[0.375,1.1875,0.625,1.4375],"texture":"#0"}}},{"from":[7,8.84846,1.59138],"to":[9,11.84846,3.59138],"rotation":{"angle":-22.5,"axis":"x","origin":[8,11.43417,4.406]},"faces":{"north":{"uv":[0.375,1.1875,0.75,0.9375],"rotation":270,"texture":"#0"},"east":{"uv":[0.375,0.9375,0.75,0.6875],"rotation":270,"texture":"#0"},"south":{"uv":[0.375,1.1875,0.75,0.9375],"rotation":270,"texture":"#0"},"west":{"uv":[0.375,0.6875,0.75,0.9375],"rotation":270,"texture":"#0"},"up":{"uv":[0.375,1.4375,0.625,1.1875],"texture":"#0"},"down":{"uv":[0.375,1.4375,0.625,1.1875],"texture":"#0"}}},{"from":[6.85,7.60314,4.16721],"to":[9.15,10.10314,7.16721],"rotation":{"angle":22.5,"axis":"x","origin":[8,11.43417,4.406]},"faces":{"north":{"uv":[0.8125,0.375,0.525,0.6875],"texture":"#0"},"east":{"uv":[0.375,0.6875,0,1],"texture":"#0"},"south":{"uv":[0.8125,0.375,0.525,0.6875],"texture":"#0"},"west":{"uv":[0,0.6875,0.375,1],"texture":"#0"},"up":{"uv":[0,1,0.375,1.2875],"rotation":90,"texture":"#0"},"down":{"uv":[0.375,1,0,1.2875],"rotation":90,"texture":"#0"}}},{"from":[6.75,-9.48922,-5.80421],"to":[9.25,-7.48922,-3.80421],"rotation":{"angle":-45,"axis":"x","origin":[8,4.31499,8]},"faces":{"north":{"uv":[1.6875,0.5,1.4375,0.25],"texture":"#0"},"east":{"uv":[1.6875,0,1.4375,0.25],"texture":"#0"},"south":{"uv":[1.6875,0.5,1.4375,0.75],"texture":"#0"},"west":{"uv":[1.6875,0,1.4375,0.25],"texture":"#0"},"up":{"uv":[1.6875,0.25,1.4375,0.5],"texture":"#0"},"down":{"uv":[1.6875,0.5,1.4375,0.75],"texture":"#0"}}},{"from":[4.05,5.98922,-5.80421],"to":[6.55,7.98922,-3.80421],"rotation":{"angle":45,"axis":"x","origin":[5.3,-5.81499,8]},"faces":{"north":{"uv":[1.6875,0.25,1.4375,0.5],"texture":"#0"},"east":{"uv":[1.6875,0.25,1.4375,0],"texture":"#0"},"south":{"uv":[1.6875,0.75,1.4375,0.5],"texture":"#0"},"west":{"uv":[1.6875,0.25,1.4375,0],"texture":"#0"},"up":{"uv":[1.6875,0.75,1.4375,0.5],"texture":"#0"},"down":{"uv":[1.6875,0.5,1.4375,0.25],"texture":"#0"}}},{"from":[4.9,5.48922,-5.30421],"to":[7.4,7.48922,-3.30421],"rotation":{"angle":45,"axis":"x","origin":[5.3,-5.81499,8]},"faces":{"north":{"uv":[1.6875,0.25,1.4375,0.5],"texture":"#0"},"east":{"uv":[1.6875,0.25,1.4375,0],"texture":"#0"},"south":{"uv":[1.6875,0.75,1.4375,0.5],"texture":"#0"},"west":{"uv":[1.6875,0.25,1.4375,0],"texture":"#0"},"up":{"uv":[1.6875,0.75,1.4375,0.5],"texture":"#0"},"down":{"uv":[1.6875,0.5,1.4375,0.25],"texture":"#0"}}},{"from":[4.4,11.3,8],"to":[5.4,12.8,10],"rotation":{"angle":-22.5,"axis":"x","origin":[4.9,12.775,9.575]},"faces":{"north":{"uv":[0.5,1.625,0.625,1.4375],"texture":"#0"},"east":{"uv":[0.875,1.5625,0.625,1.375],"texture":"#0"},"south":{"uv":[0.5,1.625,0.625,1.4375],"texture":"#0"},"west":{"uv":[0.625,1.5625,0.875,1.375],"texture":"#0"},"up":{"uv":[1.125,1.375,0.875,1.5],"rotation":90,"texture":"#0"},"down":{"uv":[1.125,1.375,0.875,1.5],"rotation":90,"texture":"#0"}}},{"from":[4.5,12.18188,9.52574],"to":[5.3,13.68188,10.52574],"rotation":{"angle":22.5,"axis":"x","origin":[4.9,12.775,9.575]},"faces":{"north":{"uv":[1.4375,1,1.25,1.1],"rotation":270,"texture":"#0"},"east":{"uv":[1.25,0.875,1.4375,1],"rotation":270,"texture":"#0"},"south":{"uv":[1.4375,1,1.25,1.1],"rotation":90,"texture":"#0"},"west":{"uv":[1.4375,0.875,1.25,1],"rotation":90,"texture":"#0"},"up":{"uv":[1.2125,1.25,1.3125,1.125],"texture":"#0"},"down":{"uv":[1.2125,1.25,1.3125,1.125],"rotation":180,"texture":"#0"}}},{"from":[4.65,13,9.9],"to":[5.15,14,10.4],"rotation":{"angle":-22.5,"axis":"x","origin":[4.9,12.775,9.575]},"faces":{"north":{"uv":[1.25,1.25,1.125,1.3125],"rotation":90,"texture":"#0"},"east":{"uv":[1.25,1.25,1.125,1.3125],"rotation":90,"texture":"#0"},"south":{"uv":[1.25,1.25,1.125,1.3125],"rotation":90,"texture":"#0"},"west":{"uv":[1.25,1.25,1.125,1.3125],"rotation":90,"texture":"#0"},"up":{"uv":[1.25,1.3125,1.3125,1.25],"texture":"#0"},"down":{"uv":[1.25,1.3125,1.3125,1.25],"texture":"#0"}}},{"from":[4.4,11.3,6],"to":[5.4,12.8,8],"rotation":{"angle":22.5,"axis":"x","origin":[4.9,12.775,6.425]},"faces":{"north":{"uv":[0.625,1.625,0.5,1.4375],"texture":"#0"},"east":{"uv":[0.625,1.5625,0.875,1.375],"texture":"#0"},"south":{"uv":[0.625,1.625,0.5,1.4375],"texture":"#0"},"west":{"uv":[0.875,1.5625,0.625,1.375],"texture":"#0"},"up":{"uv":[0.875,1.375,1.125,1.5],"rotation":90,"texture":"#0"},"down":{"uv":[0.875,1.375,1.125,1.5],"rotation":90,"texture":"#0"}}},{"from":[4.5,12.18188,5.47426],"to":[5.3,13.68188,6.47426],"rotation":{"angle":-22.5,"axis":"x","origin":[4.9,12.775,6.425]},"faces":{"north":{"uv":[1.4375,1.1,1.25,1],"rotation":90,"texture":"#0"},"east":{"uv":[1.25,1,1.4375,0.875],"rotation":270,"texture":"#0"},"south":{"uv":[1.4375,1.1,1.25,1],"rotation":270,"texture":"#0"},"west":{"uv":[1.4375,1,1.25,0.875],"rotation":90,"texture":"#0"},"up":{"uv":[1.2125,1.125,1.3125,1.25],"texture":"#0"},"down":{"uv":[1.2125,1.125,1.3125,1.25],"rotation":180,"texture":"#0"}}},{"from":[4.65,13,5.6],"to":[5.15,14,6.1],"rotation":{"angle":22.5,"axis":"x","origin":[4.9,12.775,6.425]},"faces":{"north":{"uv":[1.25,1.3125,1.125,1.25],"rotation":90,"texture":"#0"},"east":{"uv":[1.25,1.3125,1.125,1.25],"rotation":90,"texture":"#0"},"south":{"uv":[1.25,1.3125,1.125,1.25],"rotation":90,"texture":"#0"},"west":{"uv":[1.25,1.3125,1.125,1.25],"rotation":90,"texture":"#0"},"up":{"uv":[1.25,1.25,1.3125,1.3125],"texture":"#0"},"down":{"uv":[1.25,1.25,1.3125,1.3125],"texture":"#0"}}},{"from":[10.85,13,9.9],"to":[11.35,14,10.4],"rotation":{"angle":-22.5,"axis":"x","origin":[11.1,12.775,9.575]},"faces":{"north":{"uv":[1.25,1.3125,1.125,1.25],"rotation":90,"texture":"#0"},"east":{"uv":[1.25,1.3125,1.125,1.25],"rotation":90,"texture":"#0"},"south":{"uv":[1.25,1.3125,1.125,1.25],"rotation":90,"texture":"#0"},"west":{"uv":[1.25,1.3125,1.125,1.25],"rotation":90,"texture":"#0"},"up":{"uv":[1.3125,1.3125,1.25,1.25],"texture":"#0"},"down":{"uv":[1.3125,1.3125,1.25,1.25],"texture":"#0"}}},{"from":[10.7,12.18188,9.52574],"to":[11.5,13.68188,10.52574],"rotation":{"angle":22.5,"axis":"x","origin":[11.1,12.775,9.575]},"faces":{"north":{"uv":[1.4375,1.1,1.25,1],"rotation":270,"texture":"#0"},"east":{"uv":[1.4375,1,1.25,0.875],"rotation":90,"texture":"#0"},"south":{"uv":[1.4375,1.1,1.25,1],"rotation":90,"texture":"#0"},"west":{"uv":[1.25,1,1.4375,0.875],"rotation":270,"texture":"#0"},"up":{"uv":[1.3125,1.25,1.2125,1.125],"texture":"#0"},"down":{"uv":[1.3125,1.25,1.2125,1.125],"rotation":180,"texture":"#0"}}},{"from":[10.6,11.3,8],"to":[11.6,12.8,10],"rotation":{"angle":-22.5,"axis":"x","origin":[11.1,12.775,9.575]},"faces":{"north":{"uv":[0.625,1.625,0.5,1.4375],"texture":"#0"},"east":{"uv":[0.875,1.5625,0.625,1.375],"texture":"#0"},"south":{"uv":[0.625,1.625,0.5,1.4375],"texture":"#0"},"west":{"uv":[0.625,1.5625,0.875,1.375],"texture":"#0"},"up":{"uv":[1.125,1.5,0.875,1.375],"rotation":90,"texture":"#0"},"down":{"uv":[1.125,1.5,0.875,1.375],"rotation":90,"texture":"#0"}}},{"from":[9.45,5.98922,-5.80421],"to":[11.95,7.98922,-3.80421],"rotation":{"angle":45,"axis":"x","origin":[10.7,-5.81499,8]},"faces":{"north":{"uv":[1.4375,0.25,1.6875,0.5],"texture":"#0"},"east":{"uv":[1.4375,0.25,1.6875,0],"texture":"#0"},"south":{"uv":[1.4375,0.75,1.6875,0.5],"texture":"#0"},"west":{"uv":[1.4375,0.25,1.6875,0],"texture":"#0"},"up":{"uv":[1.4375,0.75,1.6875,0.5],"texture":"#0"},"down":{"uv":[1.4375,0.5,1.6875,0.25],"texture":"#0"}}},{"from":[10.85,13,5.6],"to":[11.35,14,6.1],"rotation":{"angle":22.5,"axis":"x","origin":[11.1,12.775,6.425]},"faces":{"north":{"uv":[1.25,1.25,1.125,1.3125],"rotation":90,"texture":"#0"},"east":{"uv":[1.25,1.25,1.125,1.3125],"rotation":90,"texture":"#0"},"south":{"uv":[1.25,1.25,1.125,1.3125],"rotation":90,"texture":"#0"},"west":{"uv":[1.25,1.25,1.125,1.3125],"rotation":90,"texture":"#0"},"up":{"uv":[1.3125,1.25,1.25,1.3125],"texture":"#0"},"down":{"uv":[1.3125,1.25,1.25,1.3125],"texture":"#0"}}},{"from":[10.7,12.18188,5.47426],"to":[11.5,13.68188,6.47426],"rotation":{"angle":-22.5,"axis":"x","origin":[11.1,12.775,6.425]},"faces":{"north":{"uv":[1.4375,1,1.25,1.1],"rotation":90,"texture":"#0"},"east":{"uv":[1.4375,0.875,1.25,1],"rotation":90,"texture":"#0"},"south":{"uv":[1.4375,1,1.25,1.1],"rotation":270,"texture":"#0"},"west":{"uv":[1.25,0.875,1.4375,1],"rotation":270,"texture":"#0"},"up":{"uv":[1.3125,1.125,1.2125,1.25],"texture":"#0"},"down":{"uv":[1.3125,1.125,1.2125,1.25],"rotation":180,"texture":"#0"}}},{"from":[10.6,11.3,6],"to":[11.6,12.8,8],"rotation":{"angle":22.5,"axis":"x","origin":[11.1,12.775,6.425]},"faces":{"north":{"uv":[0.5,1.625,0.625,1.4375],"texture":"#0"},"east":{"uv":[0.625,1.5625,0.875,1.375],"texture":"#0"},"south":{"uv":[0.5,1.625,0.625,1.4375],"texture":"#0"},"west":{"uv":[0.875,1.5625,0.625,1.375],"texture":"#0"},"up":{"uv":[0.875,1.5,1.125,1.375],"rotation":90,"texture":"#0"},"down":{"uv":[0.875,1.5,1.125,1.375],"rotation":90,"texture":"#0"}}},{"from":[8.45,5.48922,-5.30421],"to":[10.95,7.48922,-3.30421],"rotation":{"angle":45,"axis":"x","origin":[10.7,-5.81499,8]},"faces":{"north":{"uv":[1.4375,0.25,1.6875,0.5],"texture":"#0"},"east":{"uv":[1.4375,0.25,1.6875,0],"texture":"#0"},"south":{"uv":[1.4375,0.75,1.6875,0.5],"texture":"#0"},"west":{"uv":[1.4375,0.25,1.6875,0],"texture":"#0"},"up":{"uv":[1.4375,0.75,1.6875,0.5],"texture":"#0"},"down":{"uv":[1.4375,0.5,1.6875,0.25],"texture":"#0"}}},{"from":[7,-13.5,7],"to":[9,-12,9],"rotation":{"angle":0,"axis":"y","origin":[8,4.31499,8]},"faces":{"north":{"uv":[1.4375,0.75,1.6875,0.9375],"texture":"#0"},"east":{"uv":[1.4375,0.75,1.6875,0.9375],"texture":"#0"},"south":{"uv":[1.4375,0.75,1.6875,0.9375],"texture":"#0"},"west":{"uv":[1.4375,0.75,1.6875,0.9375],"texture":"#0"},"up":{"uv":[1.4375,0.9375,1.6875,1.1875],"texture":"#0"},"down":{"uv":[1.4375,0.9375,1.6875,1.1875],"texture":"#0"}}},{"from":[7,2.5,7],"to":[9,4,9],"rotation":{"angle":0,"axis":"y","origin":[8,4.31499,8]},"faces":{"north":{"uv":[1.4375,0.9375,1.6875,0.75],"texture":"#0"},"east":{"uv":[1.4375,0.9375,1.6875,0.75],"texture":"#0"},"south":{"uv":[1.4375,0.9375,1.6875,0.75],"texture":"#0"},"west":{"uv":[1.4375,0.9375,1.6875,0.75],"texture":"#0"},"up":{"uv":[1.4375,0.9375,1.6875,1.1875],"texture":"#0"},"down":{"uv":[1.4375,0.9375,1.6875,1.1875],"texture":"#0"}}},{"from":[7,-11,7],"to":[9,-9.5,9],"rotation":{"angle":0,"axis":"y","origin":[8,4.31499,8]},"faces":{"north":{"uv":[1.4375,0.75,1.6875,0.9375],"texture":"#0"},"east":{"uv":[1.4375,0.75,1.6875,0.9375],"texture":"#0"},"south":{"uv":[1.4375,0.75,1.6875,0.9375],"texture":"#0"},"west":{"uv":[1.4375,0.75,1.6875,0.9375],"texture":"#0"},"up":{"uv":[1.4375,0.9375,1.6875,1.1875],"texture":"#0"},"down":{"uv":[1.4375,0.9375,1.6875,1.1875],"texture":"#0"}}},{"from":[7,-9,7],"to":[9,-7.5,9],"rotation":{"angle":0,"axis":"y","origin":[8,4.31499,8]},"faces":{"north":{"uv":[1.4375,0.75,1.6875,0.9375],"texture":"#0"},"east":{"uv":[1.4375,0.75,1.6875,0.9375],"texture":"#0"},"south":{"uv":[1.4375,0.75,1.6875,0.9375],"texture":"#0"},"west":{"uv":[1.4375,0.75,1.6875,0.9375],"texture":"#0"},"up":{"uv":[1.4375,0.9375,1.6875,1.1875],"texture":"#0"},"down":{"uv":[1.4375,0.9375,1.6875,1.1875],"texture":"#0"}}},{"from":[7,-7,7],"to":[9,-5.5,9],"rotation":{"angle":0,"axis":"y","origin":[8,4.31499,8]},"faces":{"north":{"uv":[1.4375,0.75,1.6875,0.9375],"texture":"#0"},"east":{"uv":[1.4375,0.75,1.6875,0.9375],"texture":"#0"},"south":{"uv":[1.4375,0.75,1.6875,0.9375],"texture":"#0"},"west":{"uv":[1.4375,0.75,1.6875,0.9375],"texture":"#0"},"up":{"uv":[1.4375,0.9375,1.6875,1.1875],"texture":"#0"},"down":{"uv":[1.4375,0.9375,1.6875,1.1875],"texture":"#0"}}},{"from":[7,-1,7],"to":[9,0.5,9],"rotation":{"angle":0,"axis":"y","origin":[8,4.31499,8]},"faces":{"north":{"uv":[1.4375,0.75,1.6875,0.9375],"texture":"#0"},"east":{"uv":[1.4375,0.75,1.6875,0.9375],"texture":"#0"},"south":{"uv":[1.4375,0.75,1.6875,0.9375],"texture":"#0"},"west":{"uv":[1.4375,0.75,1.6875,0.9375],"texture":"#0"},"up":{"uv":[1.4375,0.9375,1.6875,1.1875],"texture":"#0"},"down":{"uv":[1.4375,0.9375,1.6875,1.1875],"texture":"#0"}}},{"from":[7,-3,7],"to":[9,-1.5,9],"rotation":{"angle":0,"axis":"y","origin":[8,4.31499,8]},"faces":{"north":{"uv":[1.4375,0.75,1.6875,0.9375],"texture":"#0"},"east":{"uv":[1.4375,0.75,1.6875,0.9375],"texture":"#0"},"south":{"uv":[1.4375,0.75,1.6875,0.9375],"texture":"#0"},"west":{"uv":[1.4375,0.75,1.6875,0.9375],"texture":"#0"},"up":{"uv":[1.4375,0.9375,1.6875,1.1875],"texture":"#0"},"down":{"uv":[1.4375,0.9375,1.6875,1.1875],"texture":"#0"}}},{"from":[7,-5,7],"to":[9,-3.5,9],"rotation":{"angle":0,"axis":"y","origin":[8,4.31499,8]},"faces":{"north":{"uv":[1.4375,0.75,1.6875,0.9375],"texture":"#0"},"east":{"uv":[1.4375,0.75,1.6875,0.9375],"texture":"#0"},"south":{"uv":[1.4375,0.75,1.6875,0.9375],"texture":"#0"},"west":{"uv":[1.4375,0.75,1.6875,0.9375],"texture":"#0"},"up":{"uv":[1.4375,0.9375,1.6875,1.1875],"texture":"#0"},"down":{"uv":[1.4375,0.9375,1.6875,1.1875],"texture":"#0"}}},{"from":[7,1,7],"to":[9,2.5,9],"rotation":{"angle":0,"axis":"y","origin":[8,4.31499,8]},"faces":{"north":{"uv":[1.4375,0.75,1.6875,0.9375],"texture":"#0"},"east":{"uv":[1.4375,0.75,1.6875,0.9375],"texture":"#0"},"south":{"uv":[1.4375,0.75,1.6875,0.9375],"texture":"#0"},"west":{"uv":[1.4375,0.75,1.6875,0.9375],"texture":"#0"},"up":{"uv":[1.4375,0.9375,1.6875,1.1875],"texture":"#0"},"down":{"uv":[1.4375,0.9375,1.6875,1.1875],"texture":"#0"}}},{"from":[8,-14,11],"to":[8,-7,17],"rotation":{"angle":45,"axis":"x","origin":[8,-5.5,4]},"faces":{"north":{"uv":[0,10,0,0],"texture":"#3"},"east":{"uv":[12,14,0,0],"texture":"#3"},"south":{"uv":[0,10,0,0],"texture":"#3"},"west":{"uv":[0,14,12,0],"texture":"#3"},"up":{"uv":[0,10,0,0],"texture":"#3"},"down":{"uv":[0,0,0,10],"texture":"#3"}}},{"from":[7,6.71104,4.96541],"to":[9,8.21104,6.96541],"rotation":{"angle":0,"axis":"y","origin":[8,6.53564,4.78664]},"faces":{"north":{"uv":[1.25,1.125,1,0.9375],"texture":"#0"},"east":{"uv":[1,1.0625,0.75,0.875],"texture":"#0"},"south":{"uv":[1.25,1.125,1,0.9375],"texture":"#0"},"west":{"uv":[1,1.0625,0.75,0.875],"texture":"#0"},"up":{"uv":[1,0.6875,1.25,0.9375],"rotation":90,"texture":"#0"},"down":{"uv":[1,0.6875,1.25,0.9375],"rotation":90,"texture":"#0"}}},{"from":[7.25,6.40065,3.70775],"to":[8.75,7.90065,5.20775],"rotation":{"angle":45,"axis":"x","origin":[8,6.53564,4.78664]},"faces":{"north":{"uv":[0.375,1.5,0.1875,1.3125],"rotation":270,"texture":"#0"},"east":{"uv":[1,1.0625,0.8125,1.25],"rotation":270,"texture":"#0"},"south":{"uv":[0.375,1.5,0.1875,1.3125],"rotation":270,"texture":"#0"},"west":{"uv":[1,1.25,0.8125,1.0625],"rotation":270,"texture":"#0"},"up":{"uv":[0.625,1.1875,0.8125,1.375],"texture":"#0"},"down":{"uv":[0.625,1.1875,0.8125,1.375],"texture":"#0"}}},{"from":[7.5,4.90065,3.85775],"to":[8.5,6.40065,4.85775],"rotation":{"angle":45,"axis":"x","origin":[8,6.53564,4.78664]},"faces":{"north":{"uv":[1.1875,1.25,1,1.125],"rotation":270,"texture":"#0"},"east":{"uv":[1,1.25,0.8125,1.375],"rotation":270,"texture":"#0"},"south":{"uv":[1.1875,1.25,1,1.125],"rotation":270,"texture":"#0"},"west":{"uv":[1,1.375,0.8125,1.25],"rotation":270,"texture":"#0"},"up":{"uv":[1,1.25,1.125,1.375],"texture":"#0"},"down":{"uv":[1,1.25,1.125,1.375],"texture":"#0"}}},{"from":[7.65,5.02699,3.8542],"to":[8.35,5.52699,4.8542],"rotation":{"angle":-22.5,"axis":"x","origin":[8,6.53564,4.78664]},"faces":{"north":{"uv":[0.5,1.5,0.4125,1.5625],"texture":"#0"},"east":{"uv":[0.375,1.5,0.5,1.4375],"rotation":180,"texture":"#0"},"south":{"uv":[0.5,1.5,0.4125,1.5625],"texture":"#0"},"west":{"uv":[0.375,1.5,0.5,1.4375],"rotation":180,"texture":"#0"},"up":{"uv":[0.25,1.5875,0.375,1.5],"rotation":90,"texture":"#0"},"down":{"uv":[0.25,1.5875,0.375,1.5],"rotation":90,"texture":"#0"}}},{"from":[7.6,5,4.8],"to":[8.4,5.5,5.8],"rotation":{"angle":45,"axis":"x","origin":[8,6.53564,4.78664]},"faces":{"north":{"uv":[0.25,1.5,0.1875,1.625],"rotation":270,"texture":"#0"},"east":{"uv":[0,1.625,0.0625,1.5],"rotation":270,"texture":"#0"},"south":{"uv":[0.25,1.5,0.1875,1.625],"rotation":270,"texture":"#0"},"west":{"uv":[0.0625,1.625,0,1.5],"rotation":270,"texture":"#0"},"up":{"uv":[0.0625,1.625,0.1875,1.5],"rotation":180,"texture":"#0"},"down":{"uv":[0.0625,1.5,0.1875,1.625],"rotation":180,"texture":"#0"}}},{"from":[7,6.71104,9.03459],"to":[9,8.21104,11.03459],"rotation":{"angle":0,"axis":"y","origin":[8,6.53564,11.21336]},"faces":{"north":{"uv":[1,1.125,1.25,0.9375],"texture":"#0"},"east":{"uv":[0.75,1.0625,1,0.875],"texture":"#0"},"south":{"uv":[1,1.125,1.25,0.9375],"texture":"#0"},"west":{"uv":[0.75,1.0625,1,0.875],"texture":"#0"},"up":{"uv":[1.25,0.6875,1,0.9375],"rotation":90,"texture":"#0"},"down":{"uv":[1.25,0.6875,1,0.9375],"rotation":90,"texture":"#0"}}},{"from":[7.25,6.40065,10.79225],"to":[8.75,7.90065,12.29225],"rotation":{"angle":-45,"axis":"x","origin":[8,6.53564,11.21336]},"faces":{"north":{"uv":[0.375,1.3125,0.1875,1.5],"rotation":270,"texture":"#0"},"east":{"uv":[1,1.25,0.8125,1.0625],"rotation":270,"texture":"#0"},"south":{"uv":[0.375,1.3125,0.1875,1.5],"rotation":270,"texture":"#0"},"west":{"uv":[1,1.0625,0.8125,1.25],"rotation":270,"texture":"#0"},"up":{"uv":[0.625,1.375,0.8125,1.1875],"texture":"#0"},"down":{"uv":[0.625,1.375,0.8125,1.1875],"texture":"#0"}}},{"from":[7.5,4.90065,11.14225],"to":[8.5,6.40065,12.14225],"rotation":{"angle":-45,"axis":"x","origin":[8,6.53564,11.21336]},"faces":{"north":{"uv":[1.1875,1.125,1,1.25],"rotation":270,"texture":"#0"},"east":{"uv":[1,1.375,0.8125,1.25],"rotation":270,"texture":"#0"},"south":{"uv":[1.1875,1.125,1,1.25],"rotation":270,"texture":"#0"},"west":{"uv":[1,1.25,0.8125,1.375],"rotation":270,"texture":"#0"},"up":{"uv":[1,1.375,1.125,1.25],"texture":"#0"},"down":{"uv":[1,1.375,1.125,1.25],"texture":"#0"}}},{"from":[7.6,5,10.2],"to":[8.4,5.5,11.2],"rotation":{"angle":-45,"axis":"x","origin":[8,6.53564,11.21336]},"faces":{"north":{"uv":[0.25,1.625,0.1875,1.5],"rotation":270,"texture":"#0"},"east":{"uv":[0,1.5,0.0625,1.625],"rotation":270,"texture":"#0"},"south":{"uv":[0.25,1.625,0.1875,1.5],"rotation":270,"texture":"#0"},"west":{"uv":[0.0625,1.5,0,1.625],"rotation":270,"texture":"#0"},"up":{"uv":[0.0625,1.5,0.1875,1.625],"rotation":180,"texture":"#0"},"down":{"uv":[0.0625,1.625,0.1875,1.5],"rotation":180,"texture":"#0"}}},{"from":[7.65,5.02699,11.1458],"to":[8.35,5.52699,12.1458],"rotation":{"angle":22.5,"axis":"x","origin":[8,6.53564,11.21336]},"faces":{"north":{"uv":[0.4125,1.5,0.5,1.5625],"texture":"#0"},"east":{"uv":[0.5,1.5,0.375,1.4375],"rotation":180,"texture":"#0"},"south":{"uv":[0.4125,1.5,0.5,1.5625],"texture":"#0"},"west":{"uv":[0.5,1.5,0.375,1.4375],"rotation":180,"texture":"#0"},"up":{"uv":[0.375,1.5875,0.25,1.5],"rotation":90,"texture":"#0"},"down":{"uv":[0.375,1.5875,0.25,1.5],"rotation":90,"texture":"#0"}}}],"gui_light":"front","display":{"thirdperson_righthand":{"translation":[0,8,1.25],"scale":[0.65,0.65,0.65]},"thirdperson_lefthand":{"translation":[0,8,1.25],"scale":[0.65,0.65,0.65]},"firstperson_righthand":{"rotation":[5,0,0],"translation":[4,5.75,0],"scale":[0.33164,0.33164,0.33164]},"firstperson_lefthand":{"rotation":[5,0,0],"translation":[4,5.75,0],"scale":[0.33164,0.33164,0.33164]},"ground":{"rotation":[-45,0,0],"translation":[0,9,0],"scale":[0.45,0.45,0.45]},"gui":{"rotation":[-90,-45,-90],"translation":[-0.5,-0.25,-1.5],"scale":[0.4082,0.4082,0.4082]},"head":{"scale":[0,0,0]},"fixed":{"rotation":[0,-90,0],"translation":[0.5,12.75,-3],"scale":[1.6,1.6,1.6]}}}