{"credit":"MadewithBlockbench","texture_size":[128,128],"textures":{"0":"elitecreatures:skeleton_overlord_animated_weapon_set/skeletonoverlord_texture_01","3":"elitecreatures:skeleton_overlord_animated_weapon_set/skeletonoverlord_animation_03","particle":"elitecreatures:skeleton_overlord_animated_weapon_set/skeletonoverlord_texture_01"},"elements":[{"from":[7.5,-1.5,8],"to":[8.5,0,10],"rotation":{"angle":-22.5,"axis":"x","origin":[8,-0.025,9.575]},"faces":{"north":{"uv":[0.5,1.625,0.625,1.4375],"texture":"#0"},"east":{"uv":[0.875,1.5625,0.625,1.375],"texture":"#0"},"south":{"uv":[0.5,1.625,0.625,1.4375],"texture":"#0"},"west":{"uv":[0.625,1.5625,0.875,1.375],"texture":"#0"},"up":{"uv":[1.125,1.375,0.875,1.5],"rotation":90,"texture":"#0"},"down":{"uv":[1.125,1.375,0.875,1.5],"rotation":90,"texture":"#0"}}},{"from":[7.6,-0.61812,9.52574],"to":[8.4,0.88188,10.52574],"rotation":{"angle":22.5,"axis":"x","origin":[8,-0.025,9.575]},"faces":{"north":{"uv":[1.4375,1,1.25,1.1],"rotation":270,"texture":"#0"},"east":{"uv":[1.25,0.875,1.4375,1],"rotation":270,"texture":"#0"},"south":{"uv":[1.4375,1,1.25,1.1],"rotation":90,"texture":"#0"},"west":{"uv":[1.4375,0.875,1.25,1],"rotation":90,"texture":"#0"},"up":{"uv":[1.2125,1.25,1.3125,1.125],"texture":"#0"},"down":{"uv":[1.2125,1.25,1.3125,1.125],"rotation":180,"texture":"#0"}}},{"from":[7.75,0.2,9.9],"to":[8.25,1.2,10.4],"rotation":{"angle":-22.5,"axis":"x","origin":[8,-0.025,9.575]},"faces":{"north":{"uv":[1.25,1.25,1.125,1.3125],"rotation":90,"texture":"#0"},"east":{"uv":[1.25,1.25,1.125,1.3125],"rotation":90,"texture":"#0"},"south":{"uv":[1.25,1.25,1.125,1.3125],"rotation":90,"texture":"#0"},"west":{"uv":[1.25,1.25,1.125,1.3125],"rotation":90,"texture":"#0"},"up":{"uv":[1.25,1.3125,1.3125,1.25],"texture":"#0"},"down":{"uv":[1.25,1.3125,1.3125,1.25],"texture":"#0"}}},{"from":[7.5,-1.5,6],"to":[8.5,0,8],"rotation":{"angle":22.5,"axis":"x","origin":[8,-0.025,6.425]},"faces":{"north":{"uv":[0.625,1.625,0.5,1.4375],"texture":"#0"},"east":{"uv":[0.625,1.5625,0.875,1.375],"texture":"#0"},"south":{"uv":[0.625,1.625,0.5,1.4375],"texture":"#0"},"west":{"uv":[0.875,1.5625,0.625,1.375],"texture":"#0"},"up":{"uv":[0.875,1.375,1.125,1.5],"rotation":90,"texture":"#0"},"down":{"uv":[0.875,1.375,1.125,1.5],"rotation":90,"texture":"#0"}}},{"from":[7.6,-0.61812,5.47426],"to":[8.4,0.88188,6.47426],"rotation":{"angle":-22.5,"axis":"x","origin":[8,-0.025,6.425]},"faces":{"north":{"uv":[1.4375,1.1,1.25,1],"rotation":90,"texture":"#0"},"east":{"uv":[1.25,1,1.4375,0.875],"rotation":270,"texture":"#0"},"south":{"uv":[1.4375,1.1,1.25,1],"rotation":270,"texture":"#0"},"west":{"uv":[1.4375,1,1.25,0.875],"rotation":90,"texture":"#0"},"up":{"uv":[1.2125,1.125,1.3125,1.25],"texture":"#0"},"down":{"uv":[1.2125,1.125,1.3125,1.25],"rotation":180,"texture":"#0"}}},{"from":[7.75,0.2,5.6],"to":[8.25,1.2,6.1],"rotation":{"angle":22.5,"axis":"x","origin":[8,-0.025,6.425]},"faces":{"north":{"uv":[1.25,1.3125,1.125,1.25],"rotation":90,"texture":"#0"},"east":{"uv":[1.25,1.3125,1.125,1.25],"rotation":90,"texture":"#0"},"south":{"uv":[1.25,1.3125,1.125,1.25],"rotation":90,"texture":"#0"},"west":{"uv":[1.25,1.3125,1.125,1.25],"rotation":90,"texture":"#0"},"up":{"uv":[1.25,1.25,1.3125,1.3125],"texture":"#0"},"down":{"uv":[1.25,1.25,1.3125,1.3125],"texture":"#0"}}},{"from":[6.75,-6.51078,-5.80421],"to":[9.25,-4.51078,-3.80421],"rotation":{"angle":45,"axis":"x","origin":[8,-18.31499,8]},"faces":{"north":{"uv":[1.6875,0.25,1.4375,0.5],"texture":"#0"},"east":{"uv":[1.6875,0.25,1.4375,0],"texture":"#0"},"south":{"uv":[1.6875,0.75,1.4375,0.5],"texture":"#0"},"west":{"uv":[1.6875,0.25,1.4375,0],"texture":"#0"},"up":{"uv":[1.6875,0.75,1.4375,0.5],"texture":"#0"},"down":{"uv":[1.6875,0.5,1.4375,0.25],"texture":"#0"}}},{"from":[7,-2,7],"to":[9,-0.5,9],"rotation":{"angle":0,"axis":"y","origin":[8,-18.31499,8]},"faces":{"north":{"uv":[1.4375,0.9375,1.6875,0.75],"texture":"#0"},"east":{"uv":[1.4375,0.9375,1.6875,0.75],"texture":"#0"},"south":{"uv":[1.4375,0.9375,1.6875,0.75],"texture":"#0"},"west":{"uv":[1.4375,0.9375,1.6875,0.75],"texture":"#0"},"up":{"uv":[1.4375,1.1875,1.6875,0.9375],"texture":"#0"},"down":{"uv":[1.4375,1.1875,1.6875,0.9375],"texture":"#0"}}},{"from":[7.5,-4.96786,7.23155],"to":[8.5,-2.96786,8.73155],"rotation":{"angle":0,"axis":"y","origin":[8,-3.26786,14.98155]},"faces":{"north":{"uv":[0,1.625,0.25,1.75],"rotation":270,"texture":"#0"},"east":{"uv":[0,1.75,0.1875,2],"texture":"#0"},"south":{"uv":[0,1.625,0.25,1.75],"rotation":90,"texture":"#0"},"west":{"uv":[0,1.75,0.1875,2],"rotation":180,"texture":"#0"},"up":{"uv":[0.25,1.625,0.4375,1.75],"rotation":90,"texture":"#0"},"down":{"uv":[0.25,1.625,0.4375,1.75],"rotation":90,"texture":"#0"}}},{"from":[7.5,-7.86786,7.23155],"to":[8.5,-5.86786,8.73155],"rotation":{"angle":0,"axis":"y","origin":[8,-3.26786,14.98155]},"faces":{"north":{"uv":[0.375,1.75,0.625,1.875],"rotation":90,"texture":"#0"},"east":{"uv":[0,1.75,0.1875,2],"texture":"#0"},"south":{"uv":[0.375,1.75,0.625,1.875],"rotation":90,"texture":"#0"},"west":{"uv":[0,1.75,0.1875,2],"rotation":180,"texture":"#0"},"up":{"uv":[0.25,1.625,0.4375,1.75],"rotation":90,"texture":"#0"},"down":{"uv":[0.25,1.625,0.4375,1.75],"rotation":90,"texture":"#0"}}},{"from":[7.25,-6.4,7.48155],"to":[8.75,-4.4,8.48155],"rotation":{"angle":0,"axis":"y","origin":[8,-5.96786,13.68155]},"faces":{"north":{"uv":[0,1.75,0.1875,2],"texture":"#0"},"east":{"uv":[0.375,1.75,0.625,1.875],"rotation":270,"texture":"#0"},"south":{"uv":[0,1.75,0.1875,2],"rotation":180,"texture":"#0"},"west":{"uv":[0.375,1.75,0.625,1.875],"rotation":270,"texture":"#0"},"up":{"uv":[0.25,1.625,0.4375,1.75],"texture":"#0"},"down":{"uv":[0.25,1.625,0.4375,1.75],"rotation":180,"texture":"#0"}}},{"from":[7.25,-9.4,7.48155],"to":[8.75,-7.4,8.48155],"rotation":{"angle":0,"axis":"y","origin":[8,-5.96786,13.68155]},"faces":{"north":{"uv":[0.1875,1.75,0.375,2],"rotation":180,"texture":"#0"},"east":{"uv":[0.4375,1.625,0.6875,1.75],"rotation":270,"texture":"#0"},"south":{"uv":[0.1875,1.75,0.375,2],"rotation":180,"texture":"#0"},"west":{"uv":[0.4375,1.625,0.6875,1.75],"rotation":270,"texture":"#0"},"up":{"uv":[0.25,1.625,0.4375,1.75],"rotation":180,"texture":"#0"},"down":{"uv":[0.6875,1.625,0.875,1.75],"rotation":180,"texture":"#0"}}},{"from":[7.7,-7,11],"to":[7.7,0,17],"rotation":{"angle":-45,"axis":"x","origin":[8,-8.5,4]},"faces":{"north":{"uv":[0,0,0,10],"texture":"#3"},"east":{"uv":[12,0,0,14],"texture":"#3"},"south":{"uv":[0,0,0,10],"texture":"#3"},"west":{"uv":[0,0,12,14],"texture":"#3"},"up":{"uv":[0,10,0,0],"texture":"#3"},"down":{"uv":[0,0,0,10],"texture":"#3"}}},{"from":[8.3,-7,11],"to":[8.3,0,17],"rotation":{"angle":-45,"axis":"x","origin":[8,-8.5,4]},"faces":{"north":{"uv":[0,0,0,10],"texture":"#3"},"east":{"uv":[12,0,0,14],"texture":"#3"},"south":{"uv":[0,0,0,10],"texture":"#3"},"west":{"uv":[0,0,12,14],"texture":"#3"},"up":{"uv":[0,10,0,0],"texture":"#3"},"down":{"uv":[0,0,0,10],"texture":"#3"}}},{"from":[8,-11.5,6.5],"to":[8,-8.5,9.5],"rotation":{"angle":0,"axis":"y","origin":[0,2,16.4]},"faces":{"north":{"uv":[0,0,0,0.375],"texture":"#missing"},"east":{"uv":[14.125,2.5625,13.75,2.9375],"texture":"#0"},"south":{"uv":[0,0,0,0.375],"texture":"#missing"},"west":{"uv":[14.125,2.5625,13.75,2.9375],"texture":"#0"},"up":{"uv":[0,0.375,0,0],"texture":"#missing"},"down":{"uv":[0,0.375,0,0],"texture":"#missing"}}},{"from":[7.25,-3.6,7.5],"to":[8.75,-1.6,8.5],"rotation":{"angle":0,"axis":"y","origin":[8,-5.40135,13.74379]},"faces":{"north":{"uv":[0,1.75,0.1875,2],"rotation":180,"texture":"#0"},"east":{"uv":[0,1.625,0.25,1.75],"rotation":270,"texture":"#0"},"south":{"uv":[0,1.75,0.1875,2],"texture":"#0"},"west":{"uv":[0,1.625,0.25,1.75],"rotation":90,"texture":"#0"},"up":{"uv":[0.25,1.625,0.4375,1.75],"rotation":180,"texture":"#0"},"down":{"uv":[0.25,1.625,0.4375,1.75],"texture":"#0"}}},{"from":[8,0,3.5],"to":[8,9,8.5],"faces":{"north":{"uv":[0,0,0,1.125],"texture":"#missing"},"east":{"uv":[14.3125,3.0625,13.6875,4.1875],"texture":"#0"},"south":{"uv":[0,0,0,1.125],"texture":"#missing"},"west":{"uv":[13.6875,3.0625,14.3125,4.1875],"texture":"#0"},"up":{"uv":[0,0,0,0.625],"texture":"#missing"},"down":{"uv":[0,0,0,0.625],"texture":"#missing"}}},{"from":[8,0,7.5],"to":[8,9,12.5],"rotation":{"angle":0,"axis":"y","origin":[0,0,16]},"faces":{"north":{"uv":[0,0,0,1.125],"texture":"#missing"},"east":{"uv":[13.6875,3.0625,14.3125,4.1875],"texture":"#0"},"south":{"uv":[0,0,0,1.125],"texture":"#missing"},"west":{"uv":[14.3125,3.0625,13.6875,4.1875],"texture":"#0"},"up":{"uv":[0,0.625,0,0],"texture":"#missing"},"down":{"uv":[0,0.625,0,0],"texture":"#missing"}}}],"gui_light":"front","display":{"thirdperson_righthand":{"rotation":[-25,0,0],"translation":[0,6.25,-2.75],"scale":[0.53008,0.53008,0.53008]},"thirdperson_lefthand":{"rotation":[-25,0,0],"translation":[0,6.25,-2.75],"scale":[0.53008,0.53008,0.53008]},"firstperson_righthand":{"rotation":[-90,0,0],"translation":[1.5,4,-0.5],"scale":[0.33242,0.33242,0.33242]},"firstperson_lefthand":{"rotation":[-90,0,0],"translation":[1.5,4,-0.5],"scale":[0.33242,0.33242,0.33242]},"ground":{"translation":[0,11,0],"scale":[0.6,0.6,0.6]},"gui":{"rotation":[0,90,0],"translation":[0,6.5,-1.5],"scale":[0.7207,0.7207,0.7207]},"head":{"scale":[0,0,0]},"fixed":{"rotation":[0,-90,0],"translation":[0.5,12.75,-3],"scale":[1.6,1.6,1.6]}}}