{
	"credit": "MadewithBlockbench",
	"texture_size": [128, 128],
	"textures": {
		"0": "elitecreatures:skeleton_overlord_animated_weapon_set/skeletonoverlord_texture_01",
		"1": "elitecreatures:skeleton_overlord_animated_weapon_set/skeletonoverlord_animation_01",
		"2": "elitecreatures:skeleton_overlord_animated_weapon_set/skeletonoverlord_animation_02",
		"3": "elitecreatures:skeleton_overlord_animated_weapon_set/skeletonoverlord_animation_03",
		"4": "elitecreatures:skeleton_overlord_animated_weapon_set/skeletonoverlord_animation_04",
		"particle": "elitecreatures:skeleton_overlord_animated_weapon_set/skeletonoverlord_texture_01"
	},
	"elements": [
		{
			"from": [4.85, 15.70306, 2.47794],
			"to": [7.15, 18.20306, 5.47794],
			"rotation": {"angle": 45, "axis": "x", "origin": [6, 18.26837, 1.59418]},
			"faces": {
				"north": {"uv": [0.525, 0.375, 0.8125, 0.6875], "rotation": 180, "texture": "#0"},
				"east": {"uv": [0.375, 1, 0, 0.6875], "texture": "#0"},
				"south": {"uv": [0.525, 0.375, 0.8125, 0.6875], "rotation": 180, "texture": "#0"},
				"west": {"uv": [0, 1, 0.375, 0.6875], "texture": "#0"},
				"up": {"uv": [0, 1, 0.375, 1.2875], "rotation": 90, "texture": "#0"},
				"down": {"uv": [0.375, 1, 0, 1.2875], "rotation": 90, "texture": "#0"}
			}
		},
		{
			"from": [6.1, 14.6, 3.2],
			"to": [8.1, 16.6, 6.2],
			"rotation": {"angle": 22.5, "axis": "x", "origin": [7.1, 15.65273, 2.34969]},
			"faces": {
				"north": {"uv": [0.525, 0.375, 0.775, 0.625], "rotation": 180, "texture": "#0"},
				"east": {"uv": [0.375, 0.9375, 0, 0.6875], "texture": "#0"},
				"south": {"uv": [0.525, 0.375, 0.775, 0.625], "rotation": 180, "texture": "#0"},
				"west": {"uv": [0, 0.9375, 0.375, 0.6875], "texture": "#0"},
				"up": {"uv": [0, 1, 0.375, 1.25], "rotation": 90, "texture": "#0"},
				"down": {"uv": [0.375, 1, 0, 1.25], "rotation": 90, "texture": "#0"}
			}
		},
		{
			"from": [4, 16.4124, 0.94153],
			"to": [6, 19.4124, 2.94153],
			"rotation": {"angle": 0, "axis": "y", "origin": [5, 17.96837, 2.59418]},
			"faces": {
				"north": {"uv": [0.375, 1, 0, 1.25], "rotation": 270, "texture": "#0"},
				"east": {"uv": [0.375, 0.9375, 0, 0.6875], "rotation": 270, "texture": "#0"},
				"south": {"uv": [0, 1, 0.375, 1.25], "rotation": 90, "texture": "#0"},
				"west": {"uv": [0, 0.9375, 0.375, 0.6875], "rotation": 90, "texture": "#0"},
				"up": {"uv": [0.525, 0.375, 0.775, 0.625], "texture": "#0"},
				"down": {"uv": [0.525, 0.375, 0.775, 0.625], "rotation": 180, "texture": "#0"}
			}
		},
		{
			"from": [4.6, 20.33401, 2.56273],
			"to": [5.4, 20.83401, 3.56273],
			"rotation": {"angle": 22.5, "axis": "x", "origin": [5, 17.96837, 2.59418]},
			"faces": {
				"north": {"uv": [0.25, 1.625, 0.1875, 1.5], "rotation": 90, "texture": "#0"},
				"east": {"uv": [0, 1.5, 0.0625, 1.625], "rotation": 90, "texture": "#0"},
				"south": {"uv": [0.25, 1.625, 0.1875, 1.5], "rotation": 90, "texture": "#0"},
				"west": {"uv": [0.0625, 1.5, 0, 1.625], "rotation": 90, "texture": "#0"},
				"up": {"uv": [0.0625, 1.625, 0.1875, 1.5], "rotation": 180, "texture": "#0"},
				"down": {"uv": [0.0625, 1.5, 0.1875, 1.625], "rotation": 180, "texture": "#0"}
			}
		},
		{
			"from": [4.5, 19.2765, 3.11367],
			"to": [5.5, 20.2765, 4.61367],
			"rotation": {"angle": -22.5, "axis": "x", "origin": [5, 17.96837, 2.59418]},
			"faces": {
				"north": {"uv": [1, 1.375, 1.125, 1.25], "rotation": 180, "texture": "#0"},
				"east": {"uv": [1, 1.375, 0.8125, 1.25], "texture": "#0"},
				"south": {"uv": [1, 1.375, 1.125, 1.25], "texture": "#0"},
				"west": {"uv": [1, 1.25, 0.8125, 1.375], "rotation": 180, "texture": "#0"},
				"up": {"uv": [1.1875, 1.125, 1, 1.25], "rotation": 270, "texture": "#0"},
				"down": {"uv": [1.1875, 1.125, 1, 1.25], "rotation": 90, "texture": "#0"}
			}
		},
		{
			"from": [4.25, 18.48245, 1.08868],
			"to": [5.75, 19.98245, 2.58868],
			"rotation": {"angle": 22.5, "axis": "x", "origin": [5, 17.96837, 2.59418]},
			"faces": {
				"north": {"uv": [0.375, 1.3125, 0.1875, 1.5], "rotation": 90, "texture": "#0"},
				"east": {"uv": [1, 1.25, 0.8125, 1.0625], "rotation": 90, "texture": "#0"},
				"south": {"uv": [0.375, 1.3125, 0.1875, 1.5], "rotation": 90, "texture": "#0"},
				"west": {"uv": [1, 1.0625, 0.8125, 1.25], "rotation": 90, "texture": "#0"},
				"up": {"uv": [0.625, 1.375, 0.8125, 1.1875], "texture": "#0"},
				"down": {"uv": [0.625, 1.375, 0.8125, 1.1875], "texture": "#0"}
			}
		},
		{
			"from": [4.6, 20.33401, 12.43727],
			"to": [5.4, 20.83401, 13.43727],
			"rotation": {"angle": -22.5, "axis": "x", "origin": [5, 17.96837, 13.40582]},
			"faces": {
				"north": {"uv": [0.25, 1.5, 0.1875, 1.625], "rotation": 90, "texture": "#0"},
				"east": {"uv": [0, 1.625, 0.0625, 1.5], "rotation": 90, "texture": "#0"},
				"south": {"uv": [0.25, 1.5, 0.1875, 1.625], "rotation": 90, "texture": "#0"},
				"west": {"uv": [0.0625, 1.625, 0, 1.5], "rotation": 90, "texture": "#0"},
				"up": {"uv": [0.0625, 1.5, 0.1875, 1.625], "rotation": 180, "texture": "#0"},
				"down": {"uv": [0.0625, 1.625, 0.1875, 1.5], "rotation": 180, "texture": "#0"}
			}
		},
		{
			"from": [4.5, 19.2765, 11.38633],
			"to": [5.5, 20.2765, 12.88633],
			"rotation": {"angle": 22.5, "axis": "x", "origin": [5, 17.96837, 13.40582]},
			"faces": {
				"north": {"uv": [1.125, 1.375, 1, 1.25], "texture": "#0"},
				"east": {"uv": [0.8125, 1.375, 1, 1.25], "texture": "#0"},
				"south": {"uv": [1.125, 1.375, 1, 1.25], "rotation": 180, "texture": "#0"},
				"west": {"uv": [0.8125, 1.25, 1, 1.375], "rotation": 180, "texture": "#0"},
				"up": {"uv": [1, 1.125, 1.1875, 1.25], "rotation": 270, "texture": "#0"},
				"down": {"uv": [1, 1.125, 1.1875, 1.25], "rotation": 90, "texture": "#0"}
			}
		},
		{
			"from": [4.25, 18.48245, 13.41132],
			"to": [5.75, 19.98245, 14.91132],
			"rotation": {"angle": -22.5, "axis": "x", "origin": [5, 17.96837, 13.40582]},
			"faces": {
				"north": {"uv": [0.375, 1.5, 0.1875, 1.3125], "rotation": 90, "texture": "#0"},
				"east": {"uv": [1, 1.0625, 0.8125, 1.25], "rotation": 90, "texture": "#0"},
				"south": {"uv": [0.375, 1.5, 0.1875, 1.3125], "rotation": 90, "texture": "#0"},
				"west": {"uv": [1, 1.25, 0.8125, 1.0625], "rotation": 90, "texture": "#0"},
				"up": {"uv": [0.625, 1.1875, 0.8125, 1.375], "texture": "#0"},
				"down": {"uv": [0.625, 1.1875, 0.8125, 1.375], "texture": "#0"}
			}
		},
		{
			"from": [4, 16.4124, 13.05847],
			"to": [6, 19.4124, 15.05847],
			"rotation": {"angle": 0, "axis": "y", "origin": [5, 17.96837, 13.40582]},
			"faces": {
				"north": {"uv": [0, 1.25, 0.375, 1], "rotation": 90, "texture": "#0"},
				"east": {"uv": [0.375, 0.6875, 0, 0.9375], "rotation": 270, "texture": "#0"},
				"south": {"uv": [0.375, 1.25, 0, 1], "rotation": 270, "texture": "#0"},
				"west": {"uv": [0, 0.6875, 0.375, 0.9375], "rotation": 90, "texture": "#0"},
				"up": {"uv": [0.525, 0.625, 0.775, 0.375], "texture": "#0"},
				"down": {"uv": [0.525, 0.625, 0.775, 0.375], "rotation": 180, "texture": "#0"}
			}
		},
		{
			"from": [4.85, 15.70306, 10.52206],
			"to": [7.15, 18.20306, 13.52206],
			"rotation": {"angle": -45, "axis": "x", "origin": [6, 18.26837, 14.40582]},
			"faces": {
				"north": {"uv": [0.8125, 0.375, 0.525, 0.6875], "rotation": 180, "texture": "#0"},
				"east": {"uv": [0, 1, 0.375, 0.6875], "texture": "#0"},
				"south": {"uv": [0.8125, 0.375, 0.525, 0.6875], "rotation": 180, "texture": "#0"},
				"west": {"uv": [0.375, 1, 0, 0.6875], "texture": "#0"},
				"up": {"uv": [0.375, 1, 0, 1.2875], "rotation": 90, "texture": "#0"},
				"down": {"uv": [0, 1, 0.375, 1.2875], "rotation": 90, "texture": "#0"}
			}
		},
		{
			"from": [6.1, 14.6, 9.8],
			"to": [8.1, 16.6, 12.8],
			"rotation": {"angle": -22.5, "axis": "x", "origin": [7.1, 15.65273, 13.65031]},
			"faces": {
				"north": {"uv": [0.775, 0.375, 0.525, 0.625], "rotation": 180, "texture": "#0"},
				"east": {"uv": [0, 0.9375, 0.375, 0.6875], "texture": "#0"},
				"south": {"uv": [0.775, 0.375, 0.525, 0.625], "rotation": 180, "texture": "#0"},
				"west": {"uv": [0.375, 0.9375, 0, 0.6875], "texture": "#0"},
				"up": {"uv": [0.375, 1, 0, 1.25], "rotation": 90, "texture": "#0"},
				"down": {"uv": [0, 1, 0.375, 1.25], "rotation": 90, "texture": "#0"}
			}
		},
		{
			"from": [7.75, 17.46415, 11.18048],
			"to": [8.25, 18.46415, 11.68048],
			"rotation": {"angle": -22.5, "axis": "x", "origin": [8, 17.03431, 10.91032]},
			"faces": {
				"north": {"uv": [1.375, 1.5625, 1.5, 1.5], "rotation": 90, "texture": "#0"},
				"east": {"uv": [1.375, 1.5625, 1.5, 1.5], "rotation": 90, "texture": "#0"},
				"south": {"uv": [1.375, 1.5625, 1.5, 1.5], "rotation": 270, "texture": "#0"},
				"west": {"uv": [1.375, 1.5625, 1.5, 1.5], "rotation": 270, "texture": "#0"},
				"up": {"uv": [1.3, 1.5625, 1.3625, 1.5], "texture": "#0"},
				"down": {"uv": [1.3, 1.5625, 1.3625, 1.5], "rotation": 180, "texture": "#0"}
			}
		},
		{
			"from": [7.6, 16.4, 10.7],
			"to": [8.4, 17.9, 11.7],
			"rotation": {"angle": 22.5, "axis": "x", "origin": [8, 17.03431, 10.91032]},
			"faces": {
				"north": {"uv": [1.5, 1.5375, 1.6875, 1.4375], "rotation": 270, "texture": "#0"},
				"east": {"uv": [1.5, 1.4375, 1.6875, 1.3125], "rotation": 270, "texture": "#0"},
				"south": {"uv": [1.5, 1.5375, 1.6875, 1.4375], "rotation": 270, "texture": "#0"},
				"west": {"uv": [1.5, 1.4375, 1.6875, 1.3125], "rotation": 270, "texture": "#0"},
				"up": {"uv": [1.5875, 1.3125, 1.6875, 1.1875], "texture": "#0"},
				"down": {"uv": [1.5875, 1.3125, 1.6875, 1.1875], "texture": "#0"}
			}
		},
		{
			"from": [7.5, 15.66415, 9.08048],
			"to": [8.5, 17.16415, 11.08048],
			"rotation": {"angle": -22.5, "axis": "x", "origin": [8, 17.03431, 10.91032]},
			"faces": {
				"north": {"uv": [1.5, 1.3125, 1.375, 1.5], "texture": "#0"},
				"east": {"uv": [1.375, 1.3125, 1.125, 1.5], "texture": "#0"},
				"south": {"uv": [1.5, 1.3125, 1.375, 1.5], "rotation": 180, "texture": "#0"},
				"west": {"uv": [1.375, 1.3125, 1.125, 1.5], "rotation": 180, "texture": "#0"},
				"up": {"uv": [1.5625, 1.1875, 1.3125, 1.3125], "rotation": 270, "texture": "#0"},
				"down": {"uv": [1.5625, 1.1875, 1.3125, 1.3125], "rotation": 90, "texture": "#0"}
			}
		},
		{
			"from": [5.9, 13.5, 5.25],
			"to": [5.9, 15.5, 10.75],
			"rotation": {"angle": 0, "axis": "y", "origin": [8, 8.18501, 8]},
			"faces": {
				"north": {"uv": [0, 0, 0, 4], "texture": "#2"},
				"south": {"uv": [0, 0, 0, 4], "texture": "#2"},
				"west": {"uv": [0, 0, 11, 4], "texture": "#2"},
				"up": {"uv": [0, 11, 0, 0], "texture": "#2"},
				"down": {"uv": [0, 0, 0, 11], "texture": "#2"}
			}
		},
		{
			"from": [6, 12.5, 5.25],
			"to": [10, 16.5, 10.75],
			"rotation": {"angle": 0, "axis": "y", "origin": [8, 8.18501, 8]},
			"faces": {
				"north": {"uv": [2.375, 0, 2.875, 0.5], "texture": "#0"},
				"east": {"uv": [1.6875, 0, 2.375, 0.5], "texture": "#0"},
				"south": {"uv": [2.375, 0, 2.875, 0.5], "texture": "#0"},
				"west": {"uv": [1.6875, 0, 2.375, 0.5], "texture": "#0"},
				"up": {"uv": [1.6875, 0.5, 2.1875, 1.1875], "texture": "#0"},
				"down": {"uv": [1.6875, 0.5, 2.1875, 1.1875], "texture": "#0"}
			}
		},
		{
			"from": [6.6, 8.3, 6.5],
			"to": [9.6, 11.3, 9.5],
			"rotation": {"angle": 0, "axis": "y", "origin": [8, 8.18501, 8]},
			"faces": {
				"north": {"uv": [2.4375, 1.5625, 2.0625, 1.1875], "texture": "#0"},
				"east": {"uv": [2.0625, 1.5625, 1.6875, 1.1875], "texture": "#0"},
				"south": {"uv": [2.4375, 1.5625, 2.0625, 1.1875], "texture": "#0"},
				"west": {"uv": [2.0625, 1.5625, 1.6875, 1.1875], "texture": "#0"},
				"up": {"uv": [2.4375, 1.5625, 2.8125, 1.1875], "rotation": 90, "texture": "#0"},
				"down": {"uv": [2.4375, 1.5625, 2.8125, 1.1875], "rotation": 90, "texture": "#0"}
			}
		},
		{
			"from": [7.1, 11, 5.75],
			"to": [9.1, 13, 10.25],
			"rotation": {"angle": 0, "axis": "y", "origin": [8, 8.18501, 8]},
			"faces": {
				"north": {"uv": [3.6875, 0.25, 3.4375, 0], "texture": "#0"},
				"east": {"uv": [3.4375, 0.25, 2.875, 0], "texture": "#0"},
				"south": {"uv": [3.6875, 0.25, 3.4375, 0], "texture": "#0"},
				"west": {"uv": [3.4375, 0.25, 2.875, 0], "texture": "#0"},
				"up": {"uv": [2.875, 0.5, 3.4375, 0.25], "rotation": 90, "texture": "#0"},
				"down": {"uv": [2.875, 0.5, 3.4375, 0.25], "rotation": 90, "texture": "#0"}
			}
		},
		{
			"from": [7.2, 4.4, 7.35],
			"to": [8.7, 8.9, 8.65],
			"rotation": {"angle": 0, "axis": "y", "origin": [8, 8.18501, 8]},
			"faces": {
				"north": {"uv": [5.75, 0.3125, 6.3125, 0.125], "rotation": 270, "texture": "#0"},
				"east": {"uv": [5.75, 0.3125, 6.3125, 0.125], "rotation": 270, "texture": "#0"},
				"south": {"uv": [5.75, 0.3125, 6.3125, 0.125], "rotation": 270, "texture": "#0"},
				"west": {"uv": [5.75, 0.3125, 6.3125, 0.125], "rotation": 270, "texture": "#0"},
				"up": {"uv": [6.5, 0.3125, 6.3125, 0.125], "rotation": 90, "texture": "#0"},
				"down": {"uv": [6.5, 0.3125, 6.3125, 0.125], "rotation": 90, "texture": "#0"}
			}
		},
		{
			"from": [6.4, 3.6, 7.45],
			"to": [7.5, 5.1, 8.55],
			"rotation": {"angle": 22.5, "axis": "z", "origin": [8, 8.18501, 8]},
			"faces": {
				"north": {"uv": [5.75, 0.3125, 5.9375, 0.125], "rotation": 270, "texture": "#0"},
				"east": {"uv": [5.75, 0.3125, 5.9375, 0.125], "rotation": 270, "texture": "#0"},
				"south": {"uv": [5.75, 0.3125, 5.9375, 0.125], "rotation": 270, "texture": "#0"},
				"west": {"uv": [5.75, 0.3125, 5.9375, 0.125], "rotation": 270, "texture": "#0"},
				"up": {"uv": [6.5, 0.3125, 6.3125, 0.125], "rotation": 90, "texture": "#0"},
				"down": {"uv": [6.5, 0.3125, 6.3125, 0.125], "rotation": 90, "texture": "#0"}
			}
		},
		{
			"from": [7.75, 17.46415, 4.31952],
			"to": [8.25, 18.46415, 4.81952],
			"rotation": {"angle": 22.5, "axis": "x", "origin": [8, 17.03431, 5.08968]},
			"faces": {
				"north": {"uv": [1.5, 1.5625, 1.375, 1.5], "rotation": 90, "texture": "#0"},
				"east": {"uv": [1.5, 1.5625, 1.375, 1.5], "rotation": 270, "texture": "#0"},
				"south": {"uv": [1.5, 1.5625, 1.375, 1.5], "rotation": 270, "texture": "#0"},
				"west": {"uv": [1.5, 1.5625, 1.375, 1.5], "rotation": 90, "texture": "#0"},
				"up": {"uv": [1.3625, 1.5625, 1.3, 1.5], "rotation": 180, "texture": "#0"},
				"down": {"uv": [1.3625, 1.5625, 1.3, 1.5], "texture": "#0"}
			}
		},
		{
			"from": [7.6, 16.4, 4.3],
			"to": [8.4, 17.9, 5.3],
			"rotation": {"angle": -22.5, "axis": "x", "origin": [8, 17.03431, 5.08968]},
			"faces": {
				"north": {"uv": [1.5, 1.4375, 1.6875, 1.5375], "rotation": 270, "texture": "#0"},
				"east": {"uv": [1.5, 1.3125, 1.6875, 1.4375], "rotation": 270, "texture": "#0"},
				"south": {"uv": [1.5, 1.4375, 1.6875, 1.5375], "rotation": 270, "texture": "#0"},
				"west": {"uv": [1.5, 1.3125, 1.6875, 1.4375], "rotation": 270, "texture": "#0"},
				"up": {"uv": [1.5875, 1.1875, 1.6875, 1.3125], "texture": "#0"},
				"down": {"uv": [1.5875, 1.1875, 1.6875, 1.3125], "texture": "#0"}
			}
		},
		{
			"from": [7.5, 15.66415, 4.91952],
			"to": [8.5, 17.16415, 6.91952],
			"rotation": {"angle": 22.5, "axis": "x", "origin": [8, 17.03431, 5.08968]},
			"faces": {
				"north": {"uv": [1.5, 1.5, 1.375, 1.3125], "texture": "#0"},
				"east": {"uv": [1.375, 1.5, 1.125, 1.3125], "rotation": 180, "texture": "#0"},
				"south": {"uv": [1.5, 1.5, 1.375, 1.3125], "rotation": 180, "texture": "#0"},
				"west": {"uv": [1.375, 1.5, 1.125, 1.3125], "texture": "#0"},
				"up": {"uv": [1.5625, 1.3125, 1.3125, 1.1875], "rotation": 90, "texture": "#0"},
				"down": {"uv": [1.5625, 1.3125, 1.3125, 1.1875], "rotation": 270, "texture": "#0"}
			}
		},
		{
			"from": [7.9, 17, 5.5],
			"to": [7.9, 21, 10.5],
			"rotation": {"angle": 0, "axis": "y", "origin": [8, 8.18501, 8]},
			"faces": {
				"north": {"uv": [2.5625, 0.75, 2.875, 0.5], "texture": "#0"},
				"east": {"uv": [15.375, 4.3125, 16, 3.8125], "texture": "#0"},
				"south": {"uv": [2.5625, 0.75, 2.875, 0.5], "texture": "#0"},
				"west": {"uv": [15.375, 4.3125, 16, 3.8125], "texture": "#0"},
				"up": {"uv": [2.5625, 0.5, 2.1875, 0.8125], "rotation": 270, "texture": "#0"},
				"down": {"uv": [2.5625, 0.5, 2.1875, 0.8125], "rotation": 270, "texture": "#0"}
			}
		},
		{
			"from": [6.75, 11.48922, -5.80421],
			"to": [9.25, 13.48922, -3.80421],
			"rotation": {"angle": 45, "axis": "x", "origin": [8, -0.31499, 8]},
			"faces": {
				"north": {"uv": [1.6875, 0.25, 1.4375, 0.5], "texture": "#0"},
				"east": {"uv": [1.6875, 0.25, 1.4375, 0], "texture": "#0"},
				"south": {"uv": [1.6875, 0.75, 1.4375, 0.5], "texture": "#0"},
				"west": {"uv": [1.6875, 0.25, 1.4375, 0], "texture": "#0"},
				"up": {"uv": [1.6875, 0.75, 1.4375, 0.5], "texture": "#0"},
				"down": {"uv": [1.6875, 0.5, 1.4375, 0.25], "texture": "#0"}
			}
		},
		{
			"from": [7.75, 18.5, 9.9],
			"to": [8.25, 19.5, 10.4],
			"rotation": {"angle": -22.5, "axis": "x", "origin": [8, 18.275, 9.575]},
			"faces": {
				"north": {"uv": [1.25, 1.25, 1.125, 1.3125], "rotation": 90, "texture": "#0"},
				"east": {"uv": [1.25, 1.25, 1.125, 1.3125], "rotation": 90, "texture": "#0"},
				"south": {"uv": [1.25, 1.25, 1.125, 1.3125], "rotation": 90, "texture": "#0"},
				"west": {"uv": [1.25, 1.25, 1.125, 1.3125], "rotation": 90, "texture": "#0"},
				"up": {"uv": [1.25, 1.3125, 1.3125, 1.25], "texture": "#0"},
				"down": {"uv": [1.25, 1.3125, 1.3125, 1.25], "texture": "#0"}
			}
		},
		{
			"from": [7.6, 17.68188, 9.52574],
			"to": [8.4, 19.18188, 10.52574],
			"rotation": {"angle": 22.5, "axis": "x", "origin": [8, 18.275, 9.575]},
			"faces": {
				"north": {"uv": [1.4375, 1, 1.25, 1.1], "rotation": 270, "texture": "#0"},
				"east": {"uv": [1.25, 0.875, 1.4375, 1], "rotation": 270, "texture": "#0"},
				"south": {"uv": [1.4375, 1, 1.25, 1.1], "rotation": 90, "texture": "#0"},
				"west": {"uv": [1.4375, 0.875, 1.25, 1], "rotation": 90, "texture": "#0"},
				"up": {"uv": [1.2125, 1.25, 1.3125, 1.125], "texture": "#0"},
				"down": {"uv": [1.2125, 1.25, 1.3125, 1.125], "rotation": 180, "texture": "#0"}
			}
		},
		{
			"from": [7.5, 16.8, 8],
			"to": [8.5, 18.3, 10],
			"rotation": {"angle": -22.5, "axis": "x", "origin": [8, 18.275, 9.575]},
			"faces": {
				"north": {"uv": [0.5, 1.625, 0.625, 1.4375], "texture": "#0"},
				"east": {"uv": [0.875, 1.5625, 0.625, 1.375], "texture": "#0"},
				"south": {"uv": [0.5, 1.625, 0.625, 1.4375], "texture": "#0"},
				"west": {"uv": [0.625, 1.5625, 0.875, 1.375], "texture": "#0"},
				"up": {"uv": [1.125, 1.375, 0.875, 1.5], "rotation": 90, "texture": "#0"},
				"down": {"uv": [1.125, 1.375, 0.875, 1.5], "rotation": 90, "texture": "#0"}
			}
		},
		{
			"from": [7.75, 18.5, 5.6],
			"to": [8.25, 19.5, 6.1],
			"rotation": {"angle": 22.5, "axis": "x", "origin": [8, 18.275, 6.425]},
			"faces": {
				"north": {"uv": [1.25, 1.3125, 1.125, 1.25], "rotation": 90, "texture": "#0"},
				"east": {"uv": [1.25, 1.3125, 1.125, 1.25], "rotation": 90, "texture": "#0"},
				"south": {"uv": [1.25, 1.3125, 1.125, 1.25], "rotation": 90, "texture": "#0"},
				"west": {"uv": [1.25, 1.3125, 1.125, 1.25], "rotation": 90, "texture": "#0"},
				"up": {"uv": [1.25, 1.25, 1.3125, 1.3125], "texture": "#0"},
				"down": {"uv": [1.25, 1.25, 1.3125, 1.3125], "texture": "#0"}
			}
		},
		{
			"from": [7.6, 17.68188, 5.47426],
			"to": [8.4, 19.18188, 6.47426],
			"rotation": {"angle": -22.5, "axis": "x", "origin": [8, 18.275, 6.425]},
			"faces": {
				"north": {"uv": [1.4375, 1.1, 1.25, 1], "rotation": 90, "texture": "#0"},
				"east": {"uv": [1.25, 1, 1.4375, 0.875], "rotation": 270, "texture": "#0"},
				"south": {"uv": [1.4375, 1.1, 1.25, 1], "rotation": 270, "texture": "#0"},
				"west": {"uv": [1.4375, 1, 1.25, 0.875], "rotation": 90, "texture": "#0"},
				"up": {"uv": [1.2125, 1.125, 1.3125, 1.25], "texture": "#0"},
				"down": {"uv": [1.2125, 1.125, 1.3125, 1.25], "rotation": 180, "texture": "#0"}
			}
		},
		{
			"from": [7.5, 16.8, 6],
			"to": [8.5, 18.3, 8],
			"rotation": {"angle": 22.5, "axis": "x", "origin": [8, 18.275, 6.425]},
			"faces": {
				"north": {"uv": [0.625, 1.625, 0.5, 1.4375], "texture": "#0"},
				"east": {"uv": [0.625, 1.5625, 0.875, 1.375], "texture": "#0"},
				"south": {"uv": [0.625, 1.625, 0.5, 1.4375], "texture": "#0"},
				"west": {"uv": [0.875, 1.5625, 0.625, 1.375], "texture": "#0"},
				"up": {"uv": [0.875, 1.375, 1.125, 1.5], "rotation": 90, "texture": "#0"},
				"down": {"uv": [0.875, 1.375, 1.125, 1.5], "rotation": 90, "texture": "#0"}
			}
		},
		{
			"from": [10.1, 13.5, 5.25],
			"to": [10.1, 15.5, 10.75],
			"rotation": {"angle": 0, "axis": "y", "origin": [8, 1.18501, 8]},
			"faces": {
				"north": {"uv": [0, 0, 0, 4], "texture": "#2"},
				"east": {"uv": [0, 0, 11, 4], "texture": "#2"},
				"south": {"uv": [0, 0, 0, 4], "texture": "#2"},
				"west": {"uv": [0, 0, 11, 4], "texture": "#2"},
				"up": {"uv": [0, 11, 0, 0], "texture": "#2"},
				"down": {"uv": [0, 0, 0, 11], "texture": "#2"}
			}
		},
		{
			"from": [6.69182, 9.14536, 4.49573],
			"to": [8.69182, 10.64536, 6.99573],
			"rotation": {"angle": 22.5, "axis": "y", "origin": [7, 9.89536, 5.12293]},
			"faces": {
				"north": {"uv": [3.0625, 0.75, 2.875, 0.5], "rotation": 90, "texture": "#0"},
				"east": {"uv": [2.5625, 1, 2.875, 1.1875], "texture": "#0"},
				"south": {"uv": [3.0625, 0.75, 2.875, 0.5], "rotation": 270, "texture": "#0"},
				"west": {"uv": [2.5625, 1, 2.875, 1.1875], "texture": "#0"},
				"up": {"uv": [2.875, 1, 2.5625, 0.75], "rotation": 270, "texture": "#0"},
				"down": {"uv": [2.875, 1, 2.5625, 0.75], "rotation": 270, "texture": "#0"}
			}
		},
		{
			"from": [6.7214, 9.49536, 3.62326],
			"to": [8.2214, 10.49536, 5.62326],
			"rotation": {"angle": 45, "axis": "y", "origin": [6.8, 9.99536, 4.72293]},
			"faces": {
				"north": {"uv": [1.5, 1.5, 1.375, 1.3125], "rotation": 90, "texture": "#0"},
				"east": {"uv": [1.5625, 1.3125, 1.3125, 1.1875], "rotation": 180, "texture": "#0"},
				"south": {"uv": [1.5, 1.5, 1.375, 1.3125], "rotation": 90, "texture": "#0"},
				"west": {"uv": [1.5625, 1.3125, 1.3125, 1.1875], "texture": "#0"},
				"up": {"uv": [1.375, 1.5, 1.125, 1.3125], "rotation": 90, "texture": "#0"},
				"down": {"uv": [1.375, 1.5, 1.125, 1.3125], "rotation": 270, "texture": "#0"}
			}
		},
		{
			"from": [6.7214, 7.29536, 3.62326],
			"to": [8.2214, 8.29536, 5.62326],
			"rotation": {"angle": 45, "axis": "y", "origin": [6.8, 7.79536, 4.72293]},
			"faces": {
				"north": {"uv": [1.5, 1.5, 1.375, 1.3125], "rotation": 90, "texture": "#0"},
				"east": {"uv": [1.5625, 1.3125, 1.3125, 1.1875], "rotation": 180, "texture": "#0"},
				"south": {"uv": [1.5, 1.5, 1.375, 1.3125], "rotation": 90, "texture": "#0"},
				"west": {"uv": [1.5625, 1.3125, 1.3125, 1.1875], "texture": "#0"},
				"up": {"uv": [1.375, 1.5, 1.125, 1.3125], "rotation": 90, "texture": "#0"},
				"down": {"uv": [1.375, 1.5, 1.125, 1.3125], "rotation": 270, "texture": "#0"}
			}
		},
		{
			"from": [6.69182, 7.04536, 4.49573],
			"to": [8.69182, 8.54536, 6.99573],
			"rotation": {"angle": 22.5, "axis": "y", "origin": [7, 7.79536, 5.12293]},
			"faces": {
				"north": {"uv": [3.0625, 0.75, 2.875, 0.5], "rotation": 90, "texture": "#0"},
				"east": {"uv": [2.5625, 1, 2.875, 1.1875], "texture": "#0"},
				"south": {"uv": [3.0625, 0.75, 2.875, 0.5], "rotation": 270, "texture": "#0"},
				"west": {"uv": [2.5625, 1, 2.875, 1.1875], "texture": "#0"},
				"up": {"uv": [2.875, 1, 2.5625, 0.75], "rotation": 270, "texture": "#0"},
				"down": {"uv": [2.875, 1, 2.5625, 0.75], "rotation": 270, "texture": "#0"}
			}
		},
		{
			"from": [7.65787, 7.29536, 5.13646],
			"to": [9.15787, 8.29536, 7.13646],
			"rotation": {"angle": -22.5, "axis": "y", "origin": [7, 7.79536, 5.12293]},
			"faces": {
				"north": {"uv": [3.3125, 0.5, 3.4375, 0.6875], "rotation": 90, "texture": "#0"},
				"east": {"uv": [3.3125, 0.81875, 3.0625, 0.69375], "rotation": 180, "texture": "#0"},
				"south": {"uv": [3.3125, 0.5, 3.4375, 0.6875], "rotation": 90, "texture": "#0"},
				"west": {"uv": [3.3125, 0.81875, 3.0625, 0.69375], "texture": "#0"},
				"up": {"uv": [3.0625, 0.6875, 3.3125, 0.5], "rotation": 270, "texture": "#0"},
				"down": {"uv": [3.0625, 0.5, 3.3125, 0.6875], "rotation": 90, "texture": "#0"}
			}
		},
		{
			"from": [6.7214, 5.09536, 3.62326],
			"to": [8.2214, 6.09536, 5.62326],
			"rotation": {"angle": 45, "axis": "y", "origin": [6.8, 5.59536, 4.72293]},
			"faces": {
				"north": {"uv": [1.5, 1.5, 1.375, 1.3125], "rotation": 90, "texture": "#0"},
				"east": {"uv": [1.5625, 1.3125, 1.3125, 1.1875], "rotation": 180, "texture": "#0"},
				"south": {"uv": [1.5, 1.5, 1.375, 1.3125], "rotation": 90, "texture": "#0"},
				"west": {"uv": [1.5625, 1.3125, 1.3125, 1.1875], "texture": "#0"},
				"up": {"uv": [1.375, 1.5, 1.125, 1.3125], "rotation": 90, "texture": "#0"},
				"down": {"uv": [1.375, 1.5, 1.125, 1.3125], "rotation": 270, "texture": "#0"}
			}
		},
		{
			"from": [6.69182, 4.84536, 4.49573],
			"to": [8.69182, 6.34536, 6.99573],
			"rotation": {"angle": 22.5, "axis": "y", "origin": [7, 5.59536, 5.12293]},
			"faces": {
				"north": {"uv": [3.0625, 0.75, 2.875, 0.5], "rotation": 90, "texture": "#0"},
				"east": {"uv": [2.5625, 1, 2.875, 1.1875], "texture": "#0"},
				"south": {"uv": [3.0625, 0.75, 2.875, 0.5], "rotation": 270, "texture": "#0"},
				"west": {"uv": [2.5625, 1, 2.875, 1.1875], "texture": "#0"},
				"up": {"uv": [2.875, 1, 2.5625, 0.75], "rotation": 270, "texture": "#0"},
				"down": {"uv": [2.875, 1, 2.5625, 0.75], "rotation": 270, "texture": "#0"}
			}
		},
		{
			"from": [7.65787, 5.09536, 5.13646],
			"to": [9.15787, 6.09536, 7.13646],
			"rotation": {"angle": -22.5, "axis": "y", "origin": [7, 5.59536, 5.12293]},
			"faces": {
				"north": {"uv": [3.3125, 0.5, 3.4375, 0.6875], "rotation": 90, "texture": "#0"},
				"east": {"uv": [3.3125, 0.81875, 3.0625, 0.69375], "rotation": 180, "texture": "#0"},
				"south": {"uv": [3.3125, 0.5, 3.4375, 0.6875], "rotation": 90, "texture": "#0"},
				"west": {"uv": [3.3125, 0.81875, 3.0625, 0.69375], "texture": "#0"},
				"up": {"uv": [3.0625, 0.6875, 3.3125, 0.5], "rotation": 270, "texture": "#0"},
				"down": {"uv": [3.0625, 0.5, 3.3125, 0.6875], "rotation": 90, "texture": "#0"}
			}
		},
		{
			"from": [6.7214, 9.49536, 10.37674],
			"to": [8.2214, 10.49536, 12.37674],
			"rotation": {"angle": -45, "axis": "y", "origin": [6.8, 9.99536, 11.27707]},
			"faces": {
				"north": {"uv": [1.5, 1.3125, 1.375, 1.5], "rotation": 90, "texture": "#0"},
				"east": {"uv": [1.3125, 1.3125, 1.5625, 1.1875], "rotation": 180, "texture": "#0"},
				"south": {"uv": [1.5, 1.3125, 1.375, 1.5], "rotation": 90, "texture": "#0"},
				"west": {"uv": [1.3125, 1.3125, 1.5625, 1.1875], "texture": "#0"},
				"up": {"uv": [1.125, 1.5, 1.375, 1.3125], "rotation": 90, "texture": "#0"},
				"down": {"uv": [1.125, 1.5, 1.375, 1.3125], "rotation": 270, "texture": "#0"}
			}
		},
		{
			"from": [6.69182, 9.24536, 9.00427],
			"to": [8.69182, 10.74536, 11.50427],
			"rotation": {"angle": -22.5, "axis": "y", "origin": [7, 9.99536, 10.87707]},
			"faces": {
				"north": {"uv": [3.0625, 0.5, 2.875, 0.75], "rotation": 270, "texture": "#0"},
				"east": {"uv": [2.875, 1, 2.5625, 1.1875], "texture": "#0"},
				"south": {"uv": [3.0625, 0.5, 2.875, 0.75], "rotation": 90, "texture": "#0"},
				"west": {"uv": [2.875, 1, 2.5625, 1.1875], "texture": "#0"},
				"up": {"uv": [2.5625, 1, 2.875, 0.75], "rotation": 270, "texture": "#0"},
				"down": {"uv": [2.5625, 1, 2.875, 0.75], "rotation": 270, "texture": "#0"}
			}
		},
		{
			"from": [7.65787, 7.29536, 8.86354],
			"to": [9.15787, 8.29536, 10.86354],
			"rotation": {"angle": 22.5, "axis": "y", "origin": [7, 7.79536, 10.87707]},
			"faces": {
				"north": {"uv": [3.3125, 0.6875, 3.4375, 0.5], "rotation": 90, "texture": "#0"},
				"east": {"uv": [3.0625, 0.81875, 3.3125, 0.69375], "rotation": 180, "texture": "#0"},
				"south": {"uv": [3.3125, 0.6875, 3.4375, 0.5], "rotation": 90, "texture": "#0"},
				"west": {"uv": [3.0625, 0.81875, 3.3125, 0.69375], "texture": "#0"},
				"up": {"uv": [3.3125, 0.6875, 3.0625, 0.5], "rotation": 270, "texture": "#0"},
				"down": {"uv": [3.3125, 0.5, 3.0625, 0.6875], "rotation": 90, "texture": "#0"}
			}
		},
		{
			"from": [6.69182, 7.04536, 9.00427],
			"to": [8.69182, 8.54536, 11.50427],
			"rotation": {"angle": -22.5, "axis": "y", "origin": [7, 7.79536, 10.87707]},
			"faces": {
				"north": {"uv": [3.0625, 0.5, 2.875, 0.75], "rotation": 270, "texture": "#0"},
				"east": {"uv": [2.875, 1, 2.5625, 1.1875], "texture": "#0"},
				"south": {"uv": [3.0625, 0.5, 2.875, 0.75], "rotation": 90, "texture": "#0"},
				"west": {"uv": [2.875, 1, 2.5625, 1.1875], "texture": "#0"},
				"up": {"uv": [2.5625, 1, 2.875, 0.75], "rotation": 270, "texture": "#0"},
				"down": {"uv": [2.5625, 1, 2.875, 0.75], "rotation": 270, "texture": "#0"}
			}
		},
		{
			"from": [6.7214, 7.29536, 10.37674],
			"to": [8.2214, 8.29536, 12.37674],
			"rotation": {"angle": -45, "axis": "y", "origin": [6.8, 7.79536, 11.27707]},
			"faces": {
				"north": {"uv": [1.5, 1.3125, 1.375, 1.5], "rotation": 90, "texture": "#0"},
				"east": {"uv": [1.3125, 1.3125, 1.5625, 1.1875], "rotation": 180, "texture": "#0"},
				"south": {"uv": [1.5, 1.3125, 1.375, 1.5], "rotation": 90, "texture": "#0"},
				"west": {"uv": [1.3125, 1.3125, 1.5625, 1.1875], "texture": "#0"},
				"up": {"uv": [1.125, 1.5, 1.375, 1.3125], "rotation": 90, "texture": "#0"},
				"down": {"uv": [1.125, 1.5, 1.375, 1.3125], "rotation": 270, "texture": "#0"}
			}
		},
		{
			"from": [6.7214, 5.09536, 10.37674],
			"to": [8.2214, 6.09536, 12.37674],
			"rotation": {"angle": -45, "axis": "y", "origin": [6.8, 5.59536, 11.27707]},
			"faces": {
				"north": {"uv": [1.5, 1.3125, 1.375, 1.5], "rotation": 90, "texture": "#0"},
				"east": {"uv": [1.3125, 1.3125, 1.5625, 1.1875], "rotation": 180, "texture": "#0"},
				"south": {"uv": [1.5, 1.3125, 1.375, 1.5], "rotation": 90, "texture": "#0"},
				"west": {"uv": [1.3125, 1.3125, 1.5625, 1.1875], "texture": "#0"},
				"up": {"uv": [1.125, 1.5, 1.375, 1.3125], "rotation": 90, "texture": "#0"},
				"down": {"uv": [1.125, 1.5, 1.375, 1.3125], "rotation": 270, "texture": "#0"}
			}
		},
		{
			"from": [6.69182, 4.84536, 9.00427],
			"to": [8.69182, 6.34536, 11.50427],
			"rotation": {"angle": -22.5, "axis": "y", "origin": [7, 5.59536, 10.87707]},
			"faces": {
				"north": {"uv": [3.0625, 0.5, 2.875, 0.75], "rotation": 270, "texture": "#0"},
				"east": {"uv": [2.875, 1, 2.5625, 1.1875], "texture": "#0"},
				"south": {"uv": [3.0625, 0.5, 2.875, 0.75], "rotation": 90, "texture": "#0"},
				"west": {"uv": [2.875, 1, 2.5625, 1.1875], "texture": "#0"},
				"up": {"uv": [2.5625, 1, 2.875, 0.75], "rotation": 270, "texture": "#0"},
				"down": {"uv": [2.5625, 1, 2.875, 0.75], "rotation": 270, "texture": "#0"}
			}
		},
		{
			"from": [7.65787, 5.09536, 8.86354],
			"to": [9.15787, 6.09536, 10.86354],
			"rotation": {"angle": 22.5, "axis": "y", "origin": [7, 5.59536, 10.87707]},
			"faces": {
				"north": {"uv": [3.3125, 0.6875, 3.4375, 0.5], "rotation": 90, "texture": "#0"},
				"east": {"uv": [3.0625, 0.81875, 3.3125, 0.69375], "rotation": 180, "texture": "#0"},
				"south": {"uv": [3.3125, 0.6875, 3.4375, 0.5], "rotation": 90, "texture": "#0"},
				"west": {"uv": [3.0625, 0.81875, 3.3125, 0.69375], "texture": "#0"},
				"up": {"uv": [3.3125, 0.6875, 3.0625, 0.5], "rotation": 270, "texture": "#0"},
				"down": {"uv": [3.3125, 0.5, 3.0625, 0.6875], "rotation": 90, "texture": "#0"}
			}
		},
		{
			"from": [8.5, -9, 3],
			"to": [8.5, 20, 8],
			"rotation": {"angle": 22.5, "axis": "y", "origin": [8.5, 3, 8]},
			"faces": {
				"north": {"uv": [0, 0, 0, 2.75], "texture": "#missing"},
				"east": {"uv": [5.6875, 0.9375, 6.3125, 4.5625], "texture": "#0"},
				"south": {"uv": [0, 0, 0, 2.75], "texture": "#missing"},
				"west": {"uv": [6.3125, 0.9375, 5.6875, 4.5625], "texture": "#0"},
				"up": {"uv": [0, 0, 0, 1.375], "texture": "#missing"},
				"down": {"uv": [0, 0, 0, 1.375], "texture": "#missing"}
			}
		},
		{
			"from": [6.59503, -9, -2.62306],
			"to": [6.59503, 20, 3.37694],
			"rotation": {"angle": 45, "axis": "y", "origin": [6.6, 3, 3.38]},
			"faces": {
				"north": {"uv": [0, 0, 0, 2.75], "texture": "#missing"},
				"east": {"uv": [6.3125, 0.9375, 7.0625, 4.5625], "texture": "#0"},
				"south": {"uv": [0, 0, 0, 2.75], "texture": "#missing"},
				"west": {"uv": [7.0625, 0.9375, 6.3125, 4.5625], "texture": "#0"},
				"up": {"uv": [0, 0, 0, 1.375], "texture": "#missing"},
				"down": {"uv": [0, 0, 0, 1.375], "texture": "#missing"}
			}
		},
		{
			"from": [8.5, -9, 8],
			"to": [8.5, 20, 13],
			"rotation": {"angle": -22.5, "axis": "y", "origin": [8.5, 3, 8]},
			"faces": {
				"north": {"uv": [0, 0, 0, 2.75], "texture": "#missing"},
				"east": {"uv": [6.3125, 0.9375, 5.6875, 4.5625], "texture": "#0"},
				"south": {"uv": [0, 0, 0, 2.75], "texture": "#missing"},
				"west": {"uv": [5.6875, 0.9375, 6.3125, 4.5625], "texture": "#0"},
				"up": {"uv": [0, 1.375, 0, 0], "texture": "#missing"},
				"down": {"uv": [0, 1.375, 0, 0], "texture": "#missing"}
			}
		},
		{
			"from": [6.59503, -9, 12.62306],
			"to": [6.59503, 20, 18.62306],
			"rotation": {"angle": -45, "axis": "y", "origin": [6.6, 3, 12.62]},
			"faces": {
				"north": {"uv": [0, 0, 0, 2.75], "texture": "#missing"},
				"east": {"uv": [7.0625, 0.9375, 6.3125, 4.5625], "texture": "#0"},
				"south": {"uv": [0, 0, 0, 2.75], "texture": "#missing"},
				"west": {"uv": [6.3125, 0.9375, 7.0625, 4.5625], "texture": "#0"},
				"up": {"uv": [0, 1.375, 0, 0], "texture": "#missing"},
				"down": {"uv": [0, 1.375, 0, 0], "texture": "#missing"}
			}
		},
		{
			"from": [8.2, 19, -6],
			"to": [8.2, 26, 0],
			"rotation": {"angle": 45, "axis": "x", "origin": [8, -5.5, 2]},
			"faces": {
				"north": {"uv": [0, 10, 0, 0], "texture": "#3"},
				"east": {"uv": [0, 0, 12, 14], "texture": "#3"},
				"south": {"uv": [0, 10, 0, 0], "texture": "#3"},
				"west": {"uv": [12, 0, 0, 14], "texture": "#3"},
				"up": {"uv": [0, 10, 0, 0], "texture": "#3"},
				"down": {"uv": [0, 0, 0, 10], "texture": "#3"}
			}
		},
		{
			"from": [8.2, 19, 16],
			"to": [8.2, 26, 22],
			"rotation": {"angle": -45, "axis": "x", "origin": [8, -5.5, 14]},
			"faces": {
				"north": {"uv": [0, 10, 0, 0], "texture": "#3"},
				"east": {"uv": [12, 0, 0, 14], "texture": "#3"},
				"south": {"uv": [0, 10, 0, 0], "texture": "#3"},
				"west": {"uv": [0, 0, 12, 14], "texture": "#3"},
				"up": {"uv": [0, 0, 0, 10], "texture": "#3"},
				"down": {"uv": [0, 10, 0, 0], "texture": "#3"}
			}
		},
		{
			"from": [2.55, 12.70451, 18.27039],
			"to": [3.45, 13.90451, 18.97039],
			"rotation": {"angle": 45, "axis": "x", "origin": [2.5, 15.02342, 14.46647]},
			"faces": {
				"north": {"uv": [1.175, 0.525, 1.0625, 0.375], "texture": "#0"},
				"east": {"uv": [0.8625, 0.6875, 0.775, 0.8375], "rotation": 180, "texture": "#0"},
				"south": {"uv": [1.0625, 0.375, 1.175, 0.525], "rotation": 180, "texture": "#0"},
				"west": {"uv": [0.775, 0.8375, 0.8625, 0.6875], "texture": "#0"},
				"up": {"uv": [0.9625, 0.5625, 1.05, 0.675], "rotation": 90, "texture": "#0"},
				"down": {"uv": [0.9625, 0.5625, 1.05, 0.675], "rotation": 270, "texture": "#0"}
			}
		},
		{
			"from": [2.5, 12.11266, 17.4043],
			"to": [3.5, 13.61266, 18.4043],
			"rotation": {"angle": 22.5, "axis": "x", "origin": [2.5, 15.02342, 14.46647]},
			"faces": {
				"north": {"uv": [0.8125, 0.375, 0.9375, 0.5625], "texture": "#0"},
				"east": {"uv": [1.0625, 0.5625, 0.9375, 0.375], "texture": "#0"},
				"south": {"uv": [0.8125, 0.375, 0.9375, 0.5625], "texture": "#0"},
				"west": {"uv": [0.9375, 0.5625, 1.0625, 0.375], "texture": "#0"},
				"up": {"uv": [0.9375, 0.6875, 0.8125, 0.5625], "rotation": 90, "texture": "#0"},
				"down": {"uv": [0.9375, 0.6875, 0.8125, 0.5625], "rotation": 90, "texture": "#0"}
			}
		},
		{
			"from": [2.25, 11.18892, 14.83123],
			"to": [3.75, 13.18892, 16.33123],
			"rotation": {"angle": -22.5, "axis": "x", "origin": [2.5, 15.02342, 14.46647]},
			"faces": {
				"north": {"uv": [1.0625, 0.1875, 0.8125, 0.375], "rotation": 270, "texture": "#0"},
				"east": {"uv": [1.0625, 0.1875, 0.8125, 0], "rotation": 270, "texture": "#0"},
				"south": {"uv": [1.0625, 0.1875, 0.8125, 0.375], "rotation": 270, "texture": "#0"},
				"west": {"uv": [1.0625, 0.1875, 0.8125, 0], "rotation": 270, "texture": "#0"},
				"up": {"uv": [0, 1.5, 0.1875, 1.3125], "texture": "#0"},
				"down": {"uv": [0, 1.5, 0.1875, 1.3125], "texture": "#0"}
			}
		},
		{
			"from": [3, 14.08848, 14.30663],
			"to": [5, 16.08848, 17.30663],
			"rotation": {"angle": 45, "axis": "x", "origin": [3.5, 15.02342, 14.46647]},
			"faces": {
				"north": {"uv": [0.625, 1.4375, 0.375, 1.1875], "texture": "#0"},
				"east": {"uv": [0.375, 0.6875, 0.75, 0.9375], "rotation": 180, "texture": "#0"},
				"south": {"uv": [0.625, 1.4375, 0.375, 1.1875], "rotation": 180, "texture": "#0"},
				"west": {"uv": [0.375, 0.9375, 0.75, 0.6875], "texture": "#0"},
				"up": {"uv": [0.375, 0.9375, 0.75, 1.1875], "rotation": 90, "texture": "#0"},
				"down": {"uv": [0.375, 0.9375, 0.75, 1.1875], "rotation": 270, "texture": "#0"}
			}
		},
		{
			"from": [3, 14.08848, -1.30663],
			"to": [5, 16.08848, 1.69337],
			"rotation": {"angle": -45, "axis": "x", "origin": [3.5, 15.02342, 1.53353]},
			"faces": {
				"north": {"uv": [0.375, 1.4375, 0.625, 1.1875], "rotation": 180, "texture": "#0"},
				"east": {"uv": [0.75, 0.6875, 0.375, 0.9375], "rotation": 180, "texture": "#0"},
				"south": {"uv": [0.375, 1.4375, 0.625, 1.1875], "texture": "#0"},
				"west": {"uv": [0.75, 0.9375, 0.375, 0.6875], "texture": "#0"},
				"up": {"uv": [0.75, 0.9375, 0.375, 1.1875], "rotation": 90, "texture": "#0"},
				"down": {"uv": [0.75, 0.9375, 0.375, 1.1875], "rotation": 270, "texture": "#0"}
			}
		},
		{
			"from": [2.25, 11.18892, -0.33123],
			"to": [3.75, 13.18892, 1.16877],
			"rotation": {"angle": 22.5, "axis": "x", "origin": [2.5, 15.02342, 1.53353]},
			"faces": {
				"north": {"uv": [1.0625, 0.375, 0.8125, 0.1875], "rotation": 270, "texture": "#0"},
				"east": {"uv": [1.0625, 0, 0.8125, 0.1875], "rotation": 270, "texture": "#0"},
				"south": {"uv": [1.0625, 0.375, 0.8125, 0.1875], "rotation": 270, "texture": "#0"},
				"west": {"uv": [1.0625, 0, 0.8125, 0.1875], "rotation": 270, "texture": "#0"},
				"up": {"uv": [0, 1.3125, 0.1875, 1.5], "texture": "#0"},
				"down": {"uv": [0, 1.3125, 0.1875, 1.5], "texture": "#0"}
			}
		},
		{
			"from": [2.5, 12.11266, -2.4043],
			"to": [3.5, 13.61266, -1.4043],
			"rotation": {"angle": -22.5, "axis": "x", "origin": [2.5, 15.02342, 1.53353]},
			"faces": {
				"north": {"uv": [0.9375, 0.375, 0.8125, 0.5625], "texture": "#0"},
				"east": {"uv": [0.9375, 0.5625, 1.0625, 0.375], "texture": "#0"},
				"south": {"uv": [0.9375, 0.375, 0.8125, 0.5625], "texture": "#0"},
				"west": {"uv": [1.0625, 0.5625, 0.9375, 0.375], "texture": "#0"},
				"up": {"uv": [0.8125, 0.6875, 0.9375, 0.5625], "rotation": 90, "texture": "#0"},
				"down": {"uv": [0.8125, 0.6875, 0.9375, 0.5625], "rotation": 90, "texture": "#0"}
			}
		},
		{
			"from": [2.55, 12.70451, -2.97039],
			"to": [3.45, 13.90451, -2.27039],
			"rotation": {"angle": -45, "axis": "x", "origin": [2.5, 15.02342, 1.53353]},
			"faces": {
				"north": {"uv": [1.175, 0.375, 1.0625, 0.525], "rotation": 180, "texture": "#0"},
				"east": {"uv": [0.775, 0.6875, 0.8625, 0.8375], "rotation": 180, "texture": "#0"},
				"south": {"uv": [1.0625, 0.525, 1.175, 0.375], "texture": "#0"},
				"west": {"uv": [0.8625, 0.8375, 0.775, 0.6875], "texture": "#0"},
				"up": {"uv": [1.05, 0.5625, 0.9625, 0.675], "rotation": 90, "texture": "#0"},
				"down": {"uv": [1.05, 0.5625, 0.9625, 0.675], "rotation": 270, "texture": "#0"}
			}
		},
		{
			"from": [7, 14, 7],
			"to": [7, 24, 9],
			"faces": {
				"north": {"uv": [0, 0, 0, 1.25], "texture": "#missing"},
				"east": {"uv": [5.375, 2.8125, 5.625, 4.0625], "texture": "#0"},
				"south": {"uv": [0, 0, 0, 1.25], "texture": "#missing"},
				"west": {"uv": [5.375, 2.8125, 5.625, 4.0625], "texture": "#0"},
				"up": {"uv": [0, 0, 0, 0.25], "texture": "#missing"},
				"down": {"uv": [0, 0, 0, 0.25], "texture": "#missing"}
			}
		},
		{
			"from": [5, 15.5, 13],
			"to": [5, 25.5, 15],
			"rotation": {"angle": -45, "axis": "y", "origin": [5, 20.5, 14]},
			"faces": {
				"north": {"uv": [0, 0, 0, 1.25], "texture": "#missing"},
				"east": {"uv": [5.375, 2.8125, 5.625, 4.0625], "texture": "#0"},
				"south": {"uv": [0, 0, 0, 1.25], "texture": "#missing"},
				"west": {"uv": [5.375, 2.8125, 5.625, 4.0625], "texture": "#0"},
				"up": {"uv": [0, 0, 0, 0.25], "texture": "#missing"},
				"down": {"uv": [0, 0, 0, 0.25], "texture": "#missing"}
			}
		},
		{
			"from": [5, 15.5, 1],
			"to": [5, 25.5, 3],
			"rotation": {"angle": 45, "axis": "y", "origin": [5, 20.5, 2]},
			"faces": {
				"north": {"uv": [0, 0, 0, 1.25], "texture": "#missing"},
				"east": {"uv": [5.625, 2.8125, 5.375, 4.0625], "texture": "#0"},
				"south": {"uv": [0, 0, 0, 1.25], "texture": "#missing"},
				"west": {"uv": [5.625, 2.8125, 5.375, 4.0625], "texture": "#0"},
				"up": {"uv": [0, 0.25, 0, 0], "texture": "#missing"},
				"down": {"uv": [0, 0.25, 0, 0], "texture": "#missing"}
			}
		},
		{
			"from": [11.4, 8, 4.7],
			"to": [11.4, 17, 9.7],
			"rotation": {"angle": -22.5, "axis": "z", "origin": [16, 15, 0]},
			"faces": {
				"north": {"uv": [0, 0, 0, 9], "texture": "#1"},
				"east": {"uv": [5, 0, 0, 9], "texture": "#1"},
				"south": {"uv": [0, 0, 0, 9], "texture": "#1"},
				"west": {"uv": [0, 0, 5, 9], "texture": "#1"},
				"up": {"uv": [0, 5, 0, 0], "texture": "#1"},
				"down": {"uv": [0, 0, 0, 5], "texture": "#1"}
			}
		},
		{
			"from": [6.8, 9.5, 12.8],
			"to": [6.8, 15.5, 15.3],
			"rotation": {"angle": 0, "axis": "y", "origin": [-2, 3.5, 14.8]},
			"faces": {
				"north": {"uv": [0, 0, 0, 2], "texture": "#missing"},
				"east": {"uv": [5.5625, 0.75, 5.25, 1.5], "texture": "#0"},
				"south": {"uv": [0, 0, 0, 2], "texture": "#missing"},
				"west": {"uv": [5.25, 0.75, 5.5625, 1.5], "texture": "#0"},
				"up": {"uv": [0, 0.375, 0, 0], "texture": "#missing"},
				"down": {"uv": [0, 0.375, 0, 0], "texture": "#missing"}
			}
		},
		{
			"from": [6.8, 5.5, 12.8],
			"to": [6.8, 9.5, 15.3],
			"rotation": {"angle": 22.5, "axis": "z", "origin": [6.8, 9.5, 14.05]},
			"faces": {
				"north": {"uv": [0, 0, 0, 0.5], "texture": "#missing"},
				"east": {"uv": [5.25, 1.5, 5.5625, 2], "texture": "#0"},
				"south": {"uv": [0, 0, 0, 0.5], "texture": "#missing"},
				"west": {"uv": [5.5625, 1.5, 5.25, 2], "texture": "#0"},
				"up": {"uv": [0, 0.3125, 0, 0], "texture": "#missing"},
				"down": {"uv": [0, 0.3125, 0, 0], "texture": "#missing"}
			}
		},
		{
			"from": [8.33115, 0.78718, 12.8],
			"to": [8.33115, 5.78718, 15.3],
			"rotation": {"angle": 45, "axis": "z", "origin": [8.28744, 5.79478, 14.05]},
			"faces": {
				"north": {"uv": [0, 0, 0, 0.5], "texture": "#missing"},
				"east": {"uv": [5.25, 2.125, 5.5625, 2.75], "texture": "#0"},
				"south": {"uv": [0, 0, 0, 0.5], "texture": "#missing"},
				"west": {"uv": [5.5625, 2.125, 5.25, 2.75], "texture": "#0"},
				"up": {"uv": [0, 0.3125, 0, 0], "texture": "#missing"},
				"down": {"uv": [0, 0.3125, 0, 0], "texture": "#missing"}
			}
		},
		{
			"from": [16.5, 7.2, 12.3],
			"to": [21.5, 7.2, 16.3],
			"rotation": {"angle": -45, "axis": "z", "origin": [8, 10, 12.8]},
			"faces": {
				"north": {"uv": [0, 0, 0, 8], "rotation": 270, "texture": "#4"},
				"east": {"uv": [0, 0, 0, 8], "rotation": 90, "texture": "#4"},
				"south": {"uv": [0, 0, 0, 8], "rotation": 90, "texture": "#4"},
				"west": {"uv": [0, 8, 0, 0], "rotation": 90, "texture": "#4"},
				"up": {"uv": [8, 0, 0, 10], "rotation": 90, "texture": "#4"},
				"down": {"uv": [0, 0, 8, 10], "rotation": 90, "texture": "#4"}
			}
		},
		{
			"from": [6.8, 9.5, 0.7],
			"to": [6.8, 15.5, 3.2],
			"rotation": {"angle": 0, "axis": "y", "origin": [-2, 3.5, 1.2]},
			"faces": {
				"north": {"uv": [0, 0, 0, 2], "texture": "#missing"},
				"east": {"uv": [5.25, 0.75, 5.5625, 1.5], "texture": "#0"},
				"south": {"uv": [0, 0, 0, 2], "texture": "#missing"},
				"west": {"uv": [5.5625, 0.75, 5.25, 1.5], "texture": "#0"},
				"up": {"uv": [0, 0, 0, 0.375], "texture": "#missing"},
				"down": {"uv": [0, 0, 0, 0.375], "texture": "#missing"}
			}
		},
		{
			"from": [4.84085, 9.41875, 7.32367],
			"to": [8.54085, 10.71875, 8.62367],
			"rotation": {"angle": 22.5, "axis": "z", "origin": [6.05, 7.70088, 7.97367]},
			"faces": {
				"north": {"uv": [5.75, 0.5, 6.1875, 0.3125], "texture": "#0"},
				"east": {"uv": [6.5, 0.3125, 6.3125, 0.125], "rotation": 90, "texture": "#0"},
				"south": {"uv": [5.75, 0.5, 6.1875, 0.3125], "rotation": 180, "texture": "#0"},
				"west": {"uv": [6.5, 0.3125, 6.3125, 0.125], "rotation": 270, "texture": "#0"},
				"up": {"uv": [5.75, 0.5, 6.1875, 0.3125], "rotation": 180, "texture": "#0"},
				"down": {"uv": [5.75, 0.5, 6.1875, 0.3125], "rotation": 180, "texture": "#0"}
			}
		},
		{
			"from": [4.84085, 4.28125, 7.32367],
			"to": [8.54085, 5.58125, 8.62367],
			"rotation": {"angle": -22.5, "axis": "z", "origin": [6.05, 7.29912, 7.97367]},
			"faces": {
				"north": {"uv": [5.75, 0.3125, 6.1875, 0.5], "texture": "#0"},
				"east": {"uv": [6.3125, 0.3125, 6.5, 0.125], "rotation": 90, "texture": "#0"},
				"south": {"uv": [5.75, 0.3125, 6.1875, 0.5], "rotation": 180, "texture": "#0"},
				"west": {"uv": [6.3125, 0.3125, 6.5, 0.125], "rotation": 270, "texture": "#0"},
				"up": {"uv": [5.75, 0.3125, 6.1875, 0.5], "rotation": 180, "texture": "#0"},
				"down": {"uv": [5.75, 0.3125, 6.1875, 0.5], "rotation": 180, "texture": "#0"}
			}
		},
		{
			"from": [2.97367, 5.00176, 7.22367],
			"to": [4.47367, 9.90176, 8.72367],
			"rotation": {"angle": 0, "axis": "y", "origin": [6.05, 7.20088, 7.97367]},
			"faces": {
				"north": {"uv": [5.75, 0.5, 6.3125, 0.3125], "rotation": 90, "texture": "#0"},
				"east": {"uv": [5.75, 0.5, 6.3125, 0.3125], "rotation": 90, "texture": "#0"},
				"south": {"uv": [5.75, 0.5, 6.3125, 0.3125], "rotation": 90, "texture": "#0"},
				"west": {"uv": [5.75, 0.5, 6.3125, 0.3125], "rotation": 90, "texture": "#0"},
				"up": {"uv": [6.5, 0.3125, 6.3125, 0.125], "texture": "#0"},
				"down": {"uv": [6.5, 0.3125, 6.3125, 0.125], "rotation": 180, "texture": "#0"}
			}
		},
		{
			"from": [6.8, 5.5, 0.7],
			"to": [6.8, 9.5, 3.2],
			"rotation": {"angle": 22.5, "axis": "z", "origin": [6.8, 9.5, 1.95]},
			"faces": {
				"north": {"uv": [0, 0, 0, 0.5], "texture": "#missing"},
				"east": {"uv": [5.5625, 1.5, 5.25, 2], "texture": "#0"},
				"south": {"uv": [0, 0, 0, 0.5], "texture": "#missing"},
				"west": {"uv": [5.25, 1.5, 5.5625, 2], "texture": "#0"},
				"up": {"uv": [0, 0, 0, 0.3125], "texture": "#missing"},
				"down": {"uv": [0, 0, 0, 0.3125], "texture": "#missing"}
			}
		},
		{
			"from": [8.33115, 0.78718, 0.7],
			"to": [8.33115, 5.78718, 3.2],
			"rotation": {"angle": 45, "axis": "z", "origin": [8.28744, 5.79478, 1.95]},
			"faces": {
				"north": {"uv": [0, 0, 0, 0.5], "texture": "#missing"},
				"east": {"uv": [5.5625, 2.125, 5.25, 2.75], "texture": "#0"},
				"south": {"uv": [0, 0, 0, 0.5], "texture": "#missing"},
				"west": {"uv": [5.25, 2.125, 5.5625, 2.75], "texture": "#0"},
				"up": {"uv": [0, 0, 0, 0.3125], "texture": "#missing"},
				"down": {"uv": [0, 0, 0, 0.3125], "texture": "#missing"}
			}
		},
		{
			"from": [16.5, 7.2, -0.3],
			"to": [21.5, 7.2, 3.7],
			"rotation": {"angle": -45, "axis": "z", "origin": [8, 10, 3.2]},
			"faces": {
				"north": {"uv": [0, 8, 0, 0], "rotation": 90, "texture": "#4"},
				"east": {"uv": [0, 8, 0, 0], "rotation": 90, "texture": "#4"},
				"south": {"uv": [0, 8, 0, 0], "rotation": 270, "texture": "#4"},
				"west": {"uv": [0, 0, 0, 8], "rotation": 90, "texture": "#4"},
				"up": {"uv": [0, 0, 8, 10], "rotation": 90, "texture": "#4"},
				"down": {"uv": [8, 0, 0, 10], "rotation": 90, "texture": "#4"}
			}
		}
	],
	"gui_light": "front",
	"display": {
		"thirdperson_righthand": {
			"rotation": [41.25, 90, 0],
			"translation": [0, 1, -0.75],
			"scale": [0.75, 0.75, 0.75]
		},
		"thirdperson_lefthand": {
			"rotation": [41.25, -90, 0],
			"translation": [0, 1, -0.75],
			"scale": [0.75, 0.75, 0.75]
		},
		"firstperson_righthand": {
			"rotation": [-90, 81.5, 90],
			"translation": [-8, 6, 4.5],
			"scale": [0.27578, 0.27578, 0.27578]
		},
		"firstperson_lefthand": {
			"rotation": [-90, -98.5, -90],
			"translation": [-8, 6, 4.5],
			"scale": [0.27578, 0.27578, 0.27578]
		},
		"ground": {
			"translation": [1.5, 11, -0.5],
			"scale": [0.65, 0.65, 0.65]
		},
		"gui": {
			"rotation": [-90, -90, -90],
			"translation": [-0.25, -0.25, -1.5],
			"scale": [0.45508, 0.45508, 0.45508]
		},
		"head": {
			"scale": [0, 0, 0]
		},
		"fixed": {
			"rotation": [0, 90, 0],
			"translation": [0, 1.75, -10],
			"scale": [2, 2, 2]
		}
	},
	"groups": [
		{
			"name": "group",
			"origin": [8.5, -4.81499, 8],
			"color": 0,
			"children": [
				{
					"name": "group",
					"origin": [8, 2.03431, 4.91032],
					"color": 0,
					"children": []
				},
				0,
				1,
				2,
				3,
				4,
				5,
				6,
				7,
				8,
				9,
				10,
				11,
				{
					"name": "group",
					"origin": [8.5, -4.81499, 8],
					"color": 0,
					"children": []
				}
			]
		},
		12,
		13,
		14,
		15,
		16,
		17,
		18,
		19,
		20,
		21,
		22,
		23,
		24,
		25,
		26,
		27,
		28,
		29,
		30,
		31,
		32,
		33,
		34,
		35,
		36,
		37,
		38,
		39,
		40,
		41,
		42,
		43,
		44,
		45,
		46,
		47,
		48,
		49,
		50,
		51,
		52,
		53,
		54,
		55,
		56,
		57,
		58,
		59,
		60,
		61,
		62,
		63,
		64,
		65,
		66,
		67,
		68,
		69,
		70,
		71,
		72,
		73,
		74,
		75,
		76,
		77
	]
}